-- Install configuration: "RelWithDebInfo"
-- Installing: E:/SyncForder/CodeRepos/install/q/t/include
-- Installing: E:/SyncForder/CodeRepos/install/q/t/include/lux
-- Installing: E:/SyncForder/CodeRepos/install/q/t/include/lux/engine
-- Installing: E:/SyncForder/CodeRepos/install/q/t/include/lux/engine/dynamic_library
-- Installing: E:/SyncForder/CodeRepos/install/q/t/include/lux/engine/dynamic_library/DynamicLibrary.hpp
-- Installing: E:/SyncForder/CodeRepos/install/q/t/include/lux/engine/dynamic_library/LibraryDecoration.hpp
-- Installing: E:/SyncForder/CodeRepos/install/q/t/include/lux/engine/dynamic_library/LoadMode.hpp
-- Up-to-date: E:/SyncForder/CodeRepos/install/q/t/include
-- Up-to-date: E:/SyncForder/CodeRepos/install/q/t/include/lux
-- Up-to-date: E:/SyncForder/CodeRepos/install/q/t/include/lux/engine
-- Installing: E:/SyncForder/CodeRepos/install/q/t/include/lux/engine/core
-- Installing: E:/SyncForder/CodeRepos/install/q/t/include/lux/engine/core/visibility.h
-- Up-to-date: E:/SyncForder/CodeRepos/install/q/t/include/lux/engine/dynamic_library
-- Installing: E:/SyncForder/CodeRepos/install/q/t/include/lux/engine/dynamic_library/visibility.h
-- Installing: E:/SyncForder/CodeRepos/install/q/t/include/lux/engine/flowforge
-- Installing: E:/SyncForder/CodeRepos/install/q/t/include/lux/engine/flowforge/compiler
-- Installing: E:/SyncForder/CodeRepos/install/q/t/include/lux/engine/flowforge/compiler/visibility.h
-- Installing: E:/SyncForder/CodeRepos/install/q/t/include/lux/engine/flowforge/visibility.h
-- Installing: E:/SyncForder/CodeRepos/install/q/t/include/lux/engine/function
-- Installing: E:/SyncForder/CodeRepos/install/q/t/include/lux/engine/function/graph
-- Installing: E:/SyncForder/CodeRepos/install/q/t/include/lux/engine/function/graph/visibility.h
-- Installing: E:/SyncForder/CodeRepos/install/q/t/include/lux/engine/function/render
-- Installing: E:/SyncForder/CodeRepos/install/q/t/include/lux/engine/function/render/standard
-- Installing: E:/SyncForder/CodeRepos/install/q/t/include/lux/engine/function/render/standard/content
-- Installing: E:/SyncForder/CodeRepos/install/q/t/include/lux/engine/function/render/standard/content/visibility.h
-- Installing: E:/SyncForder/CodeRepos/install/q/t/include/lux/engine/function/script
-- Installing: E:/SyncForder/CodeRepos/install/q/t/include/lux/engine/function/script/artifact
-- Installing: E:/SyncForder/CodeRepos/install/q/t/include/lux/engine/function/script/artifact/visibility.h
-- Installing: E:/SyncForder/CodeRepos/install/q/t/include/lux/engine/function/visibility.h
-- Installing: E:/SyncForder/CodeRepos/install/q/t/include/lux/engine/material
-- Installing: E:/SyncForder/CodeRepos/install/q/t/include/lux/engine/material/compiler
-- Installing: E:/SyncForder/CodeRepos/install/q/t/include/lux/engine/material/compiler/visibility.h
-- Installing: E:/SyncForder/CodeRepos/install/q/t/include/lux/engine/material/cooker
-- Installing: E:/SyncForder/CodeRepos/install/q/t/include/lux/engine/material/cooker/visibility.h
-- Installing: E:/SyncForder/CodeRepos/install/q/t/include/lux/engine/material/graph
-- Installing: E:/SyncForder/CodeRepos/install/q/t/include/lux/engine/material/graph/visibility.h
-- Installing: E:/SyncForder/CodeRepos/install/q/t/include/lux/engine/physics2d
-- Installing: E:/SyncForder/CodeRepos/install/q/t/include/lux/engine/physics2d/Physics2DComponents.ecs_schema.hpp
-- Installing: E:/SyncForder/CodeRepos/install/q/t/include/lux/engine/physics2d/Physics2DComponents.ecs_snapshot.hpp
-- Installing: E:/SyncForder/CodeRepos/install/q/t/include/lux/engine/physics2d/Physics2DComponents.type_static_info.hpp
-- Installing: E:/SyncForder/CodeRepos/install/q/t/include/lux/engine/physics2d/visibility.h
-- Installing: E:/SyncForder/CodeRepos/install/q/t/include/lux/engine/process
-- Installing: E:/SyncForder/CodeRepos/install/q/t/include/lux/engine/process/asset_loading
-- Installing: E:/SyncForder/CodeRepos/install/q/t/include/lux/engine/process/asset_loading/visibility.h
-- Installing: E:/SyncForder/CodeRepos/install/q/t/include/lux/engine/process/visibility.h
-- Installing: E:/SyncForder/CodeRepos/install/q/t/include/lux/engine/process/world_loading
-- Installing: E:/SyncForder/CodeRepos/install/q/t/include/lux/engine/process/world_loading/visibility.h
-- Installing: E:/SyncForder/CodeRepos/install/q/t/include/lux/engine/resource
-- Installing: E:/SyncForder/CodeRepos/install/q/t/include/lux/engine/resource/asset
-- Installing: E:/SyncForder/CodeRepos/install/q/t/include/lux/engine/resource/asset/visibility.h
-- Installing: E:/SyncForder/CodeRepos/install/q/t/include/lux/engine/resource/visibility.h
-- Installing: E:/SyncForder/CodeRepos/install/q/t/include/lux/engine/scene
-- Installing: E:/SyncForder/CodeRepos/install/q/t/include/lux/engine/scene/asset
-- Installing: E:/SyncForder/CodeRepos/install/q/t/include/lux/engine/scene/asset/visibility.h
-- Installing: E:/SyncForder/CodeRepos/install/q/t/include/lux/engine/scene/description
-- Installing: E:/SyncForder/CodeRepos/install/q/t/include/lux/engine/scene/description/visibility.h
-- Installing: E:/SyncForder/CodeRepos/install/q/t/include/lux/engine/scene/meta
-- Installing: E:/SyncForder/CodeRepos/install/q/t/include/lux/engine/scene/meta/visibility.h
-- Installing: E:/SyncForder/CodeRepos/install/q/t/include/lux/engine/scene/render
-- Installing: E:/SyncForder/CodeRepos/install/q/t/include/lux/engine/scene/render/visibility.h
-- Installing: E:/SyncForder/CodeRepos/install/q/t/include/lux/engine/scene/script_runtime
-- Installing: E:/SyncForder/CodeRepos/install/q/t/include/lux/engine/scene/script_runtime/visibility.h
-- Installing: E:/SyncForder/CodeRepos/install/q/t/include/lux/engine/scene/visibility.h
-- Installing: E:/SyncForder/CodeRepos/install/q/t/include/lux/engine/scene/world_materialization
-- Installing: E:/SyncForder/CodeRepos/install/q/t/include/lux/engine/scene/world_materialization/visibility.h
-- Installing: E:/SyncForder/CodeRepos/install/q/t/include/lux/engine/serialization
-- Installing: E:/SyncForder/CodeRepos/install/q/t/include/lux/engine/serialization/visibility.h
-- Installing: E:/SyncForder/CodeRepos/install/q/t/include/lux/engine/simulation
-- Installing: E:/SyncForder/CodeRepos/install/q/t/include/lux/engine/simulation/asset
-- Installing: E:/SyncForder/CodeRepos/install/q/t/include/lux/engine/simulation/asset/visibility.h
-- Installing: E:/SyncForder/CodeRepos/install/q/t/include/lux/engine/simulation/composition
-- Installing: E:/SyncForder/CodeRepos/install/q/t/include/lux/engine/simulation/composition/visibility.h
-- Installing: E:/SyncForder/CodeRepos/install/q/t/include/lux/engine/simulation/description
-- Installing: E:/SyncForder/CodeRepos/install/q/t/include/lux/engine/simulation/description/visibility.h
-- Installing: E:/SyncForder/CodeRepos/install/q/t/include/lux/engine/simulation/ecs
-- Installing: E:/SyncForder/CodeRepos/install/q/t/include/lux/engine/simulation/ecs/core
-- Installing: E:/SyncForder/CodeRepos/install/q/t/include/lux/engine/simulation/ecs/core/visibility.h
-- Installing: E:/SyncForder/CodeRepos/install/q/t/include/lux/engine/simulation/ecs/hierarchy
-- Installing: E:/SyncForder/CodeRepos/install/q/t/include/lux/engine/simulation/ecs/hierarchy/visibility.h
-- Installing: E:/SyncForder/CodeRepos/install/q/t/include/lux/engine/simulation/ecs/Parent.ecs_schema.hpp
-- Installing: E:/SyncForder/CodeRepos/install/q/t/include/lux/engine/simulation/ecs/Parent.ecs_snapshot.hpp
-- Installing: E:/SyncForder/CodeRepos/install/q/t/include/lux/engine/simulation/ecs/Parent.type_static_info.hpp
-- Installing: E:/SyncForder/CodeRepos/install/q/t/include/lux/engine/simulation/ecs/schema
-- Installing: E:/SyncForder/CodeRepos/install/q/t/include/lux/engine/simulation/ecs/schema/visibility.h
-- Installing: E:/SyncForder/CodeRepos/install/q/t/include/lux/engine/simulation/ecs/snapshot
-- Installing: E:/SyncForder/CodeRepos/install/q/t/include/lux/engine/simulation/ecs/snapshot/visibility.h
-- Installing: E:/SyncForder/CodeRepos/install/q/t/include/lux/engine/simulation/ecs/transform
-- Installing: E:/SyncForder/CodeRepos/install/q/t/include/lux/engine/simulation/ecs/transform/visibility.h
-- Installing: E:/SyncForder/CodeRepos/install/q/t/include/lux/engine/simulation/ecs/Transform.ecs_schema.hpp
-- Installing: E:/SyncForder/CodeRepos/install/q/t/include/lux/engine/simulation/ecs/Transform.ecs_snapshot.hpp
-- Installing: E:/SyncForder/CodeRepos/install/q/t/include/lux/engine/simulation/ecs/Transform.type_static_info.hpp
-- Installing: E:/SyncForder/CodeRepos/install/q/t/include/lux/engine/simulation/ecs/visual
-- Installing: E:/SyncForder/CodeRepos/install/q/t/include/lux/engine/simulation/ecs/visual/visibility.h
-- Installing: E:/SyncForder/CodeRepos/install/q/t/include/lux/engine/simulation/ecs/Visual.ecs_schema.hpp
-- Installing: E:/SyncForder/CodeRepos/install/q/t/include/lux/engine/simulation/ecs/Visual.ecs_snapshot.hpp
-- Installing: E:/SyncForder/CodeRepos/install/q/t/include/lux/engine/simulation/ecs/Visual.type_static_info.hpp
-- Installing: E:/SyncForder/CodeRepos/install/q/t/include/lux/engine/simulation/scripting
-- Installing: E:/SyncForder/CodeRepos/install/q/t/include/lux/engine/simulation/scripting/cpp_static
-- Installing: E:/SyncForder/CodeRepos/install/q/t/include/lux/engine/simulation/scripting/cpp_static/visibility.h
-- Installing: E:/SyncForder/CodeRepos/install/q/t/include/lux/engine/simulation/scripting/native
-- Installing: E:/SyncForder/CodeRepos/install/q/t/include/lux/engine/simulation/scripting/native/visibility.h
-- Installing: E:/SyncForder/CodeRepos/install/q/t/include/lux/engine/simulation/script_system
-- Installing: E:/SyncForder/CodeRepos/install/q/t/include/lux/engine/simulation/script_system/visibility.h
-- Installing: E:/SyncForder/CodeRepos/install/q/t/include/lux/engine/simulation/system
-- Installing: E:/SyncForder/CodeRepos/install/q/t/include/lux/engine/simulation/system/visibility.h
-- Installing: E:/SyncForder/CodeRepos/install/q/t/include/lux/engine/simulation/transform_system
-- Installing: E:/SyncForder/CodeRepos/install/q/t/include/lux/engine/simulation/transform_system/visibility.h
-- Installing: E:/SyncForder/CodeRepos/install/q/t/include/lux/engine/spatial
-- Installing: E:/SyncForder/CodeRepos/install/q/t/include/lux/engine/spatial/spatial2d
-- Installing: E:/SyncForder/CodeRepos/install/q/t/include/lux/engine/spatial/spatial2d/visibility.h
-- Installing: E:/SyncForder/CodeRepos/install/q/t/include/lux/engine/spatial/spatial3d
-- Installing: E:/SyncForder/CodeRepos/install/q/t/include/lux/engine/spatial/spatial3d/visibility.h
-- Installing: E:/SyncForder/CodeRepos/install/q/t/include/lux/engine/system
-- Installing: E:/SyncForder/CodeRepos/install/q/t/include/lux/engine/system/description
-- Installing: E:/SyncForder/CodeRepos/install/q/t/include/lux/engine/system/description/visibility.h
-- Installing: E:/SyncForder/CodeRepos/install/q/t/include/lux/engine/system/identity
-- Installing: E:/SyncForder/CodeRepos/install/q/t/include/lux/engine/system/identity/visibility.h
-- Installing: E:/SyncForder/CodeRepos/install/q/t/include/lux/engine/task
-- Installing: E:/SyncForder/CodeRepos/install/q/t/include/lux/engine/task/visibility.h
-- Installing: E:/SyncForder/CodeRepos/install/q/t/include/lux/engine/toolchain
-- Installing: E:/SyncForder/CodeRepos/install/q/t/include/lux/engine/toolchain/asset
-- Installing: E:/SyncForder/CodeRepos/install/q/t/include/lux/engine/toolchain/asset/model
-- Installing: E:/SyncForder/CodeRepos/install/q/t/include/lux/engine/toolchain/asset/model/visibility.h
-- Installing: E:/SyncForder/CodeRepos/install/q/t/include/lux/engine/toolchain/asset/shader
-- Installing: E:/SyncForder/CodeRepos/install/q/t/include/lux/engine/toolchain/asset/shader/visibility.h
-- Installing: E:/SyncForder/CodeRepos/install/q/t/include/lux/engine/toolchain/asset/texture
-- Installing: E:/SyncForder/CodeRepos/install/q/t/include/lux/engine/toolchain/asset/texture/visibility.h
-- Installing: E:/SyncForder/CodeRepos/install/q/t/include/lux/engine/world
-- Installing: E:/SyncForder/CodeRepos/install/q/t/include/lux/engine/world/asset
-- Installing: E:/SyncForder/CodeRepos/install/q/t/include/lux/engine/world/asset/visibility.h
-- Installing: E:/SyncForder/CodeRepos/install/q/t/include/lux/engine/world/description
-- Installing: E:/SyncForder/CodeRepos/install/q/t/include/lux/engine/world/description/visibility.h
-- Installing: E:/SyncForder/CodeRepos/install/q/t/include/lux/engine/world/partition
-- Installing: E:/SyncForder/CodeRepos/install/q/t/include/lux/engine/world/partition/visibility.h
-- Installing: E:/SyncForder/CodeRepos/install/q/t/include/lux/engine/world/storage
-- Installing: E:/SyncForder/CodeRepos/install/q/t/include/lux/engine/world/storage/visibility.h
-- Installing: E:/SyncForder/CodeRepos/install/q/t/include/test
-- Installing: E:/SyncForder/CodeRepos/install/q/t/share/lux-engine-platform/dynamic_library/lux-engine-platform-dynamic_library-config-targets.cmake
-- Installing: E:/SyncForder/CodeRepos/install/q/t/share/lux-engine-platform/dynamic_library/lux-engine-platform-dynamic_library-config-targets-relwithdebinfo.cmake
-- Installing: E:/SyncForder/CodeRepos/install/q/t/share/lux-engine-platform/dynamic_library/lux-engine-platform-dynamic_library-import.cmake
-- Installing: E:/SyncForder/CodeRepos/install/q/t/lib/dynamic_library.lib
-- Installing: E:/SyncForder/CodeRepos/install/q/t/bin/dynamic_library.dll
-- Installing: E:/SyncForder/CodeRepos/install/q/t/share/lux-engine-platform/lux-engine-platform-config.cmake
-- Installing: E:/SyncForder/CodeRepos/install/q/t/share/lux-engine-platform/lux-engine-platform-config-version.cmake
-- Installing: E:/SyncForder/CodeRepos/install/q/t/share/lux-engine-platform/lux-engine-platform-available-components.cmake
-- Installing: E:/SyncForder/CodeRepos/install/q/t/share/lux-engine-function/script_core/cmake_scripts/script_semantic_schema.cpp.in
-- Installing: E:/SyncForder/CodeRepos/install/q/t/share/lux-engine-function/script_core/cmake_scripts/template
-- Installing: E:/SyncForder/CodeRepos/install/q/t/share/lux-engine-function/script_core/cmake_scripts/template/script_ability.template
-- Installing: E:/SyncForder/CodeRepos/install/q/t/share/lux-engine-function/script_core/cmake_scripts/template/script_ability.validation.template
-- Installing: E:/SyncForder/CodeRepos/install/q/t/share/lux-engine-function/script_core/cmake_scripts/template/script_ability_lua.template
-- Installing: E:/SyncForder/CodeRepos/install/q/t/share/lux-engine-function/script_core/cmake_scripts/template/script_ability_native.template
-- Installing: E:/SyncForder/CodeRepos/install/q/t/share/lux-engine-function/script_core/cmake_scripts/template/script_ability_schema.template
-- Installing: E:/SyncForder/CodeRepos/install/q/t/share/lux-engine-core/meta/template
-- Installing: E:/SyncForder/CodeRepos/install/q/t/share/lux-engine-core/meta/template/meta_reflect.template
-- Installing: E:/SyncForder/CodeRepos/install/q/t/share/lux-engine-core/meta/template/meta_registration.hpp.in
-- Installing: E:/SyncForder/CodeRepos/install/q/t/share/lux-engine-core/meta/template/type_static_info.template
-- Up-to-date: E:/SyncForder/CodeRepos/install/q/t/include
-- Up-to-date: E:/SyncForder/CodeRepos/install/q/t/include/lux
-- Up-to-date: E:/SyncForder/CodeRepos/install/q/t/include/lux/engine
-- Installing: E:/SyncForder/CodeRepos/install/q/t/include/lux/engine/math
-- Installing: E:/SyncForder/CodeRepos/install/q/t/include/lux/engine/math/AABB.hpp
-- Installing: E:/SyncForder/CodeRepos/install/q/t/include/lux/engine/math/Aabb2.hpp
-- Installing: E:/SyncForder/CodeRepos/install/q/t/include/lux/engine/math/Angles.hpp
-- Installing: E:/SyncForder/CodeRepos/install/q/t/include/lux/engine/math/Circle2.hpp
-- Installing: E:/SyncForder/CodeRepos/install/q/t/include/lux/engine/math/eigen_extend.hpp
-- Installing: E:/SyncForder/CodeRepos/install/q/t/include/lux/engine/math/Extent.hpp
-- Installing: E:/SyncForder/CodeRepos/install/q/t/include/lux/engine/math/Grid.hpp
-- Installing: E:/SyncForder/CodeRepos/install/q/t/include/lux/engine/math/Intersection.hpp
-- Installing: E:/SyncForder/CodeRepos/install/q/t/include/lux/engine/math/MeshBVH.hpp
-- Installing: E:/SyncForder/CodeRepos/install/q/t/include/lux/engine/math/Picking.hpp
-- Installing: E:/SyncForder/CodeRepos/install/q/t/include/lux/engine/math/Position.hpp
-- Installing: E:/SyncForder/CodeRepos/install/q/t/include/lux/engine/math/Ray.hpp
-- Installing: E:/SyncForder/CodeRepos/install/q/t/include/lux/engine/math/RelativePosition.hpp
-- Installing: E:/SyncForder/CodeRepos/install/q/t/include/lux/engine/math/Sphere.hpp
-- Installing: E:/SyncForder/CodeRepos/install/q/t/include/lux/engine/math/Triangle.hpp
-- Up-to-date: E:/SyncForder/CodeRepos/install/q/t/include
-- Up-to-date: E:/SyncForder/CodeRepos/install/q/t/include/lux
-- Up-to-date: E:/SyncForder/CodeRepos/install/q/t/include/lux/engine
-- Up-to-date: E:/SyncForder/CodeRepos/install/q/t/include/lux/engine/core
-- Up-to-date: E:/SyncForder/CodeRepos/install/q/t/include/lux/engine/core/visibility.h
-- Up-to-date: E:/SyncForder/CodeRepos/install/q/t/include/lux/engine/dynamic_library
-- Up-to-date: E:/SyncForder/CodeRepos/install/q/t/include/lux/engine/dynamic_library/visibility.h
-- Up-to-date: E:/SyncForder/CodeRepos/install/q/t/include/lux/engine/flowforge
-- Up-to-date: E:/SyncForder/CodeRepos/install/q/t/include/lux/engine/flowforge/compiler
-- Up-to-date: E:/SyncForder/CodeRepos/install/q/t/include/lux/engine/flowforge/compiler/visibility.h
-- Up-to-date: E:/SyncForder/CodeRepos/install/q/t/include/lux/engine/flowforge/visibility.h
-- Up-to-date: E:/SyncForder/CodeRepos/install/q/t/include/lux/engine/function
-- Up-to-date: E:/SyncForder/CodeRepos/install/q/t/include/lux/engine/function/graph
-- Up-to-date: E:/SyncForder/CodeRepos/install/q/t/include/lux/engine/function/graph/visibility.h
-- Up-to-date: E:/SyncForder/CodeRepos/install/q/t/include/lux/engine/function/render
-- Up-to-date: E:/SyncForder/CodeRepos/install/q/t/include/lux/engine/function/render/standard
-- Up-to-date: E:/SyncForder/CodeRepos/install/q/t/include/lux/engine/function/render/standard/content
-- Up-to-date: E:/SyncForder/CodeRepos/install/q/t/include/lux/engine/function/render/standard/content/visibility.h
-- Up-to-date: E:/SyncForder/CodeRepos/install/q/t/include/lux/engine/function/script
-- Up-to-date: E:/SyncForder/CodeRepos/install/q/t/include/lux/engine/function/script/artifact
-- Up-to-date: E:/SyncForder/CodeRepos/install/q/t/include/lux/engine/function/script/artifact/visibility.h
-- Up-to-date: E:/SyncForder/CodeRepos/install/q/t/include/lux/engine/function/visibility.h
-- Up-to-date: E:/SyncForder/CodeRepos/install/q/t/include/lux/engine/material
-- Up-to-date: E:/SyncForder/CodeRepos/install/q/t/include/lux/engine/material/compiler
-- Up-to-date: E:/SyncForder/CodeRepos/install/q/t/include/lux/engine/material/compiler/visibility.h
-- Up-to-date: E:/SyncForder/CodeRepos/install/q/t/include/lux/engine/material/cooker
-- Up-to-date: E:/SyncForder/CodeRepos/install/q/t/include/lux/engine/material/cooker/visibility.h
-- Up-to-date: E:/SyncForder/CodeRepos/install/q/t/include/lux/engine/material/graph
-- Up-to-date: E:/SyncForder/CodeRepos/install/q/t/include/lux/engine/material/graph/visibility.h
-- Up-to-date: E:/SyncForder/CodeRepos/install/q/t/include/lux/engine/physics2d
-- Up-to-date: E:/SyncForder/CodeRepos/install/q/t/include/lux/engine/physics2d/Physics2DComponents.ecs_schema.hpp
-- Up-to-date: E:/SyncForder/CodeRepos/install/q/t/include/lux/engine/physics2d/Physics2DComponents.ecs_snapshot.hpp
-- Up-to-date: E:/SyncForder/CodeRepos/install/q/t/include/lux/engine/physics2d/Physics2DComponents.type_static_info.hpp
-- Up-to-date: E:/SyncForder/CodeRepos/install/q/t/include/lux/engine/physics2d/visibility.h
-- Up-to-date: E:/SyncForder/CodeRepos/install/q/t/include/lux/engine/process
-- Up-to-date: E:/SyncForder/CodeRepos/install/q/t/include/lux/engine/process/asset_loading
-- Up-to-date: E:/SyncForder/CodeRepos/install/q/t/include/lux/engine/process/asset_loading/visibility.h
-- Up-to-date: E:/SyncForder/CodeRepos/install/q/t/include/lux/engine/process/visibility.h
-- Up-to-date: E:/SyncForder/CodeRepos/install/q/t/include/lux/engine/process/world_loading
-- Up-to-date: E:/SyncForder/CodeRepos/install/q/t/include/lux/engine/process/world_loading/visibility.h
-- Up-to-date: E:/SyncForder/CodeRepos/install/q/t/include/lux/engine/resource
-- Up-to-date: E:/SyncForder/CodeRepos/install/q/t/include/lux/engine/resource/asset
-- Up-to-date: E:/SyncForder/CodeRepos/install/q/t/include/lux/engine/resource/asset/visibility.h
-- Up-to-date: E:/SyncForder/CodeRepos/install/q/t/include/lux/engine/resource/visibility.h
-- Up-to-date: E:/SyncForder/CodeRepos/install/q/t/include/lux/engine/scene
-- Up-to-date: E:/SyncForder/CodeRepos/install/q/t/include/lux/engine/scene/asset
-- Up-to-date: E:/SyncForder/CodeRepos/install/q/t/include/lux/engine/scene/asset/visibility.h
-- Up-to-date: E:/SyncForder/CodeRepos/install/q/t/include/lux/engine/scene/description
-- Up-to-date: E:/SyncForder/CodeRepos/install/q/t/include/lux/engine/scene/description/visibility.h
-- Up-to-date: E:/SyncForder/CodeRepos/install/q/t/include/lux/engine/scene/meta
-- Up-to-date: E:/SyncForder/CodeRepos/install/q/t/include/lux/engine/scene/meta/visibility.h
-- Up-to-date: E:/SyncForder/CodeRepos/install/q/t/include/lux/engine/scene/render
-- Up-to-date: E:/SyncForder/CodeRepos/install/q/t/include/lux/engine/scene/render/visibility.h
-- Up-to-date: E:/SyncForder/CodeRepos/install/q/t/include/lux/engine/scene/script_runtime
-- Up-to-date: E:/SyncForder/CodeRepos/install/q/t/include/lux/engine/scene/script_runtime/visibility.h
-- Up-to-date: E:/SyncForder/CodeRepos/install/q/t/include/lux/engine/scene/visibility.h
-- Up-to-date: E:/SyncForder/CodeRepos/install/q/t/include/lux/engine/scene/world_materialization
-- Up-to-date: E:/SyncForder/CodeRepos/install/q/t/include/lux/engine/scene/world_materialization/visibility.h
-- Up-to-date: E:/SyncForder/CodeRepos/install/q/t/include/lux/engine/serialization
-- Up-to-date: E:/SyncForder/CodeRepos/install/q/t/include/lux/engine/serialization/visibility.h
-- Up-to-date: E:/SyncForder/CodeRepos/install/q/t/include/lux/engine/simulation
-- Up-to-date: E:/SyncForder/CodeRepos/install/q/t/include/lux/engine/simulation/asset
-- Up-to-date: E:/SyncForder/CodeRepos/install/q/t/include/lux/engine/simulation/asset/visibility.h
-- Up-to-date: E:/SyncForder/CodeRepos/install/q/t/include/lux/engine/simulation/composition
-- Up-to-date: E:/SyncForder/CodeRepos/install/q/t/include/lux/engine/simulation/composition/visibility.h
-- Up-to-date: E:/SyncForder/CodeRepos/install/q/t/include/lux/engine/simulation/description
-- Up-to-date: E:/SyncForder/CodeRepos/install/q/t/include/lux/engine/simulation/description/visibility.h
-- Up-to-date: E:/SyncForder/CodeRepos/install/q/t/include/lux/engine/simulation/ecs
-- Up-to-date: E:/SyncForder/CodeRepos/install/q/t/include/lux/engine/simulation/ecs/core
-- Up-to-date: E:/SyncForder/CodeRepos/install/q/t/include/lux/engine/simulation/ecs/core/visibility.h
-- Up-to-date: E:/SyncForder/CodeRepos/install/q/t/include/lux/engine/simulation/ecs/hierarchy
-- Up-to-date: E:/SyncForder/CodeRepos/install/q/t/include/lux/engine/simulation/ecs/hierarchy/visibility.h
-- Up-to-date: E:/SyncForder/CodeRepos/install/q/t/include/lux/engine/simulation/ecs/Parent.ecs_schema.hpp
-- Up-to-date: E:/SyncForder/CodeRepos/install/q/t/include/lux/engine/simulation/ecs/Parent.ecs_snapshot.hpp
-- Up-to-date: E:/SyncForder/CodeRepos/install/q/t/include/lux/engine/simulation/ecs/Parent.type_static_info.hpp
-- Up-to-date: E:/SyncForder/CodeRepos/install/q/t/include/lux/engine/simulation/ecs/schema
-- Up-to-date: E:/SyncForder/CodeRepos/install/q/t/include/lux/engine/simulation/ecs/schema/visibility.h
-- Up-to-date: E:/SyncForder/CodeRepos/install/q/t/include/lux/engine/simulation/ecs/snapshot
-- Up-to-date: E:/SyncForder/CodeRepos/install/q/t/include/lux/engine/simulation/ecs/snapshot/visibility.h
-- Up-to-date: E:/SyncForder/CodeRepos/install/q/t/include/lux/engine/simulation/ecs/transform
-- Up-to-date: E:/SyncForder/CodeRepos/install/q/t/include/lux/engine/simulation/ecs/transform/visibility.h
-- Up-to-date: E:/SyncForder/CodeRepos/install/q/t/include/lux/engine/simulation/ecs/Transform.ecs_schema.hpp
-- Up-to-date: E:/SyncForder/CodeRepos/install/q/t/include/lux/engine/simulation/ecs/Transform.ecs_snapshot.hpp
-- Up-to-date: E:/SyncForder/CodeRepos/install/q/t/include/lux/engine/simulation/ecs/Transform.type_static_info.hpp
-- Up-to-date: E:/SyncForder/CodeRepos/install/q/t/include/lux/engine/simulation/ecs/visual
-- Up-to-date: E:/SyncForder/CodeRepos/install/q/t/include/lux/engine/simulation/ecs/visual/visibility.h
-- Up-to-date: E:/SyncForder/CodeRepos/install/q/t/include/lux/engine/simulation/ecs/Visual.ecs_schema.hpp
-- Up-to-date: E:/SyncForder/CodeRepos/install/q/t/include/lux/engine/simulation/ecs/Visual.ecs_snapshot.hpp
-- Up-to-date: E:/SyncForder/CodeRepos/install/q/t/include/lux/engine/simulation/ecs/Visual.type_static_info.hpp
-- Up-to-date: E:/SyncForder/CodeRepos/install/q/t/include/lux/engine/simulation/scripting
-- Up-to-date: E:/SyncForder/CodeRepos/install/q/t/include/lux/engine/simulation/scripting/cpp_static
-- Up-to-date: E:/SyncForder/CodeRepos/install/q/t/include/lux/engine/simulation/scripting/cpp_static/visibility.h
-- Up-to-date: E:/SyncForder/CodeRepos/install/q/t/include/lux/engine/simulation/scripting/native
-- Up-to-date: E:/SyncForder/CodeRepos/install/q/t/include/lux/engine/simulation/scripting/native/visibility.h
-- Up-to-date: E:/SyncForder/CodeRepos/install/q/t/include/lux/engine/simulation/script_system
-- Up-to-date: E:/SyncForder/CodeRepos/install/q/t/include/lux/engine/simulation/script_system/visibility.h
-- Up-to-date: E:/SyncForder/CodeRepos/install/q/t/include/lux/engine/simulation/system
-- Up-to-date: E:/SyncForder/CodeRepos/install/q/t/include/lux/engine/simulation/system/visibility.h
-- Up-to-date: E:/SyncForder/CodeRepos/install/q/t/include/lux/engine/simulation/transform_system
-- Up-to-date: E:/SyncForder/CodeRepos/install/q/t/include/lux/engine/simulation/transform_system/visibility.h
-- Up-to-date: E:/SyncForder/CodeRepos/install/q/t/include/lux/engine/spatial
-- Up-to-date: E:/SyncForder/CodeRepos/install/q/t/include/lux/engine/spatial/spatial2d
-- Up-to-date: E:/SyncForder/CodeRepos/install/q/t/include/lux/engine/spatial/spatial2d/visibility.h
-- Up-to-date: E:/SyncForder/CodeRepos/install/q/t/include/lux/engine/spatial/spatial3d
-- Up-to-date: E:/SyncForder/CodeRepos/install/q/t/include/lux/engine/spatial/spatial3d/visibility.h
-- Up-to-date: E:/SyncForder/CodeRepos/install/q/t/include/lux/engine/system
-- Up-to-date: E:/SyncForder/CodeRepos/install/q/t/include/lux/engine/system/description
-- Up-to-date: E:/SyncForder/CodeRepos/install/q/t/include/lux/engine/system/description/visibility.h
-- Up-to-date: E:/SyncForder/CodeRepos/install/q/t/include/lux/engine/system/identity
-- Up-to-date: E:/SyncForder/CodeRepos/install/q/t/include/lux/engine/system/identity/visibility.h
-- Up-to-date: E:/SyncForder/CodeRepos/install/q/t/include/lux/engine/task
-- Up-to-date: E:/SyncForder/CodeRepos/install/q/t/include/lux/engine/task/visibility.h
-- Up-to-date: E:/SyncForder/CodeRepos/install/q/t/include/lux/engine/toolchain
-- Up-to-date: E:/SyncForder/CodeRepos/install/q/t/include/lux/engine/toolchain/asset
-- Up-to-date: E:/SyncForder/CodeRepos/install/q/t/include/lux/engine/toolchain/asset/model
-- Up-to-date: E:/SyncForder/CodeRepos/install/q/t/include/lux/engine/toolchain/asset/model/visibility.h
-- Up-to-date: E:/SyncForder/CodeRepos/install/q/t/include/lux/engine/toolchain/asset/shader
-- Up-to-date: E:/SyncForder/CodeRepos/install/q/t/include/lux/engine/toolchain/asset/shader/visibility.h
-- Up-to-date: E:/SyncForder/CodeRepos/install/q/t/include/lux/engine/toolchain/asset/texture
-- Up-to-date: E:/SyncForder/CodeRepos/install/q/t/include/lux/engine/toolchain/asset/texture/visibility.h
-- Up-to-date: E:/SyncForder/CodeRepos/install/q/t/include/lux/engine/world
-- Up-to-date: E:/SyncForder/CodeRepos/install/q/t/include/lux/engine/world/asset
-- Up-to-date: E:/SyncForder/CodeRepos/install/q/t/include/lux/engine/world/asset/visibility.h
-- Up-to-date: E:/SyncForder/CodeRepos/install/q/t/include/lux/engine/world/description
-- Up-to-date: E:/SyncForder/CodeRepos/install/q/t/include/lux/engine/world/description/visibility.h
-- Up-to-date: E:/SyncForder/CodeRepos/install/q/t/include/lux/engine/world/partition
-- Up-to-date: E:/SyncForder/CodeRepos/install/q/t/include/lux/engine/world/partition/visibility.h
-- Up-to-date: E:/SyncForder/CodeRepos/install/q/t/include/lux/engine/world/storage
-- Up-to-date: E:/SyncForder/CodeRepos/install/q/t/include/lux/engine/world/storage/visibility.h
-- Up-to-date: E:/SyncForder/CodeRepos/install/q/t/include/test
-- Installing: E:/SyncForder/CodeRepos/install/q/t/share/lux-engine-core/math/lux-engine-core-math-config-targets.cmake
-- Installing: E:/SyncForder/CodeRepos/install/q/t/share/lux-engine-core/math/lux-engine-core-math-import.cmake
-- Up-to-date: E:/SyncForder/CodeRepos/install/q/t/include
-- Up-to-date: E:/SyncForder/CodeRepos/install/q/t/include/lux
-- Up-to-date: E:/SyncForder/CodeRepos/install/q/t/include/lux/engine
-- Up-to-date: E:/SyncForder/CodeRepos/install/q/t/include/lux/engine/core
-- Installing: E:/SyncForder/CodeRepos/install/q/t/include/lux/engine/core/async
-- Installing: E:/SyncForder/CodeRepos/install/q/t/include/lux/engine/core/async/OperationInbox.hpp
-- Installing: E:/SyncForder/CodeRepos/install/q/t/include/lux/engine/core/async/OperationPort.hpp
-- Installing: E:/SyncForder/CodeRepos/install/q/t/share/lux-engine-core/async_port/lux-engine-core-async_port-config-targets.cmake
-- Installing: E:/SyncForder/CodeRepos/install/q/t/share/lux-engine-core/async_port/lux-engine-core-async_port-import.cmake
-- Up-to-date: E:/SyncForder/CodeRepos/install/q/t/include
-- Up-to-date: E:/SyncForder/CodeRepos/install/q/t/include/lux
-- Up-to-date: E:/SyncForder/CodeRepos/install/q/t/include/lux/engine
-- Up-to-date: E:/SyncForder/CodeRepos/install/q/t/include/lux/engine/core
-- Installing: E:/SyncForder/CodeRepos/install/q/t/include/lux/engine/core/semantic
-- Installing: E:/SyncForder/CodeRepos/install/q/t/include/lux/engine/core/semantic/SemanticBuiltin.def
-- Installing: E:/SyncForder/CodeRepos/install/q/t/include/lux/engine/core/semantic/SemanticType.hpp
-- Installing: E:/SyncForder/CodeRepos/install/q/t/share/lux-engine-core/semantic/lux-engine-core-semantic-config-targets.cmake
-- Installing: E:/SyncForder/CodeRepos/install/q/t/share/lux-engine-core/semantic/lux-engine-core-semantic-import.cmake
-- Up-to-date: E:/SyncForder/CodeRepos/install/q/t/include
-- Up-to-date: E:/SyncForder/CodeRepos/install/q/t/include/lux
-- Up-to-date: E:/SyncForder/CodeRepos/install/q/t/include/lux/engine
-- Installing: E:/SyncForder/CodeRepos/install/q/t/include/lux/engine/meta
-- Installing: E:/SyncForder/CodeRepos/install/q/t/include/lux/engine/meta/MetaAnnotations.hpp
-- Installing: E:/SyncForder/CodeRepos/install/q/t/include/lux/engine/meta/TypeStaticInfo.hpp
-- Installing: E:/SyncForder/CodeRepos/install/q/t/share/lux-engine-core/type_info/lux-engine-core-type_info-config-targets.cmake
-- Installing: E:/SyncForder/CodeRepos/install/q/t/share/lux-engine-core/type_info/lux-engine-core-type_info-import.cmake
-- Installing: E:/SyncForder/CodeRepos/install/q/t/share/lux-engine-core/meta/cmake_scripts/engine_type_runtime_info.cmake
-- Installing: E:/SyncForder/CodeRepos/install/q/t/share/lux-engine-core/meta/cmake_scripts/engine_add_type_info.cmake
-- Up-to-date: E:/SyncForder/CodeRepos/install/q/t/include
-- Up-to-date: E:/SyncForder/CodeRepos/install/q/t/include/lux
-- Up-to-date: E:/SyncForder/CodeRepos/install/q/t/include/lux/engine
-- Up-to-date: E:/SyncForder/CodeRepos/install/q/t/include/lux/engine/meta
-- Installing: E:/SyncForder/CodeRepos/install/q/t/include/lux/engine/meta/Meta.hpp
-- Installing: E:/SyncForder/CodeRepos/install/q/t/include/lux/engine/meta/MetaCompat.hpp
-- Installing: E:/SyncForder/CodeRepos/install/q/t/include/lux/engine/meta/MetaDef.hpp
-- Installing: E:/SyncForder/CodeRepos/install/q/t/include/lux/engine/meta/RuntimeObject.hpp
-- Up-to-date: E:/SyncForder/CodeRepos/install/q/t/include
-- Up-to-date: E:/SyncForder/CodeRepos/install/q/t/include/lux
-- Up-to-date: E:/SyncForder/CodeRepos/install/q/t/include/lux/engine
-- Up-to-date: E:/SyncForder/CodeRepos/install/q/t/include/lux/engine/core
-- Up-to-date: E:/SyncForder/CodeRepos/install/q/t/include/lux/engine/core/visibility.h
-- Up-to-date: E:/SyncForder/CodeRepos/install/q/t/include/lux/engine/dynamic_library
-- Up-to-date: E:/SyncForder/CodeRepos/install/q/t/include/lux/engine/dynamic_library/visibility.h
-- Up-to-date: E:/SyncForder/CodeRepos/install/q/t/include/lux/engine/flowforge
-- Up-to-date: E:/SyncForder/CodeRepos/install/q/t/include/lux/engine/flowforge/compiler
-- Up-to-date: E:/SyncForder/CodeRepos/install/q/t/include/lux/engine/flowforge/compiler/visibility.h
-- Up-to-date: E:/SyncForder/CodeRepos/install/q/t/include/lux/engine/flowforge/visibility.h
-- Up-to-date: E:/SyncForder/CodeRepos/install/q/t/include/lux/engine/function
-- Up-to-date: E:/SyncForder/CodeRepos/install/q/t/include/lux/engine/function/graph
-- Up-to-date: E:/SyncForder/CodeRepos/install/q/t/include/lux/engine/function/graph/visibility.h
-- Up-to-date: E:/SyncForder/CodeRepos/install/q/t/include/lux/engine/function/render
-- Up-to-date: E:/SyncForder/CodeRepos/install/q/t/include/lux/engine/function/render/standard
-- Up-to-date: E:/SyncForder/CodeRepos/install/q/t/include/lux/engine/function/render/standard/content
-- Up-to-date: E:/SyncForder/CodeRepos/install/q/t/include/lux/engine/function/render/standard/content/visibility.h
-- Up-to-date: E:/SyncForder/CodeRepos/install/q/t/include/lux/engine/function/script
-- Up-to-date: E:/SyncForder/CodeRepos/install/q/t/include/lux/engine/function/script/artifact
-- Up-to-date: E:/SyncForder/CodeRepos/install/q/t/include/lux/engine/function/script/artifact/visibility.h
-- Up-to-date: E:/SyncForder/CodeRepos/install/q/t/include/lux/engine/function/visibility.h
-- Up-to-date: E:/SyncForder/CodeRepos/install/q/t/include/lux/engine/material
-- Up-to-date: E:/SyncForder/CodeRepos/install/q/t/include/lux/engine/material/compiler
-- Up-to-date: E:/SyncForder/CodeRepos/install/q/t/include/lux/engine/material/compiler/visibility.h
-- Up-to-date: E:/SyncForder/CodeRepos/install/q/t/include/lux/engine/material/cooker
-- Up-to-date: E:/SyncForder/CodeRepos/install/q/t/include/lux/engine/material/cooker/visibility.h
-- Up-to-date: E:/SyncForder/CodeRepos/install/q/t/include/lux/engine/material/graph
-- Up-to-date: E:/SyncForder/CodeRepos/install/q/t/include/lux/engine/material/graph/visibility.h
-- Up-to-date: E:/SyncForder/CodeRepos/install/q/t/include/lux/engine/physics2d
-- Up-to-date: E:/SyncForder/CodeRepos/install/q/t/include/lux/engine/physics2d/Physics2DComponents.ecs_schema.hpp
-- Up-to-date: E:/SyncForder/CodeRepos/install/q/t/include/lux/engine/physics2d/Physics2DComponents.ecs_snapshot.hpp
-- Up-to-date: E:/SyncForder/CodeRepos/install/q/t/include/lux/engine/physics2d/Physics2DComponents.type_static_info.hpp
-- Up-to-date: E:/SyncForder/CodeRepos/install/q/t/include/lux/engine/physics2d/visibility.h
-- Up-to-date: E:/SyncForder/CodeRepos/install/q/t/include/lux/engine/process
-- Up-to-date: E:/SyncForder/CodeRepos/install/q/t/include/lux/engine/process/asset_loading
-- Up-to-date: E:/SyncForder/CodeRepos/install/q/t/include/lux/engine/process/asset_loading/visibility.h
-- Up-to-date: E:/SyncForder/CodeRepos/install/q/t/include/lux/engine/process/visibility.h
-- Up-to-date: E:/SyncForder/CodeRepos/install/q/t/include/lux/engine/process/world_loading
-- Up-to-date: E:/SyncForder/CodeRepos/install/q/t/include/lux/engine/process/world_loading/visibility.h
-- Up-to-date: E:/SyncForder/CodeRepos/install/q/t/include/lux/engine/resource
-- Up-to-date: E:/SyncForder/CodeRepos/install/q/t/include/lux/engine/resource/asset
-- Up-to-date: E:/SyncForder/CodeRepos/install/q/t/include/lux/engine/resource/asset/visibility.h
-- Up-to-date: E:/SyncForder/CodeRepos/install/q/t/include/lux/engine/resource/visibility.h
-- Up-to-date: E:/SyncForder/CodeRepos/install/q/t/include/lux/engine/scene
-- Up-to-date: E:/SyncForder/CodeRepos/install/q/t/include/lux/engine/scene/asset
-- Up-to-date: E:/SyncForder/CodeRepos/install/q/t/include/lux/engine/scene/asset/visibility.h
-- Up-to-date: E:/SyncForder/CodeRepos/install/q/t/include/lux/engine/scene/description
-- Up-to-date: E:/SyncForder/CodeRepos/install/q/t/include/lux/engine/scene/description/visibility.h
-- Up-to-date: E:/SyncForder/CodeRepos/install/q/t/include/lux/engine/scene/meta
-- Up-to-date: E:/SyncForder/CodeRepos/install/q/t/include/lux/engine/scene/meta/visibility.h
-- Up-to-date: E:/SyncForder/CodeRepos/install/q/t/include/lux/engine/scene/render
-- Up-to-date: E:/SyncForder/CodeRepos/install/q/t/include/lux/engine/scene/render/visibility.h
-- Up-to-date: E:/SyncForder/CodeRepos/install/q/t/include/lux/engine/scene/script_runtime
-- Up-to-date: E:/SyncForder/CodeRepos/install/q/t/include/lux/engine/scene/script_runtime/visibility.h
-- Up-to-date: E:/SyncForder/CodeRepos/install/q/t/include/lux/engine/scene/visibility.h
-- Up-to-date: E:/SyncForder/CodeRepos/install/q/t/include/lux/engine/scene/world_materialization
-- Up-to-date: E:/SyncForder/CodeRepos/install/q/t/include/lux/engine/scene/world_materialization/visibility.h
-- Up-to-date: E:/SyncForder/CodeRepos/install/q/t/include/lux/engine/serialization
-- Up-to-date: E:/SyncForder/CodeRepos/install/q/t/include/lux/engine/serialization/visibility.h
-- Up-to-date: E:/SyncForder/CodeRepos/install/q/t/include/lux/engine/simulation
-- Up-to-date: E:/SyncForder/CodeRepos/install/q/t/include/lux/engine/simulation/asset
-- Up-to-date: E:/SyncForder/CodeRepos/install/q/t/include/lux/engine/simulation/asset/visibility.h
-- Up-to-date: E:/SyncForder/CodeRepos/install/q/t/include/lux/engine/simulation/composition
-- Up-to-date: E:/SyncForder/CodeRepos/install/q/t/include/lux/engine/simulation/composition/visibility.h
-- Up-to-date: E:/SyncForder/CodeRepos/install/q/t/include/lux/engine/simulation/description
-- Up-to-date: E:/SyncForder/CodeRepos/install/q/t/include/lux/engine/simulation/description/visibility.h
-- Up-to-date: E:/SyncForder/CodeRepos/install/q/t/include/lux/engine/simulation/ecs
-- Up-to-date: E:/SyncForder/CodeRepos/install/q/t/include/lux/engine/simulation/ecs/core
-- Up-to-date: E:/SyncForder/CodeRepos/install/q/t/include/lux/engine/simulation/ecs/core/visibility.h
-- Up-to-date: E:/SyncForder/CodeRepos/install/q/t/include/lux/engine/simulation/ecs/hierarchy
-- Up-to-date: E:/SyncForder/CodeRepos/install/q/t/include/lux/engine/simulation/ecs/hierarchy/visibility.h
-- Up-to-date: E:/SyncForder/CodeRepos/install/q/t/include/lux/engine/simulation/ecs/Parent.ecs_schema.hpp
-- Up-to-date: E:/SyncForder/CodeRepos/install/q/t/include/lux/engine/simulation/ecs/Parent.ecs_snapshot.hpp
-- Up-to-date: E:/SyncForder/CodeRepos/install/q/t/include/lux/engine/simulation/ecs/Parent.type_static_info.hpp
-- Up-to-date: E:/SyncForder/CodeRepos/install/q/t/include/lux/engine/simulation/ecs/schema
-- Up-to-date: E:/SyncForder/CodeRepos/install/q/t/include/lux/engine/simulation/ecs/schema/visibility.h
-- Up-to-date: E:/SyncForder/CodeRepos/install/q/t/include/lux/engine/simulation/ecs/snapshot
-- Up-to-date: E:/SyncForder/CodeRepos/install/q/t/include/lux/engine/simulation/ecs/snapshot/visibility.h
-- Up-to-date: E:/SyncForder/CodeRepos/install/q/t/include/lux/engine/simulation/ecs/transform
-- Up-to-date: E:/SyncForder/CodeRepos/install/q/t/include/lux/engine/simulation/ecs/transform/visibility.h
-- Up-to-date: E:/SyncForder/CodeRepos/install/q/t/include/lux/engine/simulation/ecs/Transform.ecs_schema.hpp
-- Up-to-date: E:/SyncForder/CodeRepos/install/q/t/include/lux/engine/simulation/ecs/Transform.ecs_snapshot.hpp
-- Up-to-date: E:/SyncForder/CodeRepos/install/q/t/include/lux/engine/simulation/ecs/Transform.type_static_info.hpp
-- Up-to-date: E:/SyncForder/CodeRepos/install/q/t/include/lux/engine/simulation/ecs/visual
-- Up-to-date: E:/SyncForder/CodeRepos/install/q/t/include/lux/engine/simulation/ecs/visual/visibility.h
-- Up-to-date: E:/SyncForder/CodeRepos/install/q/t/include/lux/engine/simulation/ecs/Visual.ecs_schema.hpp
-- Up-to-date: E:/SyncForder/CodeRepos/install/q/t/include/lux/engine/simulation/ecs/Visual.ecs_snapshot.hpp
-- Up-to-date: E:/SyncForder/CodeRepos/install/q/t/include/lux/engine/simulation/ecs/Visual.type_static_info.hpp
-- Up-to-date: E:/SyncForder/CodeRepos/install/q/t/include/lux/engine/simulation/scripting
-- Up-to-date: E:/SyncForder/CodeRepos/install/q/t/include/lux/engine/simulation/scripting/cpp_static
-- Up-to-date: E:/SyncForder/CodeRepos/install/q/t/include/lux/engine/simulation/scripting/cpp_static/visibility.h
-- Up-to-date: E:/SyncForder/CodeRepos/install/q/t/include/lux/engine/simulation/scripting/native
-- Up-to-date: E:/SyncForder/CodeRepos/install/q/t/include/lux/engine/simulation/scripting/native/visibility.h
-- Up-to-date: E:/SyncForder/CodeRepos/install/q/t/include/lux/engine/simulation/script_system
-- Up-to-date: E:/SyncForder/CodeRepos/install/q/t/include/lux/engine/simulation/script_system/visibility.h
-- Up-to-date: E:/SyncForder/CodeRepos/install/q/t/include/lux/engine/simulation/system
-- Up-to-date: E:/SyncForder/CodeRepos/install/q/t/include/lux/engine/simulation/system/visibility.h
-- Up-to-date: E:/SyncForder/CodeRepos/install/q/t/include/lux/engine/simulation/transform_system
-- Up-to-date: E:/SyncForder/CodeRepos/install/q/t/include/lux/engine/simulation/transform_system/visibility.h
-- Up-to-date: E:/SyncForder/CodeRepos/install/q/t/include/lux/engine/spatial
-- Up-to-date: E:/SyncForder/CodeRepos/install/q/t/include/lux/engine/spatial/spatial2d
-- Up-to-date: E:/SyncForder/CodeRepos/install/q/t/include/lux/engine/spatial/spatial2d/visibility.h
-- Up-to-date: E:/SyncForder/CodeRepos/install/q/t/include/lux/engine/spatial/spatial3d
-- Up-to-date: E:/SyncForder/CodeRepos/install/q/t/include/lux/engine/spatial/spatial3d/visibility.h
-- Up-to-date: E:/SyncForder/CodeRepos/install/q/t/include/lux/engine/system
-- Up-to-date: E:/SyncForder/CodeRepos/install/q/t/include/lux/engine/system/description
-- Up-to-date: E:/SyncForder/CodeRepos/install/q/t/include/lux/engine/system/description/visibility.h
-- Up-to-date: E:/SyncForder/CodeRepos/install/q/t/include/lux/engine/system/identity
-- Up-to-date: E:/SyncForder/CodeRepos/install/q/t/include/lux/engine/system/identity/visibility.h
-- Up-to-date: E:/SyncForder/CodeRepos/install/q/t/include/lux/engine/task
-- Up-to-date: E:/SyncForder/CodeRepos/install/q/t/include/lux/engine/task/visibility.h
-- Up-to-date: E:/SyncForder/CodeRepos/install/q/t/include/lux/engine/toolchain
-- Up-to-date: E:/SyncForder/CodeRepos/install/q/t/include/lux/engine/toolchain/asset
-- Up-to-date: E:/SyncForder/CodeRepos/install/q/t/include/lux/engine/toolchain/asset/model
-- Up-to-date: E:/SyncForder/CodeRepos/install/q/t/include/lux/engine/toolchain/asset/model/visibility.h
-- Up-to-date: E:/SyncForder/CodeRepos/install/q/t/include/lux/engine/toolchain/asset/shader
-- Up-to-date: E:/SyncForder/CodeRepos/install/q/t/include/lux/engine/toolchain/asset/shader/visibility.h
-- Up-to-date: E:/SyncForder/CodeRepos/install/q/t/include/lux/engine/toolchain/asset/texture
-- Up-to-date: E:/SyncForder/CodeRepos/install/q/t/include/lux/engine/toolchain/asset/texture/visibility.h
-- Up-to-date: E:/SyncForder/CodeRepos/install/q/t/include/lux/engine/world
-- Up-to-date: E:/SyncForder/CodeRepos/install/q/t/include/lux/engine/world/asset
-- Up-to-date: E:/SyncForder/CodeRepos/install/q/t/include/lux/engine/world/asset/visibility.h
-- Up-to-date: E:/SyncForder/CodeRepos/install/q/t/include/lux/engine/world/description
-- Up-to-date: E:/SyncForder/CodeRepos/install/q/t/include/lux/engine/world/description/visibility.h
-- Up-to-date: E:/SyncForder/CodeRepos/install/q/t/include/lux/engine/world/partition
-- Up-to-date: E:/SyncForder/CodeRepos/install/q/t/include/lux/engine/world/partition/visibility.h
-- Up-to-date: E:/SyncForder/CodeRepos/install/q/t/include/lux/engine/world/storage
-- Up-to-date: E:/SyncForder/CodeRepos/install/q/t/include/lux/engine/world/storage/visibility.h
-- Up-to-date: E:/SyncForder/CodeRepos/install/q/t/include/test
-- Installing: E:/SyncForder/CodeRepos/install/q/t/share/lux-engine-core/meta/lux-engine-core-meta-config-targets.cmake
-- Installing: E:/SyncForder/CodeRepos/install/q/t/share/lux-engine-core/meta/lux-engine-core-meta-config-targets-relwithdebinfo.cmake
-- Installing: E:/SyncForder/CodeRepos/install/q/t/share/lux-engine-core/meta/lux-engine-core-meta-import.cmake
-- Installing: E:/SyncForder/CodeRepos/install/q/t/lib/lux_engine_core_meta.lib
-- Installing: E:/SyncForder/CodeRepos/install/q/t/bin/lux_engine_core_meta.dll
-- Up-to-date: E:/SyncForder/CodeRepos/install/q/t/include
-- Up-to-date: E:/SyncForder/CodeRepos/install/q/t/include/lux
-- Up-to-date: E:/SyncForder/CodeRepos/install/q/t/include/lux/engine
-- Installing: E:/SyncForder/CodeRepos/install/q/t/include/lux/engine/object
-- Installing: E:/SyncForder/CodeRepos/install/q/t/include/lux/engine/object/Connection.hpp
-- Installing: E:/SyncForder/CodeRepos/install/q/t/include/lux/engine/object/detail
-- Installing: E:/SyncForder/CodeRepos/install/q/t/include/lux/engine/object/detail/MessageEnvelope.hpp
-- Installing: E:/SyncForder/CodeRepos/install/q/t/include/lux/engine/object/detail/ObjectStorageFwd.hpp
-- Installing: E:/SyncForder/CodeRepos/install/q/t/include/lux/engine/object/detail/SignalDescriptor.hpp
-- Installing: E:/SyncForder/CodeRepos/install/q/t/include/lux/engine/object/LuxObject.hpp
-- Installing: E:/SyncForder/CodeRepos/install/q/t/include/lux/engine/object/Object.hpp
-- Installing: E:/SyncForder/CodeRepos/install/q/t/include/lux/engine/object/ObjectAnnotations.hpp
-- Installing: E:/SyncForder/CodeRepos/install/q/t/include/lux/engine/object/ObjectDispatcher.hpp
-- Installing: E:/SyncForder/CodeRepos/install/q/t/include/lux/engine/object/ObjectEvent.hpp
-- Installing: E:/SyncForder/CodeRepos/install/q/t/include/lux/engine/object/ObjectReflection.hpp
-- Installing: E:/SyncForder/CodeRepos/install/q/t/include/lux/engine/object/ObjectWeakRef.hpp
-- Installing: E:/SyncForder/CodeRepos/install/q/t/include/lux/engine/object/Signal.hpp
-- Up-to-date: E:/SyncForder/CodeRepos/install/q/t/include
-- Up-to-date: E:/SyncForder/CodeRepos/install/q/t/include/lux
-- Up-to-date: E:/SyncForder/CodeRepos/install/q/t/include/lux/engine
-- Up-to-date: E:/SyncForder/CodeRepos/install/q/t/include/lux/engine/core
-- Up-to-date: E:/SyncForder/CodeRepos/install/q/t/include/lux/engine/core/visibility.h
-- Up-to-date: E:/SyncForder/CodeRepos/install/q/t/include/lux/engine/dynamic_library
-- Up-to-date: E:/SyncForder/CodeRepos/install/q/t/include/lux/engine/dynamic_library/visibility.h
-- Up-to-date: E:/SyncForder/CodeRepos/install/q/t/include/lux/engine/flowforge
-- Up-to-date: E:/SyncForder/CodeRepos/install/q/t/include/lux/engine/flowforge/compiler
-- Up-to-date: E:/SyncForder/CodeRepos/install/q/t/include/lux/engine/flowforge/compiler/visibility.h
-- Up-to-date: E:/SyncForder/CodeRepos/install/q/t/include/lux/engine/flowforge/visibility.h
-- Up-to-date: E:/SyncForder/CodeRepos/install/q/t/include/lux/engine/function
-- Up-to-date: E:/SyncForder/CodeRepos/install/q/t/include/lux/engine/function/graph
-- Up-to-date: E:/SyncForder/CodeRepos/install/q/t/include/lux/engine/function/graph/visibility.h
-- Up-to-date: E:/SyncForder/CodeRepos/install/q/t/include/lux/engine/function/render
-- Up-to-date: E:/SyncForder/CodeRepos/install/q/t/include/lux/engine/function/render/standard
-- Up-to-date: E:/SyncForder/CodeRepos/install/q/t/include/lux/engine/function/render/standard/content
-- Up-to-date: E:/SyncForder/CodeRepos/install/q/t/include/lux/engine/function/render/standard/content/visibility.h
-- Up-to-date: E:/SyncForder/CodeRepos/install/q/t/include/lux/engine/function/script
-- Up-to-date: E:/SyncForder/CodeRepos/install/q/t/include/lux/engine/function/script/artifact
-- Up-to-date: E:/SyncForder/CodeRepos/install/q/t/include/lux/engine/function/script/artifact/visibility.h
-- Up-to-date: E:/SyncForder/CodeRepos/install/q/t/include/lux/engine/function/visibility.h
-- Up-to-date: E:/SyncForder/CodeRepos/install/q/t/include/lux/engine/material
-- Up-to-date: E:/SyncForder/CodeRepos/install/q/t/include/lux/engine/material/compiler
-- Up-to-date: E:/SyncForder/CodeRepos/install/q/t/include/lux/engine/material/compiler/visibility.h
-- Up-to-date: E:/SyncForder/CodeRepos/install/q/t/include/lux/engine/material/cooker
-- Up-to-date: E:/SyncForder/CodeRepos/install/q/t/include/lux/engine/material/cooker/visibility.h
-- Up-to-date: E:/SyncForder/CodeRepos/install/q/t/include/lux/engine/material/graph
-- Up-to-date: E:/SyncForder/CodeRepos/install/q/t/include/lux/engine/material/graph/visibility.h
-- Up-to-date: E:/SyncForder/CodeRepos/install/q/t/include/lux/engine/physics2d
-- Up-to-date: E:/SyncForder/CodeRepos/install/q/t/include/lux/engine/physics2d/Physics2DComponents.ecs_schema.hpp
-- Up-to-date: E:/SyncForder/CodeRepos/install/q/t/include/lux/engine/physics2d/Physics2DComponents.ecs_snapshot.hpp
-- Up-to-date: E:/SyncForder/CodeRepos/install/q/t/include/lux/engine/physics2d/Physics2DComponents.type_static_info.hpp
-- Up-to-date: E:/SyncForder/CodeRepos/install/q/t/include/lux/engine/physics2d/visibility.h
-- Up-to-date: E:/SyncForder/CodeRepos/install/q/t/include/lux/engine/process
-- Up-to-date: E:/SyncForder/CodeRepos/install/q/t/include/lux/engine/process/asset_loading
-- Up-to-date: E:/SyncForder/CodeRepos/install/q/t/include/lux/engine/process/asset_loading/visibility.h
-- Up-to-date: E:/SyncForder/CodeRepos/install/q/t/include/lux/engine/process/visibility.h
-- Up-to-date: E:/SyncForder/CodeRepos/install/q/t/include/lux/engine/process/world_loading
-- Up-to-date: E:/SyncForder/CodeRepos/install/q/t/include/lux/engine/process/world_loading/visibility.h
-- Up-to-date: E:/SyncForder/CodeRepos/install/q/t/include/lux/engine/resource
-- Up-to-date: E:/SyncForder/CodeRepos/install/q/t/include/lux/engine/resource/asset
-- Up-to-date: E:/SyncForder/CodeRepos/install/q/t/include/lux/engine/resource/asset/visibility.h
-- Up-to-date: E:/SyncForder/CodeRepos/install/q/t/include/lux/engine/resource/visibility.h
-- Up-to-date: E:/SyncForder/CodeRepos/install/q/t/include/lux/engine/scene
-- Up-to-date: E:/SyncForder/CodeRepos/install/q/t/include/lux/engine/scene/asset
-- Up-to-date: E:/SyncForder/CodeRepos/install/q/t/include/lux/engine/scene/asset/visibility.h
-- Up-to-date: E:/SyncForder/CodeRepos/install/q/t/include/lux/engine/scene/description
-- Up-to-date: E:/SyncForder/CodeRepos/install/q/t/include/lux/engine/scene/description/visibility.h
-- Up-to-date: E:/SyncForder/CodeRepos/install/q/t/include/lux/engine/scene/meta
-- Up-to-date: E:/SyncForder/CodeRepos/install/q/t/include/lux/engine/scene/meta/visibility.h
-- Up-to-date: E:/SyncForder/CodeRepos/install/q/t/include/lux/engine/scene/render
-- Up-to-date: E:/SyncForder/CodeRepos/install/q/t/include/lux/engine/scene/render/visibility.h
-- Up-to-date: E:/SyncForder/CodeRepos/install/q/t/include/lux/engine/scene/script_runtime
-- Up-to-date: E:/SyncForder/CodeRepos/install/q/t/include/lux/engine/scene/script_runtime/visibility.h
-- Up-to-date: E:/SyncForder/CodeRepos/install/q/t/include/lux/engine/scene/visibility.h
-- Up-to-date: E:/SyncForder/CodeRepos/install/q/t/include/lux/engine/scene/world_materialization
-- Up-to-date: E:/SyncForder/CodeRepos/install/q/t/include/lux/engine/scene/world_materialization/visibility.h
-- Up-to-date: E:/SyncForder/CodeRepos/install/q/t/include/lux/engine/serialization
-- Up-to-date: E:/SyncForder/CodeRepos/install/q/t/include/lux/engine/serialization/visibility.h
-- Up-to-date: E:/SyncForder/CodeRepos/install/q/t/include/lux/engine/simulation
-- Up-to-date: E:/SyncForder/CodeRepos/install/q/t/include/lux/engine/simulation/asset
-- Up-to-date: E:/SyncForder/CodeRepos/install/q/t/include/lux/engine/simulation/asset/visibility.h
-- Up-to-date: E:/SyncForder/CodeRepos/install/q/t/include/lux/engine/simulation/composition
-- Up-to-date: E:/SyncForder/CodeRepos/install/q/t/include/lux/engine/simulation/composition/visibility.h
-- Up-to-date: E:/SyncForder/CodeRepos/install/q/t/include/lux/engine/simulation/description
-- Up-to-date: E:/SyncForder/CodeRepos/install/q/t/include/lux/engine/simulation/description/visibility.h
-- Up-to-date: E:/SyncForder/CodeRepos/install/q/t/include/lux/engine/simulation/ecs
-- Up-to-date: E:/SyncForder/CodeRepos/install/q/t/include/lux/engine/simulation/ecs/core
-- Up-to-date: E:/SyncForder/CodeRepos/install/q/t/include/lux/engine/simulation/ecs/core/visibility.h
-- Up-to-date: E:/SyncForder/CodeRepos/install/q/t/include/lux/engine/simulation/ecs/hierarchy
-- Up-to-date: E:/SyncForder/CodeRepos/install/q/t/include/lux/engine/simulation/ecs/hierarchy/visibility.h
-- Up-to-date: E:/SyncForder/CodeRepos/install/q/t/include/lux/engine/simulation/ecs/Parent.ecs_schema.hpp
-- Up-to-date: E:/SyncForder/CodeRepos/install/q/t/include/lux/engine/simulation/ecs/Parent.ecs_snapshot.hpp
-- Up-to-date: E:/SyncForder/CodeRepos/install/q/t/include/lux/engine/simulation/ecs/Parent.type_static_info.hpp
-- Up-to-date: E:/SyncForder/CodeRepos/install/q/t/include/lux/engine/simulation/ecs/schema
-- Up-to-date: E:/SyncForder/CodeRepos/install/q/t/include/lux/engine/simulation/ecs/schema/visibility.h
-- Up-to-date: E:/SyncForder/CodeRepos/install/q/t/include/lux/engine/simulation/ecs/snapshot
-- Up-to-date: E:/SyncForder/CodeRepos/install/q/t/include/lux/engine/simulation/ecs/snapshot/visibility.h
-- Up-to-date: E:/SyncForder/CodeRepos/install/q/t/include/lux/engine/simulation/ecs/transform
-- Up-to-date: E:/SyncForder/CodeRepos/install/q/t/include/lux/engine/simulation/ecs/transform/visibility.h
-- Up-to-date: E:/SyncForder/CodeRepos/install/q/t/include/lux/engine/simulation/ecs/Transform.ecs_schema.hpp
-- Up-to-date: E:/SyncForder/CodeRepos/install/q/t/include/lux/engine/simulation/ecs/Transform.ecs_snapshot.hpp
-- Up-to-date: E:/SyncForder/CodeRepos/install/q/t/include/lux/engine/simulation/ecs/Transform.type_static_info.hpp
-- Up-to-date: E:/SyncForder/CodeRepos/install/q/t/include/lux/engine/simulation/ecs/visual
-- Up-to-date: E:/SyncForder/CodeRepos/install/q/t/include/lux/engine/simulation/ecs/visual/visibility.h
-- Up-to-date: E:/SyncForder/CodeRepos/install/q/t/include/lux/engine/simulation/ecs/Visual.ecs_schema.hpp
-- Up-to-date: E:/SyncForder/CodeRepos/install/q/t/include/lux/engine/simulation/ecs/Visual.ecs_snapshot.hpp
-- Up-to-date: E:/SyncForder/CodeRepos/install/q/t/include/lux/engine/simulation/ecs/Visual.type_static_info.hpp
-- Up-to-date: E:/SyncForder/CodeRepos/install/q/t/include/lux/engine/simulation/scripting
-- Up-to-date: E:/SyncForder/CodeRepos/install/q/t/include/lux/engine/simulation/scripting/cpp_static
-- Up-to-date: E:/SyncForder/CodeRepos/install/q/t/include/lux/engine/simulation/scripting/cpp_static/visibility.h
-- Up-to-date: E:/SyncForder/CodeRepos/install/q/t/include/lux/engine/simulation/scripting/native
-- Up-to-date: E:/SyncForder/CodeRepos/install/q/t/include/lux/engine/simulation/scripting/native/visibility.h
-- Up-to-date: E:/SyncForder/CodeRepos/install/q/t/include/lux/engine/simulation/script_system
-- Up-to-date: E:/SyncForder/CodeRepos/install/q/t/include/lux/engine/simulation/script_system/visibility.h
-- Up-to-date: E:/SyncForder/CodeRepos/install/q/t/include/lux/engine/simulation/system
-- Up-to-date: E:/SyncForder/CodeRepos/install/q/t/include/lux/engine/simulation/system/visibility.h
-- Up-to-date: E:/SyncForder/CodeRepos/install/q/t/include/lux/engine/simulation/transform_system
-- Up-to-date: E:/SyncForder/CodeRepos/install/q/t/include/lux/engine/simulation/transform_system/visibility.h
-- Up-to-date: E:/SyncForder/CodeRepos/install/q/t/include/lux/engine/spatial
-- Up-to-date: E:/SyncForder/CodeRepos/install/q/t/include/lux/engine/spatial/spatial2d
-- Up-to-date: E:/SyncForder/CodeRepos/install/q/t/include/lux/engine/spatial/spatial2d/visibility.h
-- Up-to-date: E:/SyncForder/CodeRepos/install/q/t/include/lux/engine/spatial/spatial3d
-- Up-to-date: E:/SyncForder/CodeRepos/install/q/t/include/lux/engine/spatial/spatial3d/visibility.h
-- Up-to-date: E:/SyncForder/CodeRepos/install/q/t/include/lux/engine/system
-- Up-to-date: E:/SyncForder/CodeRepos/install/q/t/include/lux/engine/system/description
-- Up-to-date: E:/SyncForder/CodeRepos/install/q/t/include/lux/engine/system/description/visibility.h
-- Up-to-date: E:/SyncForder/CodeRepos/install/q/t/include/lux/engine/system/identity
-- Up-to-date: E:/SyncForder/CodeRepos/install/q/t/include/lux/engine/system/identity/visibility.h
-- Up-to-date: E:/SyncForder/CodeRepos/install/q/t/include/lux/engine/task
-- Up-to-date: E:/SyncForder/CodeRepos/install/q/t/include/lux/engine/task/visibility.h
-- Up-to-date: E:/SyncForder/CodeRepos/install/q/t/include/lux/engine/toolchain
-- Up-to-date: E:/SyncForder/CodeRepos/install/q/t/include/lux/engine/toolchain/asset
-- Up-to-date: E:/SyncForder/CodeRepos/install/q/t/include/lux/engine/toolchain/asset/model
-- Up-to-date: E:/SyncForder/CodeRepos/install/q/t/include/lux/engine/toolchain/asset/model/visibility.h
-- Up-to-date: E:/SyncForder/CodeRepos/install/q/t/include/lux/engine/toolchain/asset/shader
-- Up-to-date: E:/SyncForder/CodeRepos/install/q/t/include/lux/engine/toolchain/asset/shader/visibility.h
-- Up-to-date: E:/SyncForder/CodeRepos/install/q/t/include/lux/engine/toolchain/asset/texture
-- Up-to-date: E:/SyncForder/CodeRepos/install/q/t/include/lux/engine/toolchain/asset/texture/visibility.h
-- Up-to-date: E:/SyncForder/CodeRepos/install/q/t/include/lux/engine/world
-- Up-to-date: E:/SyncForder/CodeRepos/install/q/t/include/lux/engine/world/asset
-- Up-to-date: E:/SyncForder/CodeRepos/install/q/t/include/lux/engine/world/asset/visibility.h
-- Up-to-date: E:/SyncForder/CodeRepos/install/q/t/include/lux/engine/world/description
-- Up-to-date: E:/SyncForder/CodeRepos/install/q/t/include/lux/engine/world/description/visibility.h
-- Up-to-date: E:/SyncForder/CodeRepos/install/q/t/include/lux/engine/world/partition
-- Up-to-date: E:/SyncForder/CodeRepos/install/q/t/include/lux/engine/world/partition/visibility.h
-- Up-to-date: E:/SyncForder/CodeRepos/install/q/t/include/lux/engine/world/storage
-- Up-to-date: E:/SyncForder/CodeRepos/install/q/t/include/lux/engine/world/storage/visibility.h
-- Up-to-date: E:/SyncForder/CodeRepos/install/q/t/include/test
-- Installing: E:/SyncForder/CodeRepos/install/q/t/share/lux-engine-core/object/lux-engine-core-object-config-targets.cmake
-- Installing: E:/SyncForder/CodeRepos/install/q/t/share/lux-engine-core/object/lux-engine-core-object-config-targets-relwithdebinfo.cmake
-- Installing: E:/SyncForder/CodeRepos/install/q/t/share/lux-engine-core/object/lux-engine-core-object-import.cmake
-- Installing: E:/SyncForder/CodeRepos/install/q/t/lib/lux_engine_core_object.lib
-- Installing: E:/SyncForder/CodeRepos/install/q/t/bin/lux_engine_core_object.dll
-- Up-to-date: E:/SyncForder/CodeRepos/install/q/t/include
-- Up-to-date: E:/SyncForder/CodeRepos/install/q/t/include/lux
-- Up-to-date: E:/SyncForder/CodeRepos/install/q/t/include/lux/engine
-- Up-to-date: E:/SyncForder/CodeRepos/install/q/t/include/lux/engine/serialization
-- Installing: E:/SyncForder/CodeRepos/install/q/t/include/lux/engine/serialization/BinaryReader.hpp
-- Installing: E:/SyncForder/CodeRepos/install/q/t/include/lux/engine/serialization/BinaryWriter.hpp
-- Installing: E:/SyncForder/CodeRepos/install/q/t/include/lux/engine/serialization/CodecByteIO.hpp
-- Installing: E:/SyncForder/CodeRepos/install/q/t/include/lux/engine/serialization/external_support
-- Installing: E:/SyncForder/CodeRepos/install/q/t/include/lux/engine/serialization/external_support/Eigen.hpp
-- Installing: E:/SyncForder/CodeRepos/install/q/t/include/lux/engine/serialization/external_support/Uuid.hpp
-- Installing: E:/SyncForder/CodeRepos/install/q/t/include/lux/engine/serialization/PortableValueCodec.hpp
-- Installing: E:/SyncForder/CodeRepos/install/q/t/include/lux/engine/serialization/Serialization.hpp
-- Installing: E:/SyncForder/CodeRepos/install/q/t/include/lux/engine/serialization/SerializationError.hpp
-- Installing: E:/SyncForder/CodeRepos/install/q/t/include/lux/engine/serialization/Traits.hpp
-- Up-to-date: E:/SyncForder/CodeRepos/install/q/t/include
-- Up-to-date: E:/SyncForder/CodeRepos/install/q/t/include/lux
-- Up-to-date: E:/SyncForder/CodeRepos/install/q/t/include/lux/engine
-- Up-to-date: E:/SyncForder/CodeRepos/install/q/t/include/lux/engine/core
-- Up-to-date: E:/SyncForder/CodeRepos/install/q/t/include/lux/engine/core/visibility.h
-- Up-to-date: E:/SyncForder/CodeRepos/install/q/t/include/lux/engine/dynamic_library
-- Up-to-date: E:/SyncForder/CodeRepos/install/q/t/include/lux/engine/dynamic_library/visibility.h
-- Up-to-date: E:/SyncForder/CodeRepos/install/q/t/include/lux/engine/flowforge
-- Up-to-date: E:/SyncForder/CodeRepos/install/q/t/include/lux/engine/flowforge/compiler
-- Up-to-date: E:/SyncForder/CodeRepos/install/q/t/include/lux/engine/flowforge/compiler/visibility.h
-- Up-to-date: E:/SyncForder/CodeRepos/install/q/t/include/lux/engine/flowforge/visibility.h
-- Up-to-date: E:/SyncForder/CodeRepos/install/q/t/include/lux/engine/function
-- Up-to-date: E:/SyncForder/CodeRepos/install/q/t/include/lux/engine/function/graph
-- Up-to-date: E:/SyncForder/CodeRepos/install/q/t/include/lux/engine/function/graph/visibility.h
-- Up-to-date: E:/SyncForder/CodeRepos/install/q/t/include/lux/engine/function/render
-- Up-to-date: E:/SyncForder/CodeRepos/install/q/t/include/lux/engine/function/render/standard
-- Up-to-date: E:/SyncForder/CodeRepos/install/q/t/include/lux/engine/function/render/standard/content
-- Up-to-date: E:/SyncForder/CodeRepos/install/q/t/include/lux/engine/function/render/standard/content/visibility.h
-- Up-to-date: E:/SyncForder/CodeRepos/install/q/t/include/lux/engine/function/script
-- Up-to-date: E:/SyncForder/CodeRepos/install/q/t/include/lux/engine/function/script/artifact
-- Up-to-date: E:/SyncForder/CodeRepos/install/q/t/include/lux/engine/function/script/artifact/visibility.h
-- Up-to-date: E:/SyncForder/CodeRepos/install/q/t/include/lux/engine/function/visibility.h
-- Up-to-date: E:/SyncForder/CodeRepos/install/q/t/include/lux/engine/material
-- Up-to-date: E:/SyncForder/CodeRepos/install/q/t/include/lux/engine/material/compiler
-- Up-to-date: E:/SyncForder/CodeRepos/install/q/t/include/lux/engine/material/compiler/visibility.h
-- Up-to-date: E:/SyncForder/CodeRepos/install/q/t/include/lux/engine/material/cooker
-- Up-to-date: E:/SyncForder/CodeRepos/install/q/t/include/lux/engine/material/cooker/visibility.h
-- Up-to-date: E:/SyncForder/CodeRepos/install/q/t/include/lux/engine/material/graph
-- Up-to-date: E:/SyncForder/CodeRepos/install/q/t/include/lux/engine/material/graph/visibility.h
-- Up-to-date: E:/SyncForder/CodeRepos/install/q/t/include/lux/engine/physics2d
-- Up-to-date: E:/SyncForder/CodeRepos/install/q/t/include/lux/engine/physics2d/Physics2DComponents.ecs_schema.hpp
-- Up-to-date: E:/SyncForder/CodeRepos/install/q/t/include/lux/engine/physics2d/Physics2DComponents.ecs_snapshot.hpp
-- Up-to-date: E:/SyncForder/CodeRepos/install/q/t/include/lux/engine/physics2d/Physics2DComponents.type_static_info.hpp
-- Up-to-date: E:/SyncForder/CodeRepos/install/q/t/include/lux/engine/physics2d/visibility.h
-- Up-to-date: E:/SyncForder/CodeRepos/install/q/t/include/lux/engine/process
-- Up-to-date: E:/SyncForder/CodeRepos/install/q/t/include/lux/engine/process/asset_loading
-- Up-to-date: E:/SyncForder/CodeRepos/install/q/t/include/lux/engine/process/asset_loading/visibility.h
-- Up-to-date: E:/SyncForder/CodeRepos/install/q/t/include/lux/engine/process/visibility.h
-- Up-to-date: E:/SyncForder/CodeRepos/install/q/t/include/lux/engine/process/world_loading
-- Up-to-date: E:/SyncForder/CodeRepos/install/q/t/include/lux/engine/process/world_loading/visibility.h
-- Up-to-date: E:/SyncForder/CodeRepos/install/q/t/include/lux/engine/resource
-- Up-to-date: E:/SyncForder/CodeRepos/install/q/t/include/lux/engine/resource/asset
-- Up-to-date: E:/SyncForder/CodeRepos/install/q/t/include/lux/engine/resource/asset/visibility.h
-- Up-to-date: E:/SyncForder/CodeRepos/install/q/t/include/lux/engine/resource/visibility.h
-- Up-to-date: E:/SyncForder/CodeRepos/install/q/t/include/lux/engine/scene
-- Up-to-date: E:/SyncForder/CodeRepos/install/q/t/include/lux/engine/scene/asset
-- Up-to-date: E:/SyncForder/CodeRepos/install/q/t/include/lux/engine/scene/asset/visibility.h
-- Up-to-date: E:/SyncForder/CodeRepos/install/q/t/include/lux/engine/scene/description
-- Up-to-date: E:/SyncForder/CodeRepos/install/q/t/include/lux/engine/scene/description/visibility.h
-- Up-to-date: E:/SyncForder/CodeRepos/install/q/t/include/lux/engine/scene/meta
-- Up-to-date: E:/SyncForder/CodeRepos/install/q/t/include/lux/engine/scene/meta/visibility.h
-- Up-to-date: E:/SyncForder/CodeRepos/install/q/t/include/lux/engine/scene/render
-- Up-to-date: E:/SyncForder/CodeRepos/install/q/t/include/lux/engine/scene/render/visibility.h
-- Up-to-date: E:/SyncForder/CodeRepos/install/q/t/include/lux/engine/scene/script_runtime
-- Up-to-date: E:/SyncForder/CodeRepos/install/q/t/include/lux/engine/scene/script_runtime/visibility.h
-- Up-to-date: E:/SyncForder/CodeRepos/install/q/t/include/lux/engine/scene/visibility.h
-- Up-to-date: E:/SyncForder/CodeRepos/install/q/t/include/lux/engine/scene/world_materialization
-- Up-to-date: E:/SyncForder/CodeRepos/install/q/t/include/lux/engine/scene/world_materialization/visibility.h
-- Up-to-date: E:/SyncForder/CodeRepos/install/q/t/include/lux/engine/serialization
-- Up-to-date: E:/SyncForder/CodeRepos/install/q/t/include/lux/engine/serialization/visibility.h
-- Up-to-date: E:/SyncForder/CodeRepos/install/q/t/include/lux/engine/simulation
-- Up-to-date: E:/SyncForder/CodeRepos/install/q/t/include/lux/engine/simulation/asset
-- Up-to-date: E:/SyncForder/CodeRepos/install/q/t/include/lux/engine/simulation/asset/visibility.h
-- Up-to-date: E:/SyncForder/CodeRepos/install/q/t/include/lux/engine/simulation/composition
-- Up-to-date: E:/SyncForder/CodeRepos/install/q/t/include/lux/engine/simulation/composition/visibility.h
-- Up-to-date: E:/SyncForder/CodeRepos/install/q/t/include/lux/engine/simulation/description
-- Up-to-date: E:/SyncForder/CodeRepos/install/q/t/include/lux/engine/simulation/description/visibility.h
-- Up-to-date: E:/SyncForder/CodeRepos/install/q/t/include/lux/engine/simulation/ecs
-- Up-to-date: E:/SyncForder/CodeRepos/install/q/t/include/lux/engine/simulation/ecs/core
-- Up-to-date: E:/SyncForder/CodeRepos/install/q/t/include/lux/engine/simulation/ecs/core/visibility.h
-- Up-to-date: E:/SyncForder/CodeRepos/install/q/t/include/lux/engine/simulation/ecs/hierarchy
-- Up-to-date: E:/SyncForder/CodeRepos/install/q/t/include/lux/engine/simulation/ecs/hierarchy/visibility.h
-- Up-to-date: E:/SyncForder/CodeRepos/install/q/t/include/lux/engine/simulation/ecs/Parent.ecs_schema.hpp
-- Up-to-date: E:/SyncForder/CodeRepos/install/q/t/include/lux/engine/simulation/ecs/Parent.ecs_snapshot.hpp
-- Up-to-date: E:/SyncForder/CodeRepos/install/q/t/include/lux/engine/simulation/ecs/Parent.type_static_info.hpp
-- Up-to-date: E:/SyncForder/CodeRepos/install/q/t/include/lux/engine/simulation/ecs/schema
-- Up-to-date: E:/SyncForder/CodeRepos/install/q/t/include/lux/engine/simulation/ecs/schema/visibility.h
-- Up-to-date: E:/SyncForder/CodeRepos/install/q/t/include/lux/engine/simulation/ecs/snapshot
-- Up-to-date: E:/SyncForder/CodeRepos/install/q/t/include/lux/engine/simulation/ecs/snapshot/visibility.h
-- Up-to-date: E:/SyncForder/CodeRepos/install/q/t/include/lux/engine/simulation/ecs/transform
-- Up-to-date: E:/SyncForder/CodeRepos/install/q/t/include/lux/engine/simulation/ecs/transform/visibility.h
-- Up-to-date: E:/SyncForder/CodeRepos/install/q/t/include/lux/engine/simulation/ecs/Transform.ecs_schema.hpp
-- Up-to-date: E:/SyncForder/CodeRepos/install/q/t/include/lux/engine/simulation/ecs/Transform.ecs_snapshot.hpp
-- Up-to-date: E:/SyncForder/CodeRepos/install/q/t/include/lux/engine/simulation/ecs/Transform.type_static_info.hpp
-- Up-to-date: E:/SyncForder/CodeRepos/install/q/t/include/lux/engine/simulation/ecs/visual
-- Up-to-date: E:/SyncForder/CodeRepos/install/q/t/include/lux/engine/simulation/ecs/visual/visibility.h
-- Up-to-date: E:/SyncForder/CodeRepos/install/q/t/include/lux/engine/simulation/ecs/Visual.ecs_schema.hpp
-- Up-to-date: E:/SyncForder/CodeRepos/install/q/t/include/lux/engine/simulation/ecs/Visual.ecs_snapshot.hpp
-- Up-to-date: E:/SyncForder/CodeRepos/install/q/t/include/lux/engine/simulation/ecs/Visual.type_static_info.hpp
-- Up-to-date: E:/SyncForder/CodeRepos/install/q/t/include/lux/engine/simulation/scripting
-- Up-to-date: E:/SyncForder/CodeRepos/install/q/t/include/lux/engine/simulation/scripting/cpp_static
-- Up-to-date: E:/SyncForder/CodeRepos/install/q/t/include/lux/engine/simulation/scripting/cpp_static/visibility.h
-- Up-to-date: E:/SyncForder/CodeRepos/install/q/t/include/lux/engine/simulation/scripting/native
-- Up-to-date: E:/SyncForder/CodeRepos/install/q/t/include/lux/engine/simulation/scripting/native/visibility.h
-- Up-to-date: E:/SyncForder/CodeRepos/install/q/t/include/lux/engine/simulation/script_system
-- Up-to-date: E:/SyncForder/CodeRepos/install/q/t/include/lux/engine/simulation/script_system/visibility.h
-- Up-to-date: E:/SyncForder/CodeRepos/install/q/t/include/lux/engine/simulation/system
-- Up-to-date: E:/SyncForder/CodeRepos/install/q/t/include/lux/engine/simulation/system/visibility.h
-- Up-to-date: E:/SyncForder/CodeRepos/install/q/t/include/lux/engine/simulation/transform_system
-- Up-to-date: E:/SyncForder/CodeRepos/install/q/t/include/lux/engine/simulation/transform_system/visibility.h
-- Up-to-date: E:/SyncForder/CodeRepos/install/q/t/include/lux/engine/spatial
-- Up-to-date: E:/SyncForder/CodeRepos/install/q/t/include/lux/engine/spatial/spatial2d
-- Up-to-date: E:/SyncForder/CodeRepos/install/q/t/include/lux/engine/spatial/spatial2d/visibility.h
-- Up-to-date: E:/SyncForder/CodeRepos/install/q/t/include/lux/engine/spatial/spatial3d
-- Up-to-date: E:/SyncForder/CodeRepos/install/q/t/include/lux/engine/spatial/spatial3d/visibility.h
-- Up-to-date: E:/SyncForder/CodeRepos/install/q/t/include/lux/engine/system
-- Up-to-date: E:/SyncForder/CodeRepos/install/q/t/include/lux/engine/system/description
-- Up-to-date: E:/SyncForder/CodeRepos/install/q/t/include/lux/engine/system/description/visibility.h
-- Up-to-date: E:/SyncForder/CodeRepos/install/q/t/include/lux/engine/system/identity
-- Up-to-date: E:/SyncForder/CodeRepos/install/q/t/include/lux/engine/system/identity/visibility.h
-- Up-to-date: E:/SyncForder/CodeRepos/install/q/t/include/lux/engine/task
-- Up-to-date: E:/SyncForder/CodeRepos/install/q/t/include/lux/engine/task/visibility.h
-- Up-to-date: E:/SyncForder/CodeRepos/install/q/t/include/lux/engine/toolchain
-- Up-to-date: E:/SyncForder/CodeRepos/install/q/t/include/lux/engine/toolchain/asset
-- Up-to-date: E:/SyncForder/CodeRepos/install/q/t/include/lux/engine/toolchain/asset/model
-- Up-to-date: E:/SyncForder/CodeRepos/install/q/t/include/lux/engine/toolchain/asset/model/visibility.h
-- Up-to-date: E:/SyncForder/CodeRepos/install/q/t/include/lux/engine/toolchain/asset/shader
-- Up-to-date: E:/SyncForder/CodeRepos/install/q/t/include/lux/engine/toolchain/asset/shader/visibility.h
-- Up-to-date: E:/SyncForder/CodeRepos/install/q/t/include/lux/engine/toolchain/asset/texture
-- Up-to-date: E:/SyncForder/CodeRepos/install/q/t/include/lux/engine/toolchain/asset/texture/visibility.h
-- Up-to-date: E:/SyncForder/CodeRepos/install/q/t/include/lux/engine/world
-- Up-to-date: E:/SyncForder/CodeRepos/install/q/t/include/lux/engine/world/asset
-- Up-to-date: E:/SyncForder/CodeRepos/install/q/t/include/lux/engine/world/asset/visibility.h
-- Up-to-date: E:/SyncForder/CodeRepos/install/q/t/include/lux/engine/world/description
-- Up-to-date: E:/SyncForder/CodeRepos/install/q/t/include/lux/engine/world/description/visibility.h
-- Up-to-date: E:/SyncForder/CodeRepos/install/q/t/include/lux/engine/world/partition
-- Up-to-date: E:/SyncForder/CodeRepos/install/q/t/include/lux/engine/world/partition/visibility.h
-- Up-to-date: E:/SyncForder/CodeRepos/install/q/t/include/lux/engine/world/storage
-- Up-to-date: E:/SyncForder/CodeRepos/install/q/t/include/lux/engine/world/storage/visibility.h
-- Up-to-date: E:/SyncForder/CodeRepos/install/q/t/include/test
-- Installing: E:/SyncForder/CodeRepos/install/q/t/share/lux-engine-core/serialization/lux-engine-core-serialization-config-targets.cmake
-- Installing: E:/SyncForder/CodeRepos/install/q/t/share/lux-engine-core/serialization/lux-engine-core-serialization-config-targets-relwithdebinfo.cmake
-- Installing: E:/SyncForder/CodeRepos/install/q/t/share/lux-engine-core/serialization/lux-engine-core-serialization-import.cmake
-- Installing: E:/SyncForder/CodeRepos/install/q/t/lib/lux_engine_core_serialization.lib
-- Installing: E:/SyncForder/CodeRepos/install/q/t/bin/lux_engine_core_serialization.dll
-- Up-to-date: E:/SyncForder/CodeRepos/install/q/t/include
-- Up-to-date: E:/SyncForder/CodeRepos/install/q/t/include/lux
-- Up-to-date: E:/SyncForder/CodeRepos/install/q/t/include/lux/engine
-- Installing: E:/SyncForder/CodeRepos/install/q/t/include/lux/engine/log
-- Installing: E:/SyncForder/CodeRepos/install/q/t/include/lux/engine/log/Log.hpp
-- Installing: E:/SyncForder/CodeRepos/install/q/t/include/lux/engine/log/LogRecord.hpp
-- Up-to-date: E:/SyncForder/CodeRepos/install/q/t/include
-- Up-to-date: E:/SyncForder/CodeRepos/install/q/t/include/lux
-- Up-to-date: E:/SyncForder/CodeRepos/install/q/t/include/lux/engine
-- Up-to-date: E:/SyncForder/CodeRepos/install/q/t/include/lux/engine/core
-- Up-to-date: E:/SyncForder/CodeRepos/install/q/t/include/lux/engine/core/visibility.h
-- Up-to-date: E:/SyncForder/CodeRepos/install/q/t/include/lux/engine/dynamic_library
-- Up-to-date: E:/SyncForder/CodeRepos/install/q/t/include/lux/engine/dynamic_library/visibility.h
-- Up-to-date: E:/SyncForder/CodeRepos/install/q/t/include/lux/engine/flowforge
-- Up-to-date: E:/SyncForder/CodeRepos/install/q/t/include/lux/engine/flowforge/compiler
-- Up-to-date: E:/SyncForder/CodeRepos/install/q/t/include/lux/engine/flowforge/compiler/visibility.h
-- Up-to-date: E:/SyncForder/CodeRepos/install/q/t/include/lux/engine/flowforge/visibility.h
-- Up-to-date: E:/SyncForder/CodeRepos/install/q/t/include/lux/engine/function
-- Up-to-date: E:/SyncForder/CodeRepos/install/q/t/include/lux/engine/function/graph
-- Up-to-date: E:/SyncForder/CodeRepos/install/q/t/include/lux/engine/function/graph/visibility.h
-- Up-to-date: E:/SyncForder/CodeRepos/install/q/t/include/lux/engine/function/render
-- Up-to-date: E:/SyncForder/CodeRepos/install/q/t/include/lux/engine/function/render/standard
-- Up-to-date: E:/SyncForder/CodeRepos/install/q/t/include/lux/engine/function/render/standard/content
-- Up-to-date: E:/SyncForder/CodeRepos/install/q/t/include/lux/engine/function/render/standard/content/visibility.h
-- Up-to-date: E:/SyncForder/CodeRepos/install/q/t/include/lux/engine/function/script
-- Up-to-date: E:/SyncForder/CodeRepos/install/q/t/include/lux/engine/function/script/artifact
-- Up-to-date: E:/SyncForder/CodeRepos/install/q/t/include/lux/engine/function/script/artifact/visibility.h
-- Up-to-date: E:/SyncForder/CodeRepos/install/q/t/include/lux/engine/function/visibility.h
-- Up-to-date: E:/SyncForder/CodeRepos/install/q/t/include/lux/engine/material
-- Up-to-date: E:/SyncForder/CodeRepos/install/q/t/include/lux/engine/material/compiler
-- Up-to-date: E:/SyncForder/CodeRepos/install/q/t/include/lux/engine/material/compiler/visibility.h
-- Up-to-date: E:/SyncForder/CodeRepos/install/q/t/include/lux/engine/material/cooker
-- Up-to-date: E:/SyncForder/CodeRepos/install/q/t/include/lux/engine/material/cooker/visibility.h
-- Up-to-date: E:/SyncForder/CodeRepos/install/q/t/include/lux/engine/material/graph
-- Up-to-date: E:/SyncForder/CodeRepos/install/q/t/include/lux/engine/material/graph/visibility.h
-- Up-to-date: E:/SyncForder/CodeRepos/install/q/t/include/lux/engine/physics2d
-- Up-to-date: E:/SyncForder/CodeRepos/install/q/t/include/lux/engine/physics2d/Physics2DComponents.ecs_schema.hpp
-- Up-to-date: E:/SyncForder/CodeRepos/install/q/t/include/lux/engine/physics2d/Physics2DComponents.ecs_snapshot.hpp
-- Up-to-date: E:/SyncForder/CodeRepos/install/q/t/include/lux/engine/physics2d/Physics2DComponents.type_static_info.hpp
-- Up-to-date: E:/SyncForder/CodeRepos/install/q/t/include/lux/engine/physics2d/visibility.h
-- Up-to-date: E:/SyncForder/CodeRepos/install/q/t/include/lux/engine/process
-- Up-to-date: E:/SyncForder/CodeRepos/install/q/t/include/lux/engine/process/asset_loading
-- Up-to-date: E:/SyncForder/CodeRepos/install/q/t/include/lux/engine/process/asset_loading/visibility.h
-- Up-to-date: E:/SyncForder/CodeRepos/install/q/t/include/lux/engine/process/visibility.h
-- Up-to-date: E:/SyncForder/CodeRepos/install/q/t/include/lux/engine/process/world_loading
-- Up-to-date: E:/SyncForder/CodeRepos/install/q/t/include/lux/engine/process/world_loading/visibility.h
-- Up-to-date: E:/SyncForder/CodeRepos/install/q/t/include/lux/engine/resource
-- Up-to-date: E:/SyncForder/CodeRepos/install/q/t/include/lux/engine/resource/asset
-- Up-to-date: E:/SyncForder/CodeRepos/install/q/t/include/lux/engine/resource/asset/visibility.h
-- Up-to-date: E:/SyncForder/CodeRepos/install/q/t/include/lux/engine/resource/visibility.h
-- Up-to-date: E:/SyncForder/CodeRepos/install/q/t/include/lux/engine/scene
-- Up-to-date: E:/SyncForder/CodeRepos/install/q/t/include/lux/engine/scene/asset
-- Up-to-date: E:/SyncForder/CodeRepos/install/q/t/include/lux/engine/scene/asset/visibility.h
-- Up-to-date: E:/SyncForder/CodeRepos/install/q/t/include/lux/engine/scene/description
-- Up-to-date: E:/SyncForder/CodeRepos/install/q/t/include/lux/engine/scene/description/visibility.h
-- Up-to-date: E:/SyncForder/CodeRepos/install/q/t/include/lux/engine/scene/meta
-- Up-to-date: E:/SyncForder/CodeRepos/install/q/t/include/lux/engine/scene/meta/visibility.h
-- Up-to-date: E:/SyncForder/CodeRepos/install/q/t/include/lux/engine/scene/render
-- Up-to-date: E:/SyncForder/CodeRepos/install/q/t/include/lux/engine/scene/render/visibility.h
-- Up-to-date: E:/SyncForder/CodeRepos/install/q/t/include/lux/engine/scene/script_runtime
-- Up-to-date: E:/SyncForder/CodeRepos/install/q/t/include/lux/engine/scene/script_runtime/visibility.h
-- Up-to-date: E:/SyncForder/CodeRepos/install/q/t/include/lux/engine/scene/visibility.h
-- Up-to-date: E:/SyncForder/CodeRepos/install/q/t/include/lux/engine/scene/world_materialization
-- Up-to-date: E:/SyncForder/CodeRepos/install/q/t/include/lux/engine/scene/world_materialization/visibility.h
-- Up-to-date: E:/SyncForder/CodeRepos/install/q/t/include/lux/engine/serialization
-- Up-to-date: E:/SyncForder/CodeRepos/install/q/t/include/lux/engine/serialization/visibility.h
-- Up-to-date: E:/SyncForder/CodeRepos/install/q/t/include/lux/engine/simulation
-- Up-to-date: E:/SyncForder/CodeRepos/install/q/t/include/lux/engine/simulation/asset
-- Up-to-date: E:/SyncForder/CodeRepos/install/q/t/include/lux/engine/simulation/asset/visibility.h
-- Up-to-date: E:/SyncForder/CodeRepos/install/q/t/include/lux/engine/simulation/composition
-- Up-to-date: E:/SyncForder/CodeRepos/install/q/t/include/lux/engine/simulation/composition/visibility.h
-- Up-to-date: E:/SyncForder/CodeRepos/install/q/t/include/lux/engine/simulation/description
-- Up-to-date: E:/SyncForder/CodeRepos/install/q/t/include/lux/engine/simulation/description/visibility.h
-- Up-to-date: E:/SyncForder/CodeRepos/install/q/t/include/lux/engine/simulation/ecs
-- Up-to-date: E:/SyncForder/CodeRepos/install/q/t/include/lux/engine/simulation/ecs/core
-- Up-to-date: E:/SyncForder/CodeRepos/install/q/t/include/lux/engine/simulation/ecs/core/visibility.h
-- Up-to-date: E:/SyncForder/CodeRepos/install/q/t/include/lux/engine/simulation/ecs/hierarchy
-- Up-to-date: E:/SyncForder/CodeRepos/install/q/t/include/lux/engine/simulation/ecs/hierarchy/visibility.h
-- Up-to-date: E:/SyncForder/CodeRepos/install/q/t/include/lux/engine/simulation/ecs/Parent.ecs_schema.hpp
-- Up-to-date: E:/SyncForder/CodeRepos/install/q/t/include/lux/engine/simulation/ecs/Parent.ecs_snapshot.hpp
-- Up-to-date: E:/SyncForder/CodeRepos/install/q/t/include/lux/engine/simulation/ecs/Parent.type_static_info.hpp
-- Up-to-date: E:/SyncForder/CodeRepos/install/q/t/include/lux/engine/simulation/ecs/schema
-- Up-to-date: E:/SyncForder/CodeRepos/install/q/t/include/lux/engine/simulation/ecs/schema/visibility.h
-- Up-to-date: E:/SyncForder/CodeRepos/install/q/t/include/lux/engine/simulation/ecs/snapshot
-- Up-to-date: E:/SyncForder/CodeRepos/install/q/t/include/lux/engine/simulation/ecs/snapshot/visibility.h
-- Up-to-date: E:/SyncForder/CodeRepos/install/q/t/include/lux/engine/simulation/ecs/transform
-- Up-to-date: E:/SyncForder/CodeRepos/install/q/t/include/lux/engine/simulation/ecs/transform/visibility.h
-- Up-to-date: E:/SyncForder/CodeRepos/install/q/t/include/lux/engine/simulation/ecs/Transform.ecs_schema.hpp
-- Up-to-date: E:/SyncForder/CodeRepos/install/q/t/include/lux/engine/simulation/ecs/Transform.ecs_snapshot.hpp
-- Up-to-date: E:/SyncForder/CodeRepos/install/q/t/include/lux/engine/simulation/ecs/Transform.type_static_info.hpp
-- Up-to-date: E:/SyncForder/CodeRepos/install/q/t/include/lux/engine/simulation/ecs/visual
-- Up-to-date: E:/SyncForder/CodeRepos/install/q/t/include/lux/engine/simulation/ecs/visual/visibility.h
-- Up-to-date: E:/SyncForder/CodeRepos/install/q/t/include/lux/engine/simulation/ecs/Visual.ecs_schema.hpp
-- Up-to-date: E:/SyncForder/CodeRepos/install/q/t/include/lux/engine/simulation/ecs/Visual.ecs_snapshot.hpp
-- Up-to-date: E:/SyncForder/CodeRepos/install/q/t/include/lux/engine/simulation/ecs/Visual.type_static_info.hpp
-- Up-to-date: E:/SyncForder/CodeRepos/install/q/t/include/lux/engine/simulation/scripting
-- Up-to-date: E:/SyncForder/CodeRepos/install/q/t/include/lux/engine/simulation/scripting/cpp_static
-- Up-to-date: E:/SyncForder/CodeRepos/install/q/t/include/lux/engine/simulation/scripting/cpp_static/visibility.h
-- Up-to-date: E:/SyncForder/CodeRepos/install/q/t/include/lux/engine/simulation/scripting/native
-- Up-to-date: E:/SyncForder/CodeRepos/install/q/t/include/lux/engine/simulation/scripting/native/visibility.h
-- Up-to-date: E:/SyncForder/CodeRepos/install/q/t/include/lux/engine/simulation/script_system
-- Up-to-date: E:/SyncForder/CodeRepos/install/q/t/include/lux/engine/simulation/script_system/visibility.h
-- Up-to-date: E:/SyncForder/CodeRepos/install/q/t/include/lux/engine/simulation/system
-- Up-to-date: E:/SyncForder/CodeRepos/install/q/t/include/lux/engine/simulation/system/visibility.h
-- Up-to-date: E:/SyncForder/CodeRepos/install/q/t/include/lux/engine/simulation/transform_system
-- Up-to-date: E:/SyncForder/CodeRepos/install/q/t/include/lux/engine/simulation/transform_system/visibility.h
-- Up-to-date: E:/SyncForder/CodeRepos/install/q/t/include/lux/engine/spatial
-- Up-to-date: E:/SyncForder/CodeRepos/install/q/t/include/lux/engine/spatial/spatial2d
-- Up-to-date: E:/SyncForder/CodeRepos/install/q/t/include/lux/engine/spatial/spatial2d/visibility.h
-- Up-to-date: E:/SyncForder/CodeRepos/install/q/t/include/lux/engine/spatial/spatial3d
-- Up-to-date: E:/SyncForder/CodeRepos/install/q/t/include/lux/engine/spatial/spatial3d/visibility.h
-- Up-to-date: E:/SyncForder/CodeRepos/install/q/t/include/lux/engine/system
-- Up-to-date: E:/SyncForder/CodeRepos/install/q/t/include/lux/engine/system/description
-- Up-to-date: E:/SyncForder/CodeRepos/install/q/t/include/lux/engine/system/description/visibility.h
-- Up-to-date: E:/SyncForder/CodeRepos/install/q/t/include/lux/engine/system/identity
-- Up-to-date: E:/SyncForder/CodeRepos/install/q/t/include/lux/engine/system/identity/visibility.h
-- Up-to-date: E:/SyncForder/CodeRepos/install/q/t/include/lux/engine/task
-- Up-to-date: E:/SyncForder/CodeRepos/install/q/t/include/lux/engine/task/visibility.h
-- Up-to-date: E:/SyncForder/CodeRepos/install/q/t/include/lux/engine/toolchain
-- Up-to-date: E:/SyncForder/CodeRepos/install/q/t/include/lux/engine/toolchain/asset
-- Up-to-date: E:/SyncForder/CodeRepos/install/q/t/include/lux/engine/toolchain/asset/model
-- Up-to-date: E:/SyncForder/CodeRepos/install/q/t/include/lux/engine/toolchain/asset/model/visibility.h
-- Up-to-date: E:/SyncForder/CodeRepos/install/q/t/include/lux/engine/toolchain/asset/shader
-- Up-to-date: E:/SyncForder/CodeRepos/install/q/t/include/lux/engine/toolchain/asset/shader/visibility.h
-- Up-to-date: E:/SyncForder/CodeRepos/install/q/t/include/lux/engine/toolchain/asset/texture
-- Up-to-date: E:/SyncForder/CodeRepos/install/q/t/include/lux/engine/toolchain/asset/texture/visibility.h
-- Up-to-date: E:/SyncForder/CodeRepos/install/q/t/include/lux/engine/world
-- Up-to-date: E:/SyncForder/CodeRepos/install/q/t/include/lux/engine/world/asset
-- Up-to-date: E:/SyncForder/CodeRepos/install/q/t/include/lux/engine/world/asset/visibility.h
-- Up-to-date: E:/SyncForder/CodeRepos/install/q/t/include/lux/engine/world/description
-- Up-to-date: E:/SyncForder/CodeRepos/install/q/t/include/lux/engine/world/description/visibility.h
-- Up-to-date: E:/SyncForder/CodeRepos/install/q/t/include/lux/engine/world/partition
-- Up-to-date: E:/SyncForder/CodeRepos/install/q/t/include/lux/engine/world/partition/visibility.h
-- Up-to-date: E:/SyncForder/CodeRepos/install/q/t/include/lux/engine/world/storage
-- Up-to-date: E:/SyncForder/CodeRepos/install/q/t/include/lux/engine/world/storage/visibility.h
-- Up-to-date: E:/SyncForder/CodeRepos/install/q/t/include/test
-- Installing: E:/SyncForder/CodeRepos/install/q/t/share/lux-engine-core/log/lux-engine-core-log-config-targets.cmake
-- Installing: E:/SyncForder/CodeRepos/install/q/t/share/lux-engine-core/log/lux-engine-core-log-config-targets-relwithdebinfo.cmake
-- Installing: E:/SyncForder/CodeRepos/install/q/t/share/lux-engine-core/log/lux-engine-core-log-import.cmake
-- Installing: E:/SyncForder/CodeRepos/install/q/t/lib/lux_engine_core_log.lib
-- Installing: E:/SyncForder/CodeRepos/install/q/t/bin/lux_engine_core_log.dll
-- Up-to-date: E:/SyncForder/CodeRepos/install/q/t/include
-- Up-to-date: E:/SyncForder/CodeRepos/install/q/t/include/lux
-- Up-to-date: E:/SyncForder/CodeRepos/install/q/t/include/lux/engine
-- Installing: E:/SyncForder/CodeRepos/install/q/t/include/lux/engine/events
-- Installing: E:/SyncForder/CodeRepos/install/q/t/include/lux/engine/events/DomainEvents.hpp
-- Installing: E:/SyncForder/CodeRepos/install/q/t/include/lux/engine/events/InlineRecord.hpp
-- Up-to-date: E:/SyncForder/CodeRepos/install/q/t/include
-- Up-to-date: E:/SyncForder/CodeRepos/install/q/t/include/lux
-- Up-to-date: E:/SyncForder/CodeRepos/install/q/t/include/lux/engine
-- Up-to-date: E:/SyncForder/CodeRepos/install/q/t/include/lux/engine/core
-- Up-to-date: E:/SyncForder/CodeRepos/install/q/t/include/lux/engine/core/visibility.h
-- Up-to-date: E:/SyncForder/CodeRepos/install/q/t/include/lux/engine/dynamic_library
-- Up-to-date: E:/SyncForder/CodeRepos/install/q/t/include/lux/engine/dynamic_library/visibility.h
-- Up-to-date: E:/SyncForder/CodeRepos/install/q/t/include/lux/engine/flowforge
-- Up-to-date: E:/SyncForder/CodeRepos/install/q/t/include/lux/engine/flowforge/compiler
-- Up-to-date: E:/SyncForder/CodeRepos/install/q/t/include/lux/engine/flowforge/compiler/visibility.h
-- Up-to-date: E:/SyncForder/CodeRepos/install/q/t/include/lux/engine/flowforge/visibility.h
-- Up-to-date: E:/SyncForder/CodeRepos/install/q/t/include/lux/engine/function
-- Up-to-date: E:/SyncForder/CodeRepos/install/q/t/include/lux/engine/function/graph
-- Up-to-date: E:/SyncForder/CodeRepos/install/q/t/include/lux/engine/function/graph/visibility.h
-- Up-to-date: E:/SyncForder/CodeRepos/install/q/t/include/lux/engine/function/render
-- Up-to-date: E:/SyncForder/CodeRepos/install/q/t/include/lux/engine/function/render/standard
-- Up-to-date: E:/SyncForder/CodeRepos/install/q/t/include/lux/engine/function/render/standard/content
-- Up-to-date: E:/SyncForder/CodeRepos/install/q/t/include/lux/engine/function/render/standard/content/visibility.h
-- Up-to-date: E:/SyncForder/CodeRepos/install/q/t/include/lux/engine/function/script
-- Up-to-date: E:/SyncForder/CodeRepos/install/q/t/include/lux/engine/function/script/artifact
-- Up-to-date: E:/SyncForder/CodeRepos/install/q/t/include/lux/engine/function/script/artifact/visibility.h
-- Up-to-date: E:/SyncForder/CodeRepos/install/q/t/include/lux/engine/function/visibility.h
-- Up-to-date: E:/SyncForder/CodeRepos/install/q/t/include/lux/engine/material
-- Up-to-date: E:/SyncForder/CodeRepos/install/q/t/include/lux/engine/material/compiler
-- Up-to-date: E:/SyncForder/CodeRepos/install/q/t/include/lux/engine/material/compiler/visibility.h
-- Up-to-date: E:/SyncForder/CodeRepos/install/q/t/include/lux/engine/material/cooker
-- Up-to-date: E:/SyncForder/CodeRepos/install/q/t/include/lux/engine/material/cooker/visibility.h
-- Up-to-date: E:/SyncForder/CodeRepos/install/q/t/include/lux/engine/material/graph
-- Up-to-date: E:/SyncForder/CodeRepos/install/q/t/include/lux/engine/material/graph/visibility.h
-- Up-to-date: E:/SyncForder/CodeRepos/install/q/t/include/lux/engine/physics2d
-- Up-to-date: E:/SyncForder/CodeRepos/install/q/t/include/lux/engine/physics2d/Physics2DComponents.ecs_schema.hpp
-- Up-to-date: E:/SyncForder/CodeRepos/install/q/t/include/lux/engine/physics2d/Physics2DComponents.ecs_snapshot.hpp
-- Up-to-date: E:/SyncForder/CodeRepos/install/q/t/include/lux/engine/physics2d/Physics2DComponents.type_static_info.hpp
-- Up-to-date: E:/SyncForder/CodeRepos/install/q/t/include/lux/engine/physics2d/visibility.h
-- Up-to-date: E:/SyncForder/CodeRepos/install/q/t/include/lux/engine/process
-- Up-to-date: E:/SyncForder/CodeRepos/install/q/t/include/lux/engine/process/asset_loading
-- Up-to-date: E:/SyncForder/CodeRepos/install/q/t/include/lux/engine/process/asset_loading/visibility.h
-- Up-to-date: E:/SyncForder/CodeRepos/install/q/t/include/lux/engine/process/visibility.h
-- Up-to-date: E:/SyncForder/CodeRepos/install/q/t/include/lux/engine/process/world_loading
-- Up-to-date: E:/SyncForder/CodeRepos/install/q/t/include/lux/engine/process/world_loading/visibility.h
-- Up-to-date: E:/SyncForder/CodeRepos/install/q/t/include/lux/engine/resource
-- Up-to-date: E:/SyncForder/CodeRepos/install/q/t/include/lux/engine/resource/asset
-- Up-to-date: E:/SyncForder/CodeRepos/install/q/t/include/lux/engine/resource/asset/visibility.h
-- Up-to-date: E:/SyncForder/CodeRepos/install/q/t/include/lux/engine/resource/visibility.h
-- Up-to-date: E:/SyncForder/CodeRepos/install/q/t/include/lux/engine/scene
-- Up-to-date: E:/SyncForder/CodeRepos/install/q/t/include/lux/engine/scene/asset
-- Up-to-date: E:/SyncForder/CodeRepos/install/q/t/include/lux/engine/scene/asset/visibility.h
-- Up-to-date: E:/SyncForder/CodeRepos/install/q/t/include/lux/engine/scene/description
-- Up-to-date: E:/SyncForder/CodeRepos/install/q/t/include/lux/engine/scene/description/visibility.h
-- Up-to-date: E:/SyncForder/CodeRepos/install/q/t/include/lux/engine/scene/meta
-- Up-to-date: E:/SyncForder/CodeRepos/install/q/t/include/lux/engine/scene/meta/visibility.h
-- Up-to-date: E:/SyncForder/CodeRepos/install/q/t/include/lux/engine/scene/render
-- Up-to-date: E:/SyncForder/CodeRepos/install/q/t/include/lux/engine/scene/render/visibility.h
-- Up-to-date: E:/SyncForder/CodeRepos/install/q/t/include/lux/engine/scene/script_runtime
-- Up-to-date: E:/SyncForder/CodeRepos/install/q/t/include/lux/engine/scene/script_runtime/visibility.h
-- Up-to-date: E:/SyncForder/CodeRepos/install/q/t/include/lux/engine/scene/visibility.h
-- Up-to-date: E:/SyncForder/CodeRepos/install/q/t/include/lux/engine/scene/world_materialization
-- Up-to-date: E:/SyncForder/CodeRepos/install/q/t/include/lux/engine/scene/world_materialization/visibility.h
-- Up-to-date: E:/SyncForder/CodeRepos/install/q/t/include/lux/engine/serialization
-- Up-to-date: E:/SyncForder/CodeRepos/install/q/t/include/lux/engine/serialization/visibility.h
-- Up-to-date: E:/SyncForder/CodeRepos/install/q/t/include/lux/engine/simulation
-- Up-to-date: E:/SyncForder/CodeRepos/install/q/t/include/lux/engine/simulation/asset
-- Up-to-date: E:/SyncForder/CodeRepos/install/q/t/include/lux/engine/simulation/asset/visibility.h
-- Up-to-date: E:/SyncForder/CodeRepos/install/q/t/include/lux/engine/simulation/composition
-- Up-to-date: E:/SyncForder/CodeRepos/install/q/t/include/lux/engine/simulation/composition/visibility.h
-- Up-to-date: E:/SyncForder/CodeRepos/install/q/t/include/lux/engine/simulation/description
-- Up-to-date: E:/SyncForder/CodeRepos/install/q/t/include/lux/engine/simulation/description/visibility.h
-- Up-to-date: E:/SyncForder/CodeRepos/install/q/t/include/lux/engine/simulation/ecs
-- Up-to-date: E:/SyncForder/CodeRepos/install/q/t/include/lux/engine/simulation/ecs/core
-- Up-to-date: E:/SyncForder/CodeRepos/install/q/t/include/lux/engine/simulation/ecs/core/visibility.h
-- Up-to-date: E:/SyncForder/CodeRepos/install/q/t/include/lux/engine/simulation/ecs/hierarchy
-- Up-to-date: E:/SyncForder/CodeRepos/install/q/t/include/lux/engine/simulation/ecs/hierarchy/visibility.h
-- Up-to-date: E:/SyncForder/CodeRepos/install/q/t/include/lux/engine/simulation/ecs/Parent.ecs_schema.hpp
-- Up-to-date: E:/SyncForder/CodeRepos/install/q/t/include/lux/engine/simulation/ecs/Parent.ecs_snapshot.hpp
-- Up-to-date: E:/SyncForder/CodeRepos/install/q/t/include/lux/engine/simulation/ecs/Parent.type_static_info.hpp
-- Up-to-date: E:/SyncForder/CodeRepos/install/q/t/include/lux/engine/simulation/ecs/schema
-- Up-to-date: E:/SyncForder/CodeRepos/install/q/t/include/lux/engine/simulation/ecs/schema/visibility.h
-- Up-to-date: E:/SyncForder/CodeRepos/install/q/t/include/lux/engine/simulation/ecs/snapshot
-- Up-to-date: E:/SyncForder/CodeRepos/install/q/t/include/lux/engine/simulation/ecs/snapshot/visibility.h
-- Up-to-date: E:/SyncForder/CodeRepos/install/q/t/include/lux/engine/simulation/ecs/transform
-- Up-to-date: E:/SyncForder/CodeRepos/install/q/t/include/lux/engine/simulation/ecs/transform/visibility.h
-- Up-to-date: E:/SyncForder/CodeRepos/install/q/t/include/lux/engine/simulation/ecs/Transform.ecs_schema.hpp
-- Up-to-date: E:/SyncForder/CodeRepos/install/q/t/include/lux/engine/simulation/ecs/Transform.ecs_snapshot.hpp
-- Up-to-date: E:/SyncForder/CodeRepos/install/q/t/include/lux/engine/simulation/ecs/Transform.type_static_info.hpp
-- Up-to-date: E:/SyncForder/CodeRepos/install/q/t/include/lux/engine/simulation/ecs/visual
-- Up-to-date: E:/SyncForder/CodeRepos/install/q/t/include/lux/engine/simulation/ecs/visual/visibility.h
-- Up-to-date: E:/SyncForder/CodeRepos/install/q/t/include/lux/engine/simulation/ecs/Visual.ecs_schema.hpp
-- Up-to-date: E:/SyncForder/CodeRepos/install/q/t/include/lux/engine/simulation/ecs/Visual.ecs_snapshot.hpp
-- Up-to-date: E:/SyncForder/CodeRepos/install/q/t/include/lux/engine/simulation/ecs/Visual.type_static_info.hpp
-- Up-to-date: E:/SyncForder/CodeRepos/install/q/t/include/lux/engine/simulation/scripting
-- Up-to-date: E:/SyncForder/CodeRepos/install/q/t/include/lux/engine/simulation/scripting/cpp_static
-- Up-to-date: E:/SyncForder/CodeRepos/install/q/t/include/lux/engine/simulation/scripting/cpp_static/visibility.h
-- Up-to-date: E:/SyncForder/CodeRepos/install/q/t/include/lux/engine/simulation/scripting/native
-- Up-to-date: E:/SyncForder/CodeRepos/install/q/t/include/lux/engine/simulation/scripting/native/visibility.h
-- Up-to-date: E:/SyncForder/CodeRepos/install/q/t/include/lux/engine/simulation/script_system
-- Up-to-date: E:/SyncForder/CodeRepos/install/q/t/include/lux/engine/simulation/script_system/visibility.h
-- Up-to-date: E:/SyncForder/CodeRepos/install/q/t/include/lux/engine/simulation/system
-- Up-to-date: E:/SyncForder/CodeRepos/install/q/t/include/lux/engine/simulation/system/visibility.h
-- Up-to-date: E:/SyncForder/CodeRepos/install/q/t/include/lux/engine/simulation/transform_system
-- Up-to-date: E:/SyncForder/CodeRepos/install/q/t/include/lux/engine/simulation/transform_system/visibility.h
-- Up-to-date: E:/SyncForder/CodeRepos/install/q/t/include/lux/engine/spatial
-- Up-to-date: E:/SyncForder/CodeRepos/install/q/t/include/lux/engine/spatial/spatial2d
-- Up-to-date: E:/SyncForder/CodeRepos/install/q/t/include/lux/engine/spatial/spatial2d/visibility.h
-- Up-to-date: E:/SyncForder/CodeRepos/install/q/t/include/lux/engine/spatial/spatial3d
-- Up-to-date: E:/SyncForder/CodeRepos/install/q/t/include/lux/engine/spatial/spatial3d/visibility.h
-- Up-to-date: E:/SyncForder/CodeRepos/install/q/t/include/lux/engine/system
-- Up-to-date: E:/SyncForder/CodeRepos/install/q/t/include/lux/engine/system/description
-- Up-to-date: E:/SyncForder/CodeRepos/install/q/t/include/lux/engine/system/description/visibility.h
-- Up-to-date: E:/SyncForder/CodeRepos/install/q/t/include/lux/engine/system/identity
-- Up-to-date: E:/SyncForder/CodeRepos/install/q/t/include/lux/engine/system/identity/visibility.h
-- Up-to-date: E:/SyncForder/CodeRepos/install/q/t/include/lux/engine/task
-- Up-to-date: E:/SyncForder/CodeRepos/install/q/t/include/lux/engine/task/visibility.h
-- Up-to-date: E:/SyncForder/CodeRepos/install/q/t/include/lux/engine/toolchain
-- Up-to-date: E:/SyncForder/CodeRepos/install/q/t/include/lux/engine/toolchain/asset
-- Up-to-date: E:/SyncForder/CodeRepos/install/q/t/include/lux/engine/toolchain/asset/model
-- Up-to-date: E:/SyncForder/CodeRepos/install/q/t/include/lux/engine/toolchain/asset/model/visibility.h
-- Up-to-date: E:/SyncForder/CodeRepos/install/q/t/include/lux/engine/toolchain/asset/shader
-- Up-to-date: E:/SyncForder/CodeRepos/install/q/t/include/lux/engine/toolchain/asset/shader/visibility.h
-- Up-to-date: E:/SyncForder/CodeRepos/install/q/t/include/lux/engine/toolchain/asset/texture
-- Up-to-date: E:/SyncForder/CodeRepos/install/q/t/include/lux/engine/toolchain/asset/texture/visibility.h
-- Up-to-date: E:/SyncForder/CodeRepos/install/q/t/include/lux/engine/world
-- Up-to-date: E:/SyncForder/CodeRepos/install/q/t/include/lux/engine/world/asset
-- Up-to-date: E:/SyncForder/CodeRepos/install/q/t/include/lux/engine/world/asset/visibility.h
-- Up-to-date: E:/SyncForder/CodeRepos/install/q/t/include/lux/engine/world/description
-- Up-to-date: E:/SyncForder/CodeRepos/install/q/t/include/lux/engine/world/description/visibility.h
-- Up-to-date: E:/SyncForder/CodeRepos/install/q/t/include/lux/engine/world/partition
-- Up-to-date: E:/SyncForder/CodeRepos/install/q/t/include/lux/engine/world/partition/visibility.h
-- Up-to-date: E:/SyncForder/CodeRepos/install/q/t/include/lux/engine/world/storage
-- Up-to-date: E:/SyncForder/CodeRepos/install/q/t/include/lux/engine/world/storage/visibility.h
-- Up-to-date: E:/SyncForder/CodeRepos/install/q/t/include/test
-- Installing: E:/SyncForder/CodeRepos/install/q/t/share/lux-engine-core/events/lux-engine-core-events-config-targets.cmake
-- Installing: E:/SyncForder/CodeRepos/install/q/t/share/lux-engine-core/events/lux-engine-core-events-config-targets-relwithdebinfo.cmake
-- Installing: E:/SyncForder/CodeRepos/install/q/t/share/lux-engine-core/events/lux-engine-core-events-import.cmake
-- Installing: E:/SyncForder/CodeRepos/install/q/t/lib/lux_engine_core_events.lib
-- Installing: E:/SyncForder/CodeRepos/install/q/t/bin/lux_engine_core_events.dll
-- Up-to-date: E:/SyncForder/CodeRepos/install/q/t/include
-- Up-to-date: E:/SyncForder/CodeRepos/install/q/t/include/lux
-- Up-to-date: E:/SyncForder/CodeRepos/install/q/t/include/lux/engine
-- Up-to-date: E:/SyncForder/CodeRepos/install/q/t/include/lux/engine/task
-- Installing: E:/SyncForder/CodeRepos/install/q/t/include/lux/engine/task/Task.hpp
-- Installing: E:/SyncForder/CodeRepos/install/q/t/include/lux/engine/task/TaskCallable.hpp
-- Installing: E:/SyncForder/CodeRepos/install/q/t/include/lux/engine/task/TaskExecutor.hpp
-- Installing: E:/SyncForder/CodeRepos/install/q/t/include/lux/engine/task/TaskGraph.hpp
-- Installing: E:/SyncForder/CodeRepos/install/q/t/include/lux/engine/task/TaskGraphBuilder.hpp
-- Up-to-date: E:/SyncForder/CodeRepos/install/q/t/include
-- Up-to-date: E:/SyncForder/CodeRepos/install/q/t/include/lux
-- Up-to-date: E:/SyncForder/CodeRepos/install/q/t/include/lux/engine
-- Up-to-date: E:/SyncForder/CodeRepos/install/q/t/include/lux/engine/core
-- Up-to-date: E:/SyncForder/CodeRepos/install/q/t/include/lux/engine/core/visibility.h
-- Up-to-date: E:/SyncForder/CodeRepos/install/q/t/include/lux/engine/dynamic_library
-- Up-to-date: E:/SyncForder/CodeRepos/install/q/t/include/lux/engine/dynamic_library/visibility.h
-- Up-to-date: E:/SyncForder/CodeRepos/install/q/t/include/lux/engine/flowforge
-- Up-to-date: E:/SyncForder/CodeRepos/install/q/t/include/lux/engine/flowforge/compiler
-- Up-to-date: E:/SyncForder/CodeRepos/install/q/t/include/lux/engine/flowforge/compiler/visibility.h
-- Up-to-date: E:/SyncForder/CodeRepos/install/q/t/include/lux/engine/flowforge/visibility.h
-- Up-to-date: E:/SyncForder/CodeRepos/install/q/t/include/lux/engine/function
-- Up-to-date: E:/SyncForder/CodeRepos/install/q/t/include/lux/engine/function/graph
-- Up-to-date: E:/SyncForder/CodeRepos/install/q/t/include/lux/engine/function/graph/visibility.h
-- Up-to-date: E:/SyncForder/CodeRepos/install/q/t/include/lux/engine/function/render
-- Up-to-date: E:/SyncForder/CodeRepos/install/q/t/include/lux/engine/function/render/standard
-- Up-to-date: E:/SyncForder/CodeRepos/install/q/t/include/lux/engine/function/render/standard/content
-- Up-to-date: E:/SyncForder/CodeRepos/install/q/t/include/lux/engine/function/render/standard/content/visibility.h
-- Up-to-date: E:/SyncForder/CodeRepos/install/q/t/include/lux/engine/function/script
-- Up-to-date: E:/SyncForder/CodeRepos/install/q/t/include/lux/engine/function/script/artifact
-- Up-to-date: E:/SyncForder/CodeRepos/install/q/t/include/lux/engine/function/script/artifact/visibility.h
-- Up-to-date: E:/SyncForder/CodeRepos/install/q/t/include/lux/engine/function/visibility.h
-- Up-to-date: E:/SyncForder/CodeRepos/install/q/t/include/lux/engine/material
-- Up-to-date: E:/SyncForder/CodeRepos/install/q/t/include/lux/engine/material/compiler
-- Up-to-date: E:/SyncForder/CodeRepos/install/q/t/include/lux/engine/material/compiler/visibility.h
-- Up-to-date: E:/SyncForder/CodeRepos/install/q/t/include/lux/engine/material/cooker
-- Up-to-date: E:/SyncForder/CodeRepos/install/q/t/include/lux/engine/material/cooker/visibility.h
-- Up-to-date: E:/SyncForder/CodeRepos/install/q/t/include/lux/engine/material/graph
-- Up-to-date: E:/SyncForder/CodeRepos/install/q/t/include/lux/engine/material/graph/visibility.h
-- Up-to-date: E:/SyncForder/CodeRepos/install/q/t/include/lux/engine/physics2d
-- Up-to-date: E:/SyncForder/CodeRepos/install/q/t/include/lux/engine/physics2d/Physics2DComponents.ecs_schema.hpp
-- Up-to-date: E:/SyncForder/CodeRepos/install/q/t/include/lux/engine/physics2d/Physics2DComponents.ecs_snapshot.hpp
-- Up-to-date: E:/SyncForder/CodeRepos/install/q/t/include/lux/engine/physics2d/Physics2DComponents.type_static_info.hpp
-- Up-to-date: E:/SyncForder/CodeRepos/install/q/t/include/lux/engine/physics2d/visibility.h
-- Up-to-date: E:/SyncForder/CodeRepos/install/q/t/include/lux/engine/process
-- Up-to-date: E:/SyncForder/CodeRepos/install/q/t/include/lux/engine/process/asset_loading
-- Up-to-date: E:/SyncForder/CodeRepos/install/q/t/include/lux/engine/process/asset_loading/visibility.h
-- Up-to-date: E:/SyncForder/CodeRepos/install/q/t/include/lux/engine/process/visibility.h
-- Up-to-date: E:/SyncForder/CodeRepos/install/q/t/include/lux/engine/process/world_loading
-- Up-to-date: E:/SyncForder/CodeRepos/install/q/t/include/lux/engine/process/world_loading/visibility.h
-- Up-to-date: E:/SyncForder/CodeRepos/install/q/t/include/lux/engine/resource
-- Up-to-date: E:/SyncForder/CodeRepos/install/q/t/include/lux/engine/resource/asset
-- Up-to-date: E:/SyncForder/CodeRepos/install/q/t/include/lux/engine/resource/asset/visibility.h
-- Up-to-date: E:/SyncForder/CodeRepos/install/q/t/include/lux/engine/resource/visibility.h
-- Up-to-date: E:/SyncForder/CodeRepos/install/q/t/include/lux/engine/scene
-- Up-to-date: E:/SyncForder/CodeRepos/install/q/t/include/lux/engine/scene/asset
-- Up-to-date: E:/SyncForder/CodeRepos/install/q/t/include/lux/engine/scene/asset/visibility.h
-- Up-to-date: E:/SyncForder/CodeRepos/install/q/t/include/lux/engine/scene/description
-- Up-to-date: E:/SyncForder/CodeRepos/install/q/t/include/lux/engine/scene/description/visibility.h
-- Up-to-date: E:/SyncForder/CodeRepos/install/q/t/include/lux/engine/scene/meta
-- Up-to-date: E:/SyncForder/CodeRepos/install/q/t/include/lux/engine/scene/meta/visibility.h
-- Up-to-date: E:/SyncForder/CodeRepos/install/q/t/include/lux/engine/scene/render
-- Up-to-date: E:/SyncForder/CodeRepos/install/q/t/include/lux/engine/scene/render/visibility.h
-- Up-to-date: E:/SyncForder/CodeRepos/install/q/t/include/lux/engine/scene/script_runtime
-- Up-to-date: E:/SyncForder/CodeRepos/install/q/t/include/lux/engine/scene/script_runtime/visibility.h
-- Up-to-date: E:/SyncForder/CodeRepos/install/q/t/include/lux/engine/scene/visibility.h
-- Up-to-date: E:/SyncForder/CodeRepos/install/q/t/include/lux/engine/scene/world_materialization
-- Up-to-date: E:/SyncForder/CodeRepos/install/q/t/include/lux/engine/scene/world_materialization/visibility.h
-- Up-to-date: E:/SyncForder/CodeRepos/install/q/t/include/lux/engine/serialization
-- Up-to-date: E:/SyncForder/CodeRepos/install/q/t/include/lux/engine/serialization/visibility.h
-- Up-to-date: E:/SyncForder/CodeRepos/install/q/t/include/lux/engine/simulation
-- Up-to-date: E:/SyncForder/CodeRepos/install/q/t/include/lux/engine/simulation/asset
-- Up-to-date: E:/SyncForder/CodeRepos/install/q/t/include/lux/engine/simulation/asset/visibility.h
-- Up-to-date: E:/SyncForder/CodeRepos/install/q/t/include/lux/engine/simulation/composition
-- Up-to-date: E:/SyncForder/CodeRepos/install/q/t/include/lux/engine/simulation/composition/visibility.h
-- Up-to-date: E:/SyncForder/CodeRepos/install/q/t/include/lux/engine/simulation/description
-- Up-to-date: E:/SyncForder/CodeRepos/install/q/t/include/lux/engine/simulation/description/visibility.h
-- Up-to-date: E:/SyncForder/CodeRepos/install/q/t/include/lux/engine/simulation/ecs
-- Up-to-date: E:/SyncForder/CodeRepos/install/q/t/include/lux/engine/simulation/ecs/core
-- Up-to-date: E:/SyncForder/CodeRepos/install/q/t/include/lux/engine/simulation/ecs/core/visibility.h
-- Up-to-date: E:/SyncForder/CodeRepos/install/q/t/include/lux/engine/simulation/ecs/hierarchy
-- Up-to-date: E:/SyncForder/CodeRepos/install/q/t/include/lux/engine/simulation/ecs/hierarchy/visibility.h
-- Up-to-date: E:/SyncForder/CodeRepos/install/q/t/include/lux/engine/simulation/ecs/Parent.ecs_schema.hpp
-- Up-to-date: E:/SyncForder/CodeRepos/install/q/t/include/lux/engine/simulation/ecs/Parent.ecs_snapshot.hpp
-- Up-to-date: E:/SyncForder/CodeRepos/install/q/t/include/lux/engine/simulation/ecs/Parent.type_static_info.hpp
-- Up-to-date: E:/SyncForder/CodeRepos/install/q/t/include/lux/engine/simulation/ecs/schema
-- Up-to-date: E:/SyncForder/CodeRepos/install/q/t/include/lux/engine/simulation/ecs/schema/visibility.h
-- Up-to-date: E:/SyncForder/CodeRepos/install/q/t/include/lux/engine/simulation/ecs/snapshot
-- Up-to-date: E:/SyncForder/CodeRepos/install/q/t/include/lux/engine/simulation/ecs/snapshot/visibility.h
-- Up-to-date: E:/SyncForder/CodeRepos/install/q/t/include/lux/engine/simulation/ecs/transform
-- Up-to-date: E:/SyncForder/CodeRepos/install/q/t/include/lux/engine/simulation/ecs/transform/visibility.h
-- Up-to-date: E:/SyncForder/CodeRepos/install/q/t/include/lux/engine/simulation/ecs/Transform.ecs_schema.hpp
-- Up-to-date: E:/SyncForder/CodeRepos/install/q/t/include/lux/engine/simulation/ecs/Transform.ecs_snapshot.hpp
-- Up-to-date: E:/SyncForder/CodeRepos/install/q/t/include/lux/engine/simulation/ecs/Transform.type_static_info.hpp
-- Up-to-date: E:/SyncForder/CodeRepos/install/q/t/include/lux/engine/simulation/ecs/visual
-- Up-to-date: E:/SyncForder/CodeRepos/install/q/t/include/lux/engine/simulation/ecs/visual/visibility.h
-- Up-to-date: E:/SyncForder/CodeRepos/install/q/t/include/lux/engine/simulation/ecs/Visual.ecs_schema.hpp
-- Up-to-date: E:/SyncForder/CodeRepos/install/q/t/include/lux/engine/simulation/ecs/Visual.ecs_snapshot.hpp
-- Up-to-date: E:/SyncForder/CodeRepos/install/q/t/include/lux/engine/simulation/ecs/Visual.type_static_info.hpp
-- Up-to-date: E:/SyncForder/CodeRepos/install/q/t/include/lux/engine/simulation/scripting
-- Up-to-date: E:/SyncForder/CodeRepos/install/q/t/include/lux/engine/simulation/scripting/cpp_static
-- Up-to-date: E:/SyncForder/CodeRepos/install/q/t/include/lux/engine/simulation/scripting/cpp_static/visibility.h
-- Up-to-date: E:/SyncForder/CodeRepos/install/q/t/include/lux/engine/simulation/scripting/native
-- Up-to-date: E:/SyncForder/CodeRepos/install/q/t/include/lux/engine/simulation/scripting/native/visibility.h
-- Up-to-date: E:/SyncForder/CodeRepos/install/q/t/include/lux/engine/simulation/script_system
-- Up-to-date: E:/SyncForder/CodeRepos/install/q/t/include/lux/engine/simulation/script_system/visibility.h
-- Up-to-date: E:/SyncForder/CodeRepos/install/q/t/include/lux/engine/simulation/system
-- Up-to-date: E:/SyncForder/CodeRepos/install/q/t/include/lux/engine/simulation/system/visibility.h
-- Up-to-date: E:/SyncForder/CodeRepos/install/q/t/include/lux/engine/simulation/transform_system
-- Up-to-date: E:/SyncForder/CodeRepos/install/q/t/include/lux/engine/simulation/transform_system/visibility.h
-- Up-to-date: E:/SyncForder/CodeRepos/install/q/t/include/lux/engine/spatial
-- Up-to-date: E:/SyncForder/CodeRepos/install/q/t/include/lux/engine/spatial/spatial2d
-- Up-to-date: E:/SyncForder/CodeRepos/install/q/t/include/lux/engine/spatial/spatial2d/visibility.h
-- Up-to-date: E:/SyncForder/CodeRepos/install/q/t/include/lux/engine/spatial/spatial3d
-- Up-to-date: E:/SyncForder/CodeRepos/install/q/t/include/lux/engine/spatial/spatial3d/visibility.h
-- Up-to-date: E:/SyncForder/CodeRepos/install/q/t/include/lux/engine/system
-- Up-to-date: E:/SyncForder/CodeRepos/install/q/t/include/lux/engine/system/description
-- Up-to-date: E:/SyncForder/CodeRepos/install/q/t/include/lux/engine/system/description/visibility.h
-- Up-to-date: E:/SyncForder/CodeRepos/install/q/t/include/lux/engine/system/identity
-- Up-to-date: E:/SyncForder/CodeRepos/install/q/t/include/lux/engine/system/identity/visibility.h
-- Up-to-date: E:/SyncForder/CodeRepos/install/q/t/include/lux/engine/task
-- Up-to-date: E:/SyncForder/CodeRepos/install/q/t/include/lux/engine/task/visibility.h
-- Up-to-date: E:/SyncForder/CodeRepos/install/q/t/include/lux/engine/toolchain
-- Up-to-date: E:/SyncForder/CodeRepos/install/q/t/include/lux/engine/toolchain/asset
-- Up-to-date: E:/SyncForder/CodeRepos/install/q/t/include/lux/engine/toolchain/asset/model
-- Up-to-date: E:/SyncForder/CodeRepos/install/q/t/include/lux/engine/toolchain/asset/model/visibility.h
-- Up-to-date: E:/SyncForder/CodeRepos/install/q/t/include/lux/engine/toolchain/asset/shader
-- Up-to-date: E:/SyncForder/CodeRepos/install/q/t/include/lux/engine/toolchain/asset/shader/visibility.h
-- Up-to-date: E:/SyncForder/CodeRepos/install/q/t/include/lux/engine/toolchain/asset/texture
-- Up-to-date: E:/SyncForder/CodeRepos/install/q/t/include/lux/engine/toolchain/asset/texture/visibility.h
-- Up-to-date: E:/SyncForder/CodeRepos/install/q/t/include/lux/engine/world
-- Up-to-date: E:/SyncForder/CodeRepos/install/q/t/include/lux/engine/world/asset
-- Up-to-date: E:/SyncForder/CodeRepos/install/q/t/include/lux/engine/world/asset/visibility.h
-- Up-to-date: E:/SyncForder/CodeRepos/install/q/t/include/lux/engine/world/description
-- Up-to-date: E:/SyncForder/CodeRepos/install/q/t/include/lux/engine/world/description/visibility.h
-- Up-to-date: E:/SyncForder/CodeRepos/install/q/t/include/lux/engine/world/partition
-- Up-to-date: E:/SyncForder/CodeRepos/install/q/t/include/lux/engine/world/partition/visibility.h
-- Up-to-date: E:/SyncForder/CodeRepos/install/q/t/include/lux/engine/world/storage
-- Up-to-date: E:/SyncForder/CodeRepos/install/q/t/include/lux/engine/world/storage/visibility.h
-- Up-to-date: E:/SyncForder/CodeRepos/install/q/t/include/test
-- Installing: E:/SyncForder/CodeRepos/install/q/t/share/lux-engine-core/task/lux-engine-core-task-config-targets.cmake
-- Installing: E:/SyncForder/CodeRepos/install/q/t/share/lux-engine-core/task/lux-engine-core-task-config-targets-relwithdebinfo.cmake
-- Installing: E:/SyncForder/CodeRepos/install/q/t/share/lux-engine-core/task/lux-engine-core-task-import.cmake
-- Installing: E:/SyncForder/CodeRepos/install/q/t/lib/lux_engine_core_task.lib
-- Installing: E:/SyncForder/CodeRepos/install/q/t/bin/lux_engine_core_task.dll
-- Installing: E:/SyncForder/CodeRepos/install/q/t/share/lux-engine-core/lux-engine-core-config.cmake
-- Installing: E:/SyncForder/CodeRepos/install/q/t/share/lux-engine-core/lux-engine-core-config-version.cmake
-- Installing: E:/SyncForder/CodeRepos/install/q/t/share/lux-engine-core/lux-engine-core-available-components.cmake
-- Up-to-date: E:/SyncForder/CodeRepos/install/q/t/include
-- Up-to-date: E:/SyncForder/CodeRepos/install/q/t/include/lux
-- Up-to-date: E:/SyncForder/CodeRepos/install/q/t/include/lux/engine
-- Up-to-date: E:/SyncForder/CodeRepos/install/q/t/include/lux/engine/resource
-- Installing: E:/SyncForder/CodeRepos/install/q/t/include/lux/engine/resource/identity
-- Installing: E:/SyncForder/CodeRepos/install/q/t/include/lux/engine/resource/identity/AssetId.hpp
-- Installing: E:/SyncForder/CodeRepos/install/q/t/share/lux-engine-resource/identity/lux-engine-resource-identity-config-targets.cmake
-- Installing: E:/SyncForder/CodeRepos/install/q/t/share/lux-engine-resource/identity/lux-engine-resource-identity-import.cmake
-- Up-to-date: E:/SyncForder/CodeRepos/install/q/t/include
-- Up-to-date: E:/SyncForder/CodeRepos/install/q/t/include/lux
-- Up-to-date: E:/SyncForder/CodeRepos/install/q/t/include/lux/engine
-- Installing: E:/SyncForder/CodeRepos/install/q/t/include/lux/engine/description
-- Installing: E:/SyncForder/CodeRepos/install/q/t/include/lux/engine/description/AnimationClip.hpp
-- Installing: E:/SyncForder/CodeRepos/install/q/t/include/lux/engine/description/Image.hpp
-- Installing: E:/SyncForder/CodeRepos/install/q/t/include/lux/engine/description/LayoutContract.hpp
-- Installing: E:/SyncForder/CodeRepos/install/q/t/include/lux/engine/description/Material.hpp
-- Installing: E:/SyncForder/CodeRepos/install/q/t/include/lux/engine/description/MaterialEnums.hpp
-- Installing: E:/SyncForder/CodeRepos/install/q/t/include/lux/engine/description/Mesh.hpp
-- Installing: E:/SyncForder/CodeRepos/install/q/t/include/lux/engine/description/Model.hpp
-- Installing: E:/SyncForder/CodeRepos/install/q/t/include/lux/engine/description/Script.hpp
-- Installing: E:/SyncForder/CodeRepos/install/q/t/include/lux/engine/description/Shader.hpp
-- Installing: E:/SyncForder/CodeRepos/install/q/t/include/lux/engine/description/ShaderInfo.hpp
-- Installing: E:/SyncForder/CodeRepos/install/q/t/include/lux/engine/description/Skeleton.hpp
-- Installing: E:/SyncForder/CodeRepos/install/q/t/include/lux/engine/description/Texture.hpp
-- Installing: E:/SyncForder/CodeRepos/install/q/t/include/lux/engine/description/TextureAtlas.hpp
-- Installing: E:/SyncForder/CodeRepos/install/q/t/include/lux/engine/description/Tilemap2D.hpp
-- Installing: E:/SyncForder/CodeRepos/install/q/t/include/lux/engine/description/Vertex.hpp
-- Installing: E:/SyncForder/CodeRepos/install/q/t/include/lux/engine/description/Visual.hpp
-- Up-to-date: E:/SyncForder/CodeRepos/install/q/t/include
-- Up-to-date: E:/SyncForder/CodeRepos/install/q/t/include/lux
-- Up-to-date: E:/SyncForder/CodeRepos/install/q/t/include/lux/engine
-- Up-to-date: E:/SyncForder/CodeRepos/install/q/t/include/lux/engine/core
-- Up-to-date: E:/SyncForder/CodeRepos/install/q/t/include/lux/engine/core/visibility.h
-- Up-to-date: E:/SyncForder/CodeRepos/install/q/t/include/lux/engine/dynamic_library
-- Up-to-date: E:/SyncForder/CodeRepos/install/q/t/include/lux/engine/dynamic_library/visibility.h
-- Up-to-date: E:/SyncForder/CodeRepos/install/q/t/include/lux/engine/flowforge
-- Up-to-date: E:/SyncForder/CodeRepos/install/q/t/include/lux/engine/flowforge/compiler
-- Up-to-date: E:/SyncForder/CodeRepos/install/q/t/include/lux/engine/flowforge/compiler/visibility.h
-- Up-to-date: E:/SyncForder/CodeRepos/install/q/t/include/lux/engine/flowforge/visibility.h
-- Up-to-date: E:/SyncForder/CodeRepos/install/q/t/include/lux/engine/function
-- Up-to-date: E:/SyncForder/CodeRepos/install/q/t/include/lux/engine/function/graph
-- Up-to-date: E:/SyncForder/CodeRepos/install/q/t/include/lux/engine/function/graph/visibility.h
-- Up-to-date: E:/SyncForder/CodeRepos/install/q/t/include/lux/engine/function/render
-- Up-to-date: E:/SyncForder/CodeRepos/install/q/t/include/lux/engine/function/render/standard
-- Up-to-date: E:/SyncForder/CodeRepos/install/q/t/include/lux/engine/function/render/standard/content
-- Up-to-date: E:/SyncForder/CodeRepos/install/q/t/include/lux/engine/function/render/standard/content/visibility.h
-- Up-to-date: E:/SyncForder/CodeRepos/install/q/t/include/lux/engine/function/script
-- Up-to-date: E:/SyncForder/CodeRepos/install/q/t/include/lux/engine/function/script/artifact
-- Up-to-date: E:/SyncForder/CodeRepos/install/q/t/include/lux/engine/function/script/artifact/visibility.h
-- Up-to-date: E:/SyncForder/CodeRepos/install/q/t/include/lux/engine/function/visibility.h
-- Up-to-date: E:/SyncForder/CodeRepos/install/q/t/include/lux/engine/material
-- Up-to-date: E:/SyncForder/CodeRepos/install/q/t/include/lux/engine/material/compiler
-- Up-to-date: E:/SyncForder/CodeRepos/install/q/t/include/lux/engine/material/compiler/visibility.h
-- Up-to-date: E:/SyncForder/CodeRepos/install/q/t/include/lux/engine/material/cooker
-- Up-to-date: E:/SyncForder/CodeRepos/install/q/t/include/lux/engine/material/cooker/visibility.h
-- Up-to-date: E:/SyncForder/CodeRepos/install/q/t/include/lux/engine/material/graph
-- Up-to-date: E:/SyncForder/CodeRepos/install/q/t/include/lux/engine/material/graph/visibility.h
-- Up-to-date: E:/SyncForder/CodeRepos/install/q/t/include/lux/engine/physics2d
-- Up-to-date: E:/SyncForder/CodeRepos/install/q/t/include/lux/engine/physics2d/Physics2DComponents.ecs_schema.hpp
-- Up-to-date: E:/SyncForder/CodeRepos/install/q/t/include/lux/engine/physics2d/Physics2DComponents.ecs_snapshot.hpp
-- Up-to-date: E:/SyncForder/CodeRepos/install/q/t/include/lux/engine/physics2d/Physics2DComponents.type_static_info.hpp
-- Up-to-date: E:/SyncForder/CodeRepos/install/q/t/include/lux/engine/physics2d/visibility.h
-- Up-to-date: E:/SyncForder/CodeRepos/install/q/t/include/lux/engine/process
-- Up-to-date: E:/SyncForder/CodeRepos/install/q/t/include/lux/engine/process/asset_loading
-- Up-to-date: E:/SyncForder/CodeRepos/install/q/t/include/lux/engine/process/asset_loading/visibility.h
-- Up-to-date: E:/SyncForder/CodeRepos/install/q/t/include/lux/engine/process/visibility.h
-- Up-to-date: E:/SyncForder/CodeRepos/install/q/t/include/lux/engine/process/world_loading
-- Up-to-date: E:/SyncForder/CodeRepos/install/q/t/include/lux/engine/process/world_loading/visibility.h
-- Up-to-date: E:/SyncForder/CodeRepos/install/q/t/include/lux/engine/resource
-- Up-to-date: E:/SyncForder/CodeRepos/install/q/t/include/lux/engine/resource/asset
-- Up-to-date: E:/SyncForder/CodeRepos/install/q/t/include/lux/engine/resource/asset/visibility.h
-- Up-to-date: E:/SyncForder/CodeRepos/install/q/t/include/lux/engine/resource/visibility.h
-- Up-to-date: E:/SyncForder/CodeRepos/install/q/t/include/lux/engine/scene
-- Up-to-date: E:/SyncForder/CodeRepos/install/q/t/include/lux/engine/scene/asset
-- Up-to-date: E:/SyncForder/CodeRepos/install/q/t/include/lux/engine/scene/asset/visibility.h
-- Up-to-date: E:/SyncForder/CodeRepos/install/q/t/include/lux/engine/scene/description
-- Up-to-date: E:/SyncForder/CodeRepos/install/q/t/include/lux/engine/scene/description/visibility.h
-- Up-to-date: E:/SyncForder/CodeRepos/install/q/t/include/lux/engine/scene/meta
-- Up-to-date: E:/SyncForder/CodeRepos/install/q/t/include/lux/engine/scene/meta/visibility.h
-- Up-to-date: E:/SyncForder/CodeRepos/install/q/t/include/lux/engine/scene/render
-- Up-to-date: E:/SyncForder/CodeRepos/install/q/t/include/lux/engine/scene/render/visibility.h
-- Up-to-date: E:/SyncForder/CodeRepos/install/q/t/include/lux/engine/scene/script_runtime
-- Up-to-date: E:/SyncForder/CodeRepos/install/q/t/include/lux/engine/scene/script_runtime/visibility.h
-- Up-to-date: E:/SyncForder/CodeRepos/install/q/t/include/lux/engine/scene/visibility.h
-- Up-to-date: E:/SyncForder/CodeRepos/install/q/t/include/lux/engine/scene/world_materialization
-- Up-to-date: E:/SyncForder/CodeRepos/install/q/t/include/lux/engine/scene/world_materialization/visibility.h
-- Up-to-date: E:/SyncForder/CodeRepos/install/q/t/include/lux/engine/serialization
-- Up-to-date: E:/SyncForder/CodeRepos/install/q/t/include/lux/engine/serialization/visibility.h
-- Up-to-date: E:/SyncForder/CodeRepos/install/q/t/include/lux/engine/simulation
-- Up-to-date: E:/SyncForder/CodeRepos/install/q/t/include/lux/engine/simulation/asset
-- Up-to-date: E:/SyncForder/CodeRepos/install/q/t/include/lux/engine/simulation/asset/visibility.h
-- Up-to-date: E:/SyncForder/CodeRepos/install/q/t/include/lux/engine/simulation/composition
-- Up-to-date: E:/SyncForder/CodeRepos/install/q/t/include/lux/engine/simulation/composition/visibility.h
-- Up-to-date: E:/SyncForder/CodeRepos/install/q/t/include/lux/engine/simulation/description
-- Up-to-date: E:/SyncForder/CodeRepos/install/q/t/include/lux/engine/simulation/description/visibility.h
-- Up-to-date: E:/SyncForder/CodeRepos/install/q/t/include/lux/engine/simulation/ecs
-- Up-to-date: E:/SyncForder/CodeRepos/install/q/t/include/lux/engine/simulation/ecs/core
-- Up-to-date: E:/SyncForder/CodeRepos/install/q/t/include/lux/engine/simulation/ecs/core/visibility.h
-- Up-to-date: E:/SyncForder/CodeRepos/install/q/t/include/lux/engine/simulation/ecs/hierarchy
-- Up-to-date: E:/SyncForder/CodeRepos/install/q/t/include/lux/engine/simulation/ecs/hierarchy/visibility.h
-- Up-to-date: E:/SyncForder/CodeRepos/install/q/t/include/lux/engine/simulation/ecs/Parent.ecs_schema.hpp
-- Up-to-date: E:/SyncForder/CodeRepos/install/q/t/include/lux/engine/simulation/ecs/Parent.ecs_snapshot.hpp
-- Up-to-date: E:/SyncForder/CodeRepos/install/q/t/include/lux/engine/simulation/ecs/Parent.type_static_info.hpp
-- Up-to-date: E:/SyncForder/CodeRepos/install/q/t/include/lux/engine/simulation/ecs/schema
-- Up-to-date: E:/SyncForder/CodeRepos/install/q/t/include/lux/engine/simulation/ecs/schema/visibility.h
-- Up-to-date: E:/SyncForder/CodeRepos/install/q/t/include/lux/engine/simulation/ecs/snapshot
-- Up-to-date: E:/SyncForder/CodeRepos/install/q/t/include/lux/engine/simulation/ecs/snapshot/visibility.h
-- Up-to-date: E:/SyncForder/CodeRepos/install/q/t/include/lux/engine/simulation/ecs/transform
-- Up-to-date: E:/SyncForder/CodeRepos/install/q/t/include/lux/engine/simulation/ecs/transform/visibility.h
-- Up-to-date: E:/SyncForder/CodeRepos/install/q/t/include/lux/engine/simulation/ecs/Transform.ecs_schema.hpp
-- Up-to-date: E:/SyncForder/CodeRepos/install/q/t/include/lux/engine/simulation/ecs/Transform.ecs_snapshot.hpp
-- Up-to-date: E:/SyncForder/CodeRepos/install/q/t/include/lux/engine/simulation/ecs/Transform.type_static_info.hpp
-- Up-to-date: E:/SyncForder/CodeRepos/install/q/t/include/lux/engine/simulation/ecs/visual
-- Up-to-date: E:/SyncForder/CodeRepos/install/q/t/include/lux/engine/simulation/ecs/visual/visibility.h
-- Up-to-date: E:/SyncForder/CodeRepos/install/q/t/include/lux/engine/simulation/ecs/Visual.ecs_schema.hpp
-- Up-to-date: E:/SyncForder/CodeRepos/install/q/t/include/lux/engine/simulation/ecs/Visual.ecs_snapshot.hpp
-- Up-to-date: E:/SyncForder/CodeRepos/install/q/t/include/lux/engine/simulation/ecs/Visual.type_static_info.hpp
-- Up-to-date: E:/SyncForder/CodeRepos/install/q/t/include/lux/engine/simulation/scripting
-- Up-to-date: E:/SyncForder/CodeRepos/install/q/t/include/lux/engine/simulation/scripting/cpp_static
-- Up-to-date: E:/SyncForder/CodeRepos/install/q/t/include/lux/engine/simulation/scripting/cpp_static/visibility.h
-- Up-to-date: E:/SyncForder/CodeRepos/install/q/t/include/lux/engine/simulation/scripting/native
-- Up-to-date: E:/SyncForder/CodeRepos/install/q/t/include/lux/engine/simulation/scripting/native/visibility.h
-- Up-to-date: E:/SyncForder/CodeRepos/install/q/t/include/lux/engine/simulation/script_system
-- Up-to-date: E:/SyncForder/CodeRepos/install/q/t/include/lux/engine/simulation/script_system/visibility.h
-- Up-to-date: E:/SyncForder/CodeRepos/install/q/t/include/lux/engine/simulation/system
-- Up-to-date: E:/SyncForder/CodeRepos/install/q/t/include/lux/engine/simulation/system/visibility.h
-- Up-to-date: E:/SyncForder/CodeRepos/install/q/t/include/lux/engine/simulation/transform_system
-- Up-to-date: E:/SyncForder/CodeRepos/install/q/t/include/lux/engine/simulation/transform_system/visibility.h
-- Up-to-date: E:/SyncForder/CodeRepos/install/q/t/include/lux/engine/spatial
-- Up-to-date: E:/SyncForder/CodeRepos/install/q/t/include/lux/engine/spatial/spatial2d
-- Up-to-date: E:/SyncForder/CodeRepos/install/q/t/include/lux/engine/spatial/spatial2d/visibility.h
-- Up-to-date: E:/SyncForder/CodeRepos/install/q/t/include/lux/engine/spatial/spatial3d
-- Up-to-date: E:/SyncForder/CodeRepos/install/q/t/include/lux/engine/spatial/spatial3d/visibility.h
-- Up-to-date: E:/SyncForder/CodeRepos/install/q/t/include/lux/engine/system
-- Up-to-date: E:/SyncForder/CodeRepos/install/q/t/include/lux/engine/system/description
-- Up-to-date: E:/SyncForder/CodeRepos/install/q/t/include/lux/engine/system/description/visibility.h
-- Up-to-date: E:/SyncForder/CodeRepos/install/q/t/include/lux/engine/system/identity
-- Up-to-date: E:/SyncForder/CodeRepos/install/q/t/include/lux/engine/system/identity/visibility.h
-- Up-to-date: E:/SyncForder/CodeRepos/install/q/t/include/lux/engine/task
-- Up-to-date: E:/SyncForder/CodeRepos/install/q/t/include/lux/engine/task/visibility.h
-- Up-to-date: E:/SyncForder/CodeRepos/install/q/t/include/lux/engine/toolchain
-- Up-to-date: E:/SyncForder/CodeRepos/install/q/t/include/lux/engine/toolchain/asset
-- Up-to-date: E:/SyncForder/CodeRepos/install/q/t/include/lux/engine/toolchain/asset/model
-- Up-to-date: E:/SyncForder/CodeRepos/install/q/t/include/lux/engine/toolchain/asset/model/visibility.h
-- Up-to-date: E:/SyncForder/CodeRepos/install/q/t/include/lux/engine/toolchain/asset/shader
-- Up-to-date: E:/SyncForder/CodeRepos/install/q/t/include/lux/engine/toolchain/asset/shader/visibility.h
-- Up-to-date: E:/SyncForder/CodeRepos/install/q/t/include/lux/engine/toolchain/asset/texture
-- Up-to-date: E:/SyncForder/CodeRepos/install/q/t/include/lux/engine/toolchain/asset/texture/visibility.h
-- Up-to-date: E:/SyncForder/CodeRepos/install/q/t/include/lux/engine/world
-- Up-to-date: E:/SyncForder/CodeRepos/install/q/t/include/lux/engine/world/asset
-- Up-to-date: E:/SyncForder/CodeRepos/install/q/t/include/lux/engine/world/asset/visibility.h
-- Up-to-date: E:/SyncForder/CodeRepos/install/q/t/include/lux/engine/world/description
-- Up-to-date: E:/SyncForder/CodeRepos/install/q/t/include/lux/engine/world/description/visibility.h
-- Up-to-date: E:/SyncForder/CodeRepos/install/q/t/include/lux/engine/world/partition
-- Up-to-date: E:/SyncForder/CodeRepos/install/q/t/include/lux/engine/world/partition/visibility.h
-- Up-to-date: E:/SyncForder/CodeRepos/install/q/t/include/lux/engine/world/storage
-- Up-to-date: E:/SyncForder/CodeRepos/install/q/t/include/lux/engine/world/storage/visibility.h
-- Up-to-date: E:/SyncForder/CodeRepos/install/q/t/include/test
-- Installing: E:/SyncForder/CodeRepos/install/q/t/share/lux-engine-resource/description/lux-engine-resource-description-config-targets.cmake
-- Installing: E:/SyncForder/CodeRepos/install/q/t/share/lux-engine-resource/description/lux-engine-resource-description-config-targets-relwithdebinfo.cmake
-- Installing: E:/SyncForder/CodeRepos/install/q/t/share/lux-engine-resource/description/lux-engine-resource-description-import.cmake
-- Installing: E:/SyncForder/CodeRepos/install/q/t/lib/description.lib
-- Installing: E:/SyncForder/CodeRepos/install/q/t/bin/description.dll
-- Installing: E:/SyncForder/CodeRepos/install/q/t/share/lux-engine-resource/asset/cmake_scripts/add_asset.cmake
-- Up-to-date: E:/SyncForder/CodeRepos/install/q/t/include
-- Up-to-date: E:/SyncForder/CodeRepos/install/q/t/include/lux
-- Up-to-date: E:/SyncForder/CodeRepos/install/q/t/include/lux/engine
-- Up-to-date: E:/SyncForder/CodeRepos/install/q/t/include/lux/engine/resource
-- Up-to-date: E:/SyncForder/CodeRepos/install/q/t/include/lux/engine/resource/asset
-- Installing: E:/SyncForder/CodeRepos/install/q/t/include/lux/engine/resource/asset/animation
-- Installing: E:/SyncForder/CodeRepos/install/q/t/include/lux/engine/resource/asset/animation/AnimationClipAsset.hpp
-- Installing: E:/SyncForder/CodeRepos/install/q/t/include/lux/engine/resource/asset/animation/SkeletonAsset.hpp
-- Installing: E:/SyncForder/CodeRepos/install/q/t/include/lux/engine/resource/asset/Asset.hpp
-- Installing: E:/SyncForder/CodeRepos/install/q/t/include/lux/engine/resource/asset/AssetSerDeser.hpp
-- Installing: E:/SyncForder/CodeRepos/install/q/t/include/lux/engine/resource/asset/AssetStorageError.hpp
-- Installing: E:/SyncForder/CodeRepos/install/q/t/include/lux/engine/resource/asset/AssetTypeId.hpp
-- Installing: E:/SyncForder/CodeRepos/install/q/t/include/lux/engine/resource/asset/CookedAssetImage.hpp
-- Installing: E:/SyncForder/CodeRepos/install/q/t/include/lux/engine/resource/asset/material
-- Installing: E:/SyncForder/CodeRepos/install/q/t/include/lux/engine/resource/asset/material/MaterialAssets.hpp
-- Installing: E:/SyncForder/CodeRepos/install/q/t/include/lux/engine/resource/asset/mesh
-- Installing: E:/SyncForder/CodeRepos/install/q/t/include/lux/engine/resource/asset/mesh/MeshAsset.hpp
-- Installing: E:/SyncForder/CodeRepos/install/q/t/include/lux/engine/resource/asset/model
-- Installing: E:/SyncForder/CodeRepos/install/q/t/include/lux/engine/resource/asset/model/ModelAsset.hpp
-- Installing: E:/SyncForder/CodeRepos/install/q/t/include/lux/engine/resource/asset/shader
-- Installing: E:/SyncForder/CodeRepos/install/q/t/include/lux/engine/resource/asset/shader/ShaderAsset.hpp
-- Installing: E:/SyncForder/CodeRepos/install/q/t/include/lux/engine/resource/asset/storage
-- Installing: E:/SyncForder/CodeRepos/install/q/t/include/lux/engine/resource/asset/storage/AssetProvider.hpp
-- Installing: E:/SyncForder/CodeRepos/install/q/t/include/lux/engine/resource/asset/storage/AssetVfs.hpp
-- Installing: E:/SyncForder/CodeRepos/install/q/t/include/lux/engine/resource/asset/storage/pak
-- Installing: E:/SyncForder/CodeRepos/install/q/t/include/lux/engine/resource/asset/storage/pak/PakArchive.hpp
-- Installing: E:/SyncForder/CodeRepos/install/q/t/include/lux/engine/resource/asset/storage/pak/PakAssetProvider.hpp
-- Installing: E:/SyncForder/CodeRepos/install/q/t/include/lux/engine/resource/asset/storage/VirtualPath.hpp
-- Installing: E:/SyncForder/CodeRepos/install/q/t/include/lux/engine/resource/asset/texture
-- Installing: E:/SyncForder/CodeRepos/install/q/t/include/lux/engine/resource/asset/texture/TextureAsset.hpp
-- Installing: E:/SyncForder/CodeRepos/install/q/t/include/lux/engine/resource/asset/texture/TextureAtlasAssets.hpp
-- Up-to-date: E:/SyncForder/CodeRepos/install/q/t/include
-- Up-to-date: E:/SyncForder/CodeRepos/install/q/t/include/lux
-- Up-to-date: E:/SyncForder/CodeRepos/install/q/t/include/lux/engine
-- Up-to-date: E:/SyncForder/CodeRepos/install/q/t/include/lux/engine/core
-- Up-to-date: E:/SyncForder/CodeRepos/install/q/t/include/lux/engine/core/visibility.h
-- Up-to-date: E:/SyncForder/CodeRepos/install/q/t/include/lux/engine/dynamic_library
-- Up-to-date: E:/SyncForder/CodeRepos/install/q/t/include/lux/engine/dynamic_library/visibility.h
-- Up-to-date: E:/SyncForder/CodeRepos/install/q/t/include/lux/engine/flowforge
-- Up-to-date: E:/SyncForder/CodeRepos/install/q/t/include/lux/engine/flowforge/compiler
-- Up-to-date: E:/SyncForder/CodeRepos/install/q/t/include/lux/engine/flowforge/compiler/visibility.h
-- Up-to-date: E:/SyncForder/CodeRepos/install/q/t/include/lux/engine/flowforge/visibility.h
-- Up-to-date: E:/SyncForder/CodeRepos/install/q/t/include/lux/engine/function
-- Up-to-date: E:/SyncForder/CodeRepos/install/q/t/include/lux/engine/function/graph
-- Up-to-date: E:/SyncForder/CodeRepos/install/q/t/include/lux/engine/function/graph/visibility.h
-- Up-to-date: E:/SyncForder/CodeRepos/install/q/t/include/lux/engine/function/render
-- Up-to-date: E:/SyncForder/CodeRepos/install/q/t/include/lux/engine/function/render/standard
-- Up-to-date: E:/SyncForder/CodeRepos/install/q/t/include/lux/engine/function/render/standard/content
-- Up-to-date: E:/SyncForder/CodeRepos/install/q/t/include/lux/engine/function/render/standard/content/visibility.h
-- Up-to-date: E:/SyncForder/CodeRepos/install/q/t/include/lux/engine/function/script
-- Up-to-date: E:/SyncForder/CodeRepos/install/q/t/include/lux/engine/function/script/artifact
-- Up-to-date: E:/SyncForder/CodeRepos/install/q/t/include/lux/engine/function/script/artifact/visibility.h
-- Up-to-date: E:/SyncForder/CodeRepos/install/q/t/include/lux/engine/function/visibility.h
-- Up-to-date: E:/SyncForder/CodeRepos/install/q/t/include/lux/engine/material
-- Up-to-date: E:/SyncForder/CodeRepos/install/q/t/include/lux/engine/material/compiler
-- Up-to-date: E:/SyncForder/CodeRepos/install/q/t/include/lux/engine/material/compiler/visibility.h
-- Up-to-date: E:/SyncForder/CodeRepos/install/q/t/include/lux/engine/material/cooker
-- Up-to-date: E:/SyncForder/CodeRepos/install/q/t/include/lux/engine/material/cooker/visibility.h
-- Up-to-date: E:/SyncForder/CodeRepos/install/q/t/include/lux/engine/material/graph
-- Up-to-date: E:/SyncForder/CodeRepos/install/q/t/include/lux/engine/material/graph/visibility.h
-- Up-to-date: E:/SyncForder/CodeRepos/install/q/t/include/lux/engine/physics2d
-- Up-to-date: E:/SyncForder/CodeRepos/install/q/t/include/lux/engine/physics2d/Physics2DComponents.ecs_schema.hpp
-- Up-to-date: E:/SyncForder/CodeRepos/install/q/t/include/lux/engine/physics2d/Physics2DComponents.ecs_snapshot.hpp
-- Up-to-date: E:/SyncForder/CodeRepos/install/q/t/include/lux/engine/physics2d/Physics2DComponents.type_static_info.hpp
-- Up-to-date: E:/SyncForder/CodeRepos/install/q/t/include/lux/engine/physics2d/visibility.h
-- Up-to-date: E:/SyncForder/CodeRepos/install/q/t/include/lux/engine/process
-- Up-to-date: E:/SyncForder/CodeRepos/install/q/t/include/lux/engine/process/asset_loading
-- Up-to-date: E:/SyncForder/CodeRepos/install/q/t/include/lux/engine/process/asset_loading/visibility.h
-- Up-to-date: E:/SyncForder/CodeRepos/install/q/t/include/lux/engine/process/visibility.h
-- Up-to-date: E:/SyncForder/CodeRepos/install/q/t/include/lux/engine/process/world_loading
-- Up-to-date: E:/SyncForder/CodeRepos/install/q/t/include/lux/engine/process/world_loading/visibility.h
-- Up-to-date: E:/SyncForder/CodeRepos/install/q/t/include/lux/engine/resource
-- Up-to-date: E:/SyncForder/CodeRepos/install/q/t/include/lux/engine/resource/asset
-- Up-to-date: E:/SyncForder/CodeRepos/install/q/t/include/lux/engine/resource/asset/visibility.h
-- Up-to-date: E:/SyncForder/CodeRepos/install/q/t/include/lux/engine/resource/visibility.h
-- Up-to-date: E:/SyncForder/CodeRepos/install/q/t/include/lux/engine/scene
-- Up-to-date: E:/SyncForder/CodeRepos/install/q/t/include/lux/engine/scene/asset
-- Up-to-date: E:/SyncForder/CodeRepos/install/q/t/include/lux/engine/scene/asset/visibility.h
-- Up-to-date: E:/SyncForder/CodeRepos/install/q/t/include/lux/engine/scene/description
-- Up-to-date: E:/SyncForder/CodeRepos/install/q/t/include/lux/engine/scene/description/visibility.h
-- Up-to-date: E:/SyncForder/CodeRepos/install/q/t/include/lux/engine/scene/meta
-- Up-to-date: E:/SyncForder/CodeRepos/install/q/t/include/lux/engine/scene/meta/visibility.h
-- Up-to-date: E:/SyncForder/CodeRepos/install/q/t/include/lux/engine/scene/render
-- Up-to-date: E:/SyncForder/CodeRepos/install/q/t/include/lux/engine/scene/render/visibility.h
-- Up-to-date: E:/SyncForder/CodeRepos/install/q/t/include/lux/engine/scene/script_runtime
-- Up-to-date: E:/SyncForder/CodeRepos/install/q/t/include/lux/engine/scene/script_runtime/visibility.h
-- Up-to-date: E:/SyncForder/CodeRepos/install/q/t/include/lux/engine/scene/visibility.h
-- Up-to-date: E:/SyncForder/CodeRepos/install/q/t/include/lux/engine/scene/world_materialization
-- Up-to-date: E:/SyncForder/CodeRepos/install/q/t/include/lux/engine/scene/world_materialization/visibility.h
-- Up-to-date: E:/SyncForder/CodeRepos/install/q/t/include/lux/engine/serialization
-- Up-to-date: E:/SyncForder/CodeRepos/install/q/t/include/lux/engine/serialization/visibility.h
-- Up-to-date: E:/SyncForder/CodeRepos/install/q/t/include/lux/engine/simulation
-- Up-to-date: E:/SyncForder/CodeRepos/install/q/t/include/lux/engine/simulation/asset
-- Up-to-date: E:/SyncForder/CodeRepos/install/q/t/include/lux/engine/simulation/asset/visibility.h
-- Up-to-date: E:/SyncForder/CodeRepos/install/q/t/include/lux/engine/simulation/composition
-- Up-to-date: E:/SyncForder/CodeRepos/install/q/t/include/lux/engine/simulation/composition/visibility.h
-- Up-to-date: E:/SyncForder/CodeRepos/install/q/t/include/lux/engine/simulation/description
-- Up-to-date: E:/SyncForder/CodeRepos/install/q/t/include/lux/engine/simulation/description/visibility.h
-- Up-to-date: E:/SyncForder/CodeRepos/install/q/t/include/lux/engine/simulation/ecs
-- Up-to-date: E:/SyncForder/CodeRepos/install/q/t/include/lux/engine/simulation/ecs/core
-- Up-to-date: E:/SyncForder/CodeRepos/install/q/t/include/lux/engine/simulation/ecs/core/visibility.h
-- Up-to-date: E:/SyncForder/CodeRepos/install/q/t/include/lux/engine/simulation/ecs/hierarchy
-- Up-to-date: E:/SyncForder/CodeRepos/install/q/t/include/lux/engine/simulation/ecs/hierarchy/visibility.h
-- Up-to-date: E:/SyncForder/CodeRepos/install/q/t/include/lux/engine/simulation/ecs/Parent.ecs_schema.hpp
-- Up-to-date: E:/SyncForder/CodeRepos/install/q/t/include/lux/engine/simulation/ecs/Parent.ecs_snapshot.hpp
-- Up-to-date: E:/SyncForder/CodeRepos/install/q/t/include/lux/engine/simulation/ecs/Parent.type_static_info.hpp
-- Up-to-date: E:/SyncForder/CodeRepos/install/q/t/include/lux/engine/simulation/ecs/schema
-- Up-to-date: E:/SyncForder/CodeRepos/install/q/t/include/lux/engine/simulation/ecs/schema/visibility.h
-- Up-to-date: E:/SyncForder/CodeRepos/install/q/t/include/lux/engine/simulation/ecs/snapshot
-- Up-to-date: E:/SyncForder/CodeRepos/install/q/t/include/lux/engine/simulation/ecs/snapshot/visibility.h
-- Up-to-date: E:/SyncForder/CodeRepos/install/q/t/include/lux/engine/simulation/ecs/transform
-- Up-to-date: E:/SyncForder/CodeRepos/install/q/t/include/lux/engine/simulation/ecs/transform/visibility.h
-- Up-to-date: E:/SyncForder/CodeRepos/install/q/t/include/lux/engine/simulation/ecs/Transform.ecs_schema.hpp
-- Up-to-date: E:/SyncForder/CodeRepos/install/q/t/include/lux/engine/simulation/ecs/Transform.ecs_snapshot.hpp
-- Up-to-date: E:/SyncForder/CodeRepos/install/q/t/include/lux/engine/simulation/ecs/Transform.type_static_info.hpp
-- Up-to-date: E:/SyncForder/CodeRepos/install/q/t/include/lux/engine/simulation/ecs/visual
-- Up-to-date: E:/SyncForder/CodeRepos/install/q/t/include/lux/engine/simulation/ecs/visual/visibility.h
-- Up-to-date: E:/SyncForder/CodeRepos/install/q/t/include/lux/engine/simulation/ecs/Visual.ecs_schema.hpp
-- Up-to-date: E:/SyncForder/CodeRepos/install/q/t/include/lux/engine/simulation/ecs/Visual.ecs_snapshot.hpp
-- Up-to-date: E:/SyncForder/CodeRepos/install/q/t/include/lux/engine/simulation/ecs/Visual.type_static_info.hpp
-- Up-to-date: E:/SyncForder/CodeRepos/install/q/t/include/lux/engine/simulation/scripting
-- Up-to-date: E:/SyncForder/CodeRepos/install/q/t/include/lux/engine/simulation/scripting/cpp_static
-- Up-to-date: E:/SyncForder/CodeRepos/install/q/t/include/lux/engine/simulation/scripting/cpp_static/visibility.h
-- Up-to-date: E:/SyncForder/CodeRepos/install/q/t/include/lux/engine/simulation/scripting/native
-- Up-to-date: E:/SyncForder/CodeRepos/install/q/t/include/lux/engine/simulation/scripting/native/visibility.h
-- Up-to-date: E:/SyncForder/CodeRepos/install/q/t/include/lux/engine/simulation/script_system
-- Up-to-date: E:/SyncForder/CodeRepos/install/q/t/include/lux/engine/simulation/script_system/visibility.h
-- Up-to-date: E:/SyncForder/CodeRepos/install/q/t/include/lux/engine/simulation/system
-- Up-to-date: E:/SyncForder/CodeRepos/install/q/t/include/lux/engine/simulation/system/visibility.h
-- Up-to-date: E:/SyncForder/CodeRepos/install/q/t/include/lux/engine/simulation/transform_system
-- Up-to-date: E:/SyncForder/CodeRepos/install/q/t/include/lux/engine/simulation/transform_system/visibility.h
-- Up-to-date: E:/SyncForder/CodeRepos/install/q/t/include/lux/engine/spatial
-- Up-to-date: E:/SyncForder/CodeRepos/install/q/t/include/lux/engine/spatial/spatial2d
-- Up-to-date: E:/SyncForder/CodeRepos/install/q/t/include/lux/engine/spatial/spatial2d/visibility.h
-- Up-to-date: E:/SyncForder/CodeRepos/install/q/t/include/lux/engine/spatial/spatial3d
-- Up-to-date: E:/SyncForder/CodeRepos/install/q/t/include/lux/engine/spatial/spatial3d/visibility.h
-- Up-to-date: E:/SyncForder/CodeRepos/install/q/t/include/lux/engine/system
-- Up-to-date: E:/SyncForder/CodeRepos/install/q/t/include/lux/engine/system/description
-- Up-to-date: E:/SyncForder/CodeRepos/install/q/t/include/lux/engine/system/description/visibility.h
-- Up-to-date: E:/SyncForder/CodeRepos/install/q/t/include/lux/engine/system/identity
-- Up-to-date: E:/SyncForder/CodeRepos/install/q/t/include/lux/engine/system/identity/visibility.h
-- Up-to-date: E:/SyncForder/CodeRepos/install/q/t/include/lux/engine/task
-- Up-to-date: E:/SyncForder/CodeRepos/install/q/t/include/lux/engine/task/visibility.h
-- Up-to-date: E:/SyncForder/CodeRepos/install/q/t/include/lux/engine/toolchain
-- Up-to-date: E:/SyncForder/CodeRepos/install/q/t/include/lux/engine/toolchain/asset
-- Up-to-date: E:/SyncForder/CodeRepos/install/q/t/include/lux/engine/toolchain/asset/model
-- Up-to-date: E:/SyncForder/CodeRepos/install/q/t/include/lux/engine/toolchain/asset/model/visibility.h
-- Up-to-date: E:/SyncForder/CodeRepos/install/q/t/include/lux/engine/toolchain/asset/shader
-- Up-to-date: E:/SyncForder/CodeRepos/install/q/t/include/lux/engine/toolchain/asset/shader/visibility.h
-- Up-to-date: E:/SyncForder/CodeRepos/install/q/t/include/lux/engine/toolchain/asset/texture
-- Up-to-date: E:/SyncForder/CodeRepos/install/q/t/include/lux/engine/toolchain/asset/texture/visibility.h
-- Up-to-date: E:/SyncForder/CodeRepos/install/q/t/include/lux/engine/world
-- Up-to-date: E:/SyncForder/CodeRepos/install/q/t/include/lux/engine/world/asset
-- Up-to-date: E:/SyncForder/CodeRepos/install/q/t/include/lux/engine/world/asset/visibility.h
-- Up-to-date: E:/SyncForder/CodeRepos/install/q/t/include/lux/engine/world/description
-- Up-to-date: E:/SyncForder/CodeRepos/install/q/t/include/lux/engine/world/description/visibility.h
-- Up-to-date: E:/SyncForder/CodeRepos/install/q/t/include/lux/engine/world/partition
-- Up-to-date: E:/SyncForder/CodeRepos/install/q/t/include/lux/engine/world/partition/visibility.h
-- Up-to-date: E:/SyncForder/CodeRepos/install/q/t/include/lux/engine/world/storage
-- Up-to-date: E:/SyncForder/CodeRepos/install/q/t/include/lux/engine/world/storage/visibility.h
-- Up-to-date: E:/SyncForder/CodeRepos/install/q/t/include/test
-- Installing: E:/SyncForder/CodeRepos/install/q/t/share/lux-engine-resource/asset/lux-engine-resource-asset-config-targets.cmake
-- Installing: E:/SyncForder/CodeRepos/install/q/t/share/lux-engine-resource/asset/lux-engine-resource-asset-config-targets-relwithdebinfo.cmake
-- Installing: E:/SyncForder/CodeRepos/install/q/t/share/lux-engine-resource/asset/lux-engine-resource-asset-import.cmake
-- Installing: E:/SyncForder/CodeRepos/install/q/t/lib/lux_engine_asset.lib
-- Installing: E:/SyncForder/CodeRepos/install/q/t/bin/lux_engine_asset.dll
-- Installing: E:/SyncForder/CodeRepos/install/q/t/share/lux-engine-resource/lux-engine-resource-config.cmake
-- Installing: E:/SyncForder/CodeRepos/install/q/t/share/lux-engine-resource/lux-engine-resource-config-version.cmake
-- Installing: E:/SyncForder/CodeRepos/install/q/t/share/lux-engine-resource/lux-engine-resource-available-components.cmake
-- Installing: E:/SyncForder/CodeRepos/install/q/t/bin/lux_shader_emitter.exe
-- Up-to-date: E:/SyncForder/CodeRepos/install/q/t/include
-- Up-to-date: E:/SyncForder/CodeRepos/install/q/t/include/lux
-- Up-to-date: E:/SyncForder/CodeRepos/install/q/t/include/lux/engine
-- Up-to-date: E:/SyncForder/CodeRepos/install/q/t/include/lux/engine/toolchain
-- Installing: E:/SyncForder/CodeRepos/install/q/t/include/lux/engine/toolchain/shader
-- Installing: E:/SyncForder/CodeRepos/install/q/t/include/lux/engine/toolchain/shader/lglsl
-- Installing: E:/SyncForder/CodeRepos/install/q/t/include/lux/engine/toolchain/shader/lglsl/LglslEmitter.hpp
-- Installing: E:/SyncForder/CodeRepos/install/q/t/share/lux-engine-toolchain-shader/toolchain_shader_emitter/lux-engine-toolchain-shader-toolchain_shader_emitter-config-targets.cmake
-- Installing: E:/SyncForder/CodeRepos/install/q/t/share/lux-engine-toolchain-shader/toolchain_shader_emitter/lux-engine-toolchain-shader-toolchain_shader_emitter-config-targets-relwithdebinfo.cmake
-- Installing: E:/SyncForder/CodeRepos/install/q/t/share/lux-engine-toolchain-shader/toolchain_shader_emitter/lux-engine-toolchain-shader-toolchain_shader_emitter-import.cmake
-- Installing: E:/SyncForder/CodeRepos/install/q/t/lib/lux_engine_toolchain_shader_emitter.lib
-- Installing: E:/SyncForder/CodeRepos/install/q/t/share/lux-engine-toolchain-shader/lux-engine-toolchain-shader-config.cmake
-- Installing: E:/SyncForder/CodeRepos/install/q/t/share/lux-engine-toolchain-shader/lux-engine-toolchain-shader-config-version.cmake
-- Installing: E:/SyncForder/CodeRepos/install/q/t/share/lux-engine-toolchain-shader/lux-engine-toolchain-shader-available-components.cmake
-- Up-to-date: E:/SyncForder/CodeRepos/install/q/t/include
-- Up-to-date: E:/SyncForder/CodeRepos/install/q/t/include/lux
-- Up-to-date: E:/SyncForder/CodeRepos/install/q/t/include/lux/engine
-- Up-to-date: E:/SyncForder/CodeRepos/install/q/t/include/lux/engine/material
-- Installing: E:/SyncForder/CodeRepos/install/q/t/include/lux/engine/material/Compiler.hpp
-- Installing: E:/SyncForder/CodeRepos/install/q/t/include/lux/engine/material/Cooker.hpp
-- Installing: E:/SyncForder/CodeRepos/install/q/t/include/lux/engine/material/ImportedMaterialDescription.hpp
-- Up-to-date: E:/SyncForder/CodeRepos/install/q/t/include
-- Up-to-date: E:/SyncForder/CodeRepos/install/q/t/include/lux
-- Up-to-date: E:/SyncForder/CodeRepos/install/q/t/include/lux/engine
-- Up-to-date: E:/SyncForder/CodeRepos/install/q/t/include/lux/engine/core
-- Up-to-date: E:/SyncForder/CodeRepos/install/q/t/include/lux/engine/core/visibility.h
-- Up-to-date: E:/SyncForder/CodeRepos/install/q/t/include/lux/engine/dynamic_library
-- Up-to-date: E:/SyncForder/CodeRepos/install/q/t/include/lux/engine/dynamic_library/visibility.h
-- Up-to-date: E:/SyncForder/CodeRepos/install/q/t/include/lux/engine/flowforge
-- Up-to-date: E:/SyncForder/CodeRepos/install/q/t/include/lux/engine/flowforge/compiler
-- Up-to-date: E:/SyncForder/CodeRepos/install/q/t/include/lux/engine/flowforge/compiler/visibility.h
-- Up-to-date: E:/SyncForder/CodeRepos/install/q/t/include/lux/engine/flowforge/visibility.h
-- Up-to-date: E:/SyncForder/CodeRepos/install/q/t/include/lux/engine/function
-- Up-to-date: E:/SyncForder/CodeRepos/install/q/t/include/lux/engine/function/graph
-- Up-to-date: E:/SyncForder/CodeRepos/install/q/t/include/lux/engine/function/graph/visibility.h
-- Up-to-date: E:/SyncForder/CodeRepos/install/q/t/include/lux/engine/function/render
-- Up-to-date: E:/SyncForder/CodeRepos/install/q/t/include/lux/engine/function/render/standard
-- Up-to-date: E:/SyncForder/CodeRepos/install/q/t/include/lux/engine/function/render/standard/content
-- Up-to-date: E:/SyncForder/CodeRepos/install/q/t/include/lux/engine/function/render/standard/content/visibility.h
-- Up-to-date: E:/SyncForder/CodeRepos/install/q/t/include/lux/engine/function/script
-- Up-to-date: E:/SyncForder/CodeRepos/install/q/t/include/lux/engine/function/script/artifact
-- Up-to-date: E:/SyncForder/CodeRepos/install/q/t/include/lux/engine/function/script/artifact/visibility.h
-- Up-to-date: E:/SyncForder/CodeRepos/install/q/t/include/lux/engine/function/visibility.h
-- Up-to-date: E:/SyncForder/CodeRepos/install/q/t/include/lux/engine/material
-- Up-to-date: E:/SyncForder/CodeRepos/install/q/t/include/lux/engine/material/compiler
-- Up-to-date: E:/SyncForder/CodeRepos/install/q/t/include/lux/engine/material/compiler/visibility.h
-- Up-to-date: E:/SyncForder/CodeRepos/install/q/t/include/lux/engine/material/cooker
-- Up-to-date: E:/SyncForder/CodeRepos/install/q/t/include/lux/engine/material/cooker/visibility.h
-- Up-to-date: E:/SyncForder/CodeRepos/install/q/t/include/lux/engine/material/graph
-- Up-to-date: E:/SyncForder/CodeRepos/install/q/t/include/lux/engine/material/graph/visibility.h
-- Up-to-date: E:/SyncForder/CodeRepos/install/q/t/include/lux/engine/physics2d
-- Up-to-date: E:/SyncForder/CodeRepos/install/q/t/include/lux/engine/physics2d/Physics2DComponents.ecs_schema.hpp
-- Up-to-date: E:/SyncForder/CodeRepos/install/q/t/include/lux/engine/physics2d/Physics2DComponents.ecs_snapshot.hpp
-- Up-to-date: E:/SyncForder/CodeRepos/install/q/t/include/lux/engine/physics2d/Physics2DComponents.type_static_info.hpp
-- Up-to-date: E:/SyncForder/CodeRepos/install/q/t/include/lux/engine/physics2d/visibility.h
-- Up-to-date: E:/SyncForder/CodeRepos/install/q/t/include/lux/engine/process
-- Up-to-date: E:/SyncForder/CodeRepos/install/q/t/include/lux/engine/process/asset_loading
-- Up-to-date: E:/SyncForder/CodeRepos/install/q/t/include/lux/engine/process/asset_loading/visibility.h
-- Up-to-date: E:/SyncForder/CodeRepos/install/q/t/include/lux/engine/process/visibility.h
-- Up-to-date: E:/SyncForder/CodeRepos/install/q/t/include/lux/engine/process/world_loading
-- Up-to-date: E:/SyncForder/CodeRepos/install/q/t/include/lux/engine/process/world_loading/visibility.h
-- Up-to-date: E:/SyncForder/CodeRepos/install/q/t/include/lux/engine/resource
-- Up-to-date: E:/SyncForder/CodeRepos/install/q/t/include/lux/engine/resource/asset
-- Up-to-date: E:/SyncForder/CodeRepos/install/q/t/include/lux/engine/resource/asset/visibility.h
-- Up-to-date: E:/SyncForder/CodeRepos/install/q/t/include/lux/engine/resource/visibility.h
-- Up-to-date: E:/SyncForder/CodeRepos/install/q/t/include/lux/engine/scene
-- Up-to-date: E:/SyncForder/CodeRepos/install/q/t/include/lux/engine/scene/asset
-- Up-to-date: E:/SyncForder/CodeRepos/install/q/t/include/lux/engine/scene/asset/visibility.h
-- Up-to-date: E:/SyncForder/CodeRepos/install/q/t/include/lux/engine/scene/description
-- Up-to-date: E:/SyncForder/CodeRepos/install/q/t/include/lux/engine/scene/description/visibility.h
-- Up-to-date: E:/SyncForder/CodeRepos/install/q/t/include/lux/engine/scene/meta
-- Up-to-date: E:/SyncForder/CodeRepos/install/q/t/include/lux/engine/scene/meta/visibility.h
-- Up-to-date: E:/SyncForder/CodeRepos/install/q/t/include/lux/engine/scene/render
-- Up-to-date: E:/SyncForder/CodeRepos/install/q/t/include/lux/engine/scene/render/visibility.h
-- Up-to-date: E:/SyncForder/CodeRepos/install/q/t/include/lux/engine/scene/script_runtime
-- Up-to-date: E:/SyncForder/CodeRepos/install/q/t/include/lux/engine/scene/script_runtime/visibility.h
-- Up-to-date: E:/SyncForder/CodeRepos/install/q/t/include/lux/engine/scene/visibility.h
-- Up-to-date: E:/SyncForder/CodeRepos/install/q/t/include/lux/engine/scene/world_materialization
-- Up-to-date: E:/SyncForder/CodeRepos/install/q/t/include/lux/engine/scene/world_materialization/visibility.h
-- Up-to-date: E:/SyncForder/CodeRepos/install/q/t/include/lux/engine/serialization
-- Up-to-date: E:/SyncForder/CodeRepos/install/q/t/include/lux/engine/serialization/visibility.h
-- Up-to-date: E:/SyncForder/CodeRepos/install/q/t/include/lux/engine/simulation
-- Up-to-date: E:/SyncForder/CodeRepos/install/q/t/include/lux/engine/simulation/asset
-- Up-to-date: E:/SyncForder/CodeRepos/install/q/t/include/lux/engine/simulation/asset/visibility.h
-- Up-to-date: E:/SyncForder/CodeRepos/install/q/t/include/lux/engine/simulation/composition
-- Up-to-date: E:/SyncForder/CodeRepos/install/q/t/include/lux/engine/simulation/composition/visibility.h
-- Up-to-date: E:/SyncForder/CodeRepos/install/q/t/include/lux/engine/simulation/description
-- Up-to-date: E:/SyncForder/CodeRepos/install/q/t/include/lux/engine/simulation/description/visibility.h
-- Up-to-date: E:/SyncForder/CodeRepos/install/q/t/include/lux/engine/simulation/ecs
-- Up-to-date: E:/SyncForder/CodeRepos/install/q/t/include/lux/engine/simulation/ecs/core
-- Up-to-date: E:/SyncForder/CodeRepos/install/q/t/include/lux/engine/simulation/ecs/core/visibility.h
-- Up-to-date: E:/SyncForder/CodeRepos/install/q/t/include/lux/engine/simulation/ecs/hierarchy
-- Up-to-date: E:/SyncForder/CodeRepos/install/q/t/include/lux/engine/simulation/ecs/hierarchy/visibility.h
-- Up-to-date: E:/SyncForder/CodeRepos/install/q/t/include/lux/engine/simulation/ecs/Parent.ecs_schema.hpp
-- Up-to-date: E:/SyncForder/CodeRepos/install/q/t/include/lux/engine/simulation/ecs/Parent.ecs_snapshot.hpp
-- Up-to-date: E:/SyncForder/CodeRepos/install/q/t/include/lux/engine/simulation/ecs/Parent.type_static_info.hpp
-- Up-to-date: E:/SyncForder/CodeRepos/install/q/t/include/lux/engine/simulation/ecs/schema
-- Up-to-date: E:/SyncForder/CodeRepos/install/q/t/include/lux/engine/simulation/ecs/schema/visibility.h
-- Up-to-date: E:/SyncForder/CodeRepos/install/q/t/include/lux/engine/simulation/ecs/snapshot
-- Up-to-date: E:/SyncForder/CodeRepos/install/q/t/include/lux/engine/simulation/ecs/snapshot/visibility.h
-- Up-to-date: E:/SyncForder/CodeRepos/install/q/t/include/lux/engine/simulation/ecs/transform
-- Up-to-date: E:/SyncForder/CodeRepos/install/q/t/include/lux/engine/simulation/ecs/transform/visibility.h
-- Up-to-date: E:/SyncForder/CodeRepos/install/q/t/include/lux/engine/simulation/ecs/Transform.ecs_schema.hpp
-- Up-to-date: E:/SyncForder/CodeRepos/install/q/t/include/lux/engine/simulation/ecs/Transform.ecs_snapshot.hpp
-- Up-to-date: E:/SyncForder/CodeRepos/install/q/t/include/lux/engine/simulation/ecs/Transform.type_static_info.hpp
-- Up-to-date: E:/SyncForder/CodeRepos/install/q/t/include/lux/engine/simulation/ecs/visual
-- Up-to-date: E:/SyncForder/CodeRepos/install/q/t/include/lux/engine/simulation/ecs/visual/visibility.h
-- Up-to-date: E:/SyncForder/CodeRepos/install/q/t/include/lux/engine/simulation/ecs/Visual.ecs_schema.hpp
-- Up-to-date: E:/SyncForder/CodeRepos/install/q/t/include/lux/engine/simulation/ecs/Visual.ecs_snapshot.hpp
-- Up-to-date: E:/SyncForder/CodeRepos/install/q/t/include/lux/engine/simulation/ecs/Visual.type_static_info.hpp
-- Up-to-date: E:/SyncForder/CodeRepos/install/q/t/include/lux/engine/simulation/scripting
-- Up-to-date: E:/SyncForder/CodeRepos/install/q/t/include/lux/engine/simulation/scripting/cpp_static
-- Up-to-date: E:/SyncForder/CodeRepos/install/q/t/include/lux/engine/simulation/scripting/cpp_static/visibility.h
-- Up-to-date: E:/SyncForder/CodeRepos/install/q/t/include/lux/engine/simulation/scripting/native
-- Up-to-date: E:/SyncForder/CodeRepos/install/q/t/include/lux/engine/simulation/scripting/native/visibility.h
-- Up-to-date: E:/SyncForder/CodeRepos/install/q/t/include/lux/engine/simulation/script_system
-- Up-to-date: E:/SyncForder/CodeRepos/install/q/t/include/lux/engine/simulation/script_system/visibility.h
-- Up-to-date: E:/SyncForder/CodeRepos/install/q/t/include/lux/engine/simulation/system
-- Up-to-date: E:/SyncForder/CodeRepos/install/q/t/include/lux/engine/simulation/system/visibility.h
-- Up-to-date: E:/SyncForder/CodeRepos/install/q/t/include/lux/engine/simulation/transform_system
-- Up-to-date: E:/SyncForder/CodeRepos/install/q/t/include/lux/engine/simulation/transform_system/visibility.h
-- Up-to-date: E:/SyncForder/CodeRepos/install/q/t/include/lux/engine/spatial
-- Up-to-date: E:/SyncForder/CodeRepos/install/q/t/include/lux/engine/spatial/spatial2d
-- Up-to-date: E:/SyncForder/CodeRepos/install/q/t/include/lux/engine/spatial/spatial2d/visibility.h
-- Up-to-date: E:/SyncForder/CodeRepos/install/q/t/include/lux/engine/spatial/spatial3d
-- Up-to-date: E:/SyncForder/CodeRepos/install/q/t/include/lux/engine/spatial/spatial3d/visibility.h
-- Up-to-date: E:/SyncForder/CodeRepos/install/q/t/include/lux/engine/system
-- Up-to-date: E:/SyncForder/CodeRepos/install/q/t/include/lux/engine/system/description
-- Up-to-date: E:/SyncForder/CodeRepos/install/q/t/include/lux/engine/system/description/visibility.h
-- Up-to-date: E:/SyncForder/CodeRepos/install/q/t/include/lux/engine/system/identity
-- Up-to-date: E:/SyncForder/CodeRepos/install/q/t/include/lux/engine/system/identity/visibility.h
-- Up-to-date: E:/SyncForder/CodeRepos/install/q/t/include/lux/engine/task
-- Up-to-date: E:/SyncForder/CodeRepos/install/q/t/include/lux/engine/task/visibility.h
-- Up-to-date: E:/SyncForder/CodeRepos/install/q/t/include/lux/engine/toolchain
-- Up-to-date: E:/SyncForder/CodeRepos/install/q/t/include/lux/engine/toolchain/asset
-- Up-to-date: E:/SyncForder/CodeRepos/install/q/t/include/lux/engine/toolchain/asset/model
-- Up-to-date: E:/SyncForder/CodeRepos/install/q/t/include/lux/engine/toolchain/asset/model/visibility.h
-- Up-to-date: E:/SyncForder/CodeRepos/install/q/t/include/lux/engine/toolchain/asset/shader
-- Up-to-date: E:/SyncForder/CodeRepos/install/q/t/include/lux/engine/toolchain/asset/shader/visibility.h
-- Up-to-date: E:/SyncForder/CodeRepos/install/q/t/include/lux/engine/toolchain/asset/texture
-- Up-to-date: E:/SyncForder/CodeRepos/install/q/t/include/lux/engine/toolchain/asset/texture/visibility.h
-- Up-to-date: E:/SyncForder/CodeRepos/install/q/t/include/lux/engine/world
-- Up-to-date: E:/SyncForder/CodeRepos/install/q/t/include/lux/engine/world/asset
-- Up-to-date: E:/SyncForder/CodeRepos/install/q/t/include/lux/engine/world/asset/visibility.h
-- Up-to-date: E:/SyncForder/CodeRepos/install/q/t/include/lux/engine/world/description
-- Up-to-date: E:/SyncForder/CodeRepos/install/q/t/include/lux/engine/world/description/visibility.h
-- Up-to-date: E:/SyncForder/CodeRepos/install/q/t/include/lux/engine/world/partition
-- Up-to-date: E:/SyncForder/CodeRepos/install/q/t/include/lux/engine/world/partition/visibility.h
-- Up-to-date: E:/SyncForder/CodeRepos/install/q/t/include/lux/engine/world/storage
-- Up-to-date: E:/SyncForder/CodeRepos/install/q/t/include/lux/engine/world/storage/visibility.h
-- Up-to-date: E:/SyncForder/CodeRepos/install/q/t/include/test
-- Installing: E:/SyncForder/CodeRepos/install/q/t/share/lux-engine-toolchain-material/toolchain_material_compiler/lux-engine-toolchain-material-toolchain_material_compiler-config-targets.cmake
-- Installing: E:/SyncForder/CodeRepos/install/q/t/share/lux-engine-toolchain-material/toolchain_material_compiler/lux-engine-toolchain-material-toolchain_material_compiler-config-targets-relwithdebinfo.cmake
-- Installing: E:/SyncForder/CodeRepos/install/q/t/share/lux-engine-toolchain-material/toolchain_material_compiler/lux-engine-toolchain-material-toolchain_material_compiler-import.cmake
-- Installing: E:/SyncForder/CodeRepos/install/q/t/lib/lux_engine_toolchain_material_compiler.lib
-- Installing: E:/SyncForder/CodeRepos/install/q/t/bin/lux_engine_toolchain_material_compiler.dll
-- Up-to-date: E:/SyncForder/CodeRepos/install/q/t/include
-- Up-to-date: E:/SyncForder/CodeRepos/install/q/t/include/lux
-- Up-to-date: E:/SyncForder/CodeRepos/install/q/t/include/lux/engine
-- Up-to-date: E:/SyncForder/CodeRepos/install/q/t/include/lux/engine/material
-- Up-to-date: E:/SyncForder/CodeRepos/install/q/t/include/lux/engine/material/Compiler.hpp
-- Up-to-date: E:/SyncForder/CodeRepos/install/q/t/include/lux/engine/material/Cooker.hpp
-- Up-to-date: E:/SyncForder/CodeRepos/install/q/t/include/lux/engine/material/ImportedMaterialDescription.hpp
-- Up-to-date: E:/SyncForder/CodeRepos/install/q/t/include
-- Up-to-date: E:/SyncForder/CodeRepos/install/q/t/include/lux
-- Up-to-date: E:/SyncForder/CodeRepos/install/q/t/include/lux/engine
-- Up-to-date: E:/SyncForder/CodeRepos/install/q/t/include/lux/engine/core
-- Up-to-date: E:/SyncForder/CodeRepos/install/q/t/include/lux/engine/core/visibility.h
-- Up-to-date: E:/SyncForder/CodeRepos/install/q/t/include/lux/engine/dynamic_library
-- Up-to-date: E:/SyncForder/CodeRepos/install/q/t/include/lux/engine/dynamic_library/visibility.h
-- Up-to-date: E:/SyncForder/CodeRepos/install/q/t/include/lux/engine/flowforge
-- Up-to-date: E:/SyncForder/CodeRepos/install/q/t/include/lux/engine/flowforge/compiler
-- Up-to-date: E:/SyncForder/CodeRepos/install/q/t/include/lux/engine/flowforge/compiler/visibility.h
-- Up-to-date: E:/SyncForder/CodeRepos/install/q/t/include/lux/engine/flowforge/visibility.h
-- Up-to-date: E:/SyncForder/CodeRepos/install/q/t/include/lux/engine/function
-- Up-to-date: E:/SyncForder/CodeRepos/install/q/t/include/lux/engine/function/graph
-- Up-to-date: E:/SyncForder/CodeRepos/install/q/t/include/lux/engine/function/graph/visibility.h
-- Up-to-date: E:/SyncForder/CodeRepos/install/q/t/include/lux/engine/function/render
-- Up-to-date: E:/SyncForder/CodeRepos/install/q/t/include/lux/engine/function/render/standard
-- Up-to-date: E:/SyncForder/CodeRepos/install/q/t/include/lux/engine/function/render/standard/content
-- Up-to-date: E:/SyncForder/CodeRepos/install/q/t/include/lux/engine/function/render/standard/content/visibility.h
-- Up-to-date: E:/SyncForder/CodeRepos/install/q/t/include/lux/engine/function/script
-- Up-to-date: E:/SyncForder/CodeRepos/install/q/t/include/lux/engine/function/script/artifact
-- Up-to-date: E:/SyncForder/CodeRepos/install/q/t/include/lux/engine/function/script/artifact/visibility.h
-- Up-to-date: E:/SyncForder/CodeRepos/install/q/t/include/lux/engine/function/visibility.h
-- Up-to-date: E:/SyncForder/CodeRepos/install/q/t/include/lux/engine/material
-- Up-to-date: E:/SyncForder/CodeRepos/install/q/t/include/lux/engine/material/compiler
-- Up-to-date: E:/SyncForder/CodeRepos/install/q/t/include/lux/engine/material/compiler/visibility.h
-- Up-to-date: E:/SyncForder/CodeRepos/install/q/t/include/lux/engine/material/cooker
-- Up-to-date: E:/SyncForder/CodeRepos/install/q/t/include/lux/engine/material/cooker/visibility.h
-- Up-to-date: E:/SyncForder/CodeRepos/install/q/t/include/lux/engine/material/graph
-- Up-to-date: E:/SyncForder/CodeRepos/install/q/t/include/lux/engine/material/graph/visibility.h
-- Up-to-date: E:/SyncForder/CodeRepos/install/q/t/include/lux/engine/physics2d
-- Up-to-date: E:/SyncForder/CodeRepos/install/q/t/include/lux/engine/physics2d/Physics2DComponents.ecs_schema.hpp
-- Up-to-date: E:/SyncForder/CodeRepos/install/q/t/include/lux/engine/physics2d/Physics2DComponents.ecs_snapshot.hpp
-- Up-to-date: E:/SyncForder/CodeRepos/install/q/t/include/lux/engine/physics2d/Physics2DComponents.type_static_info.hpp
-- Up-to-date: E:/SyncForder/CodeRepos/install/q/t/include/lux/engine/physics2d/visibility.h
-- Up-to-date: E:/SyncForder/CodeRepos/install/q/t/include/lux/engine/process
-- Up-to-date: E:/SyncForder/CodeRepos/install/q/t/include/lux/engine/process/asset_loading
-- Up-to-date: E:/SyncForder/CodeRepos/install/q/t/include/lux/engine/process/asset_loading/visibility.h
-- Up-to-date: E:/SyncForder/CodeRepos/install/q/t/include/lux/engine/process/visibility.h
-- Up-to-date: E:/SyncForder/CodeRepos/install/q/t/include/lux/engine/process/world_loading
-- Up-to-date: E:/SyncForder/CodeRepos/install/q/t/include/lux/engine/process/world_loading/visibility.h
-- Up-to-date: E:/SyncForder/CodeRepos/install/q/t/include/lux/engine/resource
-- Up-to-date: E:/SyncForder/CodeRepos/install/q/t/include/lux/engine/resource/asset
-- Up-to-date: E:/SyncForder/CodeRepos/install/q/t/include/lux/engine/resource/asset/visibility.h
-- Up-to-date: E:/SyncForder/CodeRepos/install/q/t/include/lux/engine/resource/visibility.h
-- Up-to-date: E:/SyncForder/CodeRepos/install/q/t/include/lux/engine/scene
-- Up-to-date: E:/SyncForder/CodeRepos/install/q/t/include/lux/engine/scene/asset
-- Up-to-date: E:/SyncForder/CodeRepos/install/q/t/include/lux/engine/scene/asset/visibility.h
-- Up-to-date: E:/SyncForder/CodeRepos/install/q/t/include/lux/engine/scene/description
-- Up-to-date: E:/SyncForder/CodeRepos/install/q/t/include/lux/engine/scene/description/visibility.h
-- Up-to-date: E:/SyncForder/CodeRepos/install/q/t/include/lux/engine/scene/meta
-- Up-to-date: E:/SyncForder/CodeRepos/install/q/t/include/lux/engine/scene/meta/visibility.h
-- Up-to-date: E:/SyncForder/CodeRepos/install/q/t/include/lux/engine/scene/render
-- Up-to-date: E:/SyncForder/CodeRepos/install/q/t/include/lux/engine/scene/render/visibility.h
-- Up-to-date: E:/SyncForder/CodeRepos/install/q/t/include/lux/engine/scene/script_runtime
-- Up-to-date: E:/SyncForder/CodeRepos/install/q/t/include/lux/engine/scene/script_runtime/visibility.h
-- Up-to-date: E:/SyncForder/CodeRepos/install/q/t/include/lux/engine/scene/visibility.h
-- Up-to-date: E:/SyncForder/CodeRepos/install/q/t/include/lux/engine/scene/world_materialization
-- Up-to-date: E:/SyncForder/CodeRepos/install/q/t/include/lux/engine/scene/world_materialization/visibility.h
-- Up-to-date: E:/SyncForder/CodeRepos/install/q/t/include/lux/engine/serialization
-- Up-to-date: E:/SyncForder/CodeRepos/install/q/t/include/lux/engine/serialization/visibility.h
-- Up-to-date: E:/SyncForder/CodeRepos/install/q/t/include/lux/engine/simulation
-- Up-to-date: E:/SyncForder/CodeRepos/install/q/t/include/lux/engine/simulation/asset
-- Up-to-date: E:/SyncForder/CodeRepos/install/q/t/include/lux/engine/simulation/asset/visibility.h
-- Up-to-date: E:/SyncForder/CodeRepos/install/q/t/include/lux/engine/simulation/composition
-- Up-to-date: E:/SyncForder/CodeRepos/install/q/t/include/lux/engine/simulation/composition/visibility.h
-- Up-to-date: E:/SyncForder/CodeRepos/install/q/t/include/lux/engine/simulation/description
-- Up-to-date: E:/SyncForder/CodeRepos/install/q/t/include/lux/engine/simulation/description/visibility.h
-- Up-to-date: E:/SyncForder/CodeRepos/install/q/t/include/lux/engine/simulation/ecs
-- Up-to-date: E:/SyncForder/CodeRepos/install/q/t/include/lux/engine/simulation/ecs/core
-- Up-to-date: E:/SyncForder/CodeRepos/install/q/t/include/lux/engine/simulation/ecs/core/visibility.h
-- Up-to-date: E:/SyncForder/CodeRepos/install/q/t/include/lux/engine/simulation/ecs/hierarchy
-- Up-to-date: E:/SyncForder/CodeRepos/install/q/t/include/lux/engine/simulation/ecs/hierarchy/visibility.h
-- Up-to-date: E:/SyncForder/CodeRepos/install/q/t/include/lux/engine/simulation/ecs/Parent.ecs_schema.hpp
-- Up-to-date: E:/SyncForder/CodeRepos/install/q/t/include/lux/engine/simulation/ecs/Parent.ecs_snapshot.hpp
-- Up-to-date: E:/SyncForder/CodeRepos/install/q/t/include/lux/engine/simulation/ecs/Parent.type_static_info.hpp
-- Up-to-date: E:/SyncForder/CodeRepos/install/q/t/include/lux/engine/simulation/ecs/schema
-- Up-to-date: E:/SyncForder/CodeRepos/install/q/t/include/lux/engine/simulation/ecs/schema/visibility.h
-- Up-to-date: E:/SyncForder/CodeRepos/install/q/t/include/lux/engine/simulation/ecs/snapshot
-- Up-to-date: E:/SyncForder/CodeRepos/install/q/t/include/lux/engine/simulation/ecs/snapshot/visibility.h
-- Up-to-date: E:/SyncForder/CodeRepos/install/q/t/include/lux/engine/simulation/ecs/transform
-- Up-to-date: E:/SyncForder/CodeRepos/install/q/t/include/lux/engine/simulation/ecs/transform/visibility.h
-- Up-to-date: E:/SyncForder/CodeRepos/install/q/t/include/lux/engine/simulation/ecs/Transform.ecs_schema.hpp
-- Up-to-date: E:/SyncForder/CodeRepos/install/q/t/include/lux/engine/simulation/ecs/Transform.ecs_snapshot.hpp
-- Up-to-date: E:/SyncForder/CodeRepos/install/q/t/include/lux/engine/simulation/ecs/Transform.type_static_info.hpp
-- Up-to-date: E:/SyncForder/CodeRepos/install/q/t/include/lux/engine/simulation/ecs/visual
-- Up-to-date: E:/SyncForder/CodeRepos/install/q/t/include/lux/engine/simulation/ecs/visual/visibility.h
-- Up-to-date: E:/SyncForder/CodeRepos/install/q/t/include/lux/engine/simulation/ecs/Visual.ecs_schema.hpp
-- Up-to-date: E:/SyncForder/CodeRepos/install/q/t/include/lux/engine/simulation/ecs/Visual.ecs_snapshot.hpp
-- Up-to-date: E:/SyncForder/CodeRepos/install/q/t/include/lux/engine/simulation/ecs/Visual.type_static_info.hpp
-- Up-to-date: E:/SyncForder/CodeRepos/install/q/t/include/lux/engine/simulation/scripting
-- Up-to-date: E:/SyncForder/CodeRepos/install/q/t/include/lux/engine/simulation/scripting/cpp_static
-- Up-to-date: E:/SyncForder/CodeRepos/install/q/t/include/lux/engine/simulation/scripting/cpp_static/visibility.h
-- Up-to-date: E:/SyncForder/CodeRepos/install/q/t/include/lux/engine/simulation/scripting/native
-- Up-to-date: E:/SyncForder/CodeRepos/install/q/t/include/lux/engine/simulation/scripting/native/visibility.h
-- Up-to-date: E:/SyncForder/CodeRepos/install/q/t/include/lux/engine/simulation/script_system
-- Up-to-date: E:/SyncForder/CodeRepos/install/q/t/include/lux/engine/simulation/script_system/visibility.h
-- Up-to-date: E:/SyncForder/CodeRepos/install/q/t/include/lux/engine/simulation/system
-- Up-to-date: E:/SyncForder/CodeRepos/install/q/t/include/lux/engine/simulation/system/visibility.h
-- Up-to-date: E:/SyncForder/CodeRepos/install/q/t/include/lux/engine/simulation/transform_system
-- Up-to-date: E:/SyncForder/CodeRepos/install/q/t/include/lux/engine/simulation/transform_system/visibility.h
-- Up-to-date: E:/SyncForder/CodeRepos/install/q/t/include/lux/engine/spatial
-- Up-to-date: E:/SyncForder/CodeRepos/install/q/t/include/lux/engine/spatial/spatial2d
-- Up-to-date: E:/SyncForder/CodeRepos/install/q/t/include/lux/engine/spatial/spatial2d/visibility.h
-- Up-to-date: E:/SyncForder/CodeRepos/install/q/t/include/lux/engine/spatial/spatial3d
-- Up-to-date: E:/SyncForder/CodeRepos/install/q/t/include/lux/engine/spatial/spatial3d/visibility.h
-- Up-to-date: E:/SyncForder/CodeRepos/install/q/t/include/lux/engine/system
-- Up-to-date: E:/SyncForder/CodeRepos/install/q/t/include/lux/engine/system/description
-- Up-to-date: E:/SyncForder/CodeRepos/install/q/t/include/lux/engine/system/description/visibility.h
-- Up-to-date: E:/SyncForder/CodeRepos/install/q/t/include/lux/engine/system/identity
-- Up-to-date: E:/SyncForder/CodeRepos/install/q/t/include/lux/engine/system/identity/visibility.h
-- Up-to-date: E:/SyncForder/CodeRepos/install/q/t/include/lux/engine/task
-- Up-to-date: E:/SyncForder/CodeRepos/install/q/t/include/lux/engine/task/visibility.h
-- Up-to-date: E:/SyncForder/CodeRepos/install/q/t/include/lux/engine/toolchain
-- Up-to-date: E:/SyncForder/CodeRepos/install/q/t/include/lux/engine/toolchain/asset
-- Up-to-date: E:/SyncForder/CodeRepos/install/q/t/include/lux/engine/toolchain/asset/model
-- Up-to-date: E:/SyncForder/CodeRepos/install/q/t/include/lux/engine/toolchain/asset/model/visibility.h
-- Up-to-date: E:/SyncForder/CodeRepos/install/q/t/include/lux/engine/toolchain/asset/shader
-- Up-to-date: E:/SyncForder/CodeRepos/install/q/t/include/lux/engine/toolchain/asset/shader/visibility.h
-- Up-to-date: E:/SyncForder/CodeRepos/install/q/t/include/lux/engine/toolchain/asset/texture
-- Up-to-date: E:/SyncForder/CodeRepos/install/q/t/include/lux/engine/toolchain/asset/texture/visibility.h
-- Up-to-date: E:/SyncForder/CodeRepos/install/q/t/include/lux/engine/world
-- Up-to-date: E:/SyncForder/CodeRepos/install/q/t/include/lux/engine/world/asset
-- Up-to-date: E:/SyncForder/CodeRepos/install/q/t/include/lux/engine/world/asset/visibility.h
-- Up-to-date: E:/SyncForder/CodeRepos/install/q/t/include/lux/engine/world/description
-- Up-to-date: E:/SyncForder/CodeRepos/install/q/t/include/lux/engine/world/description/visibility.h
-- Up-to-date: E:/SyncForder/CodeRepos/install/q/t/include/lux/engine/world/partition
-- Up-to-date: E:/SyncForder/CodeRepos/install/q/t/include/lux/engine/world/partition/visibility.h
-- Up-to-date: E:/SyncForder/CodeRepos/install/q/t/include/lux/engine/world/storage
-- Up-to-date: E:/SyncForder/CodeRepos/install/q/t/include/lux/engine/world/storage/visibility.h
-- Up-to-date: E:/SyncForder/CodeRepos/install/q/t/include/test
-- Installing: E:/SyncForder/CodeRepos/install/q/t/share/lux-engine-toolchain-material/toolchain_material_cooker/lux-engine-toolchain-material-toolchain_material_cooker-config-targets.cmake
-- Installing: E:/SyncForder/CodeRepos/install/q/t/share/lux-engine-toolchain-material/toolchain_material_cooker/lux-engine-toolchain-material-toolchain_material_cooker-config-targets-relwithdebinfo.cmake
-- Installing: E:/SyncForder/CodeRepos/install/q/t/share/lux-engine-toolchain-material/toolchain_material_cooker/lux-engine-toolchain-material-toolchain_material_cooker-import.cmake
-- Installing: E:/SyncForder/CodeRepos/install/q/t/lib/lux_engine_toolchain_material_cooker.lib
-- Installing: E:/SyncForder/CodeRepos/install/q/t/share/lux-engine-toolchain-material/lux-engine-toolchain-material-config.cmake
-- Installing: E:/SyncForder/CodeRepos/install/q/t/share/lux-engine-toolchain-material/lux-engine-toolchain-material-config-version.cmake
-- Installing: E:/SyncForder/CodeRepos/install/q/t/share/lux-engine-toolchain-material/lux-engine-toolchain-material-available-components.cmake
-- Installing: E:/SyncForder/CodeRepos/install/q/t/bin/poly2tri.dll
-- Installing: E:/SyncForder/CodeRepos/install/q/t/bin/minizip.dll
-- Installing: E:/SyncForder/CodeRepos/install/q/t/bin/zlib1.dll
-- Installing: E:/SyncForder/CodeRepos/install/q/t/bin/kubazip.dll
-- Installing: E:/SyncForder/CodeRepos/install/q/t/bin/pugixml.dll
-- Installing: E:/SyncForder/CodeRepos/install/q/t/bin/lux_asset_packer.exe
-- Up-to-date: E:/SyncForder/CodeRepos/install/q/t/bin/lux_engine_asset.dll
-- Up-to-date: E:/SyncForder/CodeRepos/install/q/t/bin/lux_engine_core_serialization.dll
-- Up-to-date: E:/SyncForder/CodeRepos/install/q/t/bin/lux_engine_toolchain_material_compiler.dll
-- Installing: E:/SyncForder/CodeRepos/install/q/t/bin/lux_engine_function_material_graph.dll
-- Up-to-date: E:/SyncForder/CodeRepos/install/q/t/bin/description.dll
-- Installing: E:/SyncForder/CodeRepos/install/q/t/bin/lux_engine_function_script_core.dll
-- Installing: E:/SyncForder/CodeRepos/install/q/t/bin/lux_engine_function_graph.dll
-- Installing: E:/SyncForder/CodeRepos/install/q/t/bin/assimp-vc143-mt.dll
-- Installing: E:/SyncForder/CodeRepos/install/q/t/bin/meshoptimizer.dll
-- Up-to-date: E:/SyncForder/CodeRepos/install/q/t/include
-- Up-to-date: E:/SyncForder/CodeRepos/install/q/t/include/lux
-- Up-to-date: E:/SyncForder/CodeRepos/install/q/t/include/lux/engine
-- Up-to-date: E:/SyncForder/CodeRepos/install/q/t/include/lux/engine/toolchain
-- Up-to-date: E:/SyncForder/CodeRepos/install/q/t/include/lux/engine/toolchain/asset
-- Up-to-date: E:/SyncForder/CodeRepos/install/q/t/include/lux/engine/toolchain/asset/shader
-- Installing: E:/SyncForder/CodeRepos/install/q/t/include/lux/engine/toolchain/asset/shader/ShaderCooker.hpp
-- Up-to-date: E:/SyncForder/CodeRepos/install/q/t/include
-- Up-to-date: E:/SyncForder/CodeRepos/install/q/t/include/lux
-- Up-to-date: E:/SyncForder/CodeRepos/install/q/t/include/lux/engine
-- Up-to-date: E:/SyncForder/CodeRepos/install/q/t/include/lux/engine/core
-- Up-to-date: E:/SyncForder/CodeRepos/install/q/t/include/lux/engine/core/visibility.h
-- Up-to-date: E:/SyncForder/CodeRepos/install/q/t/include/lux/engine/dynamic_library
-- Up-to-date: E:/SyncForder/CodeRepos/install/q/t/include/lux/engine/dynamic_library/visibility.h
-- Up-to-date: E:/SyncForder/CodeRepos/install/q/t/include/lux/engine/flowforge
-- Up-to-date: E:/SyncForder/CodeRepos/install/q/t/include/lux/engine/flowforge/compiler
-- Up-to-date: E:/SyncForder/CodeRepos/install/q/t/include/lux/engine/flowforge/compiler/visibility.h
-- Up-to-date: E:/SyncForder/CodeRepos/install/q/t/include/lux/engine/flowforge/visibility.h
-- Up-to-date: E:/SyncForder/CodeRepos/install/q/t/include/lux/engine/function
-- Up-to-date: E:/SyncForder/CodeRepos/install/q/t/include/lux/engine/function/graph
-- Up-to-date: E:/SyncForder/CodeRepos/install/q/t/include/lux/engine/function/graph/visibility.h
-- Up-to-date: E:/SyncForder/CodeRepos/install/q/t/include/lux/engine/function/render
-- Up-to-date: E:/SyncForder/CodeRepos/install/q/t/include/lux/engine/function/render/standard
-- Up-to-date: E:/SyncForder/CodeRepos/install/q/t/include/lux/engine/function/render/standard/content
-- Up-to-date: E:/SyncForder/CodeRepos/install/q/t/include/lux/engine/function/render/standard/content/visibility.h
-- Up-to-date: E:/SyncForder/CodeRepos/install/q/t/include/lux/engine/function/script
-- Up-to-date: E:/SyncForder/CodeRepos/install/q/t/include/lux/engine/function/script/artifact
-- Up-to-date: E:/SyncForder/CodeRepos/install/q/t/include/lux/engine/function/script/artifact/visibility.h
-- Up-to-date: E:/SyncForder/CodeRepos/install/q/t/include/lux/engine/function/visibility.h
-- Up-to-date: E:/SyncForder/CodeRepos/install/q/t/include/lux/engine/material
-- Up-to-date: E:/SyncForder/CodeRepos/install/q/t/include/lux/engine/material/compiler
-- Up-to-date: E:/SyncForder/CodeRepos/install/q/t/include/lux/engine/material/compiler/visibility.h
-- Up-to-date: E:/SyncForder/CodeRepos/install/q/t/include/lux/engine/material/cooker
-- Up-to-date: E:/SyncForder/CodeRepos/install/q/t/include/lux/engine/material/cooker/visibility.h
-- Up-to-date: E:/SyncForder/CodeRepos/install/q/t/include/lux/engine/material/graph
-- Up-to-date: E:/SyncForder/CodeRepos/install/q/t/include/lux/engine/material/graph/visibility.h
-- Up-to-date: E:/SyncForder/CodeRepos/install/q/t/include/lux/engine/physics2d
-- Up-to-date: E:/SyncForder/CodeRepos/install/q/t/include/lux/engine/physics2d/Physics2DComponents.ecs_schema.hpp
-- Up-to-date: E:/SyncForder/CodeRepos/install/q/t/include/lux/engine/physics2d/Physics2DComponents.ecs_snapshot.hpp
-- Up-to-date: E:/SyncForder/CodeRepos/install/q/t/include/lux/engine/physics2d/Physics2DComponents.type_static_info.hpp
-- Up-to-date: E:/SyncForder/CodeRepos/install/q/t/include/lux/engine/physics2d/visibility.h
-- Up-to-date: E:/SyncForder/CodeRepos/install/q/t/include/lux/engine/process
-- Up-to-date: E:/SyncForder/CodeRepos/install/q/t/include/lux/engine/process/asset_loading
-- Up-to-date: E:/SyncForder/CodeRepos/install/q/t/include/lux/engine/process/asset_loading/visibility.h
-- Up-to-date: E:/SyncForder/CodeRepos/install/q/t/include/lux/engine/process/visibility.h
-- Up-to-date: E:/SyncForder/CodeRepos/install/q/t/include/lux/engine/process/world_loading
-- Up-to-date: E:/SyncForder/CodeRepos/install/q/t/include/lux/engine/process/world_loading/visibility.h
-- Up-to-date: E:/SyncForder/CodeRepos/install/q/t/include/lux/engine/resource
-- Up-to-date: E:/SyncForder/CodeRepos/install/q/t/include/lux/engine/resource/asset
-- Up-to-date: E:/SyncForder/CodeRepos/install/q/t/include/lux/engine/resource/asset/visibility.h
-- Up-to-date: E:/SyncForder/CodeRepos/install/q/t/include/lux/engine/resource/visibility.h
-- Up-to-date: E:/SyncForder/CodeRepos/install/q/t/include/lux/engine/scene
-- Up-to-date: E:/SyncForder/CodeRepos/install/q/t/include/lux/engine/scene/asset
-- Up-to-date: E:/SyncForder/CodeRepos/install/q/t/include/lux/engine/scene/asset/visibility.h
-- Up-to-date: E:/SyncForder/CodeRepos/install/q/t/include/lux/engine/scene/description
-- Up-to-date: E:/SyncForder/CodeRepos/install/q/t/include/lux/engine/scene/description/visibility.h
-- Up-to-date: E:/SyncForder/CodeRepos/install/q/t/include/lux/engine/scene/meta
-- Up-to-date: E:/SyncForder/CodeRepos/install/q/t/include/lux/engine/scene/meta/visibility.h
-- Up-to-date: E:/SyncForder/CodeRepos/install/q/t/include/lux/engine/scene/render
-- Up-to-date: E:/SyncForder/CodeRepos/install/q/t/include/lux/engine/scene/render/visibility.h
-- Up-to-date: E:/SyncForder/CodeRepos/install/q/t/include/lux/engine/scene/script_runtime
-- Up-to-date: E:/SyncForder/CodeRepos/install/q/t/include/lux/engine/scene/script_runtime/visibility.h
-- Up-to-date: E:/SyncForder/CodeRepos/install/q/t/include/lux/engine/scene/visibility.h
-- Up-to-date: E:/SyncForder/CodeRepos/install/q/t/include/lux/engine/scene/world_materialization
-- Up-to-date: E:/SyncForder/CodeRepos/install/q/t/include/lux/engine/scene/world_materialization/visibility.h
-- Up-to-date: E:/SyncForder/CodeRepos/install/q/t/include/lux/engine/serialization
-- Up-to-date: E:/SyncForder/CodeRepos/install/q/t/include/lux/engine/serialization/visibility.h
-- Up-to-date: E:/SyncForder/CodeRepos/install/q/t/include/lux/engine/simulation
-- Up-to-date: E:/SyncForder/CodeRepos/install/q/t/include/lux/engine/simulation/asset
-- Up-to-date: E:/SyncForder/CodeRepos/install/q/t/include/lux/engine/simulation/asset/visibility.h
-- Up-to-date: E:/SyncForder/CodeRepos/install/q/t/include/lux/engine/simulation/composition
-- Up-to-date: E:/SyncForder/CodeRepos/install/q/t/include/lux/engine/simulation/composition/visibility.h
-- Up-to-date: E:/SyncForder/CodeRepos/install/q/t/include/lux/engine/simulation/description
-- Up-to-date: E:/SyncForder/CodeRepos/install/q/t/include/lux/engine/simulation/description/visibility.h
-- Up-to-date: E:/SyncForder/CodeRepos/install/q/t/include/lux/engine/simulation/ecs
-- Up-to-date: E:/SyncForder/CodeRepos/install/q/t/include/lux/engine/simulation/ecs/core
-- Up-to-date: E:/SyncForder/CodeRepos/install/q/t/include/lux/engine/simulation/ecs/core/visibility.h
-- Up-to-date: E:/SyncForder/CodeRepos/install/q/t/include/lux/engine/simulation/ecs/hierarchy
-- Up-to-date: E:/SyncForder/CodeRepos/install/q/t/include/lux/engine/simulation/ecs/hierarchy/visibility.h
-- Up-to-date: E:/SyncForder/CodeRepos/install/q/t/include/lux/engine/simulation/ecs/Parent.ecs_schema.hpp
-- Up-to-date: E:/SyncForder/CodeRepos/install/q/t/include/lux/engine/simulation/ecs/Parent.ecs_snapshot.hpp
-- Up-to-date: E:/SyncForder/CodeRepos/install/q/t/include/lux/engine/simulation/ecs/Parent.type_static_info.hpp
-- Up-to-date: E:/SyncForder/CodeRepos/install/q/t/include/lux/engine/simulation/ecs/schema
-- Up-to-date: E:/SyncForder/CodeRepos/install/q/t/include/lux/engine/simulation/ecs/schema/visibility.h
-- Up-to-date: E:/SyncForder/CodeRepos/install/q/t/include/lux/engine/simulation/ecs/snapshot
-- Up-to-date: E:/SyncForder/CodeRepos/install/q/t/include/lux/engine/simulation/ecs/snapshot/visibility.h
-- Up-to-date: E:/SyncForder/CodeRepos/install/q/t/include/lux/engine/simulation/ecs/transform
-- Up-to-date: E:/SyncForder/CodeRepos/install/q/t/include/lux/engine/simulation/ecs/transform/visibility.h
-- Up-to-date: E:/SyncForder/CodeRepos/install/q/t/include/lux/engine/simulation/ecs/Transform.ecs_schema.hpp
-- Up-to-date: E:/SyncForder/CodeRepos/install/q/t/include/lux/engine/simulation/ecs/Transform.ecs_snapshot.hpp
-- Up-to-date: E:/SyncForder/CodeRepos/install/q/t/include/lux/engine/simulation/ecs/Transform.type_static_info.hpp
-- Up-to-date: E:/SyncForder/CodeRepos/install/q/t/include/lux/engine/simulation/ecs/visual
-- Up-to-date: E:/SyncForder/CodeRepos/install/q/t/include/lux/engine/simulation/ecs/visual/visibility.h
-- Up-to-date: E:/SyncForder/CodeRepos/install/q/t/include/lux/engine/simulation/ecs/Visual.ecs_schema.hpp
-- Up-to-date: E:/SyncForder/CodeRepos/install/q/t/include/lux/engine/simulation/ecs/Visual.ecs_snapshot.hpp
-- Up-to-date: E:/SyncForder/CodeRepos/install/q/t/include/lux/engine/simulation/ecs/Visual.type_static_info.hpp
-- Up-to-date: E:/SyncForder/CodeRepos/install/q/t/include/lux/engine/simulation/scripting
-- Up-to-date: E:/SyncForder/CodeRepos/install/q/t/include/lux/engine/simulation/scripting/cpp_static
-- Up-to-date: E:/SyncForder/CodeRepos/install/q/t/include/lux/engine/simulation/scripting/cpp_static/visibility.h
-- Up-to-date: E:/SyncForder/CodeRepos/install/q/t/include/lux/engine/simulation/scripting/native
-- Up-to-date: E:/SyncForder/CodeRepos/install/q/t/include/lux/engine/simulation/scripting/native/visibility.h
-- Up-to-date: E:/SyncForder/CodeRepos/install/q/t/include/lux/engine/simulation/script_system
-- Up-to-date: E:/SyncForder/CodeRepos/install/q/t/include/lux/engine/simulation/script_system/visibility.h
-- Up-to-date: E:/SyncForder/CodeRepos/install/q/t/include/lux/engine/simulation/system
-- Up-to-date: E:/SyncForder/CodeRepos/install/q/t/include/lux/engine/simulation/system/visibility.h
-- Up-to-date: E:/SyncForder/CodeRepos/install/q/t/include/lux/engine/simulation/transform_system
-- Up-to-date: E:/SyncForder/CodeRepos/install/q/t/include/lux/engine/simulation/transform_system/visibility.h
-- Up-to-date: E:/SyncForder/CodeRepos/install/q/t/include/lux/engine/spatial
-- Up-to-date: E:/SyncForder/CodeRepos/install/q/t/include/lux/engine/spatial/spatial2d
-- Up-to-date: E:/SyncForder/CodeRepos/install/q/t/include/lux/engine/spatial/spatial2d/visibility.h
-- Up-to-date: E:/SyncForder/CodeRepos/install/q/t/include/lux/engine/spatial/spatial3d
-- Up-to-date: E:/SyncForder/CodeRepos/install/q/t/include/lux/engine/spatial/spatial3d/visibility.h
-- Up-to-date: E:/SyncForder/CodeRepos/install/q/t/include/lux/engine/system
-- Up-to-date: E:/SyncForder/CodeRepos/install/q/t/include/lux/engine/system/description
-- Up-to-date: E:/SyncForder/CodeRepos/install/q/t/include/lux/engine/system/description/visibility.h
-- Up-to-date: E:/SyncForder/CodeRepos/install/q/t/include/lux/engine/system/identity
-- Up-to-date: E:/SyncForder/CodeRepos/install/q/t/include/lux/engine/system/identity/visibility.h
-- Up-to-date: E:/SyncForder/CodeRepos/install/q/t/include/lux/engine/task
-- Up-to-date: E:/SyncForder/CodeRepos/install/q/t/include/lux/engine/task/visibility.h
-- Up-to-date: E:/SyncForder/CodeRepos/install/q/t/include/lux/engine/toolchain
-- Up-to-date: E:/SyncForder/CodeRepos/install/q/t/include/lux/engine/toolchain/asset
-- Up-to-date: E:/SyncForder/CodeRepos/install/q/t/include/lux/engine/toolchain/asset/model
-- Up-to-date: E:/SyncForder/CodeRepos/install/q/t/include/lux/engine/toolchain/asset/model/visibility.h
-- Up-to-date: E:/SyncForder/CodeRepos/install/q/t/include/lux/engine/toolchain/asset/shader
-- Up-to-date: E:/SyncForder/CodeRepos/install/q/t/include/lux/engine/toolchain/asset/shader/visibility.h
-- Up-to-date: E:/SyncForder/CodeRepos/install/q/t/include/lux/engine/toolchain/asset/texture
-- Up-to-date: E:/SyncForder/CodeRepos/install/q/t/include/lux/engine/toolchain/asset/texture/visibility.h
-- Up-to-date: E:/SyncForder/CodeRepos/install/q/t/include/lux/engine/world
-- Up-to-date: E:/SyncForder/CodeRepos/install/q/t/include/lux/engine/world/asset
-- Up-to-date: E:/SyncForder/CodeRepos/install/q/t/include/lux/engine/world/asset/visibility.h
-- Up-to-date: E:/SyncForder/CodeRepos/install/q/t/include/lux/engine/world/description
-- Up-to-date: E:/SyncForder/CodeRepos/install/q/t/include/lux/engine/world/description/visibility.h
-- Up-to-date: E:/SyncForder/CodeRepos/install/q/t/include/lux/engine/world/partition
-- Up-to-date: E:/SyncForder/CodeRepos/install/q/t/include/lux/engine/world/partition/visibility.h
-- Up-to-date: E:/SyncForder/CodeRepos/install/q/t/include/lux/engine/world/storage
-- Up-to-date: E:/SyncForder/CodeRepos/install/q/t/include/lux/engine/world/storage/visibility.h
-- Up-to-date: E:/SyncForder/CodeRepos/install/q/t/include/test
-- Installing: E:/SyncForder/CodeRepos/install/q/t/share/lux-engine-toolchain-asset/toolchain_shader_asset_cooker/lux-engine-toolchain-asset-toolchain_shader_asset_cooker-config-targets.cmake
-- Installing: E:/SyncForder/CodeRepos/install/q/t/share/lux-engine-toolchain-asset/toolchain_shader_asset_cooker/lux-engine-toolchain-asset-toolchain_shader_asset_cooker-config-targets-relwithdebinfo.cmake
-- Installing: E:/SyncForder/CodeRepos/install/q/t/share/lux-engine-toolchain-asset/toolchain_shader_asset_cooker/lux-engine-toolchain-asset-toolchain_shader_asset_cooker-import.cmake
-- Installing: E:/SyncForder/CodeRepos/install/q/t/lib/lux_engine_toolchain_shader_asset_cooker.lib
-- Up-to-date: E:/SyncForder/CodeRepos/install/q/t/include
-- Up-to-date: E:/SyncForder/CodeRepos/install/q/t/include/lux
-- Up-to-date: E:/SyncForder/CodeRepos/install/q/t/include/lux/engine
-- Up-to-date: E:/SyncForder/CodeRepos/install/q/t/include/lux/engine/toolchain
-- Up-to-date: E:/SyncForder/CodeRepos/install/q/t/include/lux/engine/toolchain/asset
-- Up-to-date: E:/SyncForder/CodeRepos/install/q/t/include/lux/engine/toolchain/asset/texture
-- Installing: E:/SyncForder/CodeRepos/install/q/t/include/lux/engine/toolchain/asset/texture/TextureCooker.hpp
-- Up-to-date: E:/SyncForder/CodeRepos/install/q/t/include
-- Up-to-date: E:/SyncForder/CodeRepos/install/q/t/include/lux
-- Up-to-date: E:/SyncForder/CodeRepos/install/q/t/include/lux/engine
-- Up-to-date: E:/SyncForder/CodeRepos/install/q/t/include/lux/engine/core
-- Up-to-date: E:/SyncForder/CodeRepos/install/q/t/include/lux/engine/core/visibility.h
-- Up-to-date: E:/SyncForder/CodeRepos/install/q/t/include/lux/engine/dynamic_library
-- Up-to-date: E:/SyncForder/CodeRepos/install/q/t/include/lux/engine/dynamic_library/visibility.h
-- Up-to-date: E:/SyncForder/CodeRepos/install/q/t/include/lux/engine/flowforge
-- Up-to-date: E:/SyncForder/CodeRepos/install/q/t/include/lux/engine/flowforge/compiler
-- Up-to-date: E:/SyncForder/CodeRepos/install/q/t/include/lux/engine/flowforge/compiler/visibility.h
-- Up-to-date: E:/SyncForder/CodeRepos/install/q/t/include/lux/engine/flowforge/visibility.h
-- Up-to-date: E:/SyncForder/CodeRepos/install/q/t/include/lux/engine/function
-- Up-to-date: E:/SyncForder/CodeRepos/install/q/t/include/lux/engine/function/graph
-- Up-to-date: E:/SyncForder/CodeRepos/install/q/t/include/lux/engine/function/graph/visibility.h
-- Up-to-date: E:/SyncForder/CodeRepos/install/q/t/include/lux/engine/function/render
-- Up-to-date: E:/SyncForder/CodeRepos/install/q/t/include/lux/engine/function/render/standard
-- Up-to-date: E:/SyncForder/CodeRepos/install/q/t/include/lux/engine/function/render/standard/content
-- Up-to-date: E:/SyncForder/CodeRepos/install/q/t/include/lux/engine/function/render/standard/content/visibility.h
-- Up-to-date: E:/SyncForder/CodeRepos/install/q/t/include/lux/engine/function/script
-- Up-to-date: E:/SyncForder/CodeRepos/install/q/t/include/lux/engine/function/script/artifact
-- Up-to-date: E:/SyncForder/CodeRepos/install/q/t/include/lux/engine/function/script/artifact/visibility.h
-- Up-to-date: E:/SyncForder/CodeRepos/install/q/t/include/lux/engine/function/visibility.h
-- Up-to-date: E:/SyncForder/CodeRepos/install/q/t/include/lux/engine/material
-- Up-to-date: E:/SyncForder/CodeRepos/install/q/t/include/lux/engine/material/compiler
-- Up-to-date: E:/SyncForder/CodeRepos/install/q/t/include/lux/engine/material/compiler/visibility.h
-- Up-to-date: E:/SyncForder/CodeRepos/install/q/t/include/lux/engine/material/cooker
-- Up-to-date: E:/SyncForder/CodeRepos/install/q/t/include/lux/engine/material/cooker/visibility.h
-- Up-to-date: E:/SyncForder/CodeRepos/install/q/t/include/lux/engine/material/graph
-- Up-to-date: E:/SyncForder/CodeRepos/install/q/t/include/lux/engine/material/graph/visibility.h
-- Up-to-date: E:/SyncForder/CodeRepos/install/q/t/include/lux/engine/physics2d
-- Up-to-date: E:/SyncForder/CodeRepos/install/q/t/include/lux/engine/physics2d/Physics2DComponents.ecs_schema.hpp
-- Up-to-date: E:/SyncForder/CodeRepos/install/q/t/include/lux/engine/physics2d/Physics2DComponents.ecs_snapshot.hpp
-- Up-to-date: E:/SyncForder/CodeRepos/install/q/t/include/lux/engine/physics2d/Physics2DComponents.type_static_info.hpp
-- Up-to-date: E:/SyncForder/CodeRepos/install/q/t/include/lux/engine/physics2d/visibility.h
-- Up-to-date: E:/SyncForder/CodeRepos/install/q/t/include/lux/engine/process
-- Up-to-date: E:/SyncForder/CodeRepos/install/q/t/include/lux/engine/process/asset_loading
-- Up-to-date: E:/SyncForder/CodeRepos/install/q/t/include/lux/engine/process/asset_loading/visibility.h
-- Up-to-date: E:/SyncForder/CodeRepos/install/q/t/include/lux/engine/process/visibility.h
-- Up-to-date: E:/SyncForder/CodeRepos/install/q/t/include/lux/engine/process/world_loading
-- Up-to-date: E:/SyncForder/CodeRepos/install/q/t/include/lux/engine/process/world_loading/visibility.h
-- Up-to-date: E:/SyncForder/CodeRepos/install/q/t/include/lux/engine/resource
-- Up-to-date: E:/SyncForder/CodeRepos/install/q/t/include/lux/engine/resource/asset
-- Up-to-date: E:/SyncForder/CodeRepos/install/q/t/include/lux/engine/resource/asset/visibility.h
-- Up-to-date: E:/SyncForder/CodeRepos/install/q/t/include/lux/engine/resource/visibility.h
-- Up-to-date: E:/SyncForder/CodeRepos/install/q/t/include/lux/engine/scene
-- Up-to-date: E:/SyncForder/CodeRepos/install/q/t/include/lux/engine/scene/asset
-- Up-to-date: E:/SyncForder/CodeRepos/install/q/t/include/lux/engine/scene/asset/visibility.h
-- Up-to-date: E:/SyncForder/CodeRepos/install/q/t/include/lux/engine/scene/description
-- Up-to-date: E:/SyncForder/CodeRepos/install/q/t/include/lux/engine/scene/description/visibility.h
-- Up-to-date: E:/SyncForder/CodeRepos/install/q/t/include/lux/engine/scene/meta
-- Up-to-date: E:/SyncForder/CodeRepos/install/q/t/include/lux/engine/scene/meta/visibility.h
-- Up-to-date: E:/SyncForder/CodeRepos/install/q/t/include/lux/engine/scene/render
-- Up-to-date: E:/SyncForder/CodeRepos/install/q/t/include/lux/engine/scene/render/visibility.h
-- Up-to-date: E:/SyncForder/CodeRepos/install/q/t/include/lux/engine/scene/script_runtime
-- Up-to-date: E:/SyncForder/CodeRepos/install/q/t/include/lux/engine/scene/script_runtime/visibility.h
-- Up-to-date: E:/SyncForder/CodeRepos/install/q/t/include/lux/engine/scene/visibility.h
-- Up-to-date: E:/SyncForder/CodeRepos/install/q/t/include/lux/engine/scene/world_materialization
-- Up-to-date: E:/SyncForder/CodeRepos/install/q/t/include/lux/engine/scene/world_materialization/visibility.h
-- Up-to-date: E:/SyncForder/CodeRepos/install/q/t/include/lux/engine/serialization
-- Up-to-date: E:/SyncForder/CodeRepos/install/q/t/include/lux/engine/serialization/visibility.h
-- Up-to-date: E:/SyncForder/CodeRepos/install/q/t/include/lux/engine/simulation
-- Up-to-date: E:/SyncForder/CodeRepos/install/q/t/include/lux/engine/simulation/asset
-- Up-to-date: E:/SyncForder/CodeRepos/install/q/t/include/lux/engine/simulation/asset/visibility.h
-- Up-to-date: E:/SyncForder/CodeRepos/install/q/t/include/lux/engine/simulation/composition
-- Up-to-date: E:/SyncForder/CodeRepos/install/q/t/include/lux/engine/simulation/composition/visibility.h
-- Up-to-date: E:/SyncForder/CodeRepos/install/q/t/include/lux/engine/simulation/description
-- Up-to-date: E:/SyncForder/CodeRepos/install/q/t/include/lux/engine/simulation/description/visibility.h
-- Up-to-date: E:/SyncForder/CodeRepos/install/q/t/include/lux/engine/simulation/ecs
-- Up-to-date: E:/SyncForder/CodeRepos/install/q/t/include/lux/engine/simulation/ecs/core
-- Up-to-date: E:/SyncForder/CodeRepos/install/q/t/include/lux/engine/simulation/ecs/core/visibility.h
-- Up-to-date: E:/SyncForder/CodeRepos/install/q/t/include/lux/engine/simulation/ecs/hierarchy
-- Up-to-date: E:/SyncForder/CodeRepos/install/q/t/include/lux/engine/simulation/ecs/hierarchy/visibility.h
-- Up-to-date: E:/SyncForder/CodeRepos/install/q/t/include/lux/engine/simulation/ecs/Parent.ecs_schema.hpp
-- Up-to-date: E:/SyncForder/CodeRepos/install/q/t/include/lux/engine/simulation/ecs/Parent.ecs_snapshot.hpp
-- Up-to-date: E:/SyncForder/CodeRepos/install/q/t/include/lux/engine/simulation/ecs/Parent.type_static_info.hpp
-- Up-to-date: E:/SyncForder/CodeRepos/install/q/t/include/lux/engine/simulation/ecs/schema
-- Up-to-date: E:/SyncForder/CodeRepos/install/q/t/include/lux/engine/simulation/ecs/schema/visibility.h
-- Up-to-date: E:/SyncForder/CodeRepos/install/q/t/include/lux/engine/simulation/ecs/snapshot
-- Up-to-date: E:/SyncForder/CodeRepos/install/q/t/include/lux/engine/simulation/ecs/snapshot/visibility.h
-- Up-to-date: E:/SyncForder/CodeRepos/install/q/t/include/lux/engine/simulation/ecs/transform
-- Up-to-date: E:/SyncForder/CodeRepos/install/q/t/include/lux/engine/simulation/ecs/transform/visibility.h
-- Up-to-date: E:/SyncForder/CodeRepos/install/q/t/include/lux/engine/simulation/ecs/Transform.ecs_schema.hpp
-- Up-to-date: E:/SyncForder/CodeRepos/install/q/t/include/lux/engine/simulation/ecs/Transform.ecs_snapshot.hpp
-- Up-to-date: E:/SyncForder/CodeRepos/install/q/t/include/lux/engine/simulation/ecs/Transform.type_static_info.hpp
-- Up-to-date: E:/SyncForder/CodeRepos/install/q/t/include/lux/engine/simulation/ecs/visual
-- Up-to-date: E:/SyncForder/CodeRepos/install/q/t/include/lux/engine/simulation/ecs/visual/visibility.h
-- Up-to-date: E:/SyncForder/CodeRepos/install/q/t/include/lux/engine/simulation/ecs/Visual.ecs_schema.hpp
-- Up-to-date: E:/SyncForder/CodeRepos/install/q/t/include/lux/engine/simulation/ecs/Visual.ecs_snapshot.hpp
-- Up-to-date: E:/SyncForder/CodeRepos/install/q/t/include/lux/engine/simulation/ecs/Visual.type_static_info.hpp
-- Up-to-date: E:/SyncForder/CodeRepos/install/q/t/include/lux/engine/simulation/scripting
-- Up-to-date: E:/SyncForder/CodeRepos/install/q/t/include/lux/engine/simulation/scripting/cpp_static
-- Up-to-date: E:/SyncForder/CodeRepos/install/q/t/include/lux/engine/simulation/scripting/cpp_static/visibility.h
-- Up-to-date: E:/SyncForder/CodeRepos/install/q/t/include/lux/engine/simulation/scripting/native
-- Up-to-date: E:/SyncForder/CodeRepos/install/q/t/include/lux/engine/simulation/scripting/native/visibility.h
-- Up-to-date: E:/SyncForder/CodeRepos/install/q/t/include/lux/engine/simulation/script_system
-- Up-to-date: E:/SyncForder/CodeRepos/install/q/t/include/lux/engine/simulation/script_system/visibility.h
-- Up-to-date: E:/SyncForder/CodeRepos/install/q/t/include/lux/engine/simulation/system
-- Up-to-date: E:/SyncForder/CodeRepos/install/q/t/include/lux/engine/simulation/system/visibility.h
-- Up-to-date: E:/SyncForder/CodeRepos/install/q/t/include/lux/engine/simulation/transform_system
-- Up-to-date: E:/SyncForder/CodeRepos/install/q/t/include/lux/engine/simulation/transform_system/visibility.h
-- Up-to-date: E:/SyncForder/CodeRepos/install/q/t/include/lux/engine/spatial
-- Up-to-date: E:/SyncForder/CodeRepos/install/q/t/include/lux/engine/spatial/spatial2d
-- Up-to-date: E:/SyncForder/CodeRepos/install/q/t/include/lux/engine/spatial/spatial2d/visibility.h
-- Up-to-date: E:/SyncForder/CodeRepos/install/q/t/include/lux/engine/spatial/spatial3d
-- Up-to-date: E:/SyncForder/CodeRepos/install/q/t/include/lux/engine/spatial/spatial3d/visibility.h
-- Up-to-date: E:/SyncForder/CodeRepos/install/q/t/include/lux/engine/system
-- Up-to-date: E:/SyncForder/CodeRepos/install/q/t/include/lux/engine/system/description
-- Up-to-date: E:/SyncForder/CodeRepos/install/q/t/include/lux/engine/system/description/visibility.h
-- Up-to-date: E:/SyncForder/CodeRepos/install/q/t/include/lux/engine/system/identity
-- Up-to-date: E:/SyncForder/CodeRepos/install/q/t/include/lux/engine/system/identity/visibility.h
-- Up-to-date: E:/SyncForder/CodeRepos/install/q/t/include/lux/engine/task
-- Up-to-date: E:/SyncForder/CodeRepos/install/q/t/include/lux/engine/task/visibility.h
-- Up-to-date: E:/SyncForder/CodeRepos/install/q/t/include/lux/engine/toolchain
-- Up-to-date: E:/SyncForder/CodeRepos/install/q/t/include/lux/engine/toolchain/asset
-- Up-to-date: E:/SyncForder/CodeRepos/install/q/t/include/lux/engine/toolchain/asset/model
-- Up-to-date: E:/SyncForder/CodeRepos/install/q/t/include/lux/engine/toolchain/asset/model/visibility.h
-- Up-to-date: E:/SyncForder/CodeRepos/install/q/t/include/lux/engine/toolchain/asset/shader
-- Up-to-date: E:/SyncForder/CodeRepos/install/q/t/include/lux/engine/toolchain/asset/shader/visibility.h
-- Up-to-date: E:/SyncForder/CodeRepos/install/q/t/include/lux/engine/toolchain/asset/texture
-- Up-to-date: E:/SyncForder/CodeRepos/install/q/t/include/lux/engine/toolchain/asset/texture/visibility.h
-- Up-to-date: E:/SyncForder/CodeRepos/install/q/t/include/lux/engine/world
-- Up-to-date: E:/SyncForder/CodeRepos/install/q/t/include/lux/engine/world/asset
-- Up-to-date: E:/SyncForder/CodeRepos/install/q/t/include/lux/engine/world/asset/visibility.h
-- Up-to-date: E:/SyncForder/CodeRepos/install/q/t/include/lux/engine/world/description
-- Up-to-date: E:/SyncForder/CodeRepos/install/q/t/include/lux/engine/world/description/visibility.h
-- Up-to-date: E:/SyncForder/CodeRepos/install/q/t/include/lux/engine/world/partition
-- Up-to-date: E:/SyncForder/CodeRepos/install/q/t/include/lux/engine/world/partition/visibility.h
-- Up-to-date: E:/SyncForder/CodeRepos/install/q/t/include/lux/engine/world/storage
-- Up-to-date: E:/SyncForder/CodeRepos/install/q/t/include/lux/engine/world/storage/visibility.h
-- Up-to-date: E:/SyncForder/CodeRepos/install/q/t/include/test
-- Installing: E:/SyncForder/CodeRepos/install/q/t/share/lux-engine-toolchain-asset/toolchain_texture_cooker/lux-engine-toolchain-asset-toolchain_texture_cooker-config-targets.cmake
-- Installing: E:/SyncForder/CodeRepos/install/q/t/share/lux-engine-toolchain-asset/toolchain_texture_cooker/lux-engine-toolchain-asset-toolchain_texture_cooker-config-targets-relwithdebinfo.cmake
-- Installing: E:/SyncForder/CodeRepos/install/q/t/share/lux-engine-toolchain-asset/toolchain_texture_cooker/lux-engine-toolchain-asset-toolchain_texture_cooker-import.cmake
-- Installing: E:/SyncForder/CodeRepos/install/q/t/lib/lux_engine_toolchain_texture_cooker.lib
-- Up-to-date: E:/SyncForder/CodeRepos/install/q/t/include
-- Up-to-date: E:/SyncForder/CodeRepos/install/q/t/include/lux
-- Up-to-date: E:/SyncForder/CodeRepos/install/q/t/include/lux/engine
-- Up-to-date: E:/SyncForder/CodeRepos/install/q/t/include/lux/engine/toolchain
-- Up-to-date: E:/SyncForder/CodeRepos/install/q/t/include/lux/engine/toolchain/asset
-- Up-to-date: E:/SyncForder/CodeRepos/install/q/t/include/lux/engine/toolchain/asset/model
-- Installing: E:/SyncForder/CodeRepos/install/q/t/include/lux/engine/toolchain/asset/model/ModelCooker.hpp
-- Up-to-date: E:/SyncForder/CodeRepos/install/q/t/include
-- Up-to-date: E:/SyncForder/CodeRepos/install/q/t/include/lux
-- Up-to-date: E:/SyncForder/CodeRepos/install/q/t/include/lux/engine
-- Up-to-date: E:/SyncForder/CodeRepos/install/q/t/include/lux/engine/core
-- Up-to-date: E:/SyncForder/CodeRepos/install/q/t/include/lux/engine/core/visibility.h
-- Up-to-date: E:/SyncForder/CodeRepos/install/q/t/include/lux/engine/dynamic_library
-- Up-to-date: E:/SyncForder/CodeRepos/install/q/t/include/lux/engine/dynamic_library/visibility.h
-- Up-to-date: E:/SyncForder/CodeRepos/install/q/t/include/lux/engine/flowforge
-- Up-to-date: E:/SyncForder/CodeRepos/install/q/t/include/lux/engine/flowforge/compiler
-- Up-to-date: E:/SyncForder/CodeRepos/install/q/t/include/lux/engine/flowforge/compiler/visibility.h
-- Up-to-date: E:/SyncForder/CodeRepos/install/q/t/include/lux/engine/flowforge/visibility.h
-- Up-to-date: E:/SyncForder/CodeRepos/install/q/t/include/lux/engine/function
-- Up-to-date: E:/SyncForder/CodeRepos/install/q/t/include/lux/engine/function/graph
-- Up-to-date: E:/SyncForder/CodeRepos/install/q/t/include/lux/engine/function/graph/visibility.h
-- Up-to-date: E:/SyncForder/CodeRepos/install/q/t/include/lux/engine/function/render
-- Up-to-date: E:/SyncForder/CodeRepos/install/q/t/include/lux/engine/function/render/standard
-- Up-to-date: E:/SyncForder/CodeRepos/install/q/t/include/lux/engine/function/render/standard/content
-- Up-to-date: E:/SyncForder/CodeRepos/install/q/t/include/lux/engine/function/render/standard/content/visibility.h
-- Up-to-date: E:/SyncForder/CodeRepos/install/q/t/include/lux/engine/function/script
-- Up-to-date: E:/SyncForder/CodeRepos/install/q/t/include/lux/engine/function/script/artifact
-- Up-to-date: E:/SyncForder/CodeRepos/install/q/t/include/lux/engine/function/script/artifact/visibility.h
-- Up-to-date: E:/SyncForder/CodeRepos/install/q/t/include/lux/engine/function/visibility.h
-- Up-to-date: E:/SyncForder/CodeRepos/install/q/t/include/lux/engine/material
-- Up-to-date: E:/SyncForder/CodeRepos/install/q/t/include/lux/engine/material/compiler
-- Up-to-date: E:/SyncForder/CodeRepos/install/q/t/include/lux/engine/material/compiler/visibility.h
-- Up-to-date: E:/SyncForder/CodeRepos/install/q/t/include/lux/engine/material/cooker
-- Up-to-date: E:/SyncForder/CodeRepos/install/q/t/include/lux/engine/material/cooker/visibility.h
-- Up-to-date: E:/SyncForder/CodeRepos/install/q/t/include/lux/engine/material/graph
-- Up-to-date: E:/SyncForder/CodeRepos/install/q/t/include/lux/engine/material/graph/visibility.h
-- Up-to-date: E:/SyncForder/CodeRepos/install/q/t/include/lux/engine/physics2d
-- Up-to-date: E:/SyncForder/CodeRepos/install/q/t/include/lux/engine/physics2d/Physics2DComponents.ecs_schema.hpp
-- Up-to-date: E:/SyncForder/CodeRepos/install/q/t/include/lux/engine/physics2d/Physics2DComponents.ecs_snapshot.hpp
-- Up-to-date: E:/SyncForder/CodeRepos/install/q/t/include/lux/engine/physics2d/Physics2DComponents.type_static_info.hpp
-- Up-to-date: E:/SyncForder/CodeRepos/install/q/t/include/lux/engine/physics2d/visibility.h
-- Up-to-date: E:/SyncForder/CodeRepos/install/q/t/include/lux/engine/process
-- Up-to-date: E:/SyncForder/CodeRepos/install/q/t/include/lux/engine/process/asset_loading
-- Up-to-date: E:/SyncForder/CodeRepos/install/q/t/include/lux/engine/process/asset_loading/visibility.h
-- Up-to-date: E:/SyncForder/CodeRepos/install/q/t/include/lux/engine/process/visibility.h
-- Up-to-date: E:/SyncForder/CodeRepos/install/q/t/include/lux/engine/process/world_loading
-- Up-to-date: E:/SyncForder/CodeRepos/install/q/t/include/lux/engine/process/world_loading/visibility.h
-- Up-to-date: E:/SyncForder/CodeRepos/install/q/t/include/lux/engine/resource
-- Up-to-date: E:/SyncForder/CodeRepos/install/q/t/include/lux/engine/resource/asset
-- Up-to-date: E:/SyncForder/CodeRepos/install/q/t/include/lux/engine/resource/asset/visibility.h
-- Up-to-date: E:/SyncForder/CodeRepos/install/q/t/include/lux/engine/resource/visibility.h
-- Up-to-date: E:/SyncForder/CodeRepos/install/q/t/include/lux/engine/scene
-- Up-to-date: E:/SyncForder/CodeRepos/install/q/t/include/lux/engine/scene/asset
-- Up-to-date: E:/SyncForder/CodeRepos/install/q/t/include/lux/engine/scene/asset/visibility.h
-- Up-to-date: E:/SyncForder/CodeRepos/install/q/t/include/lux/engine/scene/description
-- Up-to-date: E:/SyncForder/CodeRepos/install/q/t/include/lux/engine/scene/description/visibility.h
-- Up-to-date: E:/SyncForder/CodeRepos/install/q/t/include/lux/engine/scene/meta
-- Up-to-date: E:/SyncForder/CodeRepos/install/q/t/include/lux/engine/scene/meta/visibility.h
-- Up-to-date: E:/SyncForder/CodeRepos/install/q/t/include/lux/engine/scene/render
-- Up-to-date: E:/SyncForder/CodeRepos/install/q/t/include/lux/engine/scene/render/visibility.h
-- Up-to-date: E:/SyncForder/CodeRepos/install/q/t/include/lux/engine/scene/script_runtime
-- Up-to-date: E:/SyncForder/CodeRepos/install/q/t/include/lux/engine/scene/script_runtime/visibility.h
-- Up-to-date: E:/SyncForder/CodeRepos/install/q/t/include/lux/engine/scene/visibility.h
-- Up-to-date: E:/SyncForder/CodeRepos/install/q/t/include/lux/engine/scene/world_materialization
-- Up-to-date: E:/SyncForder/CodeRepos/install/q/t/include/lux/engine/scene/world_materialization/visibility.h
-- Up-to-date: E:/SyncForder/CodeRepos/install/q/t/include/lux/engine/serialization
-- Up-to-date: E:/SyncForder/CodeRepos/install/q/t/include/lux/engine/serialization/visibility.h
-- Up-to-date: E:/SyncForder/CodeRepos/install/q/t/include/lux/engine/simulation
-- Up-to-date: E:/SyncForder/CodeRepos/install/q/t/include/lux/engine/simulation/asset
-- Up-to-date: E:/SyncForder/CodeRepos/install/q/t/include/lux/engine/simulation/asset/visibility.h
-- Up-to-date: E:/SyncForder/CodeRepos/install/q/t/include/lux/engine/simulation/composition
-- Up-to-date: E:/SyncForder/CodeRepos/install/q/t/include/lux/engine/simulation/composition/visibility.h
-- Up-to-date: E:/SyncForder/CodeRepos/install/q/t/include/lux/engine/simulation/description
-- Up-to-date: E:/SyncForder/CodeRepos/install/q/t/include/lux/engine/simulation/description/visibility.h
-- Up-to-date: E:/SyncForder/CodeRepos/install/q/t/include/lux/engine/simulation/ecs
-- Up-to-date: E:/SyncForder/CodeRepos/install/q/t/include/lux/engine/simulation/ecs/core
-- Up-to-date: E:/SyncForder/CodeRepos/install/q/t/include/lux/engine/simulation/ecs/core/visibility.h
-- Up-to-date: E:/SyncForder/CodeRepos/install/q/t/include/lux/engine/simulation/ecs/hierarchy
-- Up-to-date: E:/SyncForder/CodeRepos/install/q/t/include/lux/engine/simulation/ecs/hierarchy/visibility.h
-- Up-to-date: E:/SyncForder/CodeRepos/install/q/t/include/lux/engine/simulation/ecs/Parent.ecs_schema.hpp
-- Up-to-date: E:/SyncForder/CodeRepos/install/q/t/include/lux/engine/simulation/ecs/Parent.ecs_snapshot.hpp
-- Up-to-date: E:/SyncForder/CodeRepos/install/q/t/include/lux/engine/simulation/ecs/Parent.type_static_info.hpp
-- Up-to-date: E:/SyncForder/CodeRepos/install/q/t/include/lux/engine/simulation/ecs/schema
-- Up-to-date: E:/SyncForder/CodeRepos/install/q/t/include/lux/engine/simulation/ecs/schema/visibility.h
-- Up-to-date: E:/SyncForder/CodeRepos/install/q/t/include/lux/engine/simulation/ecs/snapshot
-- Up-to-date: E:/SyncForder/CodeRepos/install/q/t/include/lux/engine/simulation/ecs/snapshot/visibility.h
-- Up-to-date: E:/SyncForder/CodeRepos/install/q/t/include/lux/engine/simulation/ecs/transform
-- Up-to-date: E:/SyncForder/CodeRepos/install/q/t/include/lux/engine/simulation/ecs/transform/visibility.h
-- Up-to-date: E:/SyncForder/CodeRepos/install/q/t/include/lux/engine/simulation/ecs/Transform.ecs_schema.hpp
-- Up-to-date: E:/SyncForder/CodeRepos/install/q/t/include/lux/engine/simulation/ecs/Transform.ecs_snapshot.hpp
-- Up-to-date: E:/SyncForder/CodeRepos/install/q/t/include/lux/engine/simulation/ecs/Transform.type_static_info.hpp
-- Up-to-date: E:/SyncForder/CodeRepos/install/q/t/include/lux/engine/simulation/ecs/visual
-- Up-to-date: E:/SyncForder/CodeRepos/install/q/t/include/lux/engine/simulation/ecs/visual/visibility.h
-- Up-to-date: E:/SyncForder/CodeRepos/install/q/t/include/lux/engine/simulation/ecs/Visual.ecs_schema.hpp
-- Up-to-date: E:/SyncForder/CodeRepos/install/q/t/include/lux/engine/simulation/ecs/Visual.ecs_snapshot.hpp
-- Up-to-date: E:/SyncForder/CodeRepos/install/q/t/include/lux/engine/simulation/ecs/Visual.type_static_info.hpp
-- Up-to-date: E:/SyncForder/CodeRepos/install/q/t/include/lux/engine/simulation/scripting
-- Up-to-date: E:/SyncForder/CodeRepos/install/q/t/include/lux/engine/simulation/scripting/cpp_static
-- Up-to-date: E:/SyncForder/CodeRepos/install/q/t/include/lux/engine/simulation/scripting/cpp_static/visibility.h
-- Up-to-date: E:/SyncForder/CodeRepos/install/q/t/include/lux/engine/simulation/scripting/native
-- Up-to-date: E:/SyncForder/CodeRepos/install/q/t/include/lux/engine/simulation/scripting/native/visibility.h
-- Up-to-date: E:/SyncForder/CodeRepos/install/q/t/include/lux/engine/simulation/script_system
-- Up-to-date: E:/SyncForder/CodeRepos/install/q/t/include/lux/engine/simulation/script_system/visibility.h
-- Up-to-date: E:/SyncForder/CodeRepos/install/q/t/include/lux/engine/simulation/system
-- Up-to-date: E:/SyncForder/CodeRepos/install/q/t/include/lux/engine/simulation/system/visibility.h
-- Up-to-date: E:/SyncForder/CodeRepos/install/q/t/include/lux/engine/simulation/transform_system
-- Up-to-date: E:/SyncForder/CodeRepos/install/q/t/include/lux/engine/simulation/transform_system/visibility.h
-- Up-to-date: E:/SyncForder/CodeRepos/install/q/t/include/lux/engine/spatial
-- Up-to-date: E:/SyncForder/CodeRepos/install/q/t/include/lux/engine/spatial/spatial2d
-- Up-to-date: E:/SyncForder/CodeRepos/install/q/t/include/lux/engine/spatial/spatial2d/visibility.h
-- Up-to-date: E:/SyncForder/CodeRepos/install/q/t/include/lux/engine/spatial/spatial3d
-- Up-to-date: E:/SyncForder/CodeRepos/install/q/t/include/lux/engine/spatial/spatial3d/visibility.h
-- Up-to-date: E:/SyncForder/CodeRepos/install/q/t/include/lux/engine/system
-- Up-to-date: E:/SyncForder/CodeRepos/install/q/t/include/lux/engine/system/description
-- Up-to-date: E:/SyncForder/CodeRepos/install/q/t/include/lux/engine/system/description/visibility.h
-- Up-to-date: E:/SyncForder/CodeRepos/install/q/t/include/lux/engine/system/identity
-- Up-to-date: E:/SyncForder/CodeRepos/install/q/t/include/lux/engine/system/identity/visibility.h
-- Up-to-date: E:/SyncForder/CodeRepos/install/q/t/include/lux/engine/task
-- Up-to-date: E:/SyncForder/CodeRepos/install/q/t/include/lux/engine/task/visibility.h
-- Up-to-date: E:/SyncForder/CodeRepos/install/q/t/include/lux/engine/toolchain
-- Up-to-date: E:/SyncForder/CodeRepos/install/q/t/include/lux/engine/toolchain/asset
-- Up-to-date: E:/SyncForder/CodeRepos/install/q/t/include/lux/engine/toolchain/asset/model
-- Up-to-date: E:/SyncForder/CodeRepos/install/q/t/include/lux/engine/toolchain/asset/model/visibility.h
-- Up-to-date: E:/SyncForder/CodeRepos/install/q/t/include/lux/engine/toolchain/asset/shader
-- Up-to-date: E:/SyncForder/CodeRepos/install/q/t/include/lux/engine/toolchain/asset/shader/visibility.h
-- Up-to-date: E:/SyncForder/CodeRepos/install/q/t/include/lux/engine/toolchain/asset/texture
-- Up-to-date: E:/SyncForder/CodeRepos/install/q/t/include/lux/engine/toolchain/asset/texture/visibility.h
-- Up-to-date: E:/SyncForder/CodeRepos/install/q/t/include/lux/engine/world
-- Up-to-date: E:/SyncForder/CodeRepos/install/q/t/include/lux/engine/world/asset
-- Up-to-date: E:/SyncForder/CodeRepos/install/q/t/include/lux/engine/world/asset/visibility.h
-- Up-to-date: E:/SyncForder/CodeRepos/install/q/t/include/lux/engine/world/description
-- Up-to-date: E:/SyncForder/CodeRepos/install/q/t/include/lux/engine/world/description/visibility.h
-- Up-to-date: E:/SyncForder/CodeRepos/install/q/t/include/lux/engine/world/partition
-- Up-to-date: E:/SyncForder/CodeRepos/install/q/t/include/lux/engine/world/partition/visibility.h
-- Up-to-date: E:/SyncForder/CodeRepos/install/q/t/include/lux/engine/world/storage
-- Up-to-date: E:/SyncForder/CodeRepos/install/q/t/include/lux/engine/world/storage/visibility.h
-- Up-to-date: E:/SyncForder/CodeRepos/install/q/t/include/test
-- Installing: E:/SyncForder/CodeRepos/install/q/t/share/lux-engine-toolchain-asset/toolchain_model_cooker/lux-engine-toolchain-asset-toolchain_model_cooker-config-targets.cmake
-- Installing: E:/SyncForder/CodeRepos/install/q/t/share/lux-engine-toolchain-asset/toolchain_model_cooker/lux-engine-toolchain-asset-toolchain_model_cooker-config-targets-relwithdebinfo.cmake
-- Installing: E:/SyncForder/CodeRepos/install/q/t/share/lux-engine-toolchain-asset/toolchain_model_cooker/lux-engine-toolchain-asset-toolchain_model_cooker-import.cmake
-- Installing: E:/SyncForder/CodeRepos/install/q/t/lib/lux_engine_toolchain_model_cooker.lib
-- Installing: E:/SyncForder/CodeRepos/install/q/t/share/lux-engine-toolchain-asset/lux-engine-toolchain-asset-config.cmake
-- Installing: E:/SyncForder/CodeRepos/install/q/t/share/lux-engine-toolchain-asset/lux-engine-toolchain-asset-config-version.cmake
-- Installing: E:/SyncForder/CodeRepos/install/q/t/share/lux-engine-toolchain-asset/lux-engine-toolchain-asset-available-components.cmake
-- Up-to-date: E:/SyncForder/CodeRepos/install/q/t/include
-- Up-to-date: E:/SyncForder/CodeRepos/install/q/t/include/lux
-- Up-to-date: E:/SyncForder/CodeRepos/install/q/t/include/lux/engine
-- Up-to-date: E:/SyncForder/CodeRepos/install/q/t/include/lux/engine/function
-- Up-to-date: E:/SyncForder/CodeRepos/install/q/t/include/lux/engine/function/render
-- Installing: E:/SyncForder/CodeRepos/install/q/t/include/lux/engine/function/render/client
-- Installing: E:/SyncForder/CodeRepos/install/q/t/include/lux/engine/function/render/client/genops
-- Installing: E:/SyncForder/CodeRepos/install/q/t/include/lux/engine/function/render/client/genops/Canvas2DOperation.ops.hpp
-- Installing: E:/SyncForder/CodeRepos/install/q/t/include/lux/engine/function/render/client/genops/DeferredGBufferOperation.ops.hpp
-- Installing: E:/SyncForder/CodeRepos/install/q/t/include/lux/engine/function/render/client/genops/DeferredLightingOperation.ops.hpp
-- Installing: E:/SyncForder/CodeRepos/install/q/t/include/lux/engine/function/render/client/genops/DepthPrepassOperation.ops.hpp
-- Installing: E:/SyncForder/CodeRepos/install/q/t/include/lux/engine/function/render/client/genops/FogOperation.ops.hpp
-- Installing: E:/SyncForder/CodeRepos/install/q/t/include/lux/engine/function/render/client/genops/ForwardMeshOperation.ops.hpp
-- Installing: E:/SyncForder/CodeRepos/install/q/t/include/lux/engine/function/render/client/genops/Grid2DOperation.ops.hpp
-- Installing: E:/SyncForder/CodeRepos/install/q/t/include/lux/engine/function/render/client/genops/Grid3DOperation.ops.hpp
-- Installing: E:/SyncForder/CodeRepos/install/q/t/include/lux/engine/function/render/client/genops/HighlightOperation.ops.hpp
-- Installing: E:/SyncForder/CodeRepos/install/q/t/include/lux/engine/function/render/client/genops/HzbOperation.ops.hpp
-- Installing: E:/SyncForder/CodeRepos/install/q/t/include/lux/engine/function/render/client/genops/LightOperation.ops.hpp
-- Installing: E:/SyncForder/CodeRepos/install/q/t/include/lux/engine/function/render/client/genops/LinearDepthOperation.ops.hpp
-- Installing: E:/SyncForder/CodeRepos/install/q/t/include/lux/engine/function/render/client/genops/LineListOperation.ops.hpp
-- Installing: E:/SyncForder/CodeRepos/install/q/t/include/lux/engine/function/render/client/genops/MaterialOperation.ops.hpp
-- Installing: E:/SyncForder/CodeRepos/install/q/t/include/lux/engine/function/render/client/genops/MeshShadowOperation.ops.hpp
-- Installing: E:/SyncForder/CodeRepos/install/q/t/include/lux/engine/function/render/client/genops/MeshStackOperation.ops.hpp
-- Installing: E:/SyncForder/CodeRepos/install/q/t/include/lux/engine/function/render/client/genops/PointCloudOperation.ops.hpp
-- Installing: E:/SyncForder/CodeRepos/install/q/t/include/lux/engine/function/render/client/genops/RenderClusterOperation.ops.hpp
-- Installing: E:/SyncForder/CodeRepos/install/q/t/include/lux/engine/function/render/client/genops/ShadowMapOperation.ops.hpp
-- Installing: E:/SyncForder/CodeRepos/install/q/t/include/lux/engine/function/render/client/genops/SkinningOperation.ops.hpp
-- Installing: E:/SyncForder/CodeRepos/install/q/t/include/lux/engine/function/render/client/genops/SkyboxOperation.ops.hpp
-- Installing: E:/SyncForder/CodeRepos/install/q/t/include/lux/engine/function/render/client/genops/SpatialCullOperation.ops.hpp
-- Installing: E:/SyncForder/CodeRepos/install/q/t/include/lux/engine/function/render/client/genops/SsaoOperation.ops.hpp
-- Installing: E:/SyncForder/CodeRepos/install/q/t/include/lux/engine/function/render/client/genops/StreamingFeedbackOperation.ops.hpp
-- Installing: E:/SyncForder/CodeRepos/install/q/t/include/lux/engine/function/render/client/genops/TerrainOperation.ops.hpp
-- Installing: E:/SyncForder/CodeRepos/install/q/t/include/lux/engine/function/render/client/genops/TonemapOperation.ops.hpp
-- Installing: E:/SyncForder/CodeRepos/install/q/t/include/lux/engine/function/render/client/genops/TrajectoryOperation.ops.hpp
-- Installing: E:/SyncForder/CodeRepos/install/q/t/include/lux/engine/function/render/client/genops/TriOverlayOperation.ops.hpp
-- Installing: E:/SyncForder/CodeRepos/install/q/t/include/lux/engine/function/render/client/genops/ViewCameraOperation.ops.hpp
-- Installing: E:/SyncForder/CodeRepos/install/q/t/include/lux/engine/function/render/client/genops/WaterOperation.ops.hpp
-- Installing: E:/SyncForder/CodeRepos/install/q/t/share/lux-engine/meta_gen/render_client/Grid3DOperation.meta.cpp
-- Installing: E:/SyncForder/CodeRepos/install/q/t/share/lux-engine/meta_gen/render_client/Grid2DOperation.meta.cpp
-- Installing: E:/SyncForder/CodeRepos/install/q/t/share/lux-engine/meta_gen/render_client/LineListOperation.meta.cpp
-- Installing: E:/SyncForder/CodeRepos/install/q/t/share/lux-engine/meta_gen/render_client/TriOverlayOperation.meta.cpp
-- Installing: E:/SyncForder/CodeRepos/install/q/t/share/lux-engine/meta_gen/render_client/TrajectoryOperation.meta.cpp
-- Installing: E:/SyncForder/CodeRepos/install/q/t/share/lux-engine/meta_gen/render_client/SkyboxOperation.meta.cpp
-- Installing: E:/SyncForder/CodeRepos/install/q/t/share/lux-engine/meta_gen/render_client/SkinningOperation.meta.cpp
-- Installing: E:/SyncForder/CodeRepos/install/q/t/share/lux-engine/meta_gen/render_client/PointCloudOperation.meta.cpp
-- Installing: E:/SyncForder/CodeRepos/install/q/t/share/lux-engine/meta_gen/render_client/TonemapOperation.meta.cpp
-- Installing: E:/SyncForder/CodeRepos/install/q/t/share/lux-engine/meta_gen/render_client/ShadowMapOperation.meta.cpp
-- Installing: E:/SyncForder/CodeRepos/install/q/t/share/lux-engine/meta_gen/render_client/ViewCameraOperation.meta.cpp
-- Installing: E:/SyncForder/CodeRepos/install/q/t/share/lux-engine/meta_gen/render_client/LightOperation.meta.cpp
-- Installing: E:/SyncForder/CodeRepos/install/q/t/share/lux-engine/meta_gen/render_client/MeshStackOperation.meta.cpp
-- Installing: E:/SyncForder/CodeRepos/install/q/t/share/lux-engine/meta_gen/render_client/MaterialOperation.meta.cpp
-- Installing: E:/SyncForder/CodeRepos/install/q/t/share/lux-engine/meta_gen/render_client/DeferredGBufferOperation.meta.cpp
-- Installing: E:/SyncForder/CodeRepos/install/q/t/share/lux-engine/meta_gen/render_client/DeferredLightingOperation.meta.cpp
-- Installing: E:/SyncForder/CodeRepos/install/q/t/share/lux-engine/meta_gen/render_client/DepthPrepassOperation.meta.cpp
-- Installing: E:/SyncForder/CodeRepos/install/q/t/share/lux-engine/meta_gen/render_client/ForwardMeshOperation.meta.cpp
-- Installing: E:/SyncForder/CodeRepos/install/q/t/share/lux-engine/meta_gen/render_client/HighlightOperation.meta.cpp
-- Installing: E:/SyncForder/CodeRepos/install/q/t/share/lux-engine/meta_gen/render_client/StreamingFeedbackOperation.meta.cpp
-- Installing: E:/SyncForder/CodeRepos/install/q/t/share/lux-engine/meta_gen/render_client/HzbOperation.meta.cpp
-- Installing: E:/SyncForder/CodeRepos/install/q/t/share/lux-engine/meta_gen/render_client/LinearDepthOperation.meta.cpp
-- Installing: E:/SyncForder/CodeRepos/install/q/t/share/lux-engine/meta_gen/render_client/SsaoOperation.meta.cpp
-- Installing: E:/SyncForder/CodeRepos/install/q/t/share/lux-engine/meta_gen/render_client/FogOperation.meta.cpp
-- Installing: E:/SyncForder/CodeRepos/install/q/t/share/lux-engine/meta_gen/render_client/Canvas2DOperation.meta.cpp
-- Installing: E:/SyncForder/CodeRepos/install/q/t/share/lux-engine/meta_gen/render_client/MeshShadowOperation.meta.cpp
-- Installing: E:/SyncForder/CodeRepos/install/q/t/share/lux-engine/meta_gen/render_client/SpatialCullOperation.meta.cpp
-- Installing: E:/SyncForder/CodeRepos/install/q/t/share/lux-engine/meta_gen/render_client/RenderClusterOperation.meta.cpp
-- Installing: E:/SyncForder/CodeRepos/install/q/t/share/lux-engine/meta_gen/render_client/TerrainOperation.meta.cpp
-- Installing: E:/SyncForder/CodeRepos/install/q/t/share/lux-engine/meta_gen/render_client/WaterOperation.meta.cpp
-- Installing: E:/SyncForder/CodeRepos/install/q/t/share/lux-engine/meta_gen/render_client/inputs.sha256
-- Up-to-date: E:/SyncForder/CodeRepos/install/q/t/include
-- Up-to-date: E:/SyncForder/CodeRepos/install/q/t/include/lux
-- Up-to-date: E:/SyncForder/CodeRepos/install/q/t/include/lux/engine
-- Installing: E:/SyncForder/CodeRepos/install/q/t/include/lux/engine/animation
-- Installing: E:/SyncForder/CodeRepos/install/q/t/include/lux/engine/animation/FlipbookSampling.hpp
-- Installing: E:/SyncForder/CodeRepos/install/q/t/include/lux/engine/animation/PoseSampling.hpp
-- Up-to-date: E:/SyncForder/CodeRepos/install/q/t/include
-- Up-to-date: E:/SyncForder/CodeRepos/install/q/t/include/lux
-- Up-to-date: E:/SyncForder/CodeRepos/install/q/t/include/lux/engine
-- Up-to-date: E:/SyncForder/CodeRepos/install/q/t/include/lux/engine/core
-- Up-to-date: E:/SyncForder/CodeRepos/install/q/t/include/lux/engine/core/visibility.h
-- Up-to-date: E:/SyncForder/CodeRepos/install/q/t/include/lux/engine/dynamic_library
-- Up-to-date: E:/SyncForder/CodeRepos/install/q/t/include/lux/engine/dynamic_library/visibility.h
-- Up-to-date: E:/SyncForder/CodeRepos/install/q/t/include/lux/engine/flowforge
-- Up-to-date: E:/SyncForder/CodeRepos/install/q/t/include/lux/engine/flowforge/compiler
-- Up-to-date: E:/SyncForder/CodeRepos/install/q/t/include/lux/engine/flowforge/compiler/visibility.h
-- Up-to-date: E:/SyncForder/CodeRepos/install/q/t/include/lux/engine/flowforge/visibility.h
-- Up-to-date: E:/SyncForder/CodeRepos/install/q/t/include/lux/engine/function
-- Up-to-date: E:/SyncForder/CodeRepos/install/q/t/include/lux/engine/function/graph
-- Up-to-date: E:/SyncForder/CodeRepos/install/q/t/include/lux/engine/function/graph/visibility.h
-- Up-to-date: E:/SyncForder/CodeRepos/install/q/t/include/lux/engine/function/render
-- Up-to-date: E:/SyncForder/CodeRepos/install/q/t/include/lux/engine/function/render/standard
-- Up-to-date: E:/SyncForder/CodeRepos/install/q/t/include/lux/engine/function/render/standard/content
-- Up-to-date: E:/SyncForder/CodeRepos/install/q/t/include/lux/engine/function/render/standard/content/visibility.h
-- Up-to-date: E:/SyncForder/CodeRepos/install/q/t/include/lux/engine/function/script
-- Up-to-date: E:/SyncForder/CodeRepos/install/q/t/include/lux/engine/function/script/artifact
-- Up-to-date: E:/SyncForder/CodeRepos/install/q/t/include/lux/engine/function/script/artifact/visibility.h
-- Up-to-date: E:/SyncForder/CodeRepos/install/q/t/include/lux/engine/function/visibility.h
-- Up-to-date: E:/SyncForder/CodeRepos/install/q/t/include/lux/engine/material
-- Up-to-date: E:/SyncForder/CodeRepos/install/q/t/include/lux/engine/material/compiler
-- Up-to-date: E:/SyncForder/CodeRepos/install/q/t/include/lux/engine/material/compiler/visibility.h
-- Up-to-date: E:/SyncForder/CodeRepos/install/q/t/include/lux/engine/material/cooker
-- Up-to-date: E:/SyncForder/CodeRepos/install/q/t/include/lux/engine/material/cooker/visibility.h
-- Up-to-date: E:/SyncForder/CodeRepos/install/q/t/include/lux/engine/material/graph
-- Up-to-date: E:/SyncForder/CodeRepos/install/q/t/include/lux/engine/material/graph/visibility.h
-- Up-to-date: E:/SyncForder/CodeRepos/install/q/t/include/lux/engine/physics2d
-- Up-to-date: E:/SyncForder/CodeRepos/install/q/t/include/lux/engine/physics2d/Physics2DComponents.ecs_schema.hpp
-- Up-to-date: E:/SyncForder/CodeRepos/install/q/t/include/lux/engine/physics2d/Physics2DComponents.ecs_snapshot.hpp
-- Up-to-date: E:/SyncForder/CodeRepos/install/q/t/include/lux/engine/physics2d/Physics2DComponents.type_static_info.hpp
-- Up-to-date: E:/SyncForder/CodeRepos/install/q/t/include/lux/engine/physics2d/visibility.h
-- Up-to-date: E:/SyncForder/CodeRepos/install/q/t/include/lux/engine/process
-- Up-to-date: E:/SyncForder/CodeRepos/install/q/t/include/lux/engine/process/asset_loading
-- Up-to-date: E:/SyncForder/CodeRepos/install/q/t/include/lux/engine/process/asset_loading/visibility.h
-- Up-to-date: E:/SyncForder/CodeRepos/install/q/t/include/lux/engine/process/visibility.h
-- Up-to-date: E:/SyncForder/CodeRepos/install/q/t/include/lux/engine/process/world_loading
-- Up-to-date: E:/SyncForder/CodeRepos/install/q/t/include/lux/engine/process/world_loading/visibility.h
-- Up-to-date: E:/SyncForder/CodeRepos/install/q/t/include/lux/engine/resource
-- Up-to-date: E:/SyncForder/CodeRepos/install/q/t/include/lux/engine/resource/asset
-- Up-to-date: E:/SyncForder/CodeRepos/install/q/t/include/lux/engine/resource/asset/visibility.h
-- Up-to-date: E:/SyncForder/CodeRepos/install/q/t/include/lux/engine/resource/visibility.h
-- Up-to-date: E:/SyncForder/CodeRepos/install/q/t/include/lux/engine/scene
-- Up-to-date: E:/SyncForder/CodeRepos/install/q/t/include/lux/engine/scene/asset
-- Up-to-date: E:/SyncForder/CodeRepos/install/q/t/include/lux/engine/scene/asset/visibility.h
-- Up-to-date: E:/SyncForder/CodeRepos/install/q/t/include/lux/engine/scene/description
-- Up-to-date: E:/SyncForder/CodeRepos/install/q/t/include/lux/engine/scene/description/visibility.h
-- Up-to-date: E:/SyncForder/CodeRepos/install/q/t/include/lux/engine/scene/meta
-- Up-to-date: E:/SyncForder/CodeRepos/install/q/t/include/lux/engine/scene/meta/visibility.h
-- Up-to-date: E:/SyncForder/CodeRepos/install/q/t/include/lux/engine/scene/render
-- Up-to-date: E:/SyncForder/CodeRepos/install/q/t/include/lux/engine/scene/render/visibility.h
-- Up-to-date: E:/SyncForder/CodeRepos/install/q/t/include/lux/engine/scene/script_runtime
-- Up-to-date: E:/SyncForder/CodeRepos/install/q/t/include/lux/engine/scene/script_runtime/visibility.h
-- Up-to-date: E:/SyncForder/CodeRepos/install/q/t/include/lux/engine/scene/visibility.h
-- Up-to-date: E:/SyncForder/CodeRepos/install/q/t/include/lux/engine/scene/world_materialization
-- Up-to-date: E:/SyncForder/CodeRepos/install/q/t/include/lux/engine/scene/world_materialization/visibility.h
-- Up-to-date: E:/SyncForder/CodeRepos/install/q/t/include/lux/engine/serialization
-- Up-to-date: E:/SyncForder/CodeRepos/install/q/t/include/lux/engine/serialization/visibility.h
-- Up-to-date: E:/SyncForder/CodeRepos/install/q/t/include/lux/engine/simulation
-- Up-to-date: E:/SyncForder/CodeRepos/install/q/t/include/lux/engine/simulation/asset
-- Up-to-date: E:/SyncForder/CodeRepos/install/q/t/include/lux/engine/simulation/asset/visibility.h
-- Up-to-date: E:/SyncForder/CodeRepos/install/q/t/include/lux/engine/simulation/composition
-- Up-to-date: E:/SyncForder/CodeRepos/install/q/t/include/lux/engine/simulation/composition/visibility.h
-- Up-to-date: E:/SyncForder/CodeRepos/install/q/t/include/lux/engine/simulation/description
-- Up-to-date: E:/SyncForder/CodeRepos/install/q/t/include/lux/engine/simulation/description/visibility.h
-- Up-to-date: E:/SyncForder/CodeRepos/install/q/t/include/lux/engine/simulation/ecs
-- Up-to-date: E:/SyncForder/CodeRepos/install/q/t/include/lux/engine/simulation/ecs/core
-- Up-to-date: E:/SyncForder/CodeRepos/install/q/t/include/lux/engine/simulation/ecs/core/visibility.h
-- Up-to-date: E:/SyncForder/CodeRepos/install/q/t/include/lux/engine/simulation/ecs/hierarchy
-- Up-to-date: E:/SyncForder/CodeRepos/install/q/t/include/lux/engine/simulation/ecs/hierarchy/visibility.h
-- Up-to-date: E:/SyncForder/CodeRepos/install/q/t/include/lux/engine/simulation/ecs/Parent.ecs_schema.hpp
-- Up-to-date: E:/SyncForder/CodeRepos/install/q/t/include/lux/engine/simulation/ecs/Parent.ecs_snapshot.hpp
-- Up-to-date: E:/SyncForder/CodeRepos/install/q/t/include/lux/engine/simulation/ecs/Parent.type_static_info.hpp
-- Up-to-date: E:/SyncForder/CodeRepos/install/q/t/include/lux/engine/simulation/ecs/schema
-- Up-to-date: E:/SyncForder/CodeRepos/install/q/t/include/lux/engine/simulation/ecs/schema/visibility.h
-- Up-to-date: E:/SyncForder/CodeRepos/install/q/t/include/lux/engine/simulation/ecs/snapshot
-- Up-to-date: E:/SyncForder/CodeRepos/install/q/t/include/lux/engine/simulation/ecs/snapshot/visibility.h
-- Up-to-date: E:/SyncForder/CodeRepos/install/q/t/include/lux/engine/simulation/ecs/transform
-- Up-to-date: E:/SyncForder/CodeRepos/install/q/t/include/lux/engine/simulation/ecs/transform/visibility.h
-- Up-to-date: E:/SyncForder/CodeRepos/install/q/t/include/lux/engine/simulation/ecs/Transform.ecs_schema.hpp
-- Up-to-date: E:/SyncForder/CodeRepos/install/q/t/include/lux/engine/simulation/ecs/Transform.ecs_snapshot.hpp
-- Up-to-date: E:/SyncForder/CodeRepos/install/q/t/include/lux/engine/simulation/ecs/Transform.type_static_info.hpp
-- Up-to-date: E:/SyncForder/CodeRepos/install/q/t/include/lux/engine/simulation/ecs/visual
-- Up-to-date: E:/SyncForder/CodeRepos/install/q/t/include/lux/engine/simulation/ecs/visual/visibility.h
-- Up-to-date: E:/SyncForder/CodeRepos/install/q/t/include/lux/engine/simulation/ecs/Visual.ecs_schema.hpp
-- Up-to-date: E:/SyncForder/CodeRepos/install/q/t/include/lux/engine/simulation/ecs/Visual.ecs_snapshot.hpp
-- Up-to-date: E:/SyncForder/CodeRepos/install/q/t/include/lux/engine/simulation/ecs/Visual.type_static_info.hpp
-- Up-to-date: E:/SyncForder/CodeRepos/install/q/t/include/lux/engine/simulation/scripting
-- Up-to-date: E:/SyncForder/CodeRepos/install/q/t/include/lux/engine/simulation/scripting/cpp_static
-- Up-to-date: E:/SyncForder/CodeRepos/install/q/t/include/lux/engine/simulation/scripting/cpp_static/visibility.h
-- Up-to-date: E:/SyncForder/CodeRepos/install/q/t/include/lux/engine/simulation/scripting/native
-- Up-to-date: E:/SyncForder/CodeRepos/install/q/t/include/lux/engine/simulation/scripting/native/visibility.h
-- Up-to-date: E:/SyncForder/CodeRepos/install/q/t/include/lux/engine/simulation/script_system
-- Up-to-date: E:/SyncForder/CodeRepos/install/q/t/include/lux/engine/simulation/script_system/visibility.h
-- Up-to-date: E:/SyncForder/CodeRepos/install/q/t/include/lux/engine/simulation/system
-- Up-to-date: E:/SyncForder/CodeRepos/install/q/t/include/lux/engine/simulation/system/visibility.h
-- Up-to-date: E:/SyncForder/CodeRepos/install/q/t/include/lux/engine/simulation/transform_system
-- Up-to-date: E:/SyncForder/CodeRepos/install/q/t/include/lux/engine/simulation/transform_system/visibility.h
-- Up-to-date: E:/SyncForder/CodeRepos/install/q/t/include/lux/engine/spatial
-- Up-to-date: E:/SyncForder/CodeRepos/install/q/t/include/lux/engine/spatial/spatial2d
-- Up-to-date: E:/SyncForder/CodeRepos/install/q/t/include/lux/engine/spatial/spatial2d/visibility.h
-- Up-to-date: E:/SyncForder/CodeRepos/install/q/t/include/lux/engine/spatial/spatial3d
-- Up-to-date: E:/SyncForder/CodeRepos/install/q/t/include/lux/engine/spatial/spatial3d/visibility.h
-- Up-to-date: E:/SyncForder/CodeRepos/install/q/t/include/lux/engine/system
-- Up-to-date: E:/SyncForder/CodeRepos/install/q/t/include/lux/engine/system/description
-- Up-to-date: E:/SyncForder/CodeRepos/install/q/t/include/lux/engine/system/description/visibility.h
-- Up-to-date: E:/SyncForder/CodeRepos/install/q/t/include/lux/engine/system/identity
-- Up-to-date: E:/SyncForder/CodeRepos/install/q/t/include/lux/engine/system/identity/visibility.h
-- Up-to-date: E:/SyncForder/CodeRepos/install/q/t/include/lux/engine/task
-- Up-to-date: E:/SyncForder/CodeRepos/install/q/t/include/lux/engine/task/visibility.h
-- Up-to-date: E:/SyncForder/CodeRepos/install/q/t/include/lux/engine/toolchain
-- Up-to-date: E:/SyncForder/CodeRepos/install/q/t/include/lux/engine/toolchain/asset
-- Up-to-date: E:/SyncForder/CodeRepos/install/q/t/include/lux/engine/toolchain/asset/model
-- Up-to-date: E:/SyncForder/CodeRepos/install/q/t/include/lux/engine/toolchain/asset/model/visibility.h
-- Up-to-date: E:/SyncForder/CodeRepos/install/q/t/include/lux/engine/toolchain/asset/shader
-- Up-to-date: E:/SyncForder/CodeRepos/install/q/t/include/lux/engine/toolchain/asset/shader/visibility.h
-- Up-to-date: E:/SyncForder/CodeRepos/install/q/t/include/lux/engine/toolchain/asset/texture
-- Up-to-date: E:/SyncForder/CodeRepos/install/q/t/include/lux/engine/toolchain/asset/texture/visibility.h
-- Up-to-date: E:/SyncForder/CodeRepos/install/q/t/include/lux/engine/world
-- Up-to-date: E:/SyncForder/CodeRepos/install/q/t/include/lux/engine/world/asset
-- Up-to-date: E:/SyncForder/CodeRepos/install/q/t/include/lux/engine/world/asset/visibility.h
-- Up-to-date: E:/SyncForder/CodeRepos/install/q/t/include/lux/engine/world/description
-- Up-to-date: E:/SyncForder/CodeRepos/install/q/t/include/lux/engine/world/description/visibility.h
-- Up-to-date: E:/SyncForder/CodeRepos/install/q/t/include/lux/engine/world/partition
-- Up-to-date: E:/SyncForder/CodeRepos/install/q/t/include/lux/engine/world/partition/visibility.h
-- Up-to-date: E:/SyncForder/CodeRepos/install/q/t/include/lux/engine/world/storage
-- Up-to-date: E:/SyncForder/CodeRepos/install/q/t/include/lux/engine/world/storage/visibility.h
-- Up-to-date: E:/SyncForder/CodeRepos/install/q/t/include/test
-- Installing: E:/SyncForder/CodeRepos/install/q/t/share/lux-engine-function/animation/lux-engine-function-animation-config-targets.cmake
-- Installing: E:/SyncForder/CodeRepos/install/q/t/share/lux-engine-function/animation/lux-engine-function-animation-config-targets-relwithdebinfo.cmake
-- Installing: E:/SyncForder/CodeRepos/install/q/t/share/lux-engine-function/animation/lux-engine-function-animation-import.cmake
-- Installing: E:/SyncForder/CodeRepos/install/q/t/lib/animation.lib
-- Installing: E:/SyncForder/CodeRepos/install/q/t/bin/animation.dll
-- Up-to-date: E:/SyncForder/CodeRepos/install/q/t/include
-- Up-to-date: E:/SyncForder/CodeRepos/install/q/t/include/lux
-- Up-to-date: E:/SyncForder/CodeRepos/install/q/t/include/lux/engine
-- Up-to-date: E:/SyncForder/CodeRepos/install/q/t/include/lux/engine/flowforge
-- Installing: E:/SyncForder/CodeRepos/install/q/t/include/lux/engine/flowforge/graph
-- Installing: E:/SyncForder/CodeRepos/install/q/t/include/lux/engine/flowforge/graph/ArithmeticNode.hpp
-- Installing: E:/SyncForder/CodeRepos/install/q/t/include/lux/engine/flowforge/graph/ControlNode.hpp
-- Installing: E:/SyncForder/CodeRepos/install/q/t/include/lux/engine/flowforge/graph/FlowGraph.hpp
-- Installing: E:/SyncForder/CodeRepos/install/q/t/include/lux/engine/flowforge/graph/FunctionalNode.hpp
-- Installing: E:/SyncForder/CodeRepos/install/q/t/include/lux/engine/flowforge/graph/NodeBase.hpp
-- Installing: E:/SyncForder/CodeRepos/install/q/t/include/lux/engine/flowforge/graph/NodeRegistry.hpp
-- Installing: E:/SyncForder/CodeRepos/install/q/t/include/lux/engine/flowforge/graph/ObjectNode.hpp
-- Installing: E:/SyncForder/CodeRepos/install/q/t/include/lux/engine/flowforge/graph/StateLayout.hpp
-- Installing: E:/SyncForder/CodeRepos/install/q/t/include/lux/engine/flowforge/script
-- Installing: E:/SyncForder/CodeRepos/install/q/t/include/lux/engine/flowforge/script/ScriptAbilityCatalog.hpp
-- Installing: E:/SyncForder/CodeRepos/install/q/t/include/lux/engine/flowforge/script/ScriptAbilityNode.hpp
-- Installing: E:/SyncForder/CodeRepos/install/q/t/include/lux/engine/flowforge/script/ScriptEventAwaitNode.hpp
-- Installing: E:/SyncForder/CodeRepos/install/q/t/include/lux/engine/flowforge/script/ScriptGraph.hpp
-- Up-to-date: E:/SyncForder/CodeRepos/install/q/t/include
-- Up-to-date: E:/SyncForder/CodeRepos/install/q/t/include/lux
-- Up-to-date: E:/SyncForder/CodeRepos/install/q/t/include/lux/engine
-- Up-to-date: E:/SyncForder/CodeRepos/install/q/t/include/lux/engine/core
-- Up-to-date: E:/SyncForder/CodeRepos/install/q/t/include/lux/engine/core/visibility.h
-- Up-to-date: E:/SyncForder/CodeRepos/install/q/t/include/lux/engine/dynamic_library
-- Up-to-date: E:/SyncForder/CodeRepos/install/q/t/include/lux/engine/dynamic_library/visibility.h
-- Up-to-date: E:/SyncForder/CodeRepos/install/q/t/include/lux/engine/flowforge
-- Up-to-date: E:/SyncForder/CodeRepos/install/q/t/include/lux/engine/flowforge/compiler
-- Up-to-date: E:/SyncForder/CodeRepos/install/q/t/include/lux/engine/flowforge/compiler/visibility.h
-- Up-to-date: E:/SyncForder/CodeRepos/install/q/t/include/lux/engine/flowforge/visibility.h
-- Up-to-date: E:/SyncForder/CodeRepos/install/q/t/include/lux/engine/function
-- Up-to-date: E:/SyncForder/CodeRepos/install/q/t/include/lux/engine/function/graph
-- Up-to-date: E:/SyncForder/CodeRepos/install/q/t/include/lux/engine/function/graph/visibility.h
-- Up-to-date: E:/SyncForder/CodeRepos/install/q/t/include/lux/engine/function/render
-- Up-to-date: E:/SyncForder/CodeRepos/install/q/t/include/lux/engine/function/render/standard
-- Up-to-date: E:/SyncForder/CodeRepos/install/q/t/include/lux/engine/function/render/standard/content
-- Up-to-date: E:/SyncForder/CodeRepos/install/q/t/include/lux/engine/function/render/standard/content/visibility.h
-- Up-to-date: E:/SyncForder/CodeRepos/install/q/t/include/lux/engine/function/script
-- Up-to-date: E:/SyncForder/CodeRepos/install/q/t/include/lux/engine/function/script/artifact
-- Up-to-date: E:/SyncForder/CodeRepos/install/q/t/include/lux/engine/function/script/artifact/visibility.h
-- Up-to-date: E:/SyncForder/CodeRepos/install/q/t/include/lux/engine/function/visibility.h
-- Up-to-date: E:/SyncForder/CodeRepos/install/q/t/include/lux/engine/material
-- Up-to-date: E:/SyncForder/CodeRepos/install/q/t/include/lux/engine/material/compiler
-- Up-to-date: E:/SyncForder/CodeRepos/install/q/t/include/lux/engine/material/compiler/visibility.h
-- Up-to-date: E:/SyncForder/CodeRepos/install/q/t/include/lux/engine/material/cooker
-- Up-to-date: E:/SyncForder/CodeRepos/install/q/t/include/lux/engine/material/cooker/visibility.h
-- Up-to-date: E:/SyncForder/CodeRepos/install/q/t/include/lux/engine/material/graph
-- Up-to-date: E:/SyncForder/CodeRepos/install/q/t/include/lux/engine/material/graph/visibility.h
-- Up-to-date: E:/SyncForder/CodeRepos/install/q/t/include/lux/engine/physics2d
-- Up-to-date: E:/SyncForder/CodeRepos/install/q/t/include/lux/engine/physics2d/Physics2DComponents.ecs_schema.hpp
-- Up-to-date: E:/SyncForder/CodeRepos/install/q/t/include/lux/engine/physics2d/Physics2DComponents.ecs_snapshot.hpp
-- Up-to-date: E:/SyncForder/CodeRepos/install/q/t/include/lux/engine/physics2d/Physics2DComponents.type_static_info.hpp
-- Up-to-date: E:/SyncForder/CodeRepos/install/q/t/include/lux/engine/physics2d/visibility.h
-- Up-to-date: E:/SyncForder/CodeRepos/install/q/t/include/lux/engine/process
-- Up-to-date: E:/SyncForder/CodeRepos/install/q/t/include/lux/engine/process/asset_loading
-- Up-to-date: E:/SyncForder/CodeRepos/install/q/t/include/lux/engine/process/asset_loading/visibility.h
-- Up-to-date: E:/SyncForder/CodeRepos/install/q/t/include/lux/engine/process/visibility.h
-- Up-to-date: E:/SyncForder/CodeRepos/install/q/t/include/lux/engine/process/world_loading
-- Up-to-date: E:/SyncForder/CodeRepos/install/q/t/include/lux/engine/process/world_loading/visibility.h
-- Up-to-date: E:/SyncForder/CodeRepos/install/q/t/include/lux/engine/resource
-- Up-to-date: E:/SyncForder/CodeRepos/install/q/t/include/lux/engine/resource/asset
-- Up-to-date: E:/SyncForder/CodeRepos/install/q/t/include/lux/engine/resource/asset/visibility.h
-- Up-to-date: E:/SyncForder/CodeRepos/install/q/t/include/lux/engine/resource/visibility.h
-- Up-to-date: E:/SyncForder/CodeRepos/install/q/t/include/lux/engine/scene
-- Up-to-date: E:/SyncForder/CodeRepos/install/q/t/include/lux/engine/scene/asset
-- Up-to-date: E:/SyncForder/CodeRepos/install/q/t/include/lux/engine/scene/asset/visibility.h
-- Up-to-date: E:/SyncForder/CodeRepos/install/q/t/include/lux/engine/scene/description
-- Up-to-date: E:/SyncForder/CodeRepos/install/q/t/include/lux/engine/scene/description/visibility.h
-- Up-to-date: E:/SyncForder/CodeRepos/install/q/t/include/lux/engine/scene/meta
-- Up-to-date: E:/SyncForder/CodeRepos/install/q/t/include/lux/engine/scene/meta/visibility.h
-- Up-to-date: E:/SyncForder/CodeRepos/install/q/t/include/lux/engine/scene/render
-- Up-to-date: E:/SyncForder/CodeRepos/install/q/t/include/lux/engine/scene/render/visibility.h
-- Up-to-date: E:/SyncForder/CodeRepos/install/q/t/include/lux/engine/scene/script_runtime
-- Up-to-date: E:/SyncForder/CodeRepos/install/q/t/include/lux/engine/scene/script_runtime/visibility.h
-- Up-to-date: E:/SyncForder/CodeRepos/install/q/t/include/lux/engine/scene/visibility.h
-- Up-to-date: E:/SyncForder/CodeRepos/install/q/t/include/lux/engine/scene/world_materialization
-- Up-to-date: E:/SyncForder/CodeRepos/install/q/t/include/lux/engine/scene/world_materialization/visibility.h
-- Up-to-date: E:/SyncForder/CodeRepos/install/q/t/include/lux/engine/serialization
-- Up-to-date: E:/SyncForder/CodeRepos/install/q/t/include/lux/engine/serialization/visibility.h
-- Up-to-date: E:/SyncForder/CodeRepos/install/q/t/include/lux/engine/simulation
-- Up-to-date: E:/SyncForder/CodeRepos/install/q/t/include/lux/engine/simulation/asset
-- Up-to-date: E:/SyncForder/CodeRepos/install/q/t/include/lux/engine/simulation/asset/visibility.h
-- Up-to-date: E:/SyncForder/CodeRepos/install/q/t/include/lux/engine/simulation/composition
-- Up-to-date: E:/SyncForder/CodeRepos/install/q/t/include/lux/engine/simulation/composition/visibility.h
-- Up-to-date: E:/SyncForder/CodeRepos/install/q/t/include/lux/engine/simulation/description
-- Up-to-date: E:/SyncForder/CodeRepos/install/q/t/include/lux/engine/simulation/description/visibility.h
-- Up-to-date: E:/SyncForder/CodeRepos/install/q/t/include/lux/engine/simulation/ecs
-- Up-to-date: E:/SyncForder/CodeRepos/install/q/t/include/lux/engine/simulation/ecs/core
-- Up-to-date: E:/SyncForder/CodeRepos/install/q/t/include/lux/engine/simulation/ecs/core/visibility.h
-- Up-to-date: E:/SyncForder/CodeRepos/install/q/t/include/lux/engine/simulation/ecs/hierarchy
-- Up-to-date: E:/SyncForder/CodeRepos/install/q/t/include/lux/engine/simulation/ecs/hierarchy/visibility.h
-- Up-to-date: E:/SyncForder/CodeRepos/install/q/t/include/lux/engine/simulation/ecs/Parent.ecs_schema.hpp
-- Up-to-date: E:/SyncForder/CodeRepos/install/q/t/include/lux/engine/simulation/ecs/Parent.ecs_snapshot.hpp
-- Up-to-date: E:/SyncForder/CodeRepos/install/q/t/include/lux/engine/simulation/ecs/Parent.type_static_info.hpp
-- Up-to-date: E:/SyncForder/CodeRepos/install/q/t/include/lux/engine/simulation/ecs/schema
-- Up-to-date: E:/SyncForder/CodeRepos/install/q/t/include/lux/engine/simulation/ecs/schema/visibility.h
-- Up-to-date: E:/SyncForder/CodeRepos/install/q/t/include/lux/engine/simulation/ecs/snapshot
-- Up-to-date: E:/SyncForder/CodeRepos/install/q/t/include/lux/engine/simulation/ecs/snapshot/visibility.h
-- Up-to-date: E:/SyncForder/CodeRepos/install/q/t/include/lux/engine/simulation/ecs/transform
-- Up-to-date: E:/SyncForder/CodeRepos/install/q/t/include/lux/engine/simulation/ecs/transform/visibility.h
-- Up-to-date: E:/SyncForder/CodeRepos/install/q/t/include/lux/engine/simulation/ecs/Transform.ecs_schema.hpp
-- Up-to-date: E:/SyncForder/CodeRepos/install/q/t/include/lux/engine/simulation/ecs/Transform.ecs_snapshot.hpp
-- Up-to-date: E:/SyncForder/CodeRepos/install/q/t/include/lux/engine/simulation/ecs/Transform.type_static_info.hpp
-- Up-to-date: E:/SyncForder/CodeRepos/install/q/t/include/lux/engine/simulation/ecs/visual
-- Up-to-date: E:/SyncForder/CodeRepos/install/q/t/include/lux/engine/simulation/ecs/visual/visibility.h
-- Up-to-date: E:/SyncForder/CodeRepos/install/q/t/include/lux/engine/simulation/ecs/Visual.ecs_schema.hpp
-- Up-to-date: E:/SyncForder/CodeRepos/install/q/t/include/lux/engine/simulation/ecs/Visual.ecs_snapshot.hpp
-- Up-to-date: E:/SyncForder/CodeRepos/install/q/t/include/lux/engine/simulation/ecs/Visual.type_static_info.hpp
-- Up-to-date: E:/SyncForder/CodeRepos/install/q/t/include/lux/engine/simulation/scripting
-- Up-to-date: E:/SyncForder/CodeRepos/install/q/t/include/lux/engine/simulation/scripting/cpp_static
-- Up-to-date: E:/SyncForder/CodeRepos/install/q/t/include/lux/engine/simulation/scripting/cpp_static/visibility.h
-- Up-to-date: E:/SyncForder/CodeRepos/install/q/t/include/lux/engine/simulation/scripting/native
-- Up-to-date: E:/SyncForder/CodeRepos/install/q/t/include/lux/engine/simulation/scripting/native/visibility.h
-- Up-to-date: E:/SyncForder/CodeRepos/install/q/t/include/lux/engine/simulation/script_system
-- Up-to-date: E:/SyncForder/CodeRepos/install/q/t/include/lux/engine/simulation/script_system/visibility.h
-- Up-to-date: E:/SyncForder/CodeRepos/install/q/t/include/lux/engine/simulation/system
-- Up-to-date: E:/SyncForder/CodeRepos/install/q/t/include/lux/engine/simulation/system/visibility.h
-- Up-to-date: E:/SyncForder/CodeRepos/install/q/t/include/lux/engine/simulation/transform_system
-- Up-to-date: E:/SyncForder/CodeRepos/install/q/t/include/lux/engine/simulation/transform_system/visibility.h
-- Up-to-date: E:/SyncForder/CodeRepos/install/q/t/include/lux/engine/spatial
-- Up-to-date: E:/SyncForder/CodeRepos/install/q/t/include/lux/engine/spatial/spatial2d
-- Up-to-date: E:/SyncForder/CodeRepos/install/q/t/include/lux/engine/spatial/spatial2d/visibility.h
-- Up-to-date: E:/SyncForder/CodeRepos/install/q/t/include/lux/engine/spatial/spatial3d
-- Up-to-date: E:/SyncForder/CodeRepos/install/q/t/include/lux/engine/spatial/spatial3d/visibility.h
-- Up-to-date: E:/SyncForder/CodeRepos/install/q/t/include/lux/engine/system
-- Up-to-date: E:/SyncForder/CodeRepos/install/q/t/include/lux/engine/system/description
-- Up-to-date: E:/SyncForder/CodeRepos/install/q/t/include/lux/engine/system/description/visibility.h
-- Up-to-date: E:/SyncForder/CodeRepos/install/q/t/include/lux/engine/system/identity
-- Up-to-date: E:/SyncForder/CodeRepos/install/q/t/include/lux/engine/system/identity/visibility.h
-- Up-to-date: E:/SyncForder/CodeRepos/install/q/t/include/lux/engine/task
-- Up-to-date: E:/SyncForder/CodeRepos/install/q/t/include/lux/engine/task/visibility.h
-- Up-to-date: E:/SyncForder/CodeRepos/install/q/t/include/lux/engine/toolchain
-- Up-to-date: E:/SyncForder/CodeRepos/install/q/t/include/lux/engine/toolchain/asset
-- Up-to-date: E:/SyncForder/CodeRepos/install/q/t/include/lux/engine/toolchain/asset/model
-- Up-to-date: E:/SyncForder/CodeRepos/install/q/t/include/lux/engine/toolchain/asset/model/visibility.h
-- Up-to-date: E:/SyncForder/CodeRepos/install/q/t/include/lux/engine/toolchain/asset/shader
-- Up-to-date: E:/SyncForder/CodeRepos/install/q/t/include/lux/engine/toolchain/asset/shader/visibility.h
-- Up-to-date: E:/SyncForder/CodeRepos/install/q/t/include/lux/engine/toolchain/asset/texture
-- Up-to-date: E:/SyncForder/CodeRepos/install/q/t/include/lux/engine/toolchain/asset/texture/visibility.h
-- Up-to-date: E:/SyncForder/CodeRepos/install/q/t/include/lux/engine/world
-- Up-to-date: E:/SyncForder/CodeRepos/install/q/t/include/lux/engine/world/asset
-- Up-to-date: E:/SyncForder/CodeRepos/install/q/t/include/lux/engine/world/asset/visibility.h
-- Up-to-date: E:/SyncForder/CodeRepos/install/q/t/include/lux/engine/world/description
-- Up-to-date: E:/SyncForder/CodeRepos/install/q/t/include/lux/engine/world/description/visibility.h
-- Up-to-date: E:/SyncForder/CodeRepos/install/q/t/include/lux/engine/world/partition
-- Up-to-date: E:/SyncForder/CodeRepos/install/q/t/include/lux/engine/world/partition/visibility.h
-- Up-to-date: E:/SyncForder/CodeRepos/install/q/t/include/lux/engine/world/storage
-- Up-to-date: E:/SyncForder/CodeRepos/install/q/t/include/lux/engine/world/storage/visibility.h
-- Up-to-date: E:/SyncForder/CodeRepos/install/q/t/include/test
-- Installing: E:/SyncForder/CodeRepos/install/q/t/share/lux-engine-function/flowforge/lux-engine-function-flowforge-config-targets.cmake
-- Installing: E:/SyncForder/CodeRepos/install/q/t/share/lux-engine-function/flowforge/lux-engine-function-flowforge-config-targets-relwithdebinfo.cmake
-- Installing: E:/SyncForder/CodeRepos/install/q/t/share/lux-engine-function/flowforge/lux-engine-function-flowforge-import.cmake
-- Installing: E:/SyncForder/CodeRepos/install/q/t/lib/lux_engine_function_flowforge.lib
-- Up-to-date: E:/SyncForder/CodeRepos/install/q/t/include
-- Up-to-date: E:/SyncForder/CodeRepos/install/q/t/include/lux
-- Up-to-date: E:/SyncForder/CodeRepos/install/q/t/include/lux/engine
-- Up-to-date: E:/SyncForder/CodeRepos/install/q/t/include/lux/engine/function
-- Up-to-date: E:/SyncForder/CodeRepos/install/q/t/include/lux/engine/function/graph
-- Installing: E:/SyncForder/CodeRepos/install/q/t/include/lux/engine/function/graph/GraphLayout.hpp
-- Installing: E:/SyncForder/CodeRepos/install/q/t/include/lux/engine/function/graph/GraphTopology.hpp
-- Installing: E:/SyncForder/CodeRepos/install/q/t/include/lux/engine/function/graph/GraphTypes.hpp
-- Up-to-date: E:/SyncForder/CodeRepos/install/q/t/include
-- Up-to-date: E:/SyncForder/CodeRepos/install/q/t/include/lux
-- Up-to-date: E:/SyncForder/CodeRepos/install/q/t/include/lux/engine
-- Up-to-date: E:/SyncForder/CodeRepos/install/q/t/include/lux/engine/core
-- Up-to-date: E:/SyncForder/CodeRepos/install/q/t/include/lux/engine/core/visibility.h
-- Up-to-date: E:/SyncForder/CodeRepos/install/q/t/include/lux/engine/dynamic_library
-- Up-to-date: E:/SyncForder/CodeRepos/install/q/t/include/lux/engine/dynamic_library/visibility.h
-- Up-to-date: E:/SyncForder/CodeRepos/install/q/t/include/lux/engine/flowforge
-- Up-to-date: E:/SyncForder/CodeRepos/install/q/t/include/lux/engine/flowforge/compiler
-- Up-to-date: E:/SyncForder/CodeRepos/install/q/t/include/lux/engine/flowforge/compiler/visibility.h
-- Up-to-date: E:/SyncForder/CodeRepos/install/q/t/include/lux/engine/flowforge/visibility.h
-- Up-to-date: E:/SyncForder/CodeRepos/install/q/t/include/lux/engine/function
-- Up-to-date: E:/SyncForder/CodeRepos/install/q/t/include/lux/engine/function/graph
-- Up-to-date: E:/SyncForder/CodeRepos/install/q/t/include/lux/engine/function/graph/visibility.h
-- Up-to-date: E:/SyncForder/CodeRepos/install/q/t/include/lux/engine/function/render
-- Up-to-date: E:/SyncForder/CodeRepos/install/q/t/include/lux/engine/function/render/standard
-- Up-to-date: E:/SyncForder/CodeRepos/install/q/t/include/lux/engine/function/render/standard/content
-- Up-to-date: E:/SyncForder/CodeRepos/install/q/t/include/lux/engine/function/render/standard/content/visibility.h
-- Up-to-date: E:/SyncForder/CodeRepos/install/q/t/include/lux/engine/function/script
-- Up-to-date: E:/SyncForder/CodeRepos/install/q/t/include/lux/engine/function/script/artifact
-- Up-to-date: E:/SyncForder/CodeRepos/install/q/t/include/lux/engine/function/script/artifact/visibility.h
-- Up-to-date: E:/SyncForder/CodeRepos/install/q/t/include/lux/engine/function/visibility.h
-- Up-to-date: E:/SyncForder/CodeRepos/install/q/t/include/lux/engine/material
-- Up-to-date: E:/SyncForder/CodeRepos/install/q/t/include/lux/engine/material/compiler
-- Up-to-date: E:/SyncForder/CodeRepos/install/q/t/include/lux/engine/material/compiler/visibility.h
-- Up-to-date: E:/SyncForder/CodeRepos/install/q/t/include/lux/engine/material/cooker
-- Up-to-date: E:/SyncForder/CodeRepos/install/q/t/include/lux/engine/material/cooker/visibility.h
-- Up-to-date: E:/SyncForder/CodeRepos/install/q/t/include/lux/engine/material/graph
-- Up-to-date: E:/SyncForder/CodeRepos/install/q/t/include/lux/engine/material/graph/visibility.h
-- Up-to-date: E:/SyncForder/CodeRepos/install/q/t/include/lux/engine/physics2d
-- Up-to-date: E:/SyncForder/CodeRepos/install/q/t/include/lux/engine/physics2d/Physics2DComponents.ecs_schema.hpp
-- Up-to-date: E:/SyncForder/CodeRepos/install/q/t/include/lux/engine/physics2d/Physics2DComponents.ecs_snapshot.hpp
-- Up-to-date: E:/SyncForder/CodeRepos/install/q/t/include/lux/engine/physics2d/Physics2DComponents.type_static_info.hpp
-- Up-to-date: E:/SyncForder/CodeRepos/install/q/t/include/lux/engine/physics2d/visibility.h
-- Up-to-date: E:/SyncForder/CodeRepos/install/q/t/include/lux/engine/process
-- Up-to-date: E:/SyncForder/CodeRepos/install/q/t/include/lux/engine/process/asset_loading
-- Up-to-date: E:/SyncForder/CodeRepos/install/q/t/include/lux/engine/process/asset_loading/visibility.h
-- Up-to-date: E:/SyncForder/CodeRepos/install/q/t/include/lux/engine/process/visibility.h
-- Up-to-date: E:/SyncForder/CodeRepos/install/q/t/include/lux/engine/process/world_loading
-- Up-to-date: E:/SyncForder/CodeRepos/install/q/t/include/lux/engine/process/world_loading/visibility.h
-- Up-to-date: E:/SyncForder/CodeRepos/install/q/t/include/lux/engine/resource
-- Up-to-date: E:/SyncForder/CodeRepos/install/q/t/include/lux/engine/resource/asset
-- Up-to-date: E:/SyncForder/CodeRepos/install/q/t/include/lux/engine/resource/asset/visibility.h
-- Up-to-date: E:/SyncForder/CodeRepos/install/q/t/include/lux/engine/resource/visibility.h
-- Up-to-date: E:/SyncForder/CodeRepos/install/q/t/include/lux/engine/scene
-- Up-to-date: E:/SyncForder/CodeRepos/install/q/t/include/lux/engine/scene/asset
-- Up-to-date: E:/SyncForder/CodeRepos/install/q/t/include/lux/engine/scene/asset/visibility.h
-- Up-to-date: E:/SyncForder/CodeRepos/install/q/t/include/lux/engine/scene/description
-- Up-to-date: E:/SyncForder/CodeRepos/install/q/t/include/lux/engine/scene/description/visibility.h
-- Up-to-date: E:/SyncForder/CodeRepos/install/q/t/include/lux/engine/scene/meta
-- Up-to-date: E:/SyncForder/CodeRepos/install/q/t/include/lux/engine/scene/meta/visibility.h
-- Up-to-date: E:/SyncForder/CodeRepos/install/q/t/include/lux/engine/scene/render
-- Up-to-date: E:/SyncForder/CodeRepos/install/q/t/include/lux/engine/scene/render/visibility.h
-- Up-to-date: E:/SyncForder/CodeRepos/install/q/t/include/lux/engine/scene/script_runtime
-- Up-to-date: E:/SyncForder/CodeRepos/install/q/t/include/lux/engine/scene/script_runtime/visibility.h
-- Up-to-date: E:/SyncForder/CodeRepos/install/q/t/include/lux/engine/scene/visibility.h
-- Up-to-date: E:/SyncForder/CodeRepos/install/q/t/include/lux/engine/scene/world_materialization
-- Up-to-date: E:/SyncForder/CodeRepos/install/q/t/include/lux/engine/scene/world_materialization/visibility.h
-- Up-to-date: E:/SyncForder/CodeRepos/install/q/t/include/lux/engine/serialization
-- Up-to-date: E:/SyncForder/CodeRepos/install/q/t/include/lux/engine/serialization/visibility.h
-- Up-to-date: E:/SyncForder/CodeRepos/install/q/t/include/lux/engine/simulation
-- Up-to-date: E:/SyncForder/CodeRepos/install/q/t/include/lux/engine/simulation/asset
-- Up-to-date: E:/SyncForder/CodeRepos/install/q/t/include/lux/engine/simulation/asset/visibility.h
-- Up-to-date: E:/SyncForder/CodeRepos/install/q/t/include/lux/engine/simulation/composition
-- Up-to-date: E:/SyncForder/CodeRepos/install/q/t/include/lux/engine/simulation/composition/visibility.h
-- Up-to-date: E:/SyncForder/CodeRepos/install/q/t/include/lux/engine/simulation/description
-- Up-to-date: E:/SyncForder/CodeRepos/install/q/t/include/lux/engine/simulation/description/visibility.h
-- Up-to-date: E:/SyncForder/CodeRepos/install/q/t/include/lux/engine/simulation/ecs
-- Up-to-date: E:/SyncForder/CodeRepos/install/q/t/include/lux/engine/simulation/ecs/core
-- Up-to-date: E:/SyncForder/CodeRepos/install/q/t/include/lux/engine/simulation/ecs/core/visibility.h
-- Up-to-date: E:/SyncForder/CodeRepos/install/q/t/include/lux/engine/simulation/ecs/hierarchy
-- Up-to-date: E:/SyncForder/CodeRepos/install/q/t/include/lux/engine/simulation/ecs/hierarchy/visibility.h
-- Up-to-date: E:/SyncForder/CodeRepos/install/q/t/include/lux/engine/simulation/ecs/Parent.ecs_schema.hpp
-- Up-to-date: E:/SyncForder/CodeRepos/install/q/t/include/lux/engine/simulation/ecs/Parent.ecs_snapshot.hpp
-- Up-to-date: E:/SyncForder/CodeRepos/install/q/t/include/lux/engine/simulation/ecs/Parent.type_static_info.hpp
-- Up-to-date: E:/SyncForder/CodeRepos/install/q/t/include/lux/engine/simulation/ecs/schema
-- Up-to-date: E:/SyncForder/CodeRepos/install/q/t/include/lux/engine/simulation/ecs/schema/visibility.h
-- Up-to-date: E:/SyncForder/CodeRepos/install/q/t/include/lux/engine/simulation/ecs/snapshot
-- Up-to-date: E:/SyncForder/CodeRepos/install/q/t/include/lux/engine/simulation/ecs/snapshot/visibility.h
-- Up-to-date: E:/SyncForder/CodeRepos/install/q/t/include/lux/engine/simulation/ecs/transform
-- Up-to-date: E:/SyncForder/CodeRepos/install/q/t/include/lux/engine/simulation/ecs/transform/visibility.h
-- Up-to-date: E:/SyncForder/CodeRepos/install/q/t/include/lux/engine/simulation/ecs/Transform.ecs_schema.hpp
-- Up-to-date: E:/SyncForder/CodeRepos/install/q/t/include/lux/engine/simulation/ecs/Transform.ecs_snapshot.hpp
-- Up-to-date: E:/SyncForder/CodeRepos/install/q/t/include/lux/engine/simulation/ecs/Transform.type_static_info.hpp
-- Up-to-date: E:/SyncForder/CodeRepos/install/q/t/include/lux/engine/simulation/ecs/visual
-- Up-to-date: E:/SyncForder/CodeRepos/install/q/t/include/lux/engine/simulation/ecs/visual/visibility.h
-- Up-to-date: E:/SyncForder/CodeRepos/install/q/t/include/lux/engine/simulation/ecs/Visual.ecs_schema.hpp
-- Up-to-date: E:/SyncForder/CodeRepos/install/q/t/include/lux/engine/simulation/ecs/Visual.ecs_snapshot.hpp
-- Up-to-date: E:/SyncForder/CodeRepos/install/q/t/include/lux/engine/simulation/ecs/Visual.type_static_info.hpp
-- Up-to-date: E:/SyncForder/CodeRepos/install/q/t/include/lux/engine/simulation/scripting
-- Up-to-date: E:/SyncForder/CodeRepos/install/q/t/include/lux/engine/simulation/scripting/cpp_static
-- Up-to-date: E:/SyncForder/CodeRepos/install/q/t/include/lux/engine/simulation/scripting/cpp_static/visibility.h
-- Up-to-date: E:/SyncForder/CodeRepos/install/q/t/include/lux/engine/simulation/scripting/native
-- Up-to-date: E:/SyncForder/CodeRepos/install/q/t/include/lux/engine/simulation/scripting/native/visibility.h
-- Up-to-date: E:/SyncForder/CodeRepos/install/q/t/include/lux/engine/simulation/script_system
-- Up-to-date: E:/SyncForder/CodeRepos/install/q/t/include/lux/engine/simulation/script_system/visibility.h
-- Up-to-date: E:/SyncForder/CodeRepos/install/q/t/include/lux/engine/simulation/system
-- Up-to-date: E:/SyncForder/CodeRepos/install/q/t/include/lux/engine/simulation/system/visibility.h
-- Up-to-date: E:/SyncForder/CodeRepos/install/q/t/include/lux/engine/simulation/transform_system
-- Up-to-date: E:/SyncForder/CodeRepos/install/q/t/include/lux/engine/simulation/transform_system/visibility.h
-- Up-to-date: E:/SyncForder/CodeRepos/install/q/t/include/lux/engine/spatial
-- Up-to-date: E:/SyncForder/CodeRepos/install/q/t/include/lux/engine/spatial/spatial2d
-- Up-to-date: E:/SyncForder/CodeRepos/install/q/t/include/lux/engine/spatial/spatial2d/visibility.h
-- Up-to-date: E:/SyncForder/CodeRepos/install/q/t/include/lux/engine/spatial/spatial3d
-- Up-to-date: E:/SyncForder/CodeRepos/install/q/t/include/lux/engine/spatial/spatial3d/visibility.h
-- Up-to-date: E:/SyncForder/CodeRepos/install/q/t/include/lux/engine/system
-- Up-to-date: E:/SyncForder/CodeRepos/install/q/t/include/lux/engine/system/description
-- Up-to-date: E:/SyncForder/CodeRepos/install/q/t/include/lux/engine/system/description/visibility.h
-- Up-to-date: E:/SyncForder/CodeRepos/install/q/t/include/lux/engine/system/identity
-- Up-to-date: E:/SyncForder/CodeRepos/install/q/t/include/lux/engine/system/identity/visibility.h
-- Up-to-date: E:/SyncForder/CodeRepos/install/q/t/include/lux/engine/task
-- Up-to-date: E:/SyncForder/CodeRepos/install/q/t/include/lux/engine/task/visibility.h
-- Up-to-date: E:/SyncForder/CodeRepos/install/q/t/include/lux/engine/toolchain
-- Up-to-date: E:/SyncForder/CodeRepos/install/q/t/include/lux/engine/toolchain/asset
-- Up-to-date: E:/SyncForder/CodeRepos/install/q/t/include/lux/engine/toolchain/asset/model
-- Up-to-date: E:/SyncForder/CodeRepos/install/q/t/include/lux/engine/toolchain/asset/model/visibility.h
-- Up-to-date: E:/SyncForder/CodeRepos/install/q/t/include/lux/engine/toolchain/asset/shader
-- Up-to-date: E:/SyncForder/CodeRepos/install/q/t/include/lux/engine/toolchain/asset/shader/visibility.h
-- Up-to-date: E:/SyncForder/CodeRepos/install/q/t/include/lux/engine/toolchain/asset/texture
-- Up-to-date: E:/SyncForder/CodeRepos/install/q/t/include/lux/engine/toolchain/asset/texture/visibility.h
-- Up-to-date: E:/SyncForder/CodeRepos/install/q/t/include/lux/engine/world
-- Up-to-date: E:/SyncForder/CodeRepos/install/q/t/include/lux/engine/world/asset
-- Up-to-date: E:/SyncForder/CodeRepos/install/q/t/include/lux/engine/world/asset/visibility.h
-- Up-to-date: E:/SyncForder/CodeRepos/install/q/t/include/lux/engine/world/description
-- Up-to-date: E:/SyncForder/CodeRepos/install/q/t/include/lux/engine/world/description/visibility.h
-- Up-to-date: E:/SyncForder/CodeRepos/install/q/t/include/lux/engine/world/partition
-- Up-to-date: E:/SyncForder/CodeRepos/install/q/t/include/lux/engine/world/partition/visibility.h
-- Up-to-date: E:/SyncForder/CodeRepos/install/q/t/include/lux/engine/world/storage
-- Up-to-date: E:/SyncForder/CodeRepos/install/q/t/include/lux/engine/world/storage/visibility.h
-- Up-to-date: E:/SyncForder/CodeRepos/install/q/t/include/test
-- Installing: E:/SyncForder/CodeRepos/install/q/t/share/lux-engine-function/graph/lux-engine-function-graph-config-targets.cmake
-- Installing: E:/SyncForder/CodeRepos/install/q/t/share/lux-engine-function/graph/lux-engine-function-graph-config-targets-relwithdebinfo.cmake
-- Installing: E:/SyncForder/CodeRepos/install/q/t/share/lux-engine-function/graph/lux-engine-function-graph-import.cmake
-- Installing: E:/SyncForder/CodeRepos/install/q/t/lib/lux_engine_function_graph.lib
-- Up-to-date: E:/SyncForder/CodeRepos/install/q/t/bin/lux_engine_function_graph.dll
-- Up-to-date: E:/SyncForder/CodeRepos/install/q/t/include
-- Up-to-date: E:/SyncForder/CodeRepos/install/q/t/include/lux
-- Up-to-date: E:/SyncForder/CodeRepos/install/q/t/include/lux/engine
-- Installing: E:/SyncForder/CodeRepos/install/q/t/include/lux/engine/navigation
-- Installing: E:/SyncForder/CodeRepos/install/q/t/include/lux/engine/navigation/Navigation.hpp
-- Installing: E:/SyncForder/CodeRepos/install/q/t/share/lux-engine-function/navigation/lux-engine-function-navigation-config-targets.cmake
-- Installing: E:/SyncForder/CodeRepos/install/q/t/share/lux-engine-function/navigation/lux-engine-function-navigation-import.cmake
-- Up-to-date: E:/SyncForder/CodeRepos/install/q/t/include
-- Up-to-date: E:/SyncForder/CodeRepos/install/q/t/include/lux
-- Up-to-date: E:/SyncForder/CodeRepos/install/q/t/include/lux/engine
-- Up-to-date: E:/SyncForder/CodeRepos/install/q/t/include/lux/engine/navigation
-- Installing: E:/SyncForder/CodeRepos/install/q/t/include/lux/engine/navigation/detour3d
-- Installing: E:/SyncForder/CodeRepos/install/q/t/include/lux/engine/navigation/detour3d/NavigationDetour3D.hpp
-- Up-to-date: E:/SyncForder/CodeRepos/install/q/t/include
-- Up-to-date: E:/SyncForder/CodeRepos/install/q/t/include/lux
-- Up-to-date: E:/SyncForder/CodeRepos/install/q/t/include/lux/engine
-- Up-to-date: E:/SyncForder/CodeRepos/install/q/t/include/lux/engine/core
-- Up-to-date: E:/SyncForder/CodeRepos/install/q/t/include/lux/engine/core/visibility.h
-- Up-to-date: E:/SyncForder/CodeRepos/install/q/t/include/lux/engine/dynamic_library
-- Up-to-date: E:/SyncForder/CodeRepos/install/q/t/include/lux/engine/dynamic_library/visibility.h
-- Up-to-date: E:/SyncForder/CodeRepos/install/q/t/include/lux/engine/flowforge
-- Up-to-date: E:/SyncForder/CodeRepos/install/q/t/include/lux/engine/flowforge/compiler
-- Up-to-date: E:/SyncForder/CodeRepos/install/q/t/include/lux/engine/flowforge/compiler/visibility.h
-- Up-to-date: E:/SyncForder/CodeRepos/install/q/t/include/lux/engine/flowforge/visibility.h
-- Up-to-date: E:/SyncForder/CodeRepos/install/q/t/include/lux/engine/function
-- Up-to-date: E:/SyncForder/CodeRepos/install/q/t/include/lux/engine/function/graph
-- Up-to-date: E:/SyncForder/CodeRepos/install/q/t/include/lux/engine/function/graph/visibility.h
-- Up-to-date: E:/SyncForder/CodeRepos/install/q/t/include/lux/engine/function/render
-- Up-to-date: E:/SyncForder/CodeRepos/install/q/t/include/lux/engine/function/render/standard
-- Up-to-date: E:/SyncForder/CodeRepos/install/q/t/include/lux/engine/function/render/standard/content
-- Up-to-date: E:/SyncForder/CodeRepos/install/q/t/include/lux/engine/function/render/standard/content/visibility.h
-- Up-to-date: E:/SyncForder/CodeRepos/install/q/t/include/lux/engine/function/script
-- Up-to-date: E:/SyncForder/CodeRepos/install/q/t/include/lux/engine/function/script/artifact
-- Up-to-date: E:/SyncForder/CodeRepos/install/q/t/include/lux/engine/function/script/artifact/visibility.h
-- Up-to-date: E:/SyncForder/CodeRepos/install/q/t/include/lux/engine/function/visibility.h
-- Up-to-date: E:/SyncForder/CodeRepos/install/q/t/include/lux/engine/material
-- Up-to-date: E:/SyncForder/CodeRepos/install/q/t/include/lux/engine/material/compiler
-- Up-to-date: E:/SyncForder/CodeRepos/install/q/t/include/lux/engine/material/compiler/visibility.h
-- Up-to-date: E:/SyncForder/CodeRepos/install/q/t/include/lux/engine/material/cooker
-- Up-to-date: E:/SyncForder/CodeRepos/install/q/t/include/lux/engine/material/cooker/visibility.h
-- Up-to-date: E:/SyncForder/CodeRepos/install/q/t/include/lux/engine/material/graph
-- Up-to-date: E:/SyncForder/CodeRepos/install/q/t/include/lux/engine/material/graph/visibility.h
-- Up-to-date: E:/SyncForder/CodeRepos/install/q/t/include/lux/engine/physics2d
-- Up-to-date: E:/SyncForder/CodeRepos/install/q/t/include/lux/engine/physics2d/Physics2DComponents.ecs_schema.hpp
-- Up-to-date: E:/SyncForder/CodeRepos/install/q/t/include/lux/engine/physics2d/Physics2DComponents.ecs_snapshot.hpp
-- Up-to-date: E:/SyncForder/CodeRepos/install/q/t/include/lux/engine/physics2d/Physics2DComponents.type_static_info.hpp
-- Up-to-date: E:/SyncForder/CodeRepos/install/q/t/include/lux/engine/physics2d/visibility.h
-- Up-to-date: E:/SyncForder/CodeRepos/install/q/t/include/lux/engine/process
-- Up-to-date: E:/SyncForder/CodeRepos/install/q/t/include/lux/engine/process/asset_loading
-- Up-to-date: E:/SyncForder/CodeRepos/install/q/t/include/lux/engine/process/asset_loading/visibility.h
-- Up-to-date: E:/SyncForder/CodeRepos/install/q/t/include/lux/engine/process/visibility.h
-- Up-to-date: E:/SyncForder/CodeRepos/install/q/t/include/lux/engine/process/world_loading
-- Up-to-date: E:/SyncForder/CodeRepos/install/q/t/include/lux/engine/process/world_loading/visibility.h
-- Up-to-date: E:/SyncForder/CodeRepos/install/q/t/include/lux/engine/resource
-- Up-to-date: E:/SyncForder/CodeRepos/install/q/t/include/lux/engine/resource/asset
-- Up-to-date: E:/SyncForder/CodeRepos/install/q/t/include/lux/engine/resource/asset/visibility.h
-- Up-to-date: E:/SyncForder/CodeRepos/install/q/t/include/lux/engine/resource/visibility.h
-- Up-to-date: E:/SyncForder/CodeRepos/install/q/t/include/lux/engine/scene
-- Up-to-date: E:/SyncForder/CodeRepos/install/q/t/include/lux/engine/scene/asset
-- Up-to-date: E:/SyncForder/CodeRepos/install/q/t/include/lux/engine/scene/asset/visibility.h
-- Up-to-date: E:/SyncForder/CodeRepos/install/q/t/include/lux/engine/scene/description
-- Up-to-date: E:/SyncForder/CodeRepos/install/q/t/include/lux/engine/scene/description/visibility.h
-- Up-to-date: E:/SyncForder/CodeRepos/install/q/t/include/lux/engine/scene/meta
-- Up-to-date: E:/SyncForder/CodeRepos/install/q/t/include/lux/engine/scene/meta/visibility.h
-- Up-to-date: E:/SyncForder/CodeRepos/install/q/t/include/lux/engine/scene/render
-- Up-to-date: E:/SyncForder/CodeRepos/install/q/t/include/lux/engine/scene/render/visibility.h
-- Up-to-date: E:/SyncForder/CodeRepos/install/q/t/include/lux/engine/scene/script_runtime
-- Up-to-date: E:/SyncForder/CodeRepos/install/q/t/include/lux/engine/scene/script_runtime/visibility.h
-- Up-to-date: E:/SyncForder/CodeRepos/install/q/t/include/lux/engine/scene/visibility.h
-- Up-to-date: E:/SyncForder/CodeRepos/install/q/t/include/lux/engine/scene/world_materialization
-- Up-to-date: E:/SyncForder/CodeRepos/install/q/t/include/lux/engine/scene/world_materialization/visibility.h
-- Up-to-date: E:/SyncForder/CodeRepos/install/q/t/include/lux/engine/serialization
-- Up-to-date: E:/SyncForder/CodeRepos/install/q/t/include/lux/engine/serialization/visibility.h
-- Up-to-date: E:/SyncForder/CodeRepos/install/q/t/include/lux/engine/simulation
-- Up-to-date: E:/SyncForder/CodeRepos/install/q/t/include/lux/engine/simulation/asset
-- Up-to-date: E:/SyncForder/CodeRepos/install/q/t/include/lux/engine/simulation/asset/visibility.h
-- Up-to-date: E:/SyncForder/CodeRepos/install/q/t/include/lux/engine/simulation/composition
-- Up-to-date: E:/SyncForder/CodeRepos/install/q/t/include/lux/engine/simulation/composition/visibility.h
-- Up-to-date: E:/SyncForder/CodeRepos/install/q/t/include/lux/engine/simulation/description
-- Up-to-date: E:/SyncForder/CodeRepos/install/q/t/include/lux/engine/simulation/description/visibility.h
-- Up-to-date: E:/SyncForder/CodeRepos/install/q/t/include/lux/engine/simulation/ecs
-- Up-to-date: E:/SyncForder/CodeRepos/install/q/t/include/lux/engine/simulation/ecs/core
-- Up-to-date: E:/SyncForder/CodeRepos/install/q/t/include/lux/engine/simulation/ecs/core/visibility.h
-- Up-to-date: E:/SyncForder/CodeRepos/install/q/t/include/lux/engine/simulation/ecs/hierarchy
-- Up-to-date: E:/SyncForder/CodeRepos/install/q/t/include/lux/engine/simulation/ecs/hierarchy/visibility.h
-- Up-to-date: E:/SyncForder/CodeRepos/install/q/t/include/lux/engine/simulation/ecs/Parent.ecs_schema.hpp
-- Up-to-date: E:/SyncForder/CodeRepos/install/q/t/include/lux/engine/simulation/ecs/Parent.ecs_snapshot.hpp
-- Up-to-date: E:/SyncForder/CodeRepos/install/q/t/include/lux/engine/simulation/ecs/Parent.type_static_info.hpp
-- Up-to-date: E:/SyncForder/CodeRepos/install/q/t/include/lux/engine/simulation/ecs/schema
-- Up-to-date: E:/SyncForder/CodeRepos/install/q/t/include/lux/engine/simulation/ecs/schema/visibility.h
-- Up-to-date: E:/SyncForder/CodeRepos/install/q/t/include/lux/engine/simulation/ecs/snapshot
-- Up-to-date: E:/SyncForder/CodeRepos/install/q/t/include/lux/engine/simulation/ecs/snapshot/visibility.h
-- Up-to-date: E:/SyncForder/CodeRepos/install/q/t/include/lux/engine/simulation/ecs/transform
-- Up-to-date: E:/SyncForder/CodeRepos/install/q/t/include/lux/engine/simulation/ecs/transform/visibility.h
-- Up-to-date: E:/SyncForder/CodeRepos/install/q/t/include/lux/engine/simulation/ecs/Transform.ecs_schema.hpp
-- Up-to-date: E:/SyncForder/CodeRepos/install/q/t/include/lux/engine/simulation/ecs/Transform.ecs_snapshot.hpp
-- Up-to-date: E:/SyncForder/CodeRepos/install/q/t/include/lux/engine/simulation/ecs/Transform.type_static_info.hpp
-- Up-to-date: E:/SyncForder/CodeRepos/install/q/t/include/lux/engine/simulation/ecs/visual
-- Up-to-date: E:/SyncForder/CodeRepos/install/q/t/include/lux/engine/simulation/ecs/visual/visibility.h
-- Up-to-date: E:/SyncForder/CodeRepos/install/q/t/include/lux/engine/simulation/ecs/Visual.ecs_schema.hpp
-- Up-to-date: E:/SyncForder/CodeRepos/install/q/t/include/lux/engine/simulation/ecs/Visual.ecs_snapshot.hpp
-- Up-to-date: E:/SyncForder/CodeRepos/install/q/t/include/lux/engine/simulation/ecs/Visual.type_static_info.hpp
-- Up-to-date: E:/SyncForder/CodeRepos/install/q/t/include/lux/engine/simulation/scripting
-- Up-to-date: E:/SyncForder/CodeRepos/install/q/t/include/lux/engine/simulation/scripting/cpp_static
-- Up-to-date: E:/SyncForder/CodeRepos/install/q/t/include/lux/engine/simulation/scripting/cpp_static/visibility.h
-- Up-to-date: E:/SyncForder/CodeRepos/install/q/t/include/lux/engine/simulation/scripting/native
-- Up-to-date: E:/SyncForder/CodeRepos/install/q/t/include/lux/engine/simulation/scripting/native/visibility.h
-- Up-to-date: E:/SyncForder/CodeRepos/install/q/t/include/lux/engine/simulation/script_system
-- Up-to-date: E:/SyncForder/CodeRepos/install/q/t/include/lux/engine/simulation/script_system/visibility.h
-- Up-to-date: E:/SyncForder/CodeRepos/install/q/t/include/lux/engine/simulation/system
-- Up-to-date: E:/SyncForder/CodeRepos/install/q/t/include/lux/engine/simulation/system/visibility.h
-- Up-to-date: E:/SyncForder/CodeRepos/install/q/t/include/lux/engine/simulation/transform_system
-- Up-to-date: E:/SyncForder/CodeRepos/install/q/t/include/lux/engine/simulation/transform_system/visibility.h
-- Up-to-date: E:/SyncForder/CodeRepos/install/q/t/include/lux/engine/spatial
-- Up-to-date: E:/SyncForder/CodeRepos/install/q/t/include/lux/engine/spatial/spatial2d
-- Up-to-date: E:/SyncForder/CodeRepos/install/q/t/include/lux/engine/spatial/spatial2d/visibility.h
-- Up-to-date: E:/SyncForder/CodeRepos/install/q/t/include/lux/engine/spatial/spatial3d
-- Up-to-date: E:/SyncForder/CodeRepos/install/q/t/include/lux/engine/spatial/spatial3d/visibility.h
-- Up-to-date: E:/SyncForder/CodeRepos/install/q/t/include/lux/engine/system
-- Up-to-date: E:/SyncForder/CodeRepos/install/q/t/include/lux/engine/system/description
-- Up-to-date: E:/SyncForder/CodeRepos/install/q/t/include/lux/engine/system/description/visibility.h
-- Up-to-date: E:/SyncForder/CodeRepos/install/q/t/include/lux/engine/system/identity
-- Up-to-date: E:/SyncForder/CodeRepos/install/q/t/include/lux/engine/system/identity/visibility.h
-- Up-to-date: E:/SyncForder/CodeRepos/install/q/t/include/lux/engine/task
-- Up-to-date: E:/SyncForder/CodeRepos/install/q/t/include/lux/engine/task/visibility.h
-- Up-to-date: E:/SyncForder/CodeRepos/install/q/t/include/lux/engine/toolchain
-- Up-to-date: E:/SyncForder/CodeRepos/install/q/t/include/lux/engine/toolchain/asset
-- Up-to-date: E:/SyncForder/CodeRepos/install/q/t/include/lux/engine/toolchain/asset/model
-- Up-to-date: E:/SyncForder/CodeRepos/install/q/t/include/lux/engine/toolchain/asset/model/visibility.h
-- Up-to-date: E:/SyncForder/CodeRepos/install/q/t/include/lux/engine/toolchain/asset/shader
-- Up-to-date: E:/SyncForder/CodeRepos/install/q/t/include/lux/engine/toolchain/asset/shader/visibility.h
-- Up-to-date: E:/SyncForder/CodeRepos/install/q/t/include/lux/engine/toolchain/asset/texture
-- Up-to-date: E:/SyncForder/CodeRepos/install/q/t/include/lux/engine/toolchain/asset/texture/visibility.h
-- Up-to-date: E:/SyncForder/CodeRepos/install/q/t/include/lux/engine/world
-- Up-to-date: E:/SyncForder/CodeRepos/install/q/t/include/lux/engine/world/asset
-- Up-to-date: E:/SyncForder/CodeRepos/install/q/t/include/lux/engine/world/asset/visibility.h
-- Up-to-date: E:/SyncForder/CodeRepos/install/q/t/include/lux/engine/world/description
-- Up-to-date: E:/SyncForder/CodeRepos/install/q/t/include/lux/engine/world/description/visibility.h
-- Up-to-date: E:/SyncForder/CodeRepos/install/q/t/include/lux/engine/world/partition
-- Up-to-date: E:/SyncForder/CodeRepos/install/q/t/include/lux/engine/world/partition/visibility.h
-- Up-to-date: E:/SyncForder/CodeRepos/install/q/t/include/lux/engine/world/storage
-- Up-to-date: E:/SyncForder/CodeRepos/install/q/t/include/lux/engine/world/storage/visibility.h
-- Up-to-date: E:/SyncForder/CodeRepos/install/q/t/include/test
-- Installing: E:/SyncForder/CodeRepos/install/q/t/share/lux-engine-function/navigation_detour3d/lux-engine-function-navigation_detour3d-config-targets.cmake
-- Installing: E:/SyncForder/CodeRepos/install/q/t/share/lux-engine-function/navigation_detour3d/lux-engine-function-navigation_detour3d-config-targets-relwithdebinfo.cmake
-- Installing: E:/SyncForder/CodeRepos/install/q/t/share/lux-engine-function/navigation_detour3d/lux-engine-function-navigation_detour3d-import.cmake
-- Installing: E:/SyncForder/CodeRepos/install/q/t/lib/lux_engine_function_navigation_detour3d.lib
-- Installing: E:/SyncForder/CodeRepos/install/q/t/bin/lux_engine_function_navigation_detour3d.dll
-- Up-to-date: E:/SyncForder/CodeRepos/install/q/t/include
-- Up-to-date: E:/SyncForder/CodeRepos/install/q/t/include/lux
-- Up-to-date: E:/SyncForder/CodeRepos/install/q/t/include/lux/engine
-- Up-to-date: E:/SyncForder/CodeRepos/install/q/t/include/lux/engine/function
-- Up-to-date: E:/SyncForder/CodeRepos/install/q/t/include/lux/engine/function/render
-- Installing: E:/SyncForder/CodeRepos/install/q/t/include/lux/engine/function/render/Capacity.hpp
-- Up-to-date: E:/SyncForder/CodeRepos/install/q/t/include/lux/engine/function/render/client
-- Installing: E:/SyncForder/CodeRepos/install/q/t/include/lux/engine/function/render/client/BoundedSpscFrameRing.hpp
-- Installing: E:/SyncForder/CodeRepos/install/q/t/include/lux/engine/function/render/client/core
-- Installing: E:/SyncForder/CodeRepos/install/q/t/include/lux/engine/function/render/client/core/DeviceCaps.hpp
-- Installing: E:/SyncForder/CodeRepos/install/q/t/include/lux/engine/function/render/client/core/EFeatureLevel.hpp
-- Installing: E:/SyncForder/CodeRepos/install/q/t/include/lux/engine/function/render/client/core/EngineSetSlot.hpp
-- Installing: E:/SyncForder/CodeRepos/install/q/t/include/lux/engine/function/render/client/core/Errors.hpp
-- Installing: E:/SyncForder/CodeRepos/install/q/t/include/lux/engine/function/render/client/core/FeatureDescriptor.hpp
-- Installing: E:/SyncForder/CodeRepos/install/q/t/include/lux/engine/function/render/client/core/FeatureHandle.hpp
-- Installing: E:/SyncForder/CodeRepos/install/q/t/include/lux/engine/function/render/client/core/FeatureTypeId.hpp
-- Installing: E:/SyncForder/CodeRepos/install/q/t/include/lux/engine/function/render/client/core/FrameStamp.hpp
-- Installing: E:/SyncForder/CodeRepos/install/q/t/include/lux/engine/function/render/client/core/GpuLayout.hpp
-- Installing: E:/SyncForder/CodeRepos/install/q/t/include/lux/engine/function/render/client/core/PipelineHandle.hpp
-- Installing: E:/SyncForder/CodeRepos/install/q/t/include/lux/engine/function/render/client/core/RenderEntityId.hpp
-- Installing: E:/SyncForder/CodeRepos/install/q/t/include/lux/engine/function/render/client/core/RenderError.hpp
-- Installing: E:/SyncForder/CodeRepos/install/q/t/include/lux/engine/function/render/client/core/RenderErrorEvent.hpp
-- Installing: E:/SyncForder/CodeRepos/install/q/t/include/lux/engine/function/render/client/core/RenderErrorList.hpp
-- Installing: E:/SyncForder/CodeRepos/install/q/t/include/lux/engine/function/render/client/core/RenderErrorRegistry.hpp
-- Installing: E:/SyncForder/CodeRepos/install/q/t/include/lux/engine/function/render/client/core/RenderFatal.hpp
-- Installing: E:/SyncForder/CodeRepos/install/q/t/include/lux/engine/function/render/client/core/RenderFeatureMetaModule.hpp
-- Installing: E:/SyncForder/CodeRepos/install/q/t/include/lux/engine/function/render/client/core/RenderFeatureRegistration.hpp
-- Installing: E:/SyncForder/CodeRepos/install/q/t/include/lux/engine/function/render/client/core/RenderResourceHandle.hpp
-- Installing: E:/SyncForder/CodeRepos/install/q/t/include/lux/engine/function/render/client/core/RenderSceneId.hpp
-- Installing: E:/SyncForder/CodeRepos/install/q/t/include/lux/engine/function/render/client/core/RenderSpatialTypes.hpp
-- Installing: E:/SyncForder/CodeRepos/install/q/t/include/lux/engine/function/render/client/core/RenderTypes.hpp
-- Installing: E:/SyncForder/CodeRepos/install/q/t/include/lux/engine/function/render/client/core/RenderViewTypes.hpp
-- Installing: E:/SyncForder/CodeRepos/install/q/t/include/lux/engine/function/render/client/core/ResourceHandle.hpp
-- Installing: E:/SyncForder/CodeRepos/install/q/t/include/lux/engine/function/render/client/core/ShadingInputSlot.hpp
-- Installing: E:/SyncForder/CodeRepos/install/q/t/include/lux/engine/function/render/client/core/VertexLayoutTypes.hpp
-- Installing: E:/SyncForder/CodeRepos/install/q/t/include/lux/engine/function/render/client/FeatureCatalog.hpp
-- Installing: E:/SyncForder/CodeRepos/install/q/t/include/lux/engine/function/render/client/FeatureOpSend.hpp
-- Installing: E:/SyncForder/CodeRepos/install/q/t/include/lux/engine/function/render/client/features
-- Installing: E:/SyncForder/CodeRepos/install/q/t/include/lux/engine/function/render/client/features/canvas2d
-- Installing: E:/SyncForder/CodeRepos/install/q/t/include/lux/engine/function/render/client/features/canvas2d/Canvas2DOperation.hpp
-- Installing: E:/SyncForder/CodeRepos/install/q/t/include/lux/engine/function/render/client/features/deferred
-- Installing: E:/SyncForder/CodeRepos/install/q/t/include/lux/engine/function/render/client/features/deferred/DeferredGBufferOperation.hpp
-- Installing: E:/SyncForder/CodeRepos/install/q/t/include/lux/engine/function/render/client/features/deferred/DeferredLightingOperation.hpp
-- Installing: E:/SyncForder/CodeRepos/install/q/t/include/lux/engine/function/render/client/features/DepthPrepassOperation.hpp
-- Installing: E:/SyncForder/CodeRepos/install/q/t/include/lux/engine/function/render/client/features/forward
-- Installing: E:/SyncForder/CodeRepos/install/q/t/include/lux/engine/function/render/client/features/forward/ForwardMeshOperation.hpp
-- Installing: E:/SyncForder/CodeRepos/install/q/t/include/lux/engine/function/render/client/features/gizmo
-- Installing: E:/SyncForder/CodeRepos/install/q/t/include/lux/engine/function/render/client/features/gizmo/GizmoVertex.hpp
-- Installing: E:/SyncForder/CodeRepos/install/q/t/include/lux/engine/function/render/client/features/gizmo/LineListOperation.hpp
-- Installing: E:/SyncForder/CodeRepos/install/q/t/include/lux/engine/function/render/client/features/gizmo/TriOverlayOperation.hpp
-- Installing: E:/SyncForder/CodeRepos/install/q/t/include/lux/engine/function/render/client/features/GpuDrivenMeshExtFlags.hpp
-- Installing: E:/SyncForder/CodeRepos/install/q/t/include/lux/engine/function/render/client/features/grid
-- Installing: E:/SyncForder/CodeRepos/install/q/t/include/lux/engine/function/render/client/features/grid/Grid2DOperation.hpp
-- Installing: E:/SyncForder/CodeRepos/install/q/t/include/lux/engine/function/render/client/features/grid/Grid3DOperation.hpp
-- Installing: E:/SyncForder/CodeRepos/install/q/t/include/lux/engine/function/render/client/features/grid/Grid3DPassTypes.hpp
-- Installing: E:/SyncForder/CodeRepos/install/q/t/include/lux/engine/function/render/client/features/highlight
-- Installing: E:/SyncForder/CodeRepos/install/q/t/include/lux/engine/function/render/client/features/highlight/HighlightOperation.hpp
-- Installing: E:/SyncForder/CodeRepos/install/q/t/include/lux/engine/function/render/client/features/hzb
-- Installing: E:/SyncForder/CodeRepos/install/q/t/include/lux/engine/function/render/client/features/hzb/HzbOperation.hpp
-- Installing: E:/SyncForder/CodeRepos/install/q/t/include/lux/engine/function/render/client/features/light
-- Installing: E:/SyncForder/CodeRepos/install/q/t/include/lux/engine/function/render/client/features/light/LightOperation.hpp
-- Installing: E:/SyncForder/CodeRepos/install/q/t/include/lux/engine/function/render/client/features/material
-- Installing: E:/SyncForder/CodeRepos/install/q/t/include/lux/engine/function/render/client/features/material/MaterialOperation.hpp
-- Installing: E:/SyncForder/CodeRepos/install/q/t/include/lux/engine/function/render/client/features/meshstack
-- Installing: E:/SyncForder/CodeRepos/install/q/t/include/lux/engine/function/render/client/features/meshstack/MeshStackOperation.hpp
-- Installing: E:/SyncForder/CodeRepos/install/q/t/include/lux/engine/function/render/client/features/point_cloud
-- Installing: E:/SyncForder/CodeRepos/install/q/t/include/lux/engine/function/render/client/features/point_cloud/PointCloudOperation.hpp
-- Installing: E:/SyncForder/CodeRepos/install/q/t/include/lux/engine/function/render/client/features/postprocess
-- Installing: E:/SyncForder/CodeRepos/install/q/t/include/lux/engine/function/render/client/features/postprocess/FogOperation.hpp
-- Installing: E:/SyncForder/CodeRepos/install/q/t/include/lux/engine/function/render/client/features/postprocess/LinearDepthOperation.hpp
-- Installing: E:/SyncForder/CodeRepos/install/q/t/include/lux/engine/function/render/client/features/postprocess/SsaoOperation.hpp
-- Installing: E:/SyncForder/CodeRepos/install/q/t/include/lux/engine/function/render/client/features/postprocess/TonemapOperation.hpp
-- Installing: E:/SyncForder/CodeRepos/install/q/t/include/lux/engine/function/render/client/features/postprocess/TonemapParams.hpp
-- Installing: E:/SyncForder/CodeRepos/install/q/t/include/lux/engine/function/render/client/features/render_cluster
-- Installing: E:/SyncForder/CodeRepos/install/q/t/include/lux/engine/function/render/client/features/render_cluster/RenderClusterOperation.hpp
-- Installing: E:/SyncForder/CodeRepos/install/q/t/include/lux/engine/function/render/client/features/shadow
-- Installing: E:/SyncForder/CodeRepos/install/q/t/include/lux/engine/function/render/client/features/shadow/MeshShadowOperation.hpp
-- Installing: E:/SyncForder/CodeRepos/install/q/t/include/lux/engine/function/render/client/features/shadow/ShadowMapOperation.hpp
-- Installing: E:/SyncForder/CodeRepos/install/q/t/include/lux/engine/function/render/client/features/shadow/ShadowQualityParams.hpp
-- Installing: E:/SyncForder/CodeRepos/install/q/t/include/lux/engine/function/render/client/features/skinning
-- Installing: E:/SyncForder/CodeRepos/install/q/t/include/lux/engine/function/render/client/features/skinning/SkinningOperation.hpp
-- Installing: E:/SyncForder/CodeRepos/install/q/t/include/lux/engine/function/render/client/features/sky_box
-- Installing: E:/SyncForder/CodeRepos/install/q/t/include/lux/engine/function/render/client/features/sky_box/SkyboxOperation.hpp
-- Installing: E:/SyncForder/CodeRepos/install/q/t/include/lux/engine/function/render/client/features/spatialcull
-- Installing: E:/SyncForder/CodeRepos/install/q/t/include/lux/engine/function/render/client/features/spatialcull/SpatialCullOperation.hpp
-- Installing: E:/SyncForder/CodeRepos/install/q/t/include/lux/engine/function/render/client/features/spatialcull/SpatialCullParams.hpp
-- Installing: E:/SyncForder/CodeRepos/install/q/t/include/lux/engine/function/render/client/features/streaming_feedback
-- Installing: E:/SyncForder/CodeRepos/install/q/t/include/lux/engine/function/render/client/features/streaming_feedback/StreamingFeedbackOperation.hpp
-- Installing: E:/SyncForder/CodeRepos/install/q/t/include/lux/engine/function/render/client/features/terrain
-- Installing: E:/SyncForder/CodeRepos/install/q/t/include/lux/engine/function/render/client/features/terrain/TerrainOperation.hpp
-- Installing: E:/SyncForder/CodeRepos/install/q/t/include/lux/engine/function/render/client/features/trajectory
-- Installing: E:/SyncForder/CodeRepos/install/q/t/include/lux/engine/function/render/client/features/trajectory/TrajectoryOperation.hpp
-- Installing: E:/SyncForder/CodeRepos/install/q/t/include/lux/engine/function/render/client/features/view_camera
-- Installing: E:/SyncForder/CodeRepos/install/q/t/include/lux/engine/function/render/client/features/view_camera/ViewCameraOperation.hpp
-- Installing: E:/SyncForder/CodeRepos/install/q/t/include/lux/engine/function/render/client/features/water
-- Installing: E:/SyncForder/CodeRepos/install/q/t/include/lux/engine/function/render/client/features/water/WaterOperation.hpp
-- Installing: E:/SyncForder/CodeRepos/install/q/t/include/lux/engine/function/render/client/protocol
-- Installing: E:/SyncForder/CodeRepos/install/q/t/include/lux/engine/function/render/client/protocol/FeatureFactory.hpp
-- Installing: E:/SyncForder/CodeRepos/install/q/t/include/lux/engine/function/render/client/protocol/FeatureOps.hpp
-- Installing: E:/SyncForder/CodeRepos/install/q/t/include/lux/engine/function/render/client/protocol/FeatureParamsOperation.hpp
-- Installing: E:/SyncForder/CodeRepos/install/q/t/include/lux/engine/function/render/client/protocol/RenderCommTypes.hpp
-- Installing: E:/SyncForder/CodeRepos/install/q/t/include/lux/engine/function/render/client/RenderClient.hpp
-- Installing: E:/SyncForder/CodeRepos/install/q/t/include/lux/engine/function/render/client/RenderControlSession.hpp
-- Installing: E:/SyncForder/CodeRepos/install/q/t/include/lux/engine/function/render/client/RenderLease.hpp
-- Installing: E:/SyncForder/CodeRepos/install/q/t/include/lux/engine/function/render/client/RenderProgram.hpp
-- Installing: E:/SyncForder/CodeRepos/install/q/t/include/lux/engine/function/render/client/RenderProgramSession.hpp
-- Installing: E:/SyncForder/CodeRepos/install/q/t/include/lux/engine/function/render/client/RenderProtocol.hpp
-- Installing: E:/SyncForder/CodeRepos/install/q/t/include/lux/engine/function/render/client/RenderRequest.hpp
-- Installing: E:/SyncForder/CodeRepos/install/q/t/include/lux/engine/function/render/client/RenderTargetLayout.hpp
-- Installing: E:/SyncForder/CodeRepos/install/q/t/include/lux/engine/function/render/client/RenderUploadClient.hpp
-- Installing: E:/SyncForder/CodeRepos/install/q/t/include/lux/engine/function/render/client/RenderUploadSession.hpp
-- Installing: E:/SyncForder/CodeRepos/install/q/t/include/lux/engine/function/render/client/resources
-- Installing: E:/SyncForder/CodeRepos/install/q/t/include/lux/engine/function/render/client/resources/EBuiltinShader.hpp
-- Installing: E:/SyncForder/CodeRepos/install/q/t/include/lux/engine/function/render/client/resources/lighting
-- Installing: E:/SyncForder/CodeRepos/install/q/t/include/lux/engine/function/render/client/resources/lighting/EShadowTechnique.hpp
-- Installing: E:/SyncForder/CodeRepos/install/q/t/include/lux/engine/function/render/client/resources/lighting/LightDescriptor.hpp
-- Installing: E:/SyncForder/CodeRepos/install/q/t/include/lux/engine/function/render/client/resources/lighting/ShadowMapTypes.hpp
-- Installing: E:/SyncForder/CodeRepos/install/q/t/include/lux/engine/function/render/client/resources/material
-- Installing: E:/SyncForder/CodeRepos/install/q/t/include/lux/engine/function/render/client/resources/material/GraphMaterialData.hpp
-- Installing: E:/SyncForder/CodeRepos/install/q/t/include/lux/engine/function/render/client/resources/mesh
-- Installing: E:/SyncForder/CodeRepos/install/q/t/include/lux/engine/function/render/client/resources/mesh/RenderObjectTypes.hpp
-- Installing: E:/SyncForder/CodeRepos/install/q/t/include/lux/engine/function/render/client/resources/ops
-- Installing: E:/SyncForder/CodeRepos/install/q/t/include/lux/engine/function/render/client/resources/ops/ResourceOperationCommon.hpp
-- Installing: E:/SyncForder/CodeRepos/install/q/t/include/lux/engine/function/render/client/resources/ops/ShaderResourceOperation.hpp
-- Installing: E:/SyncForder/CodeRepos/install/q/t/include/lux/engine/function/render/client/resources/ops/TextureResourceOperation.hpp
-- Installing: E:/SyncForder/CodeRepos/install/q/t/include/lux/engine/function/render/client/UploadLifecycle.hpp
-- Up-to-date: E:/SyncForder/CodeRepos/install/q/t/include
-- Up-to-date: E:/SyncForder/CodeRepos/install/q/t/include/lux
-- Up-to-date: E:/SyncForder/CodeRepos/install/q/t/include/lux/engine
-- Up-to-date: E:/SyncForder/CodeRepos/install/q/t/include/lux/engine/core
-- Up-to-date: E:/SyncForder/CodeRepos/install/q/t/include/lux/engine/core/visibility.h
-- Up-to-date: E:/SyncForder/CodeRepos/install/q/t/include/lux/engine/dynamic_library
-- Up-to-date: E:/SyncForder/CodeRepos/install/q/t/include/lux/engine/dynamic_library/visibility.h
-- Up-to-date: E:/SyncForder/CodeRepos/install/q/t/include/lux/engine/flowforge
-- Up-to-date: E:/SyncForder/CodeRepos/install/q/t/include/lux/engine/flowforge/compiler
-- Up-to-date: E:/SyncForder/CodeRepos/install/q/t/include/lux/engine/flowforge/compiler/visibility.h
-- Up-to-date: E:/SyncForder/CodeRepos/install/q/t/include/lux/engine/flowforge/visibility.h
-- Up-to-date: E:/SyncForder/CodeRepos/install/q/t/include/lux/engine/function
-- Up-to-date: E:/SyncForder/CodeRepos/install/q/t/include/lux/engine/function/graph
-- Up-to-date: E:/SyncForder/CodeRepos/install/q/t/include/lux/engine/function/graph/visibility.h
-- Up-to-date: E:/SyncForder/CodeRepos/install/q/t/include/lux/engine/function/render
-- Up-to-date: E:/SyncForder/CodeRepos/install/q/t/include/lux/engine/function/render/standard
-- Up-to-date: E:/SyncForder/CodeRepos/install/q/t/include/lux/engine/function/render/standard/content
-- Up-to-date: E:/SyncForder/CodeRepos/install/q/t/include/lux/engine/function/render/standard/content/visibility.h
-- Up-to-date: E:/SyncForder/CodeRepos/install/q/t/include/lux/engine/function/script
-- Up-to-date: E:/SyncForder/CodeRepos/install/q/t/include/lux/engine/function/script/artifact
-- Up-to-date: E:/SyncForder/CodeRepos/install/q/t/include/lux/engine/function/script/artifact/visibility.h
-- Up-to-date: E:/SyncForder/CodeRepos/install/q/t/include/lux/engine/function/visibility.h
-- Up-to-date: E:/SyncForder/CodeRepos/install/q/t/include/lux/engine/material
-- Up-to-date: E:/SyncForder/CodeRepos/install/q/t/include/lux/engine/material/compiler
-- Up-to-date: E:/SyncForder/CodeRepos/install/q/t/include/lux/engine/material/compiler/visibility.h
-- Up-to-date: E:/SyncForder/CodeRepos/install/q/t/include/lux/engine/material/cooker
-- Up-to-date: E:/SyncForder/CodeRepos/install/q/t/include/lux/engine/material/cooker/visibility.h
-- Up-to-date: E:/SyncForder/CodeRepos/install/q/t/include/lux/engine/material/graph
-- Up-to-date: E:/SyncForder/CodeRepos/install/q/t/include/lux/engine/material/graph/visibility.h
-- Up-to-date: E:/SyncForder/CodeRepos/install/q/t/include/lux/engine/physics2d
-- Up-to-date: E:/SyncForder/CodeRepos/install/q/t/include/lux/engine/physics2d/Physics2DComponents.ecs_schema.hpp
-- Up-to-date: E:/SyncForder/CodeRepos/install/q/t/include/lux/engine/physics2d/Physics2DComponents.ecs_snapshot.hpp
-- Up-to-date: E:/SyncForder/CodeRepos/install/q/t/include/lux/engine/physics2d/Physics2DComponents.type_static_info.hpp
-- Up-to-date: E:/SyncForder/CodeRepos/install/q/t/include/lux/engine/physics2d/visibility.h
-- Up-to-date: E:/SyncForder/CodeRepos/install/q/t/include/lux/engine/process
-- Up-to-date: E:/SyncForder/CodeRepos/install/q/t/include/lux/engine/process/asset_loading
-- Up-to-date: E:/SyncForder/CodeRepos/install/q/t/include/lux/engine/process/asset_loading/visibility.h
-- Up-to-date: E:/SyncForder/CodeRepos/install/q/t/include/lux/engine/process/visibility.h
-- Up-to-date: E:/SyncForder/CodeRepos/install/q/t/include/lux/engine/process/world_loading
-- Up-to-date: E:/SyncForder/CodeRepos/install/q/t/include/lux/engine/process/world_loading/visibility.h
-- Up-to-date: E:/SyncForder/CodeRepos/install/q/t/include/lux/engine/resource
-- Up-to-date: E:/SyncForder/CodeRepos/install/q/t/include/lux/engine/resource/asset
-- Up-to-date: E:/SyncForder/CodeRepos/install/q/t/include/lux/engine/resource/asset/visibility.h
-- Up-to-date: E:/SyncForder/CodeRepos/install/q/t/include/lux/engine/resource/visibility.h
-- Up-to-date: E:/SyncForder/CodeRepos/install/q/t/include/lux/engine/scene
-- Up-to-date: E:/SyncForder/CodeRepos/install/q/t/include/lux/engine/scene/asset
-- Up-to-date: E:/SyncForder/CodeRepos/install/q/t/include/lux/engine/scene/asset/visibility.h
-- Up-to-date: E:/SyncForder/CodeRepos/install/q/t/include/lux/engine/scene/description
-- Up-to-date: E:/SyncForder/CodeRepos/install/q/t/include/lux/engine/scene/description/visibility.h
-- Up-to-date: E:/SyncForder/CodeRepos/install/q/t/include/lux/engine/scene/meta
-- Up-to-date: E:/SyncForder/CodeRepos/install/q/t/include/lux/engine/scene/meta/visibility.h
-- Up-to-date: E:/SyncForder/CodeRepos/install/q/t/include/lux/engine/scene/render
-- Up-to-date: E:/SyncForder/CodeRepos/install/q/t/include/lux/engine/scene/render/visibility.h
-- Up-to-date: E:/SyncForder/CodeRepos/install/q/t/include/lux/engine/scene/script_runtime
-- Up-to-date: E:/SyncForder/CodeRepos/install/q/t/include/lux/engine/scene/script_runtime/visibility.h
-- Up-to-date: E:/SyncForder/CodeRepos/install/q/t/include/lux/engine/scene/visibility.h
-- Up-to-date: E:/SyncForder/CodeRepos/install/q/t/include/lux/engine/scene/world_materialization
-- Up-to-date: E:/SyncForder/CodeRepos/install/q/t/include/lux/engine/scene/world_materialization/visibility.h
-- Up-to-date: E:/SyncForder/CodeRepos/install/q/t/include/lux/engine/serialization
-- Up-to-date: E:/SyncForder/CodeRepos/install/q/t/include/lux/engine/serialization/visibility.h
-- Up-to-date: E:/SyncForder/CodeRepos/install/q/t/include/lux/engine/simulation
-- Up-to-date: E:/SyncForder/CodeRepos/install/q/t/include/lux/engine/simulation/asset
-- Up-to-date: E:/SyncForder/CodeRepos/install/q/t/include/lux/engine/simulation/asset/visibility.h
-- Up-to-date: E:/SyncForder/CodeRepos/install/q/t/include/lux/engine/simulation/composition
-- Up-to-date: E:/SyncForder/CodeRepos/install/q/t/include/lux/engine/simulation/composition/visibility.h
-- Up-to-date: E:/SyncForder/CodeRepos/install/q/t/include/lux/engine/simulation/description
-- Up-to-date: E:/SyncForder/CodeRepos/install/q/t/include/lux/engine/simulation/description/visibility.h
-- Up-to-date: E:/SyncForder/CodeRepos/install/q/t/include/lux/engine/simulation/ecs
-- Up-to-date: E:/SyncForder/CodeRepos/install/q/t/include/lux/engine/simulation/ecs/core
-- Up-to-date: E:/SyncForder/CodeRepos/install/q/t/include/lux/engine/simulation/ecs/core/visibility.h
-- Up-to-date: E:/SyncForder/CodeRepos/install/q/t/include/lux/engine/simulation/ecs/hierarchy
-- Up-to-date: E:/SyncForder/CodeRepos/install/q/t/include/lux/engine/simulation/ecs/hierarchy/visibility.h
-- Up-to-date: E:/SyncForder/CodeRepos/install/q/t/include/lux/engine/simulation/ecs/Parent.ecs_schema.hpp
-- Up-to-date: E:/SyncForder/CodeRepos/install/q/t/include/lux/engine/simulation/ecs/Parent.ecs_snapshot.hpp
-- Up-to-date: E:/SyncForder/CodeRepos/install/q/t/include/lux/engine/simulation/ecs/Parent.type_static_info.hpp
-- Up-to-date: E:/SyncForder/CodeRepos/install/q/t/include/lux/engine/simulation/ecs/schema
-- Up-to-date: E:/SyncForder/CodeRepos/install/q/t/include/lux/engine/simulation/ecs/schema/visibility.h
-- Up-to-date: E:/SyncForder/CodeRepos/install/q/t/include/lux/engine/simulation/ecs/snapshot
-- Up-to-date: E:/SyncForder/CodeRepos/install/q/t/include/lux/engine/simulation/ecs/snapshot/visibility.h
-- Up-to-date: E:/SyncForder/CodeRepos/install/q/t/include/lux/engine/simulation/ecs/transform
-- Up-to-date: E:/SyncForder/CodeRepos/install/q/t/include/lux/engine/simulation/ecs/transform/visibility.h
-- Up-to-date: E:/SyncForder/CodeRepos/install/q/t/include/lux/engine/simulation/ecs/Transform.ecs_schema.hpp
-- Up-to-date: E:/SyncForder/CodeRepos/install/q/t/include/lux/engine/simulation/ecs/Transform.ecs_snapshot.hpp
-- Up-to-date: E:/SyncForder/CodeRepos/install/q/t/include/lux/engine/simulation/ecs/Transform.type_static_info.hpp
-- Up-to-date: E:/SyncForder/CodeRepos/install/q/t/include/lux/engine/simulation/ecs/visual
-- Up-to-date: E:/SyncForder/CodeRepos/install/q/t/include/lux/engine/simulation/ecs/visual/visibility.h
-- Up-to-date: E:/SyncForder/CodeRepos/install/q/t/include/lux/engine/simulation/ecs/Visual.ecs_schema.hpp
-- Up-to-date: E:/SyncForder/CodeRepos/install/q/t/include/lux/engine/simulation/ecs/Visual.ecs_snapshot.hpp
-- Up-to-date: E:/SyncForder/CodeRepos/install/q/t/include/lux/engine/simulation/ecs/Visual.type_static_info.hpp
-- Up-to-date: E:/SyncForder/CodeRepos/install/q/t/include/lux/engine/simulation/scripting
-- Up-to-date: E:/SyncForder/CodeRepos/install/q/t/include/lux/engine/simulation/scripting/cpp_static
-- Up-to-date: E:/SyncForder/CodeRepos/install/q/t/include/lux/engine/simulation/scripting/cpp_static/visibility.h
-- Up-to-date: E:/SyncForder/CodeRepos/install/q/t/include/lux/engine/simulation/scripting/native
-- Up-to-date: E:/SyncForder/CodeRepos/install/q/t/include/lux/engine/simulation/scripting/native/visibility.h
-- Up-to-date: E:/SyncForder/CodeRepos/install/q/t/include/lux/engine/simulation/script_system
-- Up-to-date: E:/SyncForder/CodeRepos/install/q/t/include/lux/engine/simulation/script_system/visibility.h
-- Up-to-date: E:/SyncForder/CodeRepos/install/q/t/include/lux/engine/simulation/system
-- Up-to-date: E:/SyncForder/CodeRepos/install/q/t/include/lux/engine/simulation/system/visibility.h
-- Up-to-date: E:/SyncForder/CodeRepos/install/q/t/include/lux/engine/simulation/transform_system
-- Up-to-date: E:/SyncForder/CodeRepos/install/q/t/include/lux/engine/simulation/transform_system/visibility.h
-- Up-to-date: E:/SyncForder/CodeRepos/install/q/t/include/lux/engine/spatial
-- Up-to-date: E:/SyncForder/CodeRepos/install/q/t/include/lux/engine/spatial/spatial2d
-- Up-to-date: E:/SyncForder/CodeRepos/install/q/t/include/lux/engine/spatial/spatial2d/visibility.h
-- Up-to-date: E:/SyncForder/CodeRepos/install/q/t/include/lux/engine/spatial/spatial3d
-- Up-to-date: E:/SyncForder/CodeRepos/install/q/t/include/lux/engine/spatial/spatial3d/visibility.h
-- Up-to-date: E:/SyncForder/CodeRepos/install/q/t/include/lux/engine/system
-- Up-to-date: E:/SyncForder/CodeRepos/install/q/t/include/lux/engine/system/description
-- Up-to-date: E:/SyncForder/CodeRepos/install/q/t/include/lux/engine/system/description/visibility.h
-- Up-to-date: E:/SyncForder/CodeRepos/install/q/t/include/lux/engine/system/identity
-- Up-to-date: E:/SyncForder/CodeRepos/install/q/t/include/lux/engine/system/identity/visibility.h
-- Up-to-date: E:/SyncForder/CodeRepos/install/q/t/include/lux/engine/task
-- Up-to-date: E:/SyncForder/CodeRepos/install/q/t/include/lux/engine/task/visibility.h
-- Up-to-date: E:/SyncForder/CodeRepos/install/q/t/include/lux/engine/toolchain
-- Up-to-date: E:/SyncForder/CodeRepos/install/q/t/include/lux/engine/toolchain/asset
-- Up-to-date: E:/SyncForder/CodeRepos/install/q/t/include/lux/engine/toolchain/asset/model
-- Up-to-date: E:/SyncForder/CodeRepos/install/q/t/include/lux/engine/toolchain/asset/model/visibility.h
-- Up-to-date: E:/SyncForder/CodeRepos/install/q/t/include/lux/engine/toolchain/asset/shader
-- Up-to-date: E:/SyncForder/CodeRepos/install/q/t/include/lux/engine/toolchain/asset/shader/visibility.h
-- Up-to-date: E:/SyncForder/CodeRepos/install/q/t/include/lux/engine/toolchain/asset/texture
-- Up-to-date: E:/SyncForder/CodeRepos/install/q/t/include/lux/engine/toolchain/asset/texture/visibility.h
-- Up-to-date: E:/SyncForder/CodeRepos/install/q/t/include/lux/engine/world
-- Up-to-date: E:/SyncForder/CodeRepos/install/q/t/include/lux/engine/world/asset
-- Up-to-date: E:/SyncForder/CodeRepos/install/q/t/include/lux/engine/world/asset/visibility.h
-- Up-to-date: E:/SyncForder/CodeRepos/install/q/t/include/lux/engine/world/description
-- Up-to-date: E:/SyncForder/CodeRepos/install/q/t/include/lux/engine/world/description/visibility.h
-- Up-to-date: E:/SyncForder/CodeRepos/install/q/t/include/lux/engine/world/partition
-- Up-to-date: E:/SyncForder/CodeRepos/install/q/t/include/lux/engine/world/partition/visibility.h
-- Up-to-date: E:/SyncForder/CodeRepos/install/q/t/include/lux/engine/world/storage
-- Up-to-date: E:/SyncForder/CodeRepos/install/q/t/include/lux/engine/world/storage/visibility.h
-- Up-to-date: E:/SyncForder/CodeRepos/install/q/t/include/test
-- Installing: E:/SyncForder/CodeRepos/install/q/t/share/lux-engine-function/render_client/lux-engine-function-render_client-config-targets.cmake
-- Installing: E:/SyncForder/CodeRepos/install/q/t/share/lux-engine-function/render_client/lux-engine-function-render_client-config-targets-relwithdebinfo.cmake
-- Installing: E:/SyncForder/CodeRepos/install/q/t/share/lux-engine-function/render_client/lux-engine-function-render_client-import.cmake
-- Installing: E:/SyncForder/CodeRepos/install/q/t/lib/render_client.lib
-- Installing: E:/SyncForder/CodeRepos/install/q/t/bin/render_client.dll
-- Up-to-date: E:/SyncForder/CodeRepos/install/q/t/include
-- Up-to-date: E:/SyncForder/CodeRepos/install/q/t/include/lux
-- Up-to-date: E:/SyncForder/CodeRepos/install/q/t/include/lux/engine
-- Up-to-date: E:/SyncForder/CodeRepos/install/q/t/include/lux/engine/function
-- Up-to-date: E:/SyncForder/CodeRepos/install/q/t/include/lux/engine/function/render
-- Up-to-date: E:/SyncForder/CodeRepos/install/q/t/include/lux/engine/function/render/Capacity.hpp
-- Up-to-date: E:/SyncForder/CodeRepos/install/q/t/include/lux/engine/function/render/client
-- Up-to-date: E:/SyncForder/CodeRepos/install/q/t/include/lux/engine/function/render/client/BoundedSpscFrameRing.hpp
-- Up-to-date: E:/SyncForder/CodeRepos/install/q/t/include/lux/engine/function/render/client/core
-- Up-to-date: E:/SyncForder/CodeRepos/install/q/t/include/lux/engine/function/render/client/core/DeviceCaps.hpp
-- Up-to-date: E:/SyncForder/CodeRepos/install/q/t/include/lux/engine/function/render/client/core/EFeatureLevel.hpp
-- Up-to-date: E:/SyncForder/CodeRepos/install/q/t/include/lux/engine/function/render/client/core/EngineSetSlot.hpp
-- Up-to-date: E:/SyncForder/CodeRepos/install/q/t/include/lux/engine/function/render/client/core/Errors.hpp
-- Up-to-date: E:/SyncForder/CodeRepos/install/q/t/include/lux/engine/function/render/client/core/FeatureDescriptor.hpp
-- Up-to-date: E:/SyncForder/CodeRepos/install/q/t/include/lux/engine/function/render/client/core/FeatureHandle.hpp
-- Up-to-date: E:/SyncForder/CodeRepos/install/q/t/include/lux/engine/function/render/client/core/FeatureTypeId.hpp
-- Up-to-date: E:/SyncForder/CodeRepos/install/q/t/include/lux/engine/function/render/client/core/FrameStamp.hpp
-- Up-to-date: E:/SyncForder/CodeRepos/install/q/t/include/lux/engine/function/render/client/core/GpuLayout.hpp
-- Up-to-date: E:/SyncForder/CodeRepos/install/q/t/include/lux/engine/function/render/client/core/PipelineHandle.hpp
-- Up-to-date: E:/SyncForder/CodeRepos/install/q/t/include/lux/engine/function/render/client/core/RenderEntityId.hpp
-- Up-to-date: E:/SyncForder/CodeRepos/install/q/t/include/lux/engine/function/render/client/core/RenderError.hpp
-- Up-to-date: E:/SyncForder/CodeRepos/install/q/t/include/lux/engine/function/render/client/core/RenderErrorEvent.hpp
-- Up-to-date: E:/SyncForder/CodeRepos/install/q/t/include/lux/engine/function/render/client/core/RenderErrorList.hpp
-- Up-to-date: E:/SyncForder/CodeRepos/install/q/t/include/lux/engine/function/render/client/core/RenderErrorRegistry.hpp
-- Up-to-date: E:/SyncForder/CodeRepos/install/q/t/include/lux/engine/function/render/client/core/RenderFatal.hpp
-- Up-to-date: E:/SyncForder/CodeRepos/install/q/t/include/lux/engine/function/render/client/core/RenderFeatureMetaModule.hpp
-- Up-to-date: E:/SyncForder/CodeRepos/install/q/t/include/lux/engine/function/render/client/core/RenderFeatureRegistration.hpp
-- Up-to-date: E:/SyncForder/CodeRepos/install/q/t/include/lux/engine/function/render/client/core/RenderResourceHandle.hpp
-- Up-to-date: E:/SyncForder/CodeRepos/install/q/t/include/lux/engine/function/render/client/core/RenderSceneId.hpp
-- Up-to-date: E:/SyncForder/CodeRepos/install/q/t/include/lux/engine/function/render/client/core/RenderSpatialTypes.hpp
-- Up-to-date: E:/SyncForder/CodeRepos/install/q/t/include/lux/engine/function/render/client/core/RenderTypes.hpp
-- Up-to-date: E:/SyncForder/CodeRepos/install/q/t/include/lux/engine/function/render/client/core/RenderViewTypes.hpp
-- Up-to-date: E:/SyncForder/CodeRepos/install/q/t/include/lux/engine/function/render/client/core/ResourceHandle.hpp
-- Up-to-date: E:/SyncForder/CodeRepos/install/q/t/include/lux/engine/function/render/client/core/ShadingInputSlot.hpp
-- Up-to-date: E:/SyncForder/CodeRepos/install/q/t/include/lux/engine/function/render/client/core/VertexLayoutTypes.hpp
-- Up-to-date: E:/SyncForder/CodeRepos/install/q/t/include/lux/engine/function/render/client/FeatureCatalog.hpp
-- Up-to-date: E:/SyncForder/CodeRepos/install/q/t/include/lux/engine/function/render/client/FeatureOpSend.hpp
-- Up-to-date: E:/SyncForder/CodeRepos/install/q/t/include/lux/engine/function/render/client/features
-- Up-to-date: E:/SyncForder/CodeRepos/install/q/t/include/lux/engine/function/render/client/features/canvas2d
-- Up-to-date: E:/SyncForder/CodeRepos/install/q/t/include/lux/engine/function/render/client/features/canvas2d/Canvas2DOperation.hpp
-- Up-to-date: E:/SyncForder/CodeRepos/install/q/t/include/lux/engine/function/render/client/features/deferred
-- Up-to-date: E:/SyncForder/CodeRepos/install/q/t/include/lux/engine/function/render/client/features/deferred/DeferredGBufferOperation.hpp
-- Up-to-date: E:/SyncForder/CodeRepos/install/q/t/include/lux/engine/function/render/client/features/deferred/DeferredLightingOperation.hpp
-- Up-to-date: E:/SyncForder/CodeRepos/install/q/t/include/lux/engine/function/render/client/features/DepthPrepassOperation.hpp
-- Up-to-date: E:/SyncForder/CodeRepos/install/q/t/include/lux/engine/function/render/client/features/forward
-- Up-to-date: E:/SyncForder/CodeRepos/install/q/t/include/lux/engine/function/render/client/features/forward/ForwardMeshOperation.hpp
-- Up-to-date: E:/SyncForder/CodeRepos/install/q/t/include/lux/engine/function/render/client/features/gizmo
-- Up-to-date: E:/SyncForder/CodeRepos/install/q/t/include/lux/engine/function/render/client/features/gizmo/GizmoVertex.hpp
-- Up-to-date: E:/SyncForder/CodeRepos/install/q/t/include/lux/engine/function/render/client/features/gizmo/LineListOperation.hpp
-- Up-to-date: E:/SyncForder/CodeRepos/install/q/t/include/lux/engine/function/render/client/features/gizmo/TriOverlayOperation.hpp
-- Up-to-date: E:/SyncForder/CodeRepos/install/q/t/include/lux/engine/function/render/client/features/GpuDrivenMeshExtFlags.hpp
-- Up-to-date: E:/SyncForder/CodeRepos/install/q/t/include/lux/engine/function/render/client/features/grid
-- Up-to-date: E:/SyncForder/CodeRepos/install/q/t/include/lux/engine/function/render/client/features/grid/Grid2DOperation.hpp
-- Up-to-date: E:/SyncForder/CodeRepos/install/q/t/include/lux/engine/function/render/client/features/grid/Grid3DOperation.hpp
-- Up-to-date: E:/SyncForder/CodeRepos/install/q/t/include/lux/engine/function/render/client/features/grid/Grid3DPassTypes.hpp
-- Up-to-date: E:/SyncForder/CodeRepos/install/q/t/include/lux/engine/function/render/client/features/highlight
-- Up-to-date: E:/SyncForder/CodeRepos/install/q/t/include/lux/engine/function/render/client/features/highlight/HighlightOperation.hpp
-- Up-to-date: E:/SyncForder/CodeRepos/install/q/t/include/lux/engine/function/render/client/features/hzb
-- Up-to-date: E:/SyncForder/CodeRepos/install/q/t/include/lux/engine/function/render/client/features/hzb/HzbOperation.hpp
-- Up-to-date: E:/SyncForder/CodeRepos/install/q/t/include/lux/engine/function/render/client/features/light
-- Up-to-date: E:/SyncForder/CodeRepos/install/q/t/include/lux/engine/function/render/client/features/light/LightOperation.hpp
-- Up-to-date: E:/SyncForder/CodeRepos/install/q/t/include/lux/engine/function/render/client/features/material
-- Up-to-date: E:/SyncForder/CodeRepos/install/q/t/include/lux/engine/function/render/client/features/material/MaterialOperation.hpp
-- Up-to-date: E:/SyncForder/CodeRepos/install/q/t/include/lux/engine/function/render/client/features/meshstack
-- Up-to-date: E:/SyncForder/CodeRepos/install/q/t/include/lux/engine/function/render/client/features/meshstack/MeshStackOperation.hpp
-- Up-to-date: E:/SyncForder/CodeRepos/install/q/t/include/lux/engine/function/render/client/features/point_cloud
-- Up-to-date: E:/SyncForder/CodeRepos/install/q/t/include/lux/engine/function/render/client/features/point_cloud/PointCloudOperation.hpp
-- Up-to-date: E:/SyncForder/CodeRepos/install/q/t/include/lux/engine/function/render/client/features/postprocess
-- Up-to-date: E:/SyncForder/CodeRepos/install/q/t/include/lux/engine/function/render/client/features/postprocess/FogOperation.hpp
-- Up-to-date: E:/SyncForder/CodeRepos/install/q/t/include/lux/engine/function/render/client/features/postprocess/LinearDepthOperation.hpp
-- Up-to-date: E:/SyncForder/CodeRepos/install/q/t/include/lux/engine/function/render/client/features/postprocess/SsaoOperation.hpp
-- Up-to-date: E:/SyncForder/CodeRepos/install/q/t/include/lux/engine/function/render/client/features/postprocess/TonemapOperation.hpp
-- Up-to-date: E:/SyncForder/CodeRepos/install/q/t/include/lux/engine/function/render/client/features/postprocess/TonemapParams.hpp
-- Up-to-date: E:/SyncForder/CodeRepos/install/q/t/include/lux/engine/function/render/client/features/render_cluster
-- Up-to-date: E:/SyncForder/CodeRepos/install/q/t/include/lux/engine/function/render/client/features/render_cluster/RenderClusterOperation.hpp
-- Up-to-date: E:/SyncForder/CodeRepos/install/q/t/include/lux/engine/function/render/client/features/shadow
-- Up-to-date: E:/SyncForder/CodeRepos/install/q/t/include/lux/engine/function/render/client/features/shadow/MeshShadowOperation.hpp
-- Up-to-date: E:/SyncForder/CodeRepos/install/q/t/include/lux/engine/function/render/client/features/shadow/ShadowMapOperation.hpp
-- Up-to-date: E:/SyncForder/CodeRepos/install/q/t/include/lux/engine/function/render/client/features/shadow/ShadowQualityParams.hpp
-- Up-to-date: E:/SyncForder/CodeRepos/install/q/t/include/lux/engine/function/render/client/features/skinning
-- Up-to-date: E:/SyncForder/CodeRepos/install/q/t/include/lux/engine/function/render/client/features/skinning/SkinningOperation.hpp
-- Up-to-date: E:/SyncForder/CodeRepos/install/q/t/include/lux/engine/function/render/client/features/sky_box
-- Up-to-date: E:/SyncForder/CodeRepos/install/q/t/include/lux/engine/function/render/client/features/sky_box/SkyboxOperation.hpp
-- Up-to-date: E:/SyncForder/CodeRepos/install/q/t/include/lux/engine/function/render/client/features/spatialcull
-- Up-to-date: E:/SyncForder/CodeRepos/install/q/t/include/lux/engine/function/render/client/features/spatialcull/SpatialCullOperation.hpp
-- Up-to-date: E:/SyncForder/CodeRepos/install/q/t/include/lux/engine/function/render/client/features/spatialcull/SpatialCullParams.hpp
-- Up-to-date: E:/SyncForder/CodeRepos/install/q/t/include/lux/engine/function/render/client/features/streaming_feedback
-- Up-to-date: E:/SyncForder/CodeRepos/install/q/t/include/lux/engine/function/render/client/features/streaming_feedback/StreamingFeedbackOperation.hpp
-- Up-to-date: E:/SyncForder/CodeRepos/install/q/t/include/lux/engine/function/render/client/features/terrain
-- Up-to-date: E:/SyncForder/CodeRepos/install/q/t/include/lux/engine/function/render/client/features/terrain/TerrainOperation.hpp
-- Up-to-date: E:/SyncForder/CodeRepos/install/q/t/include/lux/engine/function/render/client/features/trajectory
-- Up-to-date: E:/SyncForder/CodeRepos/install/q/t/include/lux/engine/function/render/client/features/trajectory/TrajectoryOperation.hpp
-- Up-to-date: E:/SyncForder/CodeRepos/install/q/t/include/lux/engine/function/render/client/features/view_camera
-- Up-to-date: E:/SyncForder/CodeRepos/install/q/t/include/lux/engine/function/render/client/features/view_camera/ViewCameraOperation.hpp
-- Up-to-date: E:/SyncForder/CodeRepos/install/q/t/include/lux/engine/function/render/client/features/water
-- Up-to-date: E:/SyncForder/CodeRepos/install/q/t/include/lux/engine/function/render/client/features/water/WaterOperation.hpp
-- Up-to-date: E:/SyncForder/CodeRepos/install/q/t/include/lux/engine/function/render/client/protocol
-- Up-to-date: E:/SyncForder/CodeRepos/install/q/t/include/lux/engine/function/render/client/protocol/FeatureFactory.hpp
-- Up-to-date: E:/SyncForder/CodeRepos/install/q/t/include/lux/engine/function/render/client/protocol/FeatureOps.hpp
-- Up-to-date: E:/SyncForder/CodeRepos/install/q/t/include/lux/engine/function/render/client/protocol/FeatureParamsOperation.hpp
-- Up-to-date: E:/SyncForder/CodeRepos/install/q/t/include/lux/engine/function/render/client/protocol/RenderCommTypes.hpp
-- Up-to-date: E:/SyncForder/CodeRepos/install/q/t/include/lux/engine/function/render/client/RenderClient.hpp
-- Up-to-date: E:/SyncForder/CodeRepos/install/q/t/include/lux/engine/function/render/client/RenderControlSession.hpp
-- Up-to-date: E:/SyncForder/CodeRepos/install/q/t/include/lux/engine/function/render/client/RenderLease.hpp
-- Up-to-date: E:/SyncForder/CodeRepos/install/q/t/include/lux/engine/function/render/client/RenderProgram.hpp
-- Up-to-date: E:/SyncForder/CodeRepos/install/q/t/include/lux/engine/function/render/client/RenderProgramSession.hpp
-- Up-to-date: E:/SyncForder/CodeRepos/install/q/t/include/lux/engine/function/render/client/RenderProtocol.hpp
-- Up-to-date: E:/SyncForder/CodeRepos/install/q/t/include/lux/engine/function/render/client/RenderRequest.hpp
-- Up-to-date: E:/SyncForder/CodeRepos/install/q/t/include/lux/engine/function/render/client/RenderTargetLayout.hpp
-- Up-to-date: E:/SyncForder/CodeRepos/install/q/t/include/lux/engine/function/render/client/RenderUploadClient.hpp
-- Up-to-date: E:/SyncForder/CodeRepos/install/q/t/include/lux/engine/function/render/client/RenderUploadSession.hpp
-- Up-to-date: E:/SyncForder/CodeRepos/install/q/t/include/lux/engine/function/render/client/resources
-- Up-to-date: E:/SyncForder/CodeRepos/install/q/t/include/lux/engine/function/render/client/resources/EBuiltinShader.hpp
-- Up-to-date: E:/SyncForder/CodeRepos/install/q/t/include/lux/engine/function/render/client/resources/lighting
-- Up-to-date: E:/SyncForder/CodeRepos/install/q/t/include/lux/engine/function/render/client/resources/lighting/EShadowTechnique.hpp
-- Up-to-date: E:/SyncForder/CodeRepos/install/q/t/include/lux/engine/function/render/client/resources/lighting/LightDescriptor.hpp
-- Up-to-date: E:/SyncForder/CodeRepos/install/q/t/include/lux/engine/function/render/client/resources/lighting/ShadowMapTypes.hpp
-- Up-to-date: E:/SyncForder/CodeRepos/install/q/t/include/lux/engine/function/render/client/resources/material
-- Up-to-date: E:/SyncForder/CodeRepos/install/q/t/include/lux/engine/function/render/client/resources/material/GraphMaterialData.hpp
-- Up-to-date: E:/SyncForder/CodeRepos/install/q/t/include/lux/engine/function/render/client/resources/mesh
-- Up-to-date: E:/SyncForder/CodeRepos/install/q/t/include/lux/engine/function/render/client/resources/mesh/RenderObjectTypes.hpp
-- Up-to-date: E:/SyncForder/CodeRepos/install/q/t/include/lux/engine/function/render/client/resources/ops
-- Up-to-date: E:/SyncForder/CodeRepos/install/q/t/include/lux/engine/function/render/client/resources/ops/ResourceOperationCommon.hpp
-- Up-to-date: E:/SyncForder/CodeRepos/install/q/t/include/lux/engine/function/render/client/resources/ops/ShaderResourceOperation.hpp
-- Up-to-date: E:/SyncForder/CodeRepos/install/q/t/include/lux/engine/function/render/client/resources/ops/TextureResourceOperation.hpp
-- Up-to-date: E:/SyncForder/CodeRepos/install/q/t/include/lux/engine/function/render/client/UploadLifecycle.hpp
-- Up-to-date: E:/SyncForder/CodeRepos/install/q/t/include
-- Up-to-date: E:/SyncForder/CodeRepos/install/q/t/include/lux
-- Up-to-date: E:/SyncForder/CodeRepos/install/q/t/include/lux/engine
-- Up-to-date: E:/SyncForder/CodeRepos/install/q/t/include/lux/engine/core
-- Up-to-date: E:/SyncForder/CodeRepos/install/q/t/include/lux/engine/core/visibility.h
-- Up-to-date: E:/SyncForder/CodeRepos/install/q/t/include/lux/engine/dynamic_library
-- Up-to-date: E:/SyncForder/CodeRepos/install/q/t/include/lux/engine/dynamic_library/visibility.h
-- Up-to-date: E:/SyncForder/CodeRepos/install/q/t/include/lux/engine/flowforge
-- Up-to-date: E:/SyncForder/CodeRepos/install/q/t/include/lux/engine/flowforge/compiler
-- Up-to-date: E:/SyncForder/CodeRepos/install/q/t/include/lux/engine/flowforge/compiler/visibility.h
-- Up-to-date: E:/SyncForder/CodeRepos/install/q/t/include/lux/engine/flowforge/visibility.h
-- Up-to-date: E:/SyncForder/CodeRepos/install/q/t/include/lux/engine/function
-- Up-to-date: E:/SyncForder/CodeRepos/install/q/t/include/lux/engine/function/graph
-- Up-to-date: E:/SyncForder/CodeRepos/install/q/t/include/lux/engine/function/graph/visibility.h
-- Up-to-date: E:/SyncForder/CodeRepos/install/q/t/include/lux/engine/function/render
-- Up-to-date: E:/SyncForder/CodeRepos/install/q/t/include/lux/engine/function/render/standard
-- Up-to-date: E:/SyncForder/CodeRepos/install/q/t/include/lux/engine/function/render/standard/content
-- Up-to-date: E:/SyncForder/CodeRepos/install/q/t/include/lux/engine/function/render/standard/content/visibility.h
-- Up-to-date: E:/SyncForder/CodeRepos/install/q/t/include/lux/engine/function/script
-- Up-to-date: E:/SyncForder/CodeRepos/install/q/t/include/lux/engine/function/script/artifact
-- Up-to-date: E:/SyncForder/CodeRepos/install/q/t/include/lux/engine/function/script/artifact/visibility.h
-- Up-to-date: E:/SyncForder/CodeRepos/install/q/t/include/lux/engine/function/visibility.h
-- Up-to-date: E:/SyncForder/CodeRepos/install/q/t/include/lux/engine/material
-- Up-to-date: E:/SyncForder/CodeRepos/install/q/t/include/lux/engine/material/compiler
-- Up-to-date: E:/SyncForder/CodeRepos/install/q/t/include/lux/engine/material/compiler/visibility.h
-- Up-to-date: E:/SyncForder/CodeRepos/install/q/t/include/lux/engine/material/cooker
-- Up-to-date: E:/SyncForder/CodeRepos/install/q/t/include/lux/engine/material/cooker/visibility.h
-- Up-to-date: E:/SyncForder/CodeRepos/install/q/t/include/lux/engine/material/graph
-- Up-to-date: E:/SyncForder/CodeRepos/install/q/t/include/lux/engine/material/graph/visibility.h
-- Up-to-date: E:/SyncForder/CodeRepos/install/q/t/include/lux/engine/physics2d
-- Up-to-date: E:/SyncForder/CodeRepos/install/q/t/include/lux/engine/physics2d/Physics2DComponents.ecs_schema.hpp
-- Up-to-date: E:/SyncForder/CodeRepos/install/q/t/include/lux/engine/physics2d/Physics2DComponents.ecs_snapshot.hpp
-- Up-to-date: E:/SyncForder/CodeRepos/install/q/t/include/lux/engine/physics2d/Physics2DComponents.type_static_info.hpp
-- Up-to-date: E:/SyncForder/CodeRepos/install/q/t/include/lux/engine/physics2d/visibility.h
-- Up-to-date: E:/SyncForder/CodeRepos/install/q/t/include/lux/engine/process
-- Up-to-date: E:/SyncForder/CodeRepos/install/q/t/include/lux/engine/process/asset_loading
-- Up-to-date: E:/SyncForder/CodeRepos/install/q/t/include/lux/engine/process/asset_loading/visibility.h
-- Up-to-date: E:/SyncForder/CodeRepos/install/q/t/include/lux/engine/process/visibility.h
-- Up-to-date: E:/SyncForder/CodeRepos/install/q/t/include/lux/engine/process/world_loading
-- Up-to-date: E:/SyncForder/CodeRepos/install/q/t/include/lux/engine/process/world_loading/visibility.h
-- Up-to-date: E:/SyncForder/CodeRepos/install/q/t/include/lux/engine/resource
-- Up-to-date: E:/SyncForder/CodeRepos/install/q/t/include/lux/engine/resource/asset
-- Up-to-date: E:/SyncForder/CodeRepos/install/q/t/include/lux/engine/resource/asset/visibility.h
-- Up-to-date: E:/SyncForder/CodeRepos/install/q/t/include/lux/engine/resource/visibility.h
-- Up-to-date: E:/SyncForder/CodeRepos/install/q/t/include/lux/engine/scene
-- Up-to-date: E:/SyncForder/CodeRepos/install/q/t/include/lux/engine/scene/asset
-- Up-to-date: E:/SyncForder/CodeRepos/install/q/t/include/lux/engine/scene/asset/visibility.h
-- Up-to-date: E:/SyncForder/CodeRepos/install/q/t/include/lux/engine/scene/description
-- Up-to-date: E:/SyncForder/CodeRepos/install/q/t/include/lux/engine/scene/description/visibility.h
-- Up-to-date: E:/SyncForder/CodeRepos/install/q/t/include/lux/engine/scene/meta
-- Up-to-date: E:/SyncForder/CodeRepos/install/q/t/include/lux/engine/scene/meta/visibility.h
-- Up-to-date: E:/SyncForder/CodeRepos/install/q/t/include/lux/engine/scene/render
-- Up-to-date: E:/SyncForder/CodeRepos/install/q/t/include/lux/engine/scene/render/visibility.h
-- Up-to-date: E:/SyncForder/CodeRepos/install/q/t/include/lux/engine/scene/script_runtime
-- Up-to-date: E:/SyncForder/CodeRepos/install/q/t/include/lux/engine/scene/script_runtime/visibility.h
-- Up-to-date: E:/SyncForder/CodeRepos/install/q/t/include/lux/engine/scene/visibility.h
-- Up-to-date: E:/SyncForder/CodeRepos/install/q/t/include/lux/engine/scene/world_materialization
-- Up-to-date: E:/SyncForder/CodeRepos/install/q/t/include/lux/engine/scene/world_materialization/visibility.h
-- Up-to-date: E:/SyncForder/CodeRepos/install/q/t/include/lux/engine/serialization
-- Up-to-date: E:/SyncForder/CodeRepos/install/q/t/include/lux/engine/serialization/visibility.h
-- Up-to-date: E:/SyncForder/CodeRepos/install/q/t/include/lux/engine/simulation
-- Up-to-date: E:/SyncForder/CodeRepos/install/q/t/include/lux/engine/simulation/asset
-- Up-to-date: E:/SyncForder/CodeRepos/install/q/t/include/lux/engine/simulation/asset/visibility.h
-- Up-to-date: E:/SyncForder/CodeRepos/install/q/t/include/lux/engine/simulation/composition
-- Up-to-date: E:/SyncForder/CodeRepos/install/q/t/include/lux/engine/simulation/composition/visibility.h
-- Up-to-date: E:/SyncForder/CodeRepos/install/q/t/include/lux/engine/simulation/description
-- Up-to-date: E:/SyncForder/CodeRepos/install/q/t/include/lux/engine/simulation/description/visibility.h
-- Up-to-date: E:/SyncForder/CodeRepos/install/q/t/include/lux/engine/simulation/ecs
-- Up-to-date: E:/SyncForder/CodeRepos/install/q/t/include/lux/engine/simulation/ecs/core
-- Up-to-date: E:/SyncForder/CodeRepos/install/q/t/include/lux/engine/simulation/ecs/core/visibility.h
-- Up-to-date: E:/SyncForder/CodeRepos/install/q/t/include/lux/engine/simulation/ecs/hierarchy
-- Up-to-date: E:/SyncForder/CodeRepos/install/q/t/include/lux/engine/simulation/ecs/hierarchy/visibility.h
-- Up-to-date: E:/SyncForder/CodeRepos/install/q/t/include/lux/engine/simulation/ecs/Parent.ecs_schema.hpp
-- Up-to-date: E:/SyncForder/CodeRepos/install/q/t/include/lux/engine/simulation/ecs/Parent.ecs_snapshot.hpp
-- Up-to-date: E:/SyncForder/CodeRepos/install/q/t/include/lux/engine/simulation/ecs/Parent.type_static_info.hpp
-- Up-to-date: E:/SyncForder/CodeRepos/install/q/t/include/lux/engine/simulation/ecs/schema
-- Up-to-date: E:/SyncForder/CodeRepos/install/q/t/include/lux/engine/simulation/ecs/schema/visibility.h
-- Up-to-date: E:/SyncForder/CodeRepos/install/q/t/include/lux/engine/simulation/ecs/snapshot
-- Up-to-date: E:/SyncForder/CodeRepos/install/q/t/include/lux/engine/simulation/ecs/snapshot/visibility.h
-- Up-to-date: E:/SyncForder/CodeRepos/install/q/t/include/lux/engine/simulation/ecs/transform
-- Up-to-date: E:/SyncForder/CodeRepos/install/q/t/include/lux/engine/simulation/ecs/transform/visibility.h
-- Up-to-date: E:/SyncForder/CodeRepos/install/q/t/include/lux/engine/simulation/ecs/Transform.ecs_schema.hpp
-- Up-to-date: E:/SyncForder/CodeRepos/install/q/t/include/lux/engine/simulation/ecs/Transform.ecs_snapshot.hpp
-- Up-to-date: E:/SyncForder/CodeRepos/install/q/t/include/lux/engine/simulation/ecs/Transform.type_static_info.hpp
-- Up-to-date: E:/SyncForder/CodeRepos/install/q/t/include/lux/engine/simulation/ecs/visual
-- Up-to-date: E:/SyncForder/CodeRepos/install/q/t/include/lux/engine/simulation/ecs/visual/visibility.h
-- Up-to-date: E:/SyncForder/CodeRepos/install/q/t/include/lux/engine/simulation/ecs/Visual.ecs_schema.hpp
-- Up-to-date: E:/SyncForder/CodeRepos/install/q/t/include/lux/engine/simulation/ecs/Visual.ecs_snapshot.hpp
-- Up-to-date: E:/SyncForder/CodeRepos/install/q/t/include/lux/engine/simulation/ecs/Visual.type_static_info.hpp
-- Up-to-date: E:/SyncForder/CodeRepos/install/q/t/include/lux/engine/simulation/scripting
-- Up-to-date: E:/SyncForder/CodeRepos/install/q/t/include/lux/engine/simulation/scripting/cpp_static
-- Up-to-date: E:/SyncForder/CodeRepos/install/q/t/include/lux/engine/simulation/scripting/cpp_static/visibility.h
-- Up-to-date: E:/SyncForder/CodeRepos/install/q/t/include/lux/engine/simulation/scripting/native
-- Up-to-date: E:/SyncForder/CodeRepos/install/q/t/include/lux/engine/simulation/scripting/native/visibility.h
-- Up-to-date: E:/SyncForder/CodeRepos/install/q/t/include/lux/engine/simulation/script_system
-- Up-to-date: E:/SyncForder/CodeRepos/install/q/t/include/lux/engine/simulation/script_system/visibility.h
-- Up-to-date: E:/SyncForder/CodeRepos/install/q/t/include/lux/engine/simulation/system
-- Up-to-date: E:/SyncForder/CodeRepos/install/q/t/include/lux/engine/simulation/system/visibility.h
-- Up-to-date: E:/SyncForder/CodeRepos/install/q/t/include/lux/engine/simulation/transform_system
-- Up-to-date: E:/SyncForder/CodeRepos/install/q/t/include/lux/engine/simulation/transform_system/visibility.h
-- Up-to-date: E:/SyncForder/CodeRepos/install/q/t/include/lux/engine/spatial
-- Up-to-date: E:/SyncForder/CodeRepos/install/q/t/include/lux/engine/spatial/spatial2d
-- Up-to-date: E:/SyncForder/CodeRepos/install/q/t/include/lux/engine/spatial/spatial2d/visibility.h
-- Up-to-date: E:/SyncForder/CodeRepos/install/q/t/include/lux/engine/spatial/spatial3d
-- Up-to-date: E:/SyncForder/CodeRepos/install/q/t/include/lux/engine/spatial/spatial3d/visibility.h
-- Up-to-date: E:/SyncForder/CodeRepos/install/q/t/include/lux/engine/system
-- Up-to-date: E:/SyncForder/CodeRepos/install/q/t/include/lux/engine/system/description
-- Up-to-date: E:/SyncForder/CodeRepos/install/q/t/include/lux/engine/system/description/visibility.h
-- Up-to-date: E:/SyncForder/CodeRepos/install/q/t/include/lux/engine/system/identity
-- Up-to-date: E:/SyncForder/CodeRepos/install/q/t/include/lux/engine/system/identity/visibility.h
-- Up-to-date: E:/SyncForder/CodeRepos/install/q/t/include/lux/engine/task
-- Up-to-date: E:/SyncForder/CodeRepos/install/q/t/include/lux/engine/task/visibility.h
-- Up-to-date: E:/SyncForder/CodeRepos/install/q/t/include/lux/engine/toolchain
-- Up-to-date: E:/SyncForder/CodeRepos/install/q/t/include/lux/engine/toolchain/asset
-- Up-to-date: E:/SyncForder/CodeRepos/install/q/t/include/lux/engine/toolchain/asset/model
-- Up-to-date: E:/SyncForder/CodeRepos/install/q/t/include/lux/engine/toolchain/asset/model/visibility.h
-- Up-to-date: E:/SyncForder/CodeRepos/install/q/t/include/lux/engine/toolchain/asset/shader
-- Up-to-date: E:/SyncForder/CodeRepos/install/q/t/include/lux/engine/toolchain/asset/shader/visibility.h
-- Up-to-date: E:/SyncForder/CodeRepos/install/q/t/include/lux/engine/toolchain/asset/texture
-- Up-to-date: E:/SyncForder/CodeRepos/install/q/t/include/lux/engine/toolchain/asset/texture/visibility.h
-- Up-to-date: E:/SyncForder/CodeRepos/install/q/t/include/lux/engine/world
-- Up-to-date: E:/SyncForder/CodeRepos/install/q/t/include/lux/engine/world/asset
-- Up-to-date: E:/SyncForder/CodeRepos/install/q/t/include/lux/engine/world/asset/visibility.h
-- Up-to-date: E:/SyncForder/CodeRepos/install/q/t/include/lux/engine/world/description
-- Up-to-date: E:/SyncForder/CodeRepos/install/q/t/include/lux/engine/world/description/visibility.h
-- Up-to-date: E:/SyncForder/CodeRepos/install/q/t/include/lux/engine/world/partition
-- Up-to-date: E:/SyncForder/CodeRepos/install/q/t/include/lux/engine/world/partition/visibility.h
-- Up-to-date: E:/SyncForder/CodeRepos/install/q/t/include/lux/engine/world/storage
-- Up-to-date: E:/SyncForder/CodeRepos/install/q/t/include/lux/engine/world/storage/visibility.h
-- Up-to-date: E:/SyncForder/CodeRepos/install/q/t/include/test
-- Installing: E:/SyncForder/CodeRepos/install/q/t/share/lux-engine-function/render_client_meta/lux-engine-function-render_client_meta-config-targets.cmake
-- Installing: E:/SyncForder/CodeRepos/install/q/t/share/lux-engine-function/render_client_meta/lux-engine-function-render_client_meta-config-targets-relwithdebinfo.cmake
-- Installing: E:/SyncForder/CodeRepos/install/q/t/share/lux-engine-function/render_client_meta/lux-engine-function-render_client_meta-import.cmake
-- Installing: E:/SyncForder/CodeRepos/install/q/t/lib/lux_engine_function_render_client_meta.lib
-- Installing: E:/SyncForder/CodeRepos/install/q/t/bin/lux_engine_function_render_client_meta.dll
-- Up-to-date: E:/SyncForder/CodeRepos/install/q/t/include
-- Up-to-date: E:/SyncForder/CodeRepos/install/q/t/include/lux
-- Up-to-date: E:/SyncForder/CodeRepos/install/q/t/include/lux/engine
-- Up-to-date: E:/SyncForder/CodeRepos/install/q/t/include/lux/engine/function
-- Up-to-date: E:/SyncForder/CodeRepos/install/q/t/include/lux/engine/function/render
-- Up-to-date: E:/SyncForder/CodeRepos/install/q/t/include/lux/engine/function/render/standard
-- Up-to-date: E:/SyncForder/CodeRepos/install/q/t/include/lux/engine/function/render/standard/content
-- Installing: E:/SyncForder/CodeRepos/install/q/t/include/lux/engine/function/render/standard/content/ClassicMeshBatch.hpp
-- Up-to-date: E:/SyncForder/CodeRepos/install/q/t/include
-- Up-to-date: E:/SyncForder/CodeRepos/install/q/t/include/lux
-- Up-to-date: E:/SyncForder/CodeRepos/install/q/t/include/lux/engine
-- Up-to-date: E:/SyncForder/CodeRepos/install/q/t/include/lux/engine/core
-- Up-to-date: E:/SyncForder/CodeRepos/install/q/t/include/lux/engine/core/visibility.h
-- Up-to-date: E:/SyncForder/CodeRepos/install/q/t/include/lux/engine/dynamic_library
-- Up-to-date: E:/SyncForder/CodeRepos/install/q/t/include/lux/engine/dynamic_library/visibility.h
-- Up-to-date: E:/SyncForder/CodeRepos/install/q/t/include/lux/engine/flowforge
-- Up-to-date: E:/SyncForder/CodeRepos/install/q/t/include/lux/engine/flowforge/compiler
-- Up-to-date: E:/SyncForder/CodeRepos/install/q/t/include/lux/engine/flowforge/compiler/visibility.h
-- Up-to-date: E:/SyncForder/CodeRepos/install/q/t/include/lux/engine/flowforge/visibility.h
-- Up-to-date: E:/SyncForder/CodeRepos/install/q/t/include/lux/engine/function
-- Up-to-date: E:/SyncForder/CodeRepos/install/q/t/include/lux/engine/function/graph
-- Up-to-date: E:/SyncForder/CodeRepos/install/q/t/include/lux/engine/function/graph/visibility.h
-- Up-to-date: E:/SyncForder/CodeRepos/install/q/t/include/lux/engine/function/render
-- Up-to-date: E:/SyncForder/CodeRepos/install/q/t/include/lux/engine/function/render/standard
-- Up-to-date: E:/SyncForder/CodeRepos/install/q/t/include/lux/engine/function/render/standard/content
-- Up-to-date: E:/SyncForder/CodeRepos/install/q/t/include/lux/engine/function/render/standard/content/visibility.h
-- Up-to-date: E:/SyncForder/CodeRepos/install/q/t/include/lux/engine/function/script
-- Up-to-date: E:/SyncForder/CodeRepos/install/q/t/include/lux/engine/function/script/artifact
-- Up-to-date: E:/SyncForder/CodeRepos/install/q/t/include/lux/engine/function/script/artifact/visibility.h
-- Up-to-date: E:/SyncForder/CodeRepos/install/q/t/include/lux/engine/function/visibility.h
-- Up-to-date: E:/SyncForder/CodeRepos/install/q/t/include/lux/engine/material
-- Up-to-date: E:/SyncForder/CodeRepos/install/q/t/include/lux/engine/material/compiler
-- Up-to-date: E:/SyncForder/CodeRepos/install/q/t/include/lux/engine/material/compiler/visibility.h
-- Up-to-date: E:/SyncForder/CodeRepos/install/q/t/include/lux/engine/material/cooker
-- Up-to-date: E:/SyncForder/CodeRepos/install/q/t/include/lux/engine/material/cooker/visibility.h
-- Up-to-date: E:/SyncForder/CodeRepos/install/q/t/include/lux/engine/material/graph
-- Up-to-date: E:/SyncForder/CodeRepos/install/q/t/include/lux/engine/material/graph/visibility.h
-- Up-to-date: E:/SyncForder/CodeRepos/install/q/t/include/lux/engine/physics2d
-- Up-to-date: E:/SyncForder/CodeRepos/install/q/t/include/lux/engine/physics2d/Physics2DComponents.ecs_schema.hpp
-- Up-to-date: E:/SyncForder/CodeRepos/install/q/t/include/lux/engine/physics2d/Physics2DComponents.ecs_snapshot.hpp
-- Up-to-date: E:/SyncForder/CodeRepos/install/q/t/include/lux/engine/physics2d/Physics2DComponents.type_static_info.hpp
-- Up-to-date: E:/SyncForder/CodeRepos/install/q/t/include/lux/engine/physics2d/visibility.h
-- Up-to-date: E:/SyncForder/CodeRepos/install/q/t/include/lux/engine/process
-- Up-to-date: E:/SyncForder/CodeRepos/install/q/t/include/lux/engine/process/asset_loading
-- Up-to-date: E:/SyncForder/CodeRepos/install/q/t/include/lux/engine/process/asset_loading/visibility.h
-- Up-to-date: E:/SyncForder/CodeRepos/install/q/t/include/lux/engine/process/visibility.h
-- Up-to-date: E:/SyncForder/CodeRepos/install/q/t/include/lux/engine/process/world_loading
-- Up-to-date: E:/SyncForder/CodeRepos/install/q/t/include/lux/engine/process/world_loading/visibility.h
-- Up-to-date: E:/SyncForder/CodeRepos/install/q/t/include/lux/engine/resource
-- Up-to-date: E:/SyncForder/CodeRepos/install/q/t/include/lux/engine/resource/asset
-- Up-to-date: E:/SyncForder/CodeRepos/install/q/t/include/lux/engine/resource/asset/visibility.h
-- Up-to-date: E:/SyncForder/CodeRepos/install/q/t/include/lux/engine/resource/visibility.h
-- Up-to-date: E:/SyncForder/CodeRepos/install/q/t/include/lux/engine/scene
-- Up-to-date: E:/SyncForder/CodeRepos/install/q/t/include/lux/engine/scene/asset
-- Up-to-date: E:/SyncForder/CodeRepos/install/q/t/include/lux/engine/scene/asset/visibility.h
-- Up-to-date: E:/SyncForder/CodeRepos/install/q/t/include/lux/engine/scene/description
-- Up-to-date: E:/SyncForder/CodeRepos/install/q/t/include/lux/engine/scene/description/visibility.h
-- Up-to-date: E:/SyncForder/CodeRepos/install/q/t/include/lux/engine/scene/meta
-- Up-to-date: E:/SyncForder/CodeRepos/install/q/t/include/lux/engine/scene/meta/visibility.h
-- Up-to-date: E:/SyncForder/CodeRepos/install/q/t/include/lux/engine/scene/render
-- Up-to-date: E:/SyncForder/CodeRepos/install/q/t/include/lux/engine/scene/render/visibility.h
-- Up-to-date: E:/SyncForder/CodeRepos/install/q/t/include/lux/engine/scene/script_runtime
-- Up-to-date: E:/SyncForder/CodeRepos/install/q/t/include/lux/engine/scene/script_runtime/visibility.h
-- Up-to-date: E:/SyncForder/CodeRepos/install/q/t/include/lux/engine/scene/visibility.h
-- Up-to-date: E:/SyncForder/CodeRepos/install/q/t/include/lux/engine/scene/world_materialization
-- Up-to-date: E:/SyncForder/CodeRepos/install/q/t/include/lux/engine/scene/world_materialization/visibility.h
-- Up-to-date: E:/SyncForder/CodeRepos/install/q/t/include/lux/engine/serialization
-- Up-to-date: E:/SyncForder/CodeRepos/install/q/t/include/lux/engine/serialization/visibility.h
-- Up-to-date: E:/SyncForder/CodeRepos/install/q/t/include/lux/engine/simulation
-- Up-to-date: E:/SyncForder/CodeRepos/install/q/t/include/lux/engine/simulation/asset
-- Up-to-date: E:/SyncForder/CodeRepos/install/q/t/include/lux/engine/simulation/asset/visibility.h
-- Up-to-date: E:/SyncForder/CodeRepos/install/q/t/include/lux/engine/simulation/composition
-- Up-to-date: E:/SyncForder/CodeRepos/install/q/t/include/lux/engine/simulation/composition/visibility.h
-- Up-to-date: E:/SyncForder/CodeRepos/install/q/t/include/lux/engine/simulation/description
-- Up-to-date: E:/SyncForder/CodeRepos/install/q/t/include/lux/engine/simulation/description/visibility.h
-- Up-to-date: E:/SyncForder/CodeRepos/install/q/t/include/lux/engine/simulation/ecs
-- Up-to-date: E:/SyncForder/CodeRepos/install/q/t/include/lux/engine/simulation/ecs/core
-- Up-to-date: E:/SyncForder/CodeRepos/install/q/t/include/lux/engine/simulation/ecs/core/visibility.h
-- Up-to-date: E:/SyncForder/CodeRepos/install/q/t/include/lux/engine/simulation/ecs/hierarchy
-- Up-to-date: E:/SyncForder/CodeRepos/install/q/t/include/lux/engine/simulation/ecs/hierarchy/visibility.h
-- Up-to-date: E:/SyncForder/CodeRepos/install/q/t/include/lux/engine/simulation/ecs/Parent.ecs_schema.hpp
-- Up-to-date: E:/SyncForder/CodeRepos/install/q/t/include/lux/engine/simulation/ecs/Parent.ecs_snapshot.hpp
-- Up-to-date: E:/SyncForder/CodeRepos/install/q/t/include/lux/engine/simulation/ecs/Parent.type_static_info.hpp
-- Up-to-date: E:/SyncForder/CodeRepos/install/q/t/include/lux/engine/simulation/ecs/schema
-- Up-to-date: E:/SyncForder/CodeRepos/install/q/t/include/lux/engine/simulation/ecs/schema/visibility.h
-- Up-to-date: E:/SyncForder/CodeRepos/install/q/t/include/lux/engine/simulation/ecs/snapshot
-- Up-to-date: E:/SyncForder/CodeRepos/install/q/t/include/lux/engine/simulation/ecs/snapshot/visibility.h
-- Up-to-date: E:/SyncForder/CodeRepos/install/q/t/include/lux/engine/simulation/ecs/transform
-- Up-to-date: E:/SyncForder/CodeRepos/install/q/t/include/lux/engine/simulation/ecs/transform/visibility.h
-- Up-to-date: E:/SyncForder/CodeRepos/install/q/t/include/lux/engine/simulation/ecs/Transform.ecs_schema.hpp
-- Up-to-date: E:/SyncForder/CodeRepos/install/q/t/include/lux/engine/simulation/ecs/Transform.ecs_snapshot.hpp
-- Up-to-date: E:/SyncForder/CodeRepos/install/q/t/include/lux/engine/simulation/ecs/Transform.type_static_info.hpp
-- Up-to-date: E:/SyncForder/CodeRepos/install/q/t/include/lux/engine/simulation/ecs/visual
-- Up-to-date: E:/SyncForder/CodeRepos/install/q/t/include/lux/engine/simulation/ecs/visual/visibility.h
-- Up-to-date: E:/SyncForder/CodeRepos/install/q/t/include/lux/engine/simulation/ecs/Visual.ecs_schema.hpp
-- Up-to-date: E:/SyncForder/CodeRepos/install/q/t/include/lux/engine/simulation/ecs/Visual.ecs_snapshot.hpp
-- Up-to-date: E:/SyncForder/CodeRepos/install/q/t/include/lux/engine/simulation/ecs/Visual.type_static_info.hpp
-- Up-to-date: E:/SyncForder/CodeRepos/install/q/t/include/lux/engine/simulation/scripting
-- Up-to-date: E:/SyncForder/CodeRepos/install/q/t/include/lux/engine/simulation/scripting/cpp_static
-- Up-to-date: E:/SyncForder/CodeRepos/install/q/t/include/lux/engine/simulation/scripting/cpp_static/visibility.h
-- Up-to-date: E:/SyncForder/CodeRepos/install/q/t/include/lux/engine/simulation/scripting/native
-- Up-to-date: E:/SyncForder/CodeRepos/install/q/t/include/lux/engine/simulation/scripting/native/visibility.h
-- Up-to-date: E:/SyncForder/CodeRepos/install/q/t/include/lux/engine/simulation/script_system
-- Up-to-date: E:/SyncForder/CodeRepos/install/q/t/include/lux/engine/simulation/script_system/visibility.h
-- Up-to-date: E:/SyncForder/CodeRepos/install/q/t/include/lux/engine/simulation/system
-- Up-to-date: E:/SyncForder/CodeRepos/install/q/t/include/lux/engine/simulation/system/visibility.h
-- Up-to-date: E:/SyncForder/CodeRepos/install/q/t/include/lux/engine/simulation/transform_system
-- Up-to-date: E:/SyncForder/CodeRepos/install/q/t/include/lux/engine/simulation/transform_system/visibility.h
-- Up-to-date: E:/SyncForder/CodeRepos/install/q/t/include/lux/engine/spatial
-- Up-to-date: E:/SyncForder/CodeRepos/install/q/t/include/lux/engine/spatial/spatial2d
-- Up-to-date: E:/SyncForder/CodeRepos/install/q/t/include/lux/engine/spatial/spatial2d/visibility.h
-- Up-to-date: E:/SyncForder/CodeRepos/install/q/t/include/lux/engine/spatial/spatial3d
-- Up-to-date: E:/SyncForder/CodeRepos/install/q/t/include/lux/engine/spatial/spatial3d/visibility.h
-- Up-to-date: E:/SyncForder/CodeRepos/install/q/t/include/lux/engine/system
-- Up-to-date: E:/SyncForder/CodeRepos/install/q/t/include/lux/engine/system/description
-- Up-to-date: E:/SyncForder/CodeRepos/install/q/t/include/lux/engine/system/description/visibility.h
-- Up-to-date: E:/SyncForder/CodeRepos/install/q/t/include/lux/engine/system/identity
-- Up-to-date: E:/SyncForder/CodeRepos/install/q/t/include/lux/engine/system/identity/visibility.h
-- Up-to-date: E:/SyncForder/CodeRepos/install/q/t/include/lux/engine/task
-- Up-to-date: E:/SyncForder/CodeRepos/install/q/t/include/lux/engine/task/visibility.h
-- Up-to-date: E:/SyncForder/CodeRepos/install/q/t/include/lux/engine/toolchain
-- Up-to-date: E:/SyncForder/CodeRepos/install/q/t/include/lux/engine/toolchain/asset
-- Up-to-date: E:/SyncForder/CodeRepos/install/q/t/include/lux/engine/toolchain/asset/model
-- Up-to-date: E:/SyncForder/CodeRepos/install/q/t/include/lux/engine/toolchain/asset/model/visibility.h
-- Up-to-date: E:/SyncForder/CodeRepos/install/q/t/include/lux/engine/toolchain/asset/shader
-- Up-to-date: E:/SyncForder/CodeRepos/install/q/t/include/lux/engine/toolchain/asset/shader/visibility.h
-- Up-to-date: E:/SyncForder/CodeRepos/install/q/t/include/lux/engine/toolchain/asset/texture
-- Up-to-date: E:/SyncForder/CodeRepos/install/q/t/include/lux/engine/toolchain/asset/texture/visibility.h
-- Up-to-date: E:/SyncForder/CodeRepos/install/q/t/include/lux/engine/world
-- Up-to-date: E:/SyncForder/CodeRepos/install/q/t/include/lux/engine/world/asset
-- Up-to-date: E:/SyncForder/CodeRepos/install/q/t/include/lux/engine/world/asset/visibility.h
-- Up-to-date: E:/SyncForder/CodeRepos/install/q/t/include/lux/engine/world/description
-- Up-to-date: E:/SyncForder/CodeRepos/install/q/t/include/lux/engine/world/description/visibility.h
-- Up-to-date: E:/SyncForder/CodeRepos/install/q/t/include/lux/engine/world/partition
-- Up-to-date: E:/SyncForder/CodeRepos/install/q/t/include/lux/engine/world/partition/visibility.h
-- Up-to-date: E:/SyncForder/CodeRepos/install/q/t/include/lux/engine/world/storage
-- Up-to-date: E:/SyncForder/CodeRepos/install/q/t/include/lux/engine/world/storage/visibility.h
-- Up-to-date: E:/SyncForder/CodeRepos/install/q/t/include/test
-- Installing: E:/SyncForder/CodeRepos/install/q/t/share/lux-engine-function/render_standard_content/lux-engine-function-render_standard_content-config-targets.cmake
-- Installing: E:/SyncForder/CodeRepos/install/q/t/share/lux-engine-function/render_standard_content/lux-engine-function-render_standard_content-config-targets-relwithdebinfo.cmake
-- Installing: E:/SyncForder/CodeRepos/install/q/t/share/lux-engine-function/render_standard_content/lux-engine-function-render_standard_content-import.cmake
-- Installing: E:/SyncForder/CodeRepos/install/q/t/lib/lux_engine_function_render_standard_content.lib
-- Installing: E:/SyncForder/CodeRepos/install/q/t/bin/lux_engine_function_render_standard_content.dll
-- Up-to-date: E:/SyncForder/CodeRepos/install/q/t/include
-- Up-to-date: E:/SyncForder/CodeRepos/install/q/t/include/lux
-- Up-to-date: E:/SyncForder/CodeRepos/install/q/t/include/lux/engine
-- Up-to-date: E:/SyncForder/CodeRepos/install/q/t/include/lux/engine/function
-- Up-to-date: E:/SyncForder/CodeRepos/install/q/t/include/lux/engine/function/script
-- Up-to-date: E:/SyncForder/CodeRepos/install/q/t/include/lux/engine/function/script/artifact
-- Installing: E:/SyncForder/CodeRepos/install/q/t/include/lux/engine/function/script/artifact/ScriptArtifact.hpp
-- Up-to-date: E:/SyncForder/CodeRepos/install/q/t/include
-- Up-to-date: E:/SyncForder/CodeRepos/install/q/t/include/lux
-- Up-to-date: E:/SyncForder/CodeRepos/install/q/t/include/lux/engine
-- Up-to-date: E:/SyncForder/CodeRepos/install/q/t/include/lux/engine/core
-- Up-to-date: E:/SyncForder/CodeRepos/install/q/t/include/lux/engine/core/visibility.h
-- Up-to-date: E:/SyncForder/CodeRepos/install/q/t/include/lux/engine/dynamic_library
-- Up-to-date: E:/SyncForder/CodeRepos/install/q/t/include/lux/engine/dynamic_library/visibility.h
-- Up-to-date: E:/SyncForder/CodeRepos/install/q/t/include/lux/engine/flowforge
-- Up-to-date: E:/SyncForder/CodeRepos/install/q/t/include/lux/engine/flowforge/compiler
-- Up-to-date: E:/SyncForder/CodeRepos/install/q/t/include/lux/engine/flowforge/compiler/visibility.h
-- Up-to-date: E:/SyncForder/CodeRepos/install/q/t/include/lux/engine/flowforge/visibility.h
-- Up-to-date: E:/SyncForder/CodeRepos/install/q/t/include/lux/engine/function
-- Up-to-date: E:/SyncForder/CodeRepos/install/q/t/include/lux/engine/function/graph
-- Up-to-date: E:/SyncForder/CodeRepos/install/q/t/include/lux/engine/function/graph/visibility.h
-- Up-to-date: E:/SyncForder/CodeRepos/install/q/t/include/lux/engine/function/render
-- Up-to-date: E:/SyncForder/CodeRepos/install/q/t/include/lux/engine/function/render/standard
-- Up-to-date: E:/SyncForder/CodeRepos/install/q/t/include/lux/engine/function/render/standard/content
-- Up-to-date: E:/SyncForder/CodeRepos/install/q/t/include/lux/engine/function/render/standard/content/visibility.h
-- Up-to-date: E:/SyncForder/CodeRepos/install/q/t/include/lux/engine/function/script
-- Up-to-date: E:/SyncForder/CodeRepos/install/q/t/include/lux/engine/function/script/artifact
-- Up-to-date: E:/SyncForder/CodeRepos/install/q/t/include/lux/engine/function/script/artifact/visibility.h
-- Up-to-date: E:/SyncForder/CodeRepos/install/q/t/include/lux/engine/function/visibility.h
-- Up-to-date: E:/SyncForder/CodeRepos/install/q/t/include/lux/engine/material
-- Up-to-date: E:/SyncForder/CodeRepos/install/q/t/include/lux/engine/material/compiler
-- Up-to-date: E:/SyncForder/CodeRepos/install/q/t/include/lux/engine/material/compiler/visibility.h
-- Up-to-date: E:/SyncForder/CodeRepos/install/q/t/include/lux/engine/material/cooker
-- Up-to-date: E:/SyncForder/CodeRepos/install/q/t/include/lux/engine/material/cooker/visibility.h
-- Up-to-date: E:/SyncForder/CodeRepos/install/q/t/include/lux/engine/material/graph
-- Up-to-date: E:/SyncForder/CodeRepos/install/q/t/include/lux/engine/material/graph/visibility.h
-- Up-to-date: E:/SyncForder/CodeRepos/install/q/t/include/lux/engine/physics2d
-- Up-to-date: E:/SyncForder/CodeRepos/install/q/t/include/lux/engine/physics2d/Physics2DComponents.ecs_schema.hpp
-- Up-to-date: E:/SyncForder/CodeRepos/install/q/t/include/lux/engine/physics2d/Physics2DComponents.ecs_snapshot.hpp
-- Up-to-date: E:/SyncForder/CodeRepos/install/q/t/include/lux/engine/physics2d/Physics2DComponents.type_static_info.hpp
-- Up-to-date: E:/SyncForder/CodeRepos/install/q/t/include/lux/engine/physics2d/visibility.h
-- Up-to-date: E:/SyncForder/CodeRepos/install/q/t/include/lux/engine/process
-- Up-to-date: E:/SyncForder/CodeRepos/install/q/t/include/lux/engine/process/asset_loading
-- Up-to-date: E:/SyncForder/CodeRepos/install/q/t/include/lux/engine/process/asset_loading/visibility.h
-- Up-to-date: E:/SyncForder/CodeRepos/install/q/t/include/lux/engine/process/visibility.h
-- Up-to-date: E:/SyncForder/CodeRepos/install/q/t/include/lux/engine/process/world_loading
-- Up-to-date: E:/SyncForder/CodeRepos/install/q/t/include/lux/engine/process/world_loading/visibility.h
-- Up-to-date: E:/SyncForder/CodeRepos/install/q/t/include/lux/engine/resource
-- Up-to-date: E:/SyncForder/CodeRepos/install/q/t/include/lux/engine/resource/asset
-- Up-to-date: E:/SyncForder/CodeRepos/install/q/t/include/lux/engine/resource/asset/visibility.h
-- Up-to-date: E:/SyncForder/CodeRepos/install/q/t/include/lux/engine/resource/visibility.h
-- Up-to-date: E:/SyncForder/CodeRepos/install/q/t/include/lux/engine/scene
-- Up-to-date: E:/SyncForder/CodeRepos/install/q/t/include/lux/engine/scene/asset
-- Up-to-date: E:/SyncForder/CodeRepos/install/q/t/include/lux/engine/scene/asset/visibility.h
-- Up-to-date: E:/SyncForder/CodeRepos/install/q/t/include/lux/engine/scene/description
-- Up-to-date: E:/SyncForder/CodeRepos/install/q/t/include/lux/engine/scene/description/visibility.h
-- Up-to-date: E:/SyncForder/CodeRepos/install/q/t/include/lux/engine/scene/meta
-- Up-to-date: E:/SyncForder/CodeRepos/install/q/t/include/lux/engine/scene/meta/visibility.h
-- Up-to-date: E:/SyncForder/CodeRepos/install/q/t/include/lux/engine/scene/render
-- Up-to-date: E:/SyncForder/CodeRepos/install/q/t/include/lux/engine/scene/render/visibility.h
-- Up-to-date: E:/SyncForder/CodeRepos/install/q/t/include/lux/engine/scene/script_runtime
-- Up-to-date: E:/SyncForder/CodeRepos/install/q/t/include/lux/engine/scene/script_runtime/visibility.h
-- Up-to-date: E:/SyncForder/CodeRepos/install/q/t/include/lux/engine/scene/visibility.h
-- Up-to-date: E:/SyncForder/CodeRepos/install/q/t/include/lux/engine/scene/world_materialization
-- Up-to-date: E:/SyncForder/CodeRepos/install/q/t/include/lux/engine/scene/world_materialization/visibility.h
-- Up-to-date: E:/SyncForder/CodeRepos/install/q/t/include/lux/engine/serialization
-- Up-to-date: E:/SyncForder/CodeRepos/install/q/t/include/lux/engine/serialization/visibility.h
-- Up-to-date: E:/SyncForder/CodeRepos/install/q/t/include/lux/engine/simulation
-- Up-to-date: E:/SyncForder/CodeRepos/install/q/t/include/lux/engine/simulation/asset
-- Up-to-date: E:/SyncForder/CodeRepos/install/q/t/include/lux/engine/simulation/asset/visibility.h
-- Up-to-date: E:/SyncForder/CodeRepos/install/q/t/include/lux/engine/simulation/composition
-- Up-to-date: E:/SyncForder/CodeRepos/install/q/t/include/lux/engine/simulation/composition/visibility.h
-- Up-to-date: E:/SyncForder/CodeRepos/install/q/t/include/lux/engine/simulation/description
-- Up-to-date: E:/SyncForder/CodeRepos/install/q/t/include/lux/engine/simulation/description/visibility.h
-- Up-to-date: E:/SyncForder/CodeRepos/install/q/t/include/lux/engine/simulation/ecs
-- Up-to-date: E:/SyncForder/CodeRepos/install/q/t/include/lux/engine/simulation/ecs/core
-- Up-to-date: E:/SyncForder/CodeRepos/install/q/t/include/lux/engine/simulation/ecs/core/visibility.h
-- Up-to-date: E:/SyncForder/CodeRepos/install/q/t/include/lux/engine/simulation/ecs/hierarchy
-- Up-to-date: E:/SyncForder/CodeRepos/install/q/t/include/lux/engine/simulation/ecs/hierarchy/visibility.h
-- Up-to-date: E:/SyncForder/CodeRepos/install/q/t/include/lux/engine/simulation/ecs/Parent.ecs_schema.hpp
-- Up-to-date: E:/SyncForder/CodeRepos/install/q/t/include/lux/engine/simulation/ecs/Parent.ecs_snapshot.hpp
-- Up-to-date: E:/SyncForder/CodeRepos/install/q/t/include/lux/engine/simulation/ecs/Parent.type_static_info.hpp
-- Up-to-date: E:/SyncForder/CodeRepos/install/q/t/include/lux/engine/simulation/ecs/schema
-- Up-to-date: E:/SyncForder/CodeRepos/install/q/t/include/lux/engine/simulation/ecs/schema/visibility.h
-- Up-to-date: E:/SyncForder/CodeRepos/install/q/t/include/lux/engine/simulation/ecs/snapshot
-- Up-to-date: E:/SyncForder/CodeRepos/install/q/t/include/lux/engine/simulation/ecs/snapshot/visibility.h
-- Up-to-date: E:/SyncForder/CodeRepos/install/q/t/include/lux/engine/simulation/ecs/transform
-- Up-to-date: E:/SyncForder/CodeRepos/install/q/t/include/lux/engine/simulation/ecs/transform/visibility.h
-- Up-to-date: E:/SyncForder/CodeRepos/install/q/t/include/lux/engine/simulation/ecs/Transform.ecs_schema.hpp
-- Up-to-date: E:/SyncForder/CodeRepos/install/q/t/include/lux/engine/simulation/ecs/Transform.ecs_snapshot.hpp
-- Up-to-date: E:/SyncForder/CodeRepos/install/q/t/include/lux/engine/simulation/ecs/Transform.type_static_info.hpp
-- Up-to-date: E:/SyncForder/CodeRepos/install/q/t/include/lux/engine/simulation/ecs/visual
-- Up-to-date: E:/SyncForder/CodeRepos/install/q/t/include/lux/engine/simulation/ecs/visual/visibility.h
-- Up-to-date: E:/SyncForder/CodeRepos/install/q/t/include/lux/engine/simulation/ecs/Visual.ecs_schema.hpp
-- Up-to-date: E:/SyncForder/CodeRepos/install/q/t/include/lux/engine/simulation/ecs/Visual.ecs_snapshot.hpp
-- Up-to-date: E:/SyncForder/CodeRepos/install/q/t/include/lux/engine/simulation/ecs/Visual.type_static_info.hpp
-- Up-to-date: E:/SyncForder/CodeRepos/install/q/t/include/lux/engine/simulation/scripting
-- Up-to-date: E:/SyncForder/CodeRepos/install/q/t/include/lux/engine/simulation/scripting/cpp_static
-- Up-to-date: E:/SyncForder/CodeRepos/install/q/t/include/lux/engine/simulation/scripting/cpp_static/visibility.h
-- Up-to-date: E:/SyncForder/CodeRepos/install/q/t/include/lux/engine/simulation/scripting/native
-- Up-to-date: E:/SyncForder/CodeRepos/install/q/t/include/lux/engine/simulation/scripting/native/visibility.h
-- Up-to-date: E:/SyncForder/CodeRepos/install/q/t/include/lux/engine/simulation/script_system
-- Up-to-date: E:/SyncForder/CodeRepos/install/q/t/include/lux/engine/simulation/script_system/visibility.h
-- Up-to-date: E:/SyncForder/CodeRepos/install/q/t/include/lux/engine/simulation/system
-- Up-to-date: E:/SyncForder/CodeRepos/install/q/t/include/lux/engine/simulation/system/visibility.h
-- Up-to-date: E:/SyncForder/CodeRepos/install/q/t/include/lux/engine/simulation/transform_system
-- Up-to-date: E:/SyncForder/CodeRepos/install/q/t/include/lux/engine/simulation/transform_system/visibility.h
-- Up-to-date: E:/SyncForder/CodeRepos/install/q/t/include/lux/engine/spatial
-- Up-to-date: E:/SyncForder/CodeRepos/install/q/t/include/lux/engine/spatial/spatial2d
-- Up-to-date: E:/SyncForder/CodeRepos/install/q/t/include/lux/engine/spatial/spatial2d/visibility.h
-- Up-to-date: E:/SyncForder/CodeRepos/install/q/t/include/lux/engine/spatial/spatial3d
-- Up-to-date: E:/SyncForder/CodeRepos/install/q/t/include/lux/engine/spatial/spatial3d/visibility.h
-- Up-to-date: E:/SyncForder/CodeRepos/install/q/t/include/lux/engine/system
-- Up-to-date: E:/SyncForder/CodeRepos/install/q/t/include/lux/engine/system/description
-- Up-to-date: E:/SyncForder/CodeRepos/install/q/t/include/lux/engine/system/description/visibility.h
-- Up-to-date: E:/SyncForder/CodeRepos/install/q/t/include/lux/engine/system/identity
-- Up-to-date: E:/SyncForder/CodeRepos/install/q/t/include/lux/engine/system/identity/visibility.h
-- Up-to-date: E:/SyncForder/CodeRepos/install/q/t/include/lux/engine/task
-- Up-to-date: E:/SyncForder/CodeRepos/install/q/t/include/lux/engine/task/visibility.h
-- Up-to-date: E:/SyncForder/CodeRepos/install/q/t/include/lux/engine/toolchain
-- Up-to-date: E:/SyncForder/CodeRepos/install/q/t/include/lux/engine/toolchain/asset
-- Up-to-date: E:/SyncForder/CodeRepos/install/q/t/include/lux/engine/toolchain/asset/model
-- Up-to-date: E:/SyncForder/CodeRepos/install/q/t/include/lux/engine/toolchain/asset/model/visibility.h
-- Up-to-date: E:/SyncForder/CodeRepos/install/q/t/include/lux/engine/toolchain/asset/shader
-- Up-to-date: E:/SyncForder/CodeRepos/install/q/t/include/lux/engine/toolchain/asset/shader/visibility.h
-- Up-to-date: E:/SyncForder/CodeRepos/install/q/t/include/lux/engine/toolchain/asset/texture
-- Up-to-date: E:/SyncForder/CodeRepos/install/q/t/include/lux/engine/toolchain/asset/texture/visibility.h
-- Up-to-date: E:/SyncForder/CodeRepos/install/q/t/include/lux/engine/world
-- Up-to-date: E:/SyncForder/CodeRepos/install/q/t/include/lux/engine/world/asset
-- Up-to-date: E:/SyncForder/CodeRepos/install/q/t/include/lux/engine/world/asset/visibility.h
-- Up-to-date: E:/SyncForder/CodeRepos/install/q/t/include/lux/engine/world/description
-- Up-to-date: E:/SyncForder/CodeRepos/install/q/t/include/lux/engine/world/description/visibility.h
-- Up-to-date: E:/SyncForder/CodeRepos/install/q/t/include/lux/engine/world/partition
-- Up-to-date: E:/SyncForder/CodeRepos/install/q/t/include/lux/engine/world/partition/visibility.h
-- Up-to-date: E:/SyncForder/CodeRepos/install/q/t/include/lux/engine/world/storage
-- Up-to-date: E:/SyncForder/CodeRepos/install/q/t/include/lux/engine/world/storage/visibility.h
-- Up-to-date: E:/SyncForder/CodeRepos/install/q/t/include/test
-- Installing: E:/SyncForder/CodeRepos/install/q/t/share/lux-engine-function/script_artifact/lux-engine-function-script_artifact-config-targets.cmake
-- Installing: E:/SyncForder/CodeRepos/install/q/t/share/lux-engine-function/script_artifact/lux-engine-function-script_artifact-config-targets-relwithdebinfo.cmake
-- Installing: E:/SyncForder/CodeRepos/install/q/t/share/lux-engine-function/script_artifact/lux-engine-function-script_artifact-import.cmake
-- Installing: E:/SyncForder/CodeRepos/install/q/t/lib/lux_engine_function_script_artifact.lib
-- Installing: E:/SyncForder/CodeRepos/install/q/t/bin/lux_engine_function_script_artifact.dll
-- Installing: E:/SyncForder/CodeRepos/install/q/t/share/lux-engine-function/script_core/cmake_scripts/engine_script_ability_codegen.cmake
-- Installing: E:/SyncForder/CodeRepos/install/q/t/share/lux-engine-function/script_core/cmake_scripts/engine_script_semantic_schema.cmake
-- Up-to-date: E:/SyncForder/CodeRepos/install/q/t/include
-- Up-to-date: E:/SyncForder/CodeRepos/install/q/t/include/lux
-- Up-to-date: E:/SyncForder/CodeRepos/install/q/t/include/lux/engine
-- Up-to-date: E:/SyncForder/CodeRepos/install/q/t/include/lux/engine/function
-- Up-to-date: E:/SyncForder/CodeRepos/install/q/t/include/lux/engine/function/script
-- Installing: E:/SyncForder/CodeRepos/install/q/t/include/lux/engine/function/script/abi
-- Installing: E:/SyncForder/CodeRepos/install/q/t/include/lux/engine/function/script/abi/lux_script_abi.h
-- Installing: E:/SyncForder/CodeRepos/install/q/t/include/lux/engine/function/script/BoundScriptCall.hpp
-- Installing: E:/SyncForder/CodeRepos/install/q/t/include/lux/engine/function/script/ScriptAbility.hpp
-- Installing: E:/SyncForder/CodeRepos/install/q/t/include/lux/engine/function/script/ScriptAbilityAnnotations.hpp
-- Installing: E:/SyncForder/CodeRepos/install/q/t/include/lux/engine/function/script/ScriptAbilityAsync.hpp
-- Installing: E:/SyncForder/CodeRepos/install/q/t/include/lux/engine/function/script/ScriptAbilityCompletionAdapter.hpp
-- Installing: E:/SyncForder/CodeRepos/install/q/t/include/lux/engine/function/script/ScriptAbilityOperation.hpp
-- Installing: E:/SyncForder/CodeRepos/install/q/t/include/lux/engine/function/script/ScriptApi.hpp
-- Installing: E:/SyncForder/CodeRepos/install/q/t/include/lux/engine/function/script/ScriptBindingHint.hpp
-- Installing: E:/SyncForder/CodeRepos/install/q/t/include/lux/engine/function/script/ScriptEvent.hpp
-- Installing: E:/SyncForder/CodeRepos/install/q/t/include/lux/engine/function/script/ScriptEventSchema.hpp
-- Installing: E:/SyncForder/CodeRepos/install/q/t/include/lux/engine/function/script/ScriptResult.hpp
-- Installing: E:/SyncForder/CodeRepos/install/q/t/include/lux/engine/function/script/ScriptSemanticSchema.hpp
-- Installing: E:/SyncForder/CodeRepos/install/q/t/include/lux/engine/function/script/ScriptSymbol.hpp
-- Up-to-date: E:/SyncForder/CodeRepos/install/q/t/include
-- Up-to-date: E:/SyncForder/CodeRepos/install/q/t/include/lux
-- Up-to-date: E:/SyncForder/CodeRepos/install/q/t/include/lux/engine
-- Up-to-date: E:/SyncForder/CodeRepos/install/q/t/include/lux/engine/core
-- Up-to-date: E:/SyncForder/CodeRepos/install/q/t/include/lux/engine/core/visibility.h
-- Up-to-date: E:/SyncForder/CodeRepos/install/q/t/include/lux/engine/dynamic_library
-- Up-to-date: E:/SyncForder/CodeRepos/install/q/t/include/lux/engine/dynamic_library/visibility.h
-- Up-to-date: E:/SyncForder/CodeRepos/install/q/t/include/lux/engine/flowforge
-- Up-to-date: E:/SyncForder/CodeRepos/install/q/t/include/lux/engine/flowforge/compiler
-- Up-to-date: E:/SyncForder/CodeRepos/install/q/t/include/lux/engine/flowforge/compiler/visibility.h
-- Up-to-date: E:/SyncForder/CodeRepos/install/q/t/include/lux/engine/flowforge/visibility.h
-- Up-to-date: E:/SyncForder/CodeRepos/install/q/t/include/lux/engine/function
-- Up-to-date: E:/SyncForder/CodeRepos/install/q/t/include/lux/engine/function/graph
-- Up-to-date: E:/SyncForder/CodeRepos/install/q/t/include/lux/engine/function/graph/visibility.h
-- Up-to-date: E:/SyncForder/CodeRepos/install/q/t/include/lux/engine/function/render
-- Up-to-date: E:/SyncForder/CodeRepos/install/q/t/include/lux/engine/function/render/standard
-- Up-to-date: E:/SyncForder/CodeRepos/install/q/t/include/lux/engine/function/render/standard/content
-- Up-to-date: E:/SyncForder/CodeRepos/install/q/t/include/lux/engine/function/render/standard/content/visibility.h
-- Up-to-date: E:/SyncForder/CodeRepos/install/q/t/include/lux/engine/function/script
-- Up-to-date: E:/SyncForder/CodeRepos/install/q/t/include/lux/engine/function/script/artifact
-- Up-to-date: E:/SyncForder/CodeRepos/install/q/t/include/lux/engine/function/script/artifact/visibility.h
-- Up-to-date: E:/SyncForder/CodeRepos/install/q/t/include/lux/engine/function/visibility.h
-- Up-to-date: E:/SyncForder/CodeRepos/install/q/t/include/lux/engine/material
-- Up-to-date: E:/SyncForder/CodeRepos/install/q/t/include/lux/engine/material/compiler
-- Up-to-date: E:/SyncForder/CodeRepos/install/q/t/include/lux/engine/material/compiler/visibility.h
-- Up-to-date: E:/SyncForder/CodeRepos/install/q/t/include/lux/engine/material/cooker
-- Up-to-date: E:/SyncForder/CodeRepos/install/q/t/include/lux/engine/material/cooker/visibility.h
-- Up-to-date: E:/SyncForder/CodeRepos/install/q/t/include/lux/engine/material/graph
-- Up-to-date: E:/SyncForder/CodeRepos/install/q/t/include/lux/engine/material/graph/visibility.h
-- Up-to-date: E:/SyncForder/CodeRepos/install/q/t/include/lux/engine/physics2d
-- Up-to-date: E:/SyncForder/CodeRepos/install/q/t/include/lux/engine/physics2d/Physics2DComponents.ecs_schema.hpp
-- Up-to-date: E:/SyncForder/CodeRepos/install/q/t/include/lux/engine/physics2d/Physics2DComponents.ecs_snapshot.hpp
-- Up-to-date: E:/SyncForder/CodeRepos/install/q/t/include/lux/engine/physics2d/Physics2DComponents.type_static_info.hpp
-- Up-to-date: E:/SyncForder/CodeRepos/install/q/t/include/lux/engine/physics2d/visibility.h
-- Up-to-date: E:/SyncForder/CodeRepos/install/q/t/include/lux/engine/process
-- Up-to-date: E:/SyncForder/CodeRepos/install/q/t/include/lux/engine/process/asset_loading
-- Up-to-date: E:/SyncForder/CodeRepos/install/q/t/include/lux/engine/process/asset_loading/visibility.h
-- Up-to-date: E:/SyncForder/CodeRepos/install/q/t/include/lux/engine/process/visibility.h
-- Up-to-date: E:/SyncForder/CodeRepos/install/q/t/include/lux/engine/process/world_loading
-- Up-to-date: E:/SyncForder/CodeRepos/install/q/t/include/lux/engine/process/world_loading/visibility.h
-- Up-to-date: E:/SyncForder/CodeRepos/install/q/t/include/lux/engine/resource
-- Up-to-date: E:/SyncForder/CodeRepos/install/q/t/include/lux/engine/resource/asset
-- Up-to-date: E:/SyncForder/CodeRepos/install/q/t/include/lux/engine/resource/asset/visibility.h
-- Up-to-date: E:/SyncForder/CodeRepos/install/q/t/include/lux/engine/resource/visibility.h
-- Up-to-date: E:/SyncForder/CodeRepos/install/q/t/include/lux/engine/scene
-- Up-to-date: E:/SyncForder/CodeRepos/install/q/t/include/lux/engine/scene/asset
-- Up-to-date: E:/SyncForder/CodeRepos/install/q/t/include/lux/engine/scene/asset/visibility.h
-- Up-to-date: E:/SyncForder/CodeRepos/install/q/t/include/lux/engine/scene/description
-- Up-to-date: E:/SyncForder/CodeRepos/install/q/t/include/lux/engine/scene/description/visibility.h
-- Up-to-date: E:/SyncForder/CodeRepos/install/q/t/include/lux/engine/scene/meta
-- Up-to-date: E:/SyncForder/CodeRepos/install/q/t/include/lux/engine/scene/meta/visibility.h
-- Up-to-date: E:/SyncForder/CodeRepos/install/q/t/include/lux/engine/scene/render
-- Up-to-date: E:/SyncForder/CodeRepos/install/q/t/include/lux/engine/scene/render/visibility.h
-- Up-to-date: E:/SyncForder/CodeRepos/install/q/t/include/lux/engine/scene/script_runtime
-- Up-to-date: E:/SyncForder/CodeRepos/install/q/t/include/lux/engine/scene/script_runtime/visibility.h
-- Up-to-date: E:/SyncForder/CodeRepos/install/q/t/include/lux/engine/scene/visibility.h
-- Up-to-date: E:/SyncForder/CodeRepos/install/q/t/include/lux/engine/scene/world_materialization
-- Up-to-date: E:/SyncForder/CodeRepos/install/q/t/include/lux/engine/scene/world_materialization/visibility.h
-- Up-to-date: E:/SyncForder/CodeRepos/install/q/t/include/lux/engine/serialization
-- Up-to-date: E:/SyncForder/CodeRepos/install/q/t/include/lux/engine/serialization/visibility.h
-- Up-to-date: E:/SyncForder/CodeRepos/install/q/t/include/lux/engine/simulation
-- Up-to-date: E:/SyncForder/CodeRepos/install/q/t/include/lux/engine/simulation/asset
-- Up-to-date: E:/SyncForder/CodeRepos/install/q/t/include/lux/engine/simulation/asset/visibility.h
-- Up-to-date: E:/SyncForder/CodeRepos/install/q/t/include/lux/engine/simulation/composition
-- Up-to-date: E:/SyncForder/CodeRepos/install/q/t/include/lux/engine/simulation/composition/visibility.h
-- Up-to-date: E:/SyncForder/CodeRepos/install/q/t/include/lux/engine/simulation/description
-- Up-to-date: E:/SyncForder/CodeRepos/install/q/t/include/lux/engine/simulation/description/visibility.h
-- Up-to-date: E:/SyncForder/CodeRepos/install/q/t/include/lux/engine/simulation/ecs
-- Up-to-date: E:/SyncForder/CodeRepos/install/q/t/include/lux/engine/simulation/ecs/core
-- Up-to-date: E:/SyncForder/CodeRepos/install/q/t/include/lux/engine/simulation/ecs/core/visibility.h
-- Up-to-date: E:/SyncForder/CodeRepos/install/q/t/include/lux/engine/simulation/ecs/hierarchy
-- Up-to-date: E:/SyncForder/CodeRepos/install/q/t/include/lux/engine/simulation/ecs/hierarchy/visibility.h
-- Up-to-date: E:/SyncForder/CodeRepos/install/q/t/include/lux/engine/simulation/ecs/Parent.ecs_schema.hpp
-- Up-to-date: E:/SyncForder/CodeRepos/install/q/t/include/lux/engine/simulation/ecs/Parent.ecs_snapshot.hpp
-- Up-to-date: E:/SyncForder/CodeRepos/install/q/t/include/lux/engine/simulation/ecs/Parent.type_static_info.hpp
-- Up-to-date: E:/SyncForder/CodeRepos/install/q/t/include/lux/engine/simulation/ecs/schema
-- Up-to-date: E:/SyncForder/CodeRepos/install/q/t/include/lux/engine/simulation/ecs/schema/visibility.h
-- Up-to-date: E:/SyncForder/CodeRepos/install/q/t/include/lux/engine/simulation/ecs/snapshot
-- Up-to-date: E:/SyncForder/CodeRepos/install/q/t/include/lux/engine/simulation/ecs/snapshot/visibility.h
-- Up-to-date: E:/SyncForder/CodeRepos/install/q/t/include/lux/engine/simulation/ecs/transform
-- Up-to-date: E:/SyncForder/CodeRepos/install/q/t/include/lux/engine/simulation/ecs/transform/visibility.h
-- Up-to-date: E:/SyncForder/CodeRepos/install/q/t/include/lux/engine/simulation/ecs/Transform.ecs_schema.hpp
-- Up-to-date: E:/SyncForder/CodeRepos/install/q/t/include/lux/engine/simulation/ecs/Transform.ecs_snapshot.hpp
-- Up-to-date: E:/SyncForder/CodeRepos/install/q/t/include/lux/engine/simulation/ecs/Transform.type_static_info.hpp
-- Up-to-date: E:/SyncForder/CodeRepos/install/q/t/include/lux/engine/simulation/ecs/visual
-- Up-to-date: E:/SyncForder/CodeRepos/install/q/t/include/lux/engine/simulation/ecs/visual/visibility.h
-- Up-to-date: E:/SyncForder/CodeRepos/install/q/t/include/lux/engine/simulation/ecs/Visual.ecs_schema.hpp
-- Up-to-date: E:/SyncForder/CodeRepos/install/q/t/include/lux/engine/simulation/ecs/Visual.ecs_snapshot.hpp
-- Up-to-date: E:/SyncForder/CodeRepos/install/q/t/include/lux/engine/simulation/ecs/Visual.type_static_info.hpp
-- Up-to-date: E:/SyncForder/CodeRepos/install/q/t/include/lux/engine/simulation/scripting
-- Up-to-date: E:/SyncForder/CodeRepos/install/q/t/include/lux/engine/simulation/scripting/cpp_static
-- Up-to-date: E:/SyncForder/CodeRepos/install/q/t/include/lux/engine/simulation/scripting/cpp_static/visibility.h
-- Up-to-date: E:/SyncForder/CodeRepos/install/q/t/include/lux/engine/simulation/scripting/native
-- Up-to-date: E:/SyncForder/CodeRepos/install/q/t/include/lux/engine/simulation/scripting/native/visibility.h
-- Up-to-date: E:/SyncForder/CodeRepos/install/q/t/include/lux/engine/simulation/script_system
-- Up-to-date: E:/SyncForder/CodeRepos/install/q/t/include/lux/engine/simulation/script_system/visibility.h
-- Up-to-date: E:/SyncForder/CodeRepos/install/q/t/include/lux/engine/simulation/system
-- Up-to-date: E:/SyncForder/CodeRepos/install/q/t/include/lux/engine/simulation/system/visibility.h
-- Up-to-date: E:/SyncForder/CodeRepos/install/q/t/include/lux/engine/simulation/transform_system
-- Up-to-date: E:/SyncForder/CodeRepos/install/q/t/include/lux/engine/simulation/transform_system/visibility.h
-- Up-to-date: E:/SyncForder/CodeRepos/install/q/t/include/lux/engine/spatial
-- Up-to-date: E:/SyncForder/CodeRepos/install/q/t/include/lux/engine/spatial/spatial2d
-- Up-to-date: E:/SyncForder/CodeRepos/install/q/t/include/lux/engine/spatial/spatial2d/visibility.h
-- Up-to-date: E:/SyncForder/CodeRepos/install/q/t/include/lux/engine/spatial/spatial3d
-- Up-to-date: E:/SyncForder/CodeRepos/install/q/t/include/lux/engine/spatial/spatial3d/visibility.h
-- Up-to-date: E:/SyncForder/CodeRepos/install/q/t/include/lux/engine/system
-- Up-to-date: E:/SyncForder/CodeRepos/install/q/t/include/lux/engine/system/description
-- Up-to-date: E:/SyncForder/CodeRepos/install/q/t/include/lux/engine/system/description/visibility.h
-- Up-to-date: E:/SyncForder/CodeRepos/install/q/t/include/lux/engine/system/identity
-- Up-to-date: E:/SyncForder/CodeRepos/install/q/t/include/lux/engine/system/identity/visibility.h
-- Up-to-date: E:/SyncForder/CodeRepos/install/q/t/include/lux/engine/task
-- Up-to-date: E:/SyncForder/CodeRepos/install/q/t/include/lux/engine/task/visibility.h
-- Up-to-date: E:/SyncForder/CodeRepos/install/q/t/include/lux/engine/toolchain
-- Up-to-date: E:/SyncForder/CodeRepos/install/q/t/include/lux/engine/toolchain/asset
-- Up-to-date: E:/SyncForder/CodeRepos/install/q/t/include/lux/engine/toolchain/asset/model
-- Up-to-date: E:/SyncForder/CodeRepos/install/q/t/include/lux/engine/toolchain/asset/model/visibility.h
-- Up-to-date: E:/SyncForder/CodeRepos/install/q/t/include/lux/engine/toolchain/asset/shader
-- Up-to-date: E:/SyncForder/CodeRepos/install/q/t/include/lux/engine/toolchain/asset/shader/visibility.h
-- Up-to-date: E:/SyncForder/CodeRepos/install/q/t/include/lux/engine/toolchain/asset/texture
-- Up-to-date: E:/SyncForder/CodeRepos/install/q/t/include/lux/engine/toolchain/asset/texture/visibility.h
-- Up-to-date: E:/SyncForder/CodeRepos/install/q/t/include/lux/engine/world
-- Up-to-date: E:/SyncForder/CodeRepos/install/q/t/include/lux/engine/world/asset
-- Up-to-date: E:/SyncForder/CodeRepos/install/q/t/include/lux/engine/world/asset/visibility.h
-- Up-to-date: E:/SyncForder/CodeRepos/install/q/t/include/lux/engine/world/description
-- Up-to-date: E:/SyncForder/CodeRepos/install/q/t/include/lux/engine/world/description/visibility.h
-- Up-to-date: E:/SyncForder/CodeRepos/install/q/t/include/lux/engine/world/partition
-- Up-to-date: E:/SyncForder/CodeRepos/install/q/t/include/lux/engine/world/partition/visibility.h
-- Up-to-date: E:/SyncForder/CodeRepos/install/q/t/include/lux/engine/world/storage
-- Up-to-date: E:/SyncForder/CodeRepos/install/q/t/include/lux/engine/world/storage/visibility.h
-- Up-to-date: E:/SyncForder/CodeRepos/install/q/t/include/test
-- Installing: E:/SyncForder/CodeRepos/install/q/t/share/lux-engine-function/script_core/lux-engine-function-script_core-config-targets.cmake
-- Installing: E:/SyncForder/CodeRepos/install/q/t/share/lux-engine-function/script_core/lux-engine-function-script_core-config-targets-relwithdebinfo.cmake
-- Installing: E:/SyncForder/CodeRepos/install/q/t/share/lux-engine-function/script_core/lux-engine-function-script_core-import.cmake
-- Installing: E:/SyncForder/CodeRepos/install/q/t/lib/lux_engine_function_script_core.lib
-- Up-to-date: E:/SyncForder/CodeRepos/install/q/t/bin/lux_engine_function_script_core.dll
-- Up-to-date: E:/SyncForder/CodeRepos/install/q/t/include
-- Up-to-date: E:/SyncForder/CodeRepos/install/q/t/include/lux
-- Up-to-date: E:/SyncForder/CodeRepos/install/q/t/include/lux/engine
-- Up-to-date: E:/SyncForder/CodeRepos/install/q/t/include/lux/engine/function
-- Up-to-date: E:/SyncForder/CodeRepos/install/q/t/include/lux/engine/function/script
-- Installing: E:/SyncForder/CodeRepos/install/q/t/include/lux/engine/function/script/native
-- Installing: E:/SyncForder/CodeRepos/install/q/t/include/lux/engine/function/script/native/NativeModule.hpp
-- Installing: E:/SyncForder/CodeRepos/install/q/t/include/lux/engine/function/script/native/ScriptAbilityNative.hpp
-- Up-to-date: E:/SyncForder/CodeRepos/install/q/t/include
-- Up-to-date: E:/SyncForder/CodeRepos/install/q/t/include/lux
-- Up-to-date: E:/SyncForder/CodeRepos/install/q/t/include/lux/engine
-- Up-to-date: E:/SyncForder/CodeRepos/install/q/t/include/lux/engine/core
-- Up-to-date: E:/SyncForder/CodeRepos/install/q/t/include/lux/engine/core/visibility.h
-- Up-to-date: E:/SyncForder/CodeRepos/install/q/t/include/lux/engine/dynamic_library
-- Up-to-date: E:/SyncForder/CodeRepos/install/q/t/include/lux/engine/dynamic_library/visibility.h
-- Up-to-date: E:/SyncForder/CodeRepos/install/q/t/include/lux/engine/flowforge
-- Up-to-date: E:/SyncForder/CodeRepos/install/q/t/include/lux/engine/flowforge/compiler
-- Up-to-date: E:/SyncForder/CodeRepos/install/q/t/include/lux/engine/flowforge/compiler/visibility.h
-- Up-to-date: E:/SyncForder/CodeRepos/install/q/t/include/lux/engine/flowforge/visibility.h
-- Up-to-date: E:/SyncForder/CodeRepos/install/q/t/include/lux/engine/function
-- Up-to-date: E:/SyncForder/CodeRepos/install/q/t/include/lux/engine/function/graph
-- Up-to-date: E:/SyncForder/CodeRepos/install/q/t/include/lux/engine/function/graph/visibility.h
-- Up-to-date: E:/SyncForder/CodeRepos/install/q/t/include/lux/engine/function/render
-- Up-to-date: E:/SyncForder/CodeRepos/install/q/t/include/lux/engine/function/render/standard
-- Up-to-date: E:/SyncForder/CodeRepos/install/q/t/include/lux/engine/function/render/standard/content
-- Up-to-date: E:/SyncForder/CodeRepos/install/q/t/include/lux/engine/function/render/standard/content/visibility.h
-- Up-to-date: E:/SyncForder/CodeRepos/install/q/t/include/lux/engine/function/script
-- Up-to-date: E:/SyncForder/CodeRepos/install/q/t/include/lux/engine/function/script/artifact
-- Up-to-date: E:/SyncForder/CodeRepos/install/q/t/include/lux/engine/function/script/artifact/visibility.h
-- Up-to-date: E:/SyncForder/CodeRepos/install/q/t/include/lux/engine/function/visibility.h
-- Up-to-date: E:/SyncForder/CodeRepos/install/q/t/include/lux/engine/material
-- Up-to-date: E:/SyncForder/CodeRepos/install/q/t/include/lux/engine/material/compiler
-- Up-to-date: E:/SyncForder/CodeRepos/install/q/t/include/lux/engine/material/compiler/visibility.h
-- Up-to-date: E:/SyncForder/CodeRepos/install/q/t/include/lux/engine/material/cooker
-- Up-to-date: E:/SyncForder/CodeRepos/install/q/t/include/lux/engine/material/cooker/visibility.h
-- Up-to-date: E:/SyncForder/CodeRepos/install/q/t/include/lux/engine/material/graph
-- Up-to-date: E:/SyncForder/CodeRepos/install/q/t/include/lux/engine/material/graph/visibility.h
-- Up-to-date: E:/SyncForder/CodeRepos/install/q/t/include/lux/engine/physics2d
-- Up-to-date: E:/SyncForder/CodeRepos/install/q/t/include/lux/engine/physics2d/Physics2DComponents.ecs_schema.hpp
-- Up-to-date: E:/SyncForder/CodeRepos/install/q/t/include/lux/engine/physics2d/Physics2DComponents.ecs_snapshot.hpp
-- Up-to-date: E:/SyncForder/CodeRepos/install/q/t/include/lux/engine/physics2d/Physics2DComponents.type_static_info.hpp
-- Up-to-date: E:/SyncForder/CodeRepos/install/q/t/include/lux/engine/physics2d/visibility.h
-- Up-to-date: E:/SyncForder/CodeRepos/install/q/t/include/lux/engine/process
-- Up-to-date: E:/SyncForder/CodeRepos/install/q/t/include/lux/engine/process/asset_loading
-- Up-to-date: E:/SyncForder/CodeRepos/install/q/t/include/lux/engine/process/asset_loading/visibility.h
-- Up-to-date: E:/SyncForder/CodeRepos/install/q/t/include/lux/engine/process/visibility.h
-- Up-to-date: E:/SyncForder/CodeRepos/install/q/t/include/lux/engine/process/world_loading
-- Up-to-date: E:/SyncForder/CodeRepos/install/q/t/include/lux/engine/process/world_loading/visibility.h
-- Up-to-date: E:/SyncForder/CodeRepos/install/q/t/include/lux/engine/resource
-- Up-to-date: E:/SyncForder/CodeRepos/install/q/t/include/lux/engine/resource/asset
-- Up-to-date: E:/SyncForder/CodeRepos/install/q/t/include/lux/engine/resource/asset/visibility.h
-- Up-to-date: E:/SyncForder/CodeRepos/install/q/t/include/lux/engine/resource/visibility.h
-- Up-to-date: E:/SyncForder/CodeRepos/install/q/t/include/lux/engine/scene
-- Up-to-date: E:/SyncForder/CodeRepos/install/q/t/include/lux/engine/scene/asset
-- Up-to-date: E:/SyncForder/CodeRepos/install/q/t/include/lux/engine/scene/asset/visibility.h
-- Up-to-date: E:/SyncForder/CodeRepos/install/q/t/include/lux/engine/scene/description
-- Up-to-date: E:/SyncForder/CodeRepos/install/q/t/include/lux/engine/scene/description/visibility.h
-- Up-to-date: E:/SyncForder/CodeRepos/install/q/t/include/lux/engine/scene/meta
-- Up-to-date: E:/SyncForder/CodeRepos/install/q/t/include/lux/engine/scene/meta/visibility.h
-- Up-to-date: E:/SyncForder/CodeRepos/install/q/t/include/lux/engine/scene/render
-- Up-to-date: E:/SyncForder/CodeRepos/install/q/t/include/lux/engine/scene/render/visibility.h
-- Up-to-date: E:/SyncForder/CodeRepos/install/q/t/include/lux/engine/scene/script_runtime
-- Up-to-date: E:/SyncForder/CodeRepos/install/q/t/include/lux/engine/scene/script_runtime/visibility.h
-- Up-to-date: E:/SyncForder/CodeRepos/install/q/t/include/lux/engine/scene/visibility.h
-- Up-to-date: E:/SyncForder/CodeRepos/install/q/t/include/lux/engine/scene/world_materialization
-- Up-to-date: E:/SyncForder/CodeRepos/install/q/t/include/lux/engine/scene/world_materialization/visibility.h
-- Up-to-date: E:/SyncForder/CodeRepos/install/q/t/include/lux/engine/serialization
-- Up-to-date: E:/SyncForder/CodeRepos/install/q/t/include/lux/engine/serialization/visibility.h
-- Up-to-date: E:/SyncForder/CodeRepos/install/q/t/include/lux/engine/simulation
-- Up-to-date: E:/SyncForder/CodeRepos/install/q/t/include/lux/engine/simulation/asset
-- Up-to-date: E:/SyncForder/CodeRepos/install/q/t/include/lux/engine/simulation/asset/visibility.h
-- Up-to-date: E:/SyncForder/CodeRepos/install/q/t/include/lux/engine/simulation/composition
-- Up-to-date: E:/SyncForder/CodeRepos/install/q/t/include/lux/engine/simulation/composition/visibility.h
-- Up-to-date: E:/SyncForder/CodeRepos/install/q/t/include/lux/engine/simulation/description
-- Up-to-date: E:/SyncForder/CodeRepos/install/q/t/include/lux/engine/simulation/description/visibility.h
-- Up-to-date: E:/SyncForder/CodeRepos/install/q/t/include/lux/engine/simulation/ecs
-- Up-to-date: E:/SyncForder/CodeRepos/install/q/t/include/lux/engine/simulation/ecs/core
-- Up-to-date: E:/SyncForder/CodeRepos/install/q/t/include/lux/engine/simulation/ecs/core/visibility.h
-- Up-to-date: E:/SyncForder/CodeRepos/install/q/t/include/lux/engine/simulation/ecs/hierarchy
-- Up-to-date: E:/SyncForder/CodeRepos/install/q/t/include/lux/engine/simulation/ecs/hierarchy/visibility.h
-- Up-to-date: E:/SyncForder/CodeRepos/install/q/t/include/lux/engine/simulation/ecs/Parent.ecs_schema.hpp
-- Up-to-date: E:/SyncForder/CodeRepos/install/q/t/include/lux/engine/simulation/ecs/Parent.ecs_snapshot.hpp
-- Up-to-date: E:/SyncForder/CodeRepos/install/q/t/include/lux/engine/simulation/ecs/Parent.type_static_info.hpp
-- Up-to-date: E:/SyncForder/CodeRepos/install/q/t/include/lux/engine/simulation/ecs/schema
-- Up-to-date: E:/SyncForder/CodeRepos/install/q/t/include/lux/engine/simulation/ecs/schema/visibility.h
-- Up-to-date: E:/SyncForder/CodeRepos/install/q/t/include/lux/engine/simulation/ecs/snapshot
-- Up-to-date: E:/SyncForder/CodeRepos/install/q/t/include/lux/engine/simulation/ecs/snapshot/visibility.h
-- Up-to-date: E:/SyncForder/CodeRepos/install/q/t/include/lux/engine/simulation/ecs/transform
-- Up-to-date: E:/SyncForder/CodeRepos/install/q/t/include/lux/engine/simulation/ecs/transform/visibility.h
-- Up-to-date: E:/SyncForder/CodeRepos/install/q/t/include/lux/engine/simulation/ecs/Transform.ecs_schema.hpp
-- Up-to-date: E:/SyncForder/CodeRepos/install/q/t/include/lux/engine/simulation/ecs/Transform.ecs_snapshot.hpp
-- Up-to-date: E:/SyncForder/CodeRepos/install/q/t/include/lux/engine/simulation/ecs/Transform.type_static_info.hpp
-- Up-to-date: E:/SyncForder/CodeRepos/install/q/t/include/lux/engine/simulation/ecs/visual
-- Up-to-date: E:/SyncForder/CodeRepos/install/q/t/include/lux/engine/simulation/ecs/visual/visibility.h
-- Up-to-date: E:/SyncForder/CodeRepos/install/q/t/include/lux/engine/simulation/ecs/Visual.ecs_schema.hpp
-- Up-to-date: E:/SyncForder/CodeRepos/install/q/t/include/lux/engine/simulation/ecs/Visual.ecs_snapshot.hpp
-- Up-to-date: E:/SyncForder/CodeRepos/install/q/t/include/lux/engine/simulation/ecs/Visual.type_static_info.hpp
-- Up-to-date: E:/SyncForder/CodeRepos/install/q/t/include/lux/engine/simulation/scripting
-- Up-to-date: E:/SyncForder/CodeRepos/install/q/t/include/lux/engine/simulation/scripting/cpp_static
-- Up-to-date: E:/SyncForder/CodeRepos/install/q/t/include/lux/engine/simulation/scripting/cpp_static/visibility.h
-- Up-to-date: E:/SyncForder/CodeRepos/install/q/t/include/lux/engine/simulation/scripting/native
-- Up-to-date: E:/SyncForder/CodeRepos/install/q/t/include/lux/engine/simulation/scripting/native/visibility.h
-- Up-to-date: E:/SyncForder/CodeRepos/install/q/t/include/lux/engine/simulation/script_system
-- Up-to-date: E:/SyncForder/CodeRepos/install/q/t/include/lux/engine/simulation/script_system/visibility.h
-- Up-to-date: E:/SyncForder/CodeRepos/install/q/t/include/lux/engine/simulation/system
-- Up-to-date: E:/SyncForder/CodeRepos/install/q/t/include/lux/engine/simulation/system/visibility.h
-- Up-to-date: E:/SyncForder/CodeRepos/install/q/t/include/lux/engine/simulation/transform_system
-- Up-to-date: E:/SyncForder/CodeRepos/install/q/t/include/lux/engine/simulation/transform_system/visibility.h
-- Up-to-date: E:/SyncForder/CodeRepos/install/q/t/include/lux/engine/spatial
-- Up-to-date: E:/SyncForder/CodeRepos/install/q/t/include/lux/engine/spatial/spatial2d
-- Up-to-date: E:/SyncForder/CodeRepos/install/q/t/include/lux/engine/spatial/spatial2d/visibility.h
-- Up-to-date: E:/SyncForder/CodeRepos/install/q/t/include/lux/engine/spatial/spatial3d
-- Up-to-date: E:/SyncForder/CodeRepos/install/q/t/include/lux/engine/spatial/spatial3d/visibility.h
-- Up-to-date: E:/SyncForder/CodeRepos/install/q/t/include/lux/engine/system
-- Up-to-date: E:/SyncForder/CodeRepos/install/q/t/include/lux/engine/system/description
-- Up-to-date: E:/SyncForder/CodeRepos/install/q/t/include/lux/engine/system/description/visibility.h
-- Up-to-date: E:/SyncForder/CodeRepos/install/q/t/include/lux/engine/system/identity
-- Up-to-date: E:/SyncForder/CodeRepos/install/q/t/include/lux/engine/system/identity/visibility.h
-- Up-to-date: E:/SyncForder/CodeRepos/install/q/t/include/lux/engine/task
-- Up-to-date: E:/SyncForder/CodeRepos/install/q/t/include/lux/engine/task/visibility.h
-- Up-to-date: E:/SyncForder/CodeRepos/install/q/t/include/lux/engine/toolchain
-- Up-to-date: E:/SyncForder/CodeRepos/install/q/t/include/lux/engine/toolchain/asset
-- Up-to-date: E:/SyncForder/CodeRepos/install/q/t/include/lux/engine/toolchain/asset/model
-- Up-to-date: E:/SyncForder/CodeRepos/install/q/t/include/lux/engine/toolchain/asset/model/visibility.h
-- Up-to-date: E:/SyncForder/CodeRepos/install/q/t/include/lux/engine/toolchain/asset/shader
-- Up-to-date: E:/SyncForder/CodeRepos/install/q/t/include/lux/engine/toolchain/asset/shader/visibility.h
-- Up-to-date: E:/SyncForder/CodeRepos/install/q/t/include/lux/engine/toolchain/asset/texture
-- Up-to-date: E:/SyncForder/CodeRepos/install/q/t/include/lux/engine/toolchain/asset/texture/visibility.h
-- Up-to-date: E:/SyncForder/CodeRepos/install/q/t/include/lux/engine/world
-- Up-to-date: E:/SyncForder/CodeRepos/install/q/t/include/lux/engine/world/asset
-- Up-to-date: E:/SyncForder/CodeRepos/install/q/t/include/lux/engine/world/asset/visibility.h
-- Up-to-date: E:/SyncForder/CodeRepos/install/q/t/include/lux/engine/world/description
-- Up-to-date: E:/SyncForder/CodeRepos/install/q/t/include/lux/engine/world/description/visibility.h
-- Up-to-date: E:/SyncForder/CodeRepos/install/q/t/include/lux/engine/world/partition
-- Up-to-date: E:/SyncForder/CodeRepos/install/q/t/include/lux/engine/world/partition/visibility.h
-- Up-to-date: E:/SyncForder/CodeRepos/install/q/t/include/lux/engine/world/storage
-- Up-to-date: E:/SyncForder/CodeRepos/install/q/t/include/lux/engine/world/storage/visibility.h
-- Up-to-date: E:/SyncForder/CodeRepos/install/q/t/include/test
-- Installing: E:/SyncForder/CodeRepos/install/q/t/share/lux-engine-function/script_native/lux-engine-function-script_native-config-targets.cmake
-- Installing: E:/SyncForder/CodeRepos/install/q/t/share/lux-engine-function/script_native/lux-engine-function-script_native-config-targets-relwithdebinfo.cmake
-- Installing: E:/SyncForder/CodeRepos/install/q/t/share/lux-engine-function/script_native/lux-engine-function-script_native-import.cmake
-- Installing: E:/SyncForder/CodeRepos/install/q/t/lib/lux_engine_function_script_native.lib
-- Installing: E:/SyncForder/CodeRepos/install/q/t/bin/lux_engine_function_script_native.dll
-- Up-to-date: E:/SyncForder/CodeRepos/install/q/t/include
-- Up-to-date: E:/SyncForder/CodeRepos/install/q/t/include/lux
-- Up-to-date: E:/SyncForder/CodeRepos/install/q/t/include/lux/engine
-- Up-to-date: E:/SyncForder/CodeRepos/install/q/t/include/lux/engine/material
-- Up-to-date: E:/SyncForder/CodeRepos/install/q/t/include/lux/engine/material/graph
-- Installing: E:/SyncForder/CodeRepos/install/q/t/include/lux/engine/material/graph/DataPin.hpp
-- Installing: E:/SyncForder/CodeRepos/install/q/t/include/lux/engine/material/graph/MaterialGraph.hpp
-- Installing: E:/SyncForder/CodeRepos/install/q/t/include/lux/engine/material/graph/Node.hpp
-- Installing: E:/SyncForder/CodeRepos/install/q/t/include/lux/engine/material/graph/Nodes.hpp
-- Installing: E:/SyncForder/CodeRepos/install/q/t/include/lux/engine/material/graph/Types.hpp
-- Up-to-date: E:/SyncForder/CodeRepos/install/q/t/include
-- Up-to-date: E:/SyncForder/CodeRepos/install/q/t/include/lux
-- Up-to-date: E:/SyncForder/CodeRepos/install/q/t/include/lux/engine
-- Up-to-date: E:/SyncForder/CodeRepos/install/q/t/include/lux/engine/core
-- Up-to-date: E:/SyncForder/CodeRepos/install/q/t/include/lux/engine/core/visibility.h
-- Up-to-date: E:/SyncForder/CodeRepos/install/q/t/include/lux/engine/dynamic_library
-- Up-to-date: E:/SyncForder/CodeRepos/install/q/t/include/lux/engine/dynamic_library/visibility.h
-- Up-to-date: E:/SyncForder/CodeRepos/install/q/t/include/lux/engine/flowforge
-- Up-to-date: E:/SyncForder/CodeRepos/install/q/t/include/lux/engine/flowforge/compiler
-- Up-to-date: E:/SyncForder/CodeRepos/install/q/t/include/lux/engine/flowforge/compiler/visibility.h
-- Up-to-date: E:/SyncForder/CodeRepos/install/q/t/include/lux/engine/flowforge/visibility.h
-- Up-to-date: E:/SyncForder/CodeRepos/install/q/t/include/lux/engine/function
-- Up-to-date: E:/SyncForder/CodeRepos/install/q/t/include/lux/engine/function/graph
-- Up-to-date: E:/SyncForder/CodeRepos/install/q/t/include/lux/engine/function/graph/visibility.h
-- Up-to-date: E:/SyncForder/CodeRepos/install/q/t/include/lux/engine/function/render
-- Up-to-date: E:/SyncForder/CodeRepos/install/q/t/include/lux/engine/function/render/standard
-- Up-to-date: E:/SyncForder/CodeRepos/install/q/t/include/lux/engine/function/render/standard/content
-- Up-to-date: E:/SyncForder/CodeRepos/install/q/t/include/lux/engine/function/render/standard/content/visibility.h
-- Up-to-date: E:/SyncForder/CodeRepos/install/q/t/include/lux/engine/function/script
-- Up-to-date: E:/SyncForder/CodeRepos/install/q/t/include/lux/engine/function/script/artifact
-- Up-to-date: E:/SyncForder/CodeRepos/install/q/t/include/lux/engine/function/script/artifact/visibility.h
-- Up-to-date: E:/SyncForder/CodeRepos/install/q/t/include/lux/engine/function/visibility.h
-- Up-to-date: E:/SyncForder/CodeRepos/install/q/t/include/lux/engine/material
-- Up-to-date: E:/SyncForder/CodeRepos/install/q/t/include/lux/engine/material/compiler
-- Up-to-date: E:/SyncForder/CodeRepos/install/q/t/include/lux/engine/material/compiler/visibility.h
-- Up-to-date: E:/SyncForder/CodeRepos/install/q/t/include/lux/engine/material/cooker
-- Up-to-date: E:/SyncForder/CodeRepos/install/q/t/include/lux/engine/material/cooker/visibility.h
-- Up-to-date: E:/SyncForder/CodeRepos/install/q/t/include/lux/engine/material/graph
-- Up-to-date: E:/SyncForder/CodeRepos/install/q/t/include/lux/engine/material/graph/visibility.h
-- Up-to-date: E:/SyncForder/CodeRepos/install/q/t/include/lux/engine/physics2d
-- Up-to-date: E:/SyncForder/CodeRepos/install/q/t/include/lux/engine/physics2d/Physics2DComponents.ecs_schema.hpp
-- Up-to-date: E:/SyncForder/CodeRepos/install/q/t/include/lux/engine/physics2d/Physics2DComponents.ecs_snapshot.hpp
-- Up-to-date: E:/SyncForder/CodeRepos/install/q/t/include/lux/engine/physics2d/Physics2DComponents.type_static_info.hpp
-- Up-to-date: E:/SyncForder/CodeRepos/install/q/t/include/lux/engine/physics2d/visibility.h
-- Up-to-date: E:/SyncForder/CodeRepos/install/q/t/include/lux/engine/process
-- Up-to-date: E:/SyncForder/CodeRepos/install/q/t/include/lux/engine/process/asset_loading
-- Up-to-date: E:/SyncForder/CodeRepos/install/q/t/include/lux/engine/process/asset_loading/visibility.h
-- Up-to-date: E:/SyncForder/CodeRepos/install/q/t/include/lux/engine/process/visibility.h
-- Up-to-date: E:/SyncForder/CodeRepos/install/q/t/include/lux/engine/process/world_loading
-- Up-to-date: E:/SyncForder/CodeRepos/install/q/t/include/lux/engine/process/world_loading/visibility.h
-- Up-to-date: E:/SyncForder/CodeRepos/install/q/t/include/lux/engine/resource
-- Up-to-date: E:/SyncForder/CodeRepos/install/q/t/include/lux/engine/resource/asset
-- Up-to-date: E:/SyncForder/CodeRepos/install/q/t/include/lux/engine/resource/asset/visibility.h
-- Up-to-date: E:/SyncForder/CodeRepos/install/q/t/include/lux/engine/resource/visibility.h
-- Up-to-date: E:/SyncForder/CodeRepos/install/q/t/include/lux/engine/scene
-- Up-to-date: E:/SyncForder/CodeRepos/install/q/t/include/lux/engine/scene/asset
-- Up-to-date: E:/SyncForder/CodeRepos/install/q/t/include/lux/engine/scene/asset/visibility.h
-- Up-to-date: E:/SyncForder/CodeRepos/install/q/t/include/lux/engine/scene/description
-- Up-to-date: E:/SyncForder/CodeRepos/install/q/t/include/lux/engine/scene/description/visibility.h
-- Up-to-date: E:/SyncForder/CodeRepos/install/q/t/include/lux/engine/scene/meta
-- Up-to-date: E:/SyncForder/CodeRepos/install/q/t/include/lux/engine/scene/meta/visibility.h
-- Up-to-date: E:/SyncForder/CodeRepos/install/q/t/include/lux/engine/scene/render
-- Up-to-date: E:/SyncForder/CodeRepos/install/q/t/include/lux/engine/scene/render/visibility.h
-- Up-to-date: E:/SyncForder/CodeRepos/install/q/t/include/lux/engine/scene/script_runtime
-- Up-to-date: E:/SyncForder/CodeRepos/install/q/t/include/lux/engine/scene/script_runtime/visibility.h
-- Up-to-date: E:/SyncForder/CodeRepos/install/q/t/include/lux/engine/scene/visibility.h
-- Up-to-date: E:/SyncForder/CodeRepos/install/q/t/include/lux/engine/scene/world_materialization
-- Up-to-date: E:/SyncForder/CodeRepos/install/q/t/include/lux/engine/scene/world_materialization/visibility.h
-- Up-to-date: E:/SyncForder/CodeRepos/install/q/t/include/lux/engine/serialization
-- Up-to-date: E:/SyncForder/CodeRepos/install/q/t/include/lux/engine/serialization/visibility.h
-- Up-to-date: E:/SyncForder/CodeRepos/install/q/t/include/lux/engine/simulation
-- Up-to-date: E:/SyncForder/CodeRepos/install/q/t/include/lux/engine/simulation/asset
-- Up-to-date: E:/SyncForder/CodeRepos/install/q/t/include/lux/engine/simulation/asset/visibility.h
-- Up-to-date: E:/SyncForder/CodeRepos/install/q/t/include/lux/engine/simulation/composition
-- Up-to-date: E:/SyncForder/CodeRepos/install/q/t/include/lux/engine/simulation/composition/visibility.h
-- Up-to-date: E:/SyncForder/CodeRepos/install/q/t/include/lux/engine/simulation/description
-- Up-to-date: E:/SyncForder/CodeRepos/install/q/t/include/lux/engine/simulation/description/visibility.h
-- Up-to-date: E:/SyncForder/CodeRepos/install/q/t/include/lux/engine/simulation/ecs
-- Up-to-date: E:/SyncForder/CodeRepos/install/q/t/include/lux/engine/simulation/ecs/core
-- Up-to-date: E:/SyncForder/CodeRepos/install/q/t/include/lux/engine/simulation/ecs/core/visibility.h
-- Up-to-date: E:/SyncForder/CodeRepos/install/q/t/include/lux/engine/simulation/ecs/hierarchy
-- Up-to-date: E:/SyncForder/CodeRepos/install/q/t/include/lux/engine/simulation/ecs/hierarchy/visibility.h
-- Up-to-date: E:/SyncForder/CodeRepos/install/q/t/include/lux/engine/simulation/ecs/Parent.ecs_schema.hpp
-- Up-to-date: E:/SyncForder/CodeRepos/install/q/t/include/lux/engine/simulation/ecs/Parent.ecs_snapshot.hpp
-- Up-to-date: E:/SyncForder/CodeRepos/install/q/t/include/lux/engine/simulation/ecs/Parent.type_static_info.hpp
-- Up-to-date: E:/SyncForder/CodeRepos/install/q/t/include/lux/engine/simulation/ecs/schema
-- Up-to-date: E:/SyncForder/CodeRepos/install/q/t/include/lux/engine/simulation/ecs/schema/visibility.h
-- Up-to-date: E:/SyncForder/CodeRepos/install/q/t/include/lux/engine/simulation/ecs/snapshot
-- Up-to-date: E:/SyncForder/CodeRepos/install/q/t/include/lux/engine/simulation/ecs/snapshot/visibility.h
-- Up-to-date: E:/SyncForder/CodeRepos/install/q/t/include/lux/engine/simulation/ecs/transform
-- Up-to-date: E:/SyncForder/CodeRepos/install/q/t/include/lux/engine/simulation/ecs/transform/visibility.h
-- Up-to-date: E:/SyncForder/CodeRepos/install/q/t/include/lux/engine/simulation/ecs/Transform.ecs_schema.hpp
-- Up-to-date: E:/SyncForder/CodeRepos/install/q/t/include/lux/engine/simulation/ecs/Transform.ecs_snapshot.hpp
-- Up-to-date: E:/SyncForder/CodeRepos/install/q/t/include/lux/engine/simulation/ecs/Transform.type_static_info.hpp
-- Up-to-date: E:/SyncForder/CodeRepos/install/q/t/include/lux/engine/simulation/ecs/visual
-- Up-to-date: E:/SyncForder/CodeRepos/install/q/t/include/lux/engine/simulation/ecs/visual/visibility.h
-- Up-to-date: E:/SyncForder/CodeRepos/install/q/t/include/lux/engine/simulation/ecs/Visual.ecs_schema.hpp
-- Up-to-date: E:/SyncForder/CodeRepos/install/q/t/include/lux/engine/simulation/ecs/Visual.ecs_snapshot.hpp
-- Up-to-date: E:/SyncForder/CodeRepos/install/q/t/include/lux/engine/simulation/ecs/Visual.type_static_info.hpp
-- Up-to-date: E:/SyncForder/CodeRepos/install/q/t/include/lux/engine/simulation/scripting
-- Up-to-date: E:/SyncForder/CodeRepos/install/q/t/include/lux/engine/simulation/scripting/cpp_static
-- Up-to-date: E:/SyncForder/CodeRepos/install/q/t/include/lux/engine/simulation/scripting/cpp_static/visibility.h
-- Up-to-date: E:/SyncForder/CodeRepos/install/q/t/include/lux/engine/simulation/scripting/native
-- Up-to-date: E:/SyncForder/CodeRepos/install/q/t/include/lux/engine/simulation/scripting/native/visibility.h
-- Up-to-date: E:/SyncForder/CodeRepos/install/q/t/include/lux/engine/simulation/script_system
-- Up-to-date: E:/SyncForder/CodeRepos/install/q/t/include/lux/engine/simulation/script_system/visibility.h
-- Up-to-date: E:/SyncForder/CodeRepos/install/q/t/include/lux/engine/simulation/system
-- Up-to-date: E:/SyncForder/CodeRepos/install/q/t/include/lux/engine/simulation/system/visibility.h
-- Up-to-date: E:/SyncForder/CodeRepos/install/q/t/include/lux/engine/simulation/transform_system
-- Up-to-date: E:/SyncForder/CodeRepos/install/q/t/include/lux/engine/simulation/transform_system/visibility.h
-- Up-to-date: E:/SyncForder/CodeRepos/install/q/t/include/lux/engine/spatial
-- Up-to-date: E:/SyncForder/CodeRepos/install/q/t/include/lux/engine/spatial/spatial2d
-- Up-to-date: E:/SyncForder/CodeRepos/install/q/t/include/lux/engine/spatial/spatial2d/visibility.h
-- Up-to-date: E:/SyncForder/CodeRepos/install/q/t/include/lux/engine/spatial/spatial3d
-- Up-to-date: E:/SyncForder/CodeRepos/install/q/t/include/lux/engine/spatial/spatial3d/visibility.h
-- Up-to-date: E:/SyncForder/CodeRepos/install/q/t/include/lux/engine/system
-- Up-to-date: E:/SyncForder/CodeRepos/install/q/t/include/lux/engine/system/description
-- Up-to-date: E:/SyncForder/CodeRepos/install/q/t/include/lux/engine/system/description/visibility.h
-- Up-to-date: E:/SyncForder/CodeRepos/install/q/t/include/lux/engine/system/identity
-- Up-to-date: E:/SyncForder/CodeRepos/install/q/t/include/lux/engine/system/identity/visibility.h
-- Up-to-date: E:/SyncForder/CodeRepos/install/q/t/include/lux/engine/task
-- Up-to-date: E:/SyncForder/CodeRepos/install/q/t/include/lux/engine/task/visibility.h
-- Up-to-date: E:/SyncForder/CodeRepos/install/q/t/include/lux/engine/toolchain
-- Up-to-date: E:/SyncForder/CodeRepos/install/q/t/include/lux/engine/toolchain/asset
-- Up-to-date: E:/SyncForder/CodeRepos/install/q/t/include/lux/engine/toolchain/asset/model
-- Up-to-date: E:/SyncForder/CodeRepos/install/q/t/include/lux/engine/toolchain/asset/model/visibility.h
-- Up-to-date: E:/SyncForder/CodeRepos/install/q/t/include/lux/engine/toolchain/asset/shader
-- Up-to-date: E:/SyncForder/CodeRepos/install/q/t/include/lux/engine/toolchain/asset/shader/visibility.h
-- Up-to-date: E:/SyncForder/CodeRepos/install/q/t/include/lux/engine/toolchain/asset/texture
-- Up-to-date: E:/SyncForder/CodeRepos/install/q/t/include/lux/engine/toolchain/asset/texture/visibility.h
-- Up-to-date: E:/SyncForder/CodeRepos/install/q/t/include/lux/engine/world
-- Up-to-date: E:/SyncForder/CodeRepos/install/q/t/include/lux/engine/world/asset
-- Up-to-date: E:/SyncForder/CodeRepos/install/q/t/include/lux/engine/world/asset/visibility.h
-- Up-to-date: E:/SyncForder/CodeRepos/install/q/t/include/lux/engine/world/description
-- Up-to-date: E:/SyncForder/CodeRepos/install/q/t/include/lux/engine/world/description/visibility.h
-- Up-to-date: E:/SyncForder/CodeRepos/install/q/t/include/lux/engine/world/partition
-- Up-to-date: E:/SyncForder/CodeRepos/install/q/t/include/lux/engine/world/partition/visibility.h
-- Up-to-date: E:/SyncForder/CodeRepos/install/q/t/include/lux/engine/world/storage
-- Up-to-date: E:/SyncForder/CodeRepos/install/q/t/include/lux/engine/world/storage/visibility.h
-- Up-to-date: E:/SyncForder/CodeRepos/install/q/t/include/test
-- Installing: E:/SyncForder/CodeRepos/install/q/t/share/lux-engine-function/material_graph/lux-engine-function-material_graph-config-targets.cmake
-- Installing: E:/SyncForder/CodeRepos/install/q/t/share/lux-engine-function/material_graph/lux-engine-function-material_graph-config-targets-relwithdebinfo.cmake
-- Installing: E:/SyncForder/CodeRepos/install/q/t/share/lux-engine-function/material_graph/lux-engine-function-material_graph-import.cmake
-- Installing: E:/SyncForder/CodeRepos/install/q/t/lib/lux_engine_function_material_graph.lib
-- Up-to-date: E:/SyncForder/CodeRepos/install/q/t/bin/lux_engine_function_material_graph.dll
-- Installing: E:/SyncForder/CodeRepos/install/q/t/share/lux-engine-function/lux-engine-function-config.cmake
-- Installing: E:/SyncForder/CodeRepos/install/q/t/share/lux-engine-function/lux-engine-function-config-version.cmake
-- Installing: E:/SyncForder/CodeRepos/install/q/t/share/lux-engine-function/lux-engine-function-available-components.cmake
-- Up-to-date: E:/SyncForder/CodeRepos/install/q/t/include
-- Up-to-date: E:/SyncForder/CodeRepos/install/q/t/include/lux
-- Up-to-date: E:/SyncForder/CodeRepos/install/q/t/include/lux/engine
-- Installing: E:/SyncForder/CodeRepos/install/q/t/include/lux/engine/partition
-- Installing: E:/SyncForder/CodeRepos/install/q/t/include/lux/engine/partition/PartitionIndexTypeId.hpp
-- Installing: E:/SyncForder/CodeRepos/install/q/t/include/lux/engine/partition/PartitionOrdinal.hpp
-- Installing: E:/SyncForder/CodeRepos/install/q/t/share/lux-engine-partition-identity/partition_identity/lux-engine-partition-identity-partition_identity-config-targets.cmake
-- Installing: E:/SyncForder/CodeRepos/install/q/t/share/lux-engine-partition-identity/partition_identity/lux-engine-partition-identity-partition_identity-import.cmake
-- Installing: E:/SyncForder/CodeRepos/install/q/t/share/lux-engine-partition-identity/lux-engine-partition-identity-config.cmake
-- Installing: E:/SyncForder/CodeRepos/install/q/t/share/lux-engine-partition-identity/lux-engine-partition-identity-config-version.cmake
-- Installing: E:/SyncForder/CodeRepos/install/q/t/share/lux-engine-partition-identity/lux-engine-partition-identity-available-components.cmake
-- Up-to-date: E:/SyncForder/CodeRepos/install/q/t/include
-- Up-to-date: E:/SyncForder/CodeRepos/install/q/t/include/lux
-- Up-to-date: E:/SyncForder/CodeRepos/install/q/t/include/lux/engine
-- Up-to-date: E:/SyncForder/CodeRepos/install/q/t/include/lux/engine/spatial
-- Installing: E:/SyncForder/CodeRepos/install/q/t/include/lux/engine/spatial/Spatial3DPartitionIndex.hpp
-- Up-to-date: E:/SyncForder/CodeRepos/install/q/t/include
-- Up-to-date: E:/SyncForder/CodeRepos/install/q/t/include/lux
-- Up-to-date: E:/SyncForder/CodeRepos/install/q/t/include/lux/engine
-- Up-to-date: E:/SyncForder/CodeRepos/install/q/t/include/lux/engine/core
-- Up-to-date: E:/SyncForder/CodeRepos/install/q/t/include/lux/engine/core/visibility.h
-- Up-to-date: E:/SyncForder/CodeRepos/install/q/t/include/lux/engine/dynamic_library
-- Up-to-date: E:/SyncForder/CodeRepos/install/q/t/include/lux/engine/dynamic_library/visibility.h
-- Up-to-date: E:/SyncForder/CodeRepos/install/q/t/include/lux/engine/flowforge
-- Up-to-date: E:/SyncForder/CodeRepos/install/q/t/include/lux/engine/flowforge/compiler
-- Up-to-date: E:/SyncForder/CodeRepos/install/q/t/include/lux/engine/flowforge/compiler/visibility.h
-- Up-to-date: E:/SyncForder/CodeRepos/install/q/t/include/lux/engine/flowforge/visibility.h
-- Up-to-date: E:/SyncForder/CodeRepos/install/q/t/include/lux/engine/function
-- Up-to-date: E:/SyncForder/CodeRepos/install/q/t/include/lux/engine/function/graph
-- Up-to-date: E:/SyncForder/CodeRepos/install/q/t/include/lux/engine/function/graph/visibility.h
-- Up-to-date: E:/SyncForder/CodeRepos/install/q/t/include/lux/engine/function/render
-- Up-to-date: E:/SyncForder/CodeRepos/install/q/t/include/lux/engine/function/render/standard
-- Up-to-date: E:/SyncForder/CodeRepos/install/q/t/include/lux/engine/function/render/standard/content
-- Up-to-date: E:/SyncForder/CodeRepos/install/q/t/include/lux/engine/function/render/standard/content/visibility.h
-- Up-to-date: E:/SyncForder/CodeRepos/install/q/t/include/lux/engine/function/script
-- Up-to-date: E:/SyncForder/CodeRepos/install/q/t/include/lux/engine/function/script/artifact
-- Up-to-date: E:/SyncForder/CodeRepos/install/q/t/include/lux/engine/function/script/artifact/visibility.h
-- Up-to-date: E:/SyncForder/CodeRepos/install/q/t/include/lux/engine/function/visibility.h
-- Up-to-date: E:/SyncForder/CodeRepos/install/q/t/include/lux/engine/material
-- Up-to-date: E:/SyncForder/CodeRepos/install/q/t/include/lux/engine/material/compiler
-- Up-to-date: E:/SyncForder/CodeRepos/install/q/t/include/lux/engine/material/compiler/visibility.h
-- Up-to-date: E:/SyncForder/CodeRepos/install/q/t/include/lux/engine/material/cooker
-- Up-to-date: E:/SyncForder/CodeRepos/install/q/t/include/lux/engine/material/cooker/visibility.h
-- Up-to-date: E:/SyncForder/CodeRepos/install/q/t/include/lux/engine/material/graph
-- Up-to-date: E:/SyncForder/CodeRepos/install/q/t/include/lux/engine/material/graph/visibility.h
-- Up-to-date: E:/SyncForder/CodeRepos/install/q/t/include/lux/engine/physics2d
-- Up-to-date: E:/SyncForder/CodeRepos/install/q/t/include/lux/engine/physics2d/Physics2DComponents.ecs_schema.hpp
-- Up-to-date: E:/SyncForder/CodeRepos/install/q/t/include/lux/engine/physics2d/Physics2DComponents.ecs_snapshot.hpp
-- Up-to-date: E:/SyncForder/CodeRepos/install/q/t/include/lux/engine/physics2d/Physics2DComponents.type_static_info.hpp
-- Up-to-date: E:/SyncForder/CodeRepos/install/q/t/include/lux/engine/physics2d/visibility.h
-- Up-to-date: E:/SyncForder/CodeRepos/install/q/t/include/lux/engine/process
-- Up-to-date: E:/SyncForder/CodeRepos/install/q/t/include/lux/engine/process/asset_loading
-- Up-to-date: E:/SyncForder/CodeRepos/install/q/t/include/lux/engine/process/asset_loading/visibility.h
-- Up-to-date: E:/SyncForder/CodeRepos/install/q/t/include/lux/engine/process/visibility.h
-- Up-to-date: E:/SyncForder/CodeRepos/install/q/t/include/lux/engine/process/world_loading
-- Up-to-date: E:/SyncForder/CodeRepos/install/q/t/include/lux/engine/process/world_loading/visibility.h
-- Up-to-date: E:/SyncForder/CodeRepos/install/q/t/include/lux/engine/resource
-- Up-to-date: E:/SyncForder/CodeRepos/install/q/t/include/lux/engine/resource/asset
-- Up-to-date: E:/SyncForder/CodeRepos/install/q/t/include/lux/engine/resource/asset/visibility.h
-- Up-to-date: E:/SyncForder/CodeRepos/install/q/t/include/lux/engine/resource/visibility.h
-- Up-to-date: E:/SyncForder/CodeRepos/install/q/t/include/lux/engine/scene
-- Up-to-date: E:/SyncForder/CodeRepos/install/q/t/include/lux/engine/scene/asset
-- Up-to-date: E:/SyncForder/CodeRepos/install/q/t/include/lux/engine/scene/asset/visibility.h
-- Up-to-date: E:/SyncForder/CodeRepos/install/q/t/include/lux/engine/scene/description
-- Up-to-date: E:/SyncForder/CodeRepos/install/q/t/include/lux/engine/scene/description/visibility.h
-- Up-to-date: E:/SyncForder/CodeRepos/install/q/t/include/lux/engine/scene/meta
-- Up-to-date: E:/SyncForder/CodeRepos/install/q/t/include/lux/engine/scene/meta/visibility.h
-- Up-to-date: E:/SyncForder/CodeRepos/install/q/t/include/lux/engine/scene/render
-- Up-to-date: E:/SyncForder/CodeRepos/install/q/t/include/lux/engine/scene/render/visibility.h
-- Up-to-date: E:/SyncForder/CodeRepos/install/q/t/include/lux/engine/scene/script_runtime
-- Up-to-date: E:/SyncForder/CodeRepos/install/q/t/include/lux/engine/scene/script_runtime/visibility.h
-- Up-to-date: E:/SyncForder/CodeRepos/install/q/t/include/lux/engine/scene/visibility.h
-- Up-to-date: E:/SyncForder/CodeRepos/install/q/t/include/lux/engine/scene/world_materialization
-- Up-to-date: E:/SyncForder/CodeRepos/install/q/t/include/lux/engine/scene/world_materialization/visibility.h
-- Up-to-date: E:/SyncForder/CodeRepos/install/q/t/include/lux/engine/serialization
-- Up-to-date: E:/SyncForder/CodeRepos/install/q/t/include/lux/engine/serialization/visibility.h
-- Up-to-date: E:/SyncForder/CodeRepos/install/q/t/include/lux/engine/simulation
-- Up-to-date: E:/SyncForder/CodeRepos/install/q/t/include/lux/engine/simulation/asset
-- Up-to-date: E:/SyncForder/CodeRepos/install/q/t/include/lux/engine/simulation/asset/visibility.h
-- Up-to-date: E:/SyncForder/CodeRepos/install/q/t/include/lux/engine/simulation/composition
-- Up-to-date: E:/SyncForder/CodeRepos/install/q/t/include/lux/engine/simulation/composition/visibility.h
-- Up-to-date: E:/SyncForder/CodeRepos/install/q/t/include/lux/engine/simulation/description
-- Up-to-date: E:/SyncForder/CodeRepos/install/q/t/include/lux/engine/simulation/description/visibility.h
-- Up-to-date: E:/SyncForder/CodeRepos/install/q/t/include/lux/engine/simulation/ecs
-- Up-to-date: E:/SyncForder/CodeRepos/install/q/t/include/lux/engine/simulation/ecs/core
-- Up-to-date: E:/SyncForder/CodeRepos/install/q/t/include/lux/engine/simulation/ecs/core/visibility.h
-- Up-to-date: E:/SyncForder/CodeRepos/install/q/t/include/lux/engine/simulation/ecs/hierarchy
-- Up-to-date: E:/SyncForder/CodeRepos/install/q/t/include/lux/engine/simulation/ecs/hierarchy/visibility.h
-- Up-to-date: E:/SyncForder/CodeRepos/install/q/t/include/lux/engine/simulation/ecs/Parent.ecs_schema.hpp
-- Up-to-date: E:/SyncForder/CodeRepos/install/q/t/include/lux/engine/simulation/ecs/Parent.ecs_snapshot.hpp
-- Up-to-date: E:/SyncForder/CodeRepos/install/q/t/include/lux/engine/simulation/ecs/Parent.type_static_info.hpp
-- Up-to-date: E:/SyncForder/CodeRepos/install/q/t/include/lux/engine/simulation/ecs/schema
-- Up-to-date: E:/SyncForder/CodeRepos/install/q/t/include/lux/engine/simulation/ecs/schema/visibility.h
-- Up-to-date: E:/SyncForder/CodeRepos/install/q/t/include/lux/engine/simulation/ecs/snapshot
-- Up-to-date: E:/SyncForder/CodeRepos/install/q/t/include/lux/engine/simulation/ecs/snapshot/visibility.h
-- Up-to-date: E:/SyncForder/CodeRepos/install/q/t/include/lux/engine/simulation/ecs/transform
-- Up-to-date: E:/SyncForder/CodeRepos/install/q/t/include/lux/engine/simulation/ecs/transform/visibility.h
-- Up-to-date: E:/SyncForder/CodeRepos/install/q/t/include/lux/engine/simulation/ecs/Transform.ecs_schema.hpp
-- Up-to-date: E:/SyncForder/CodeRepos/install/q/t/include/lux/engine/simulation/ecs/Transform.ecs_snapshot.hpp
-- Up-to-date: E:/SyncForder/CodeRepos/install/q/t/include/lux/engine/simulation/ecs/Transform.type_static_info.hpp
-- Up-to-date: E:/SyncForder/CodeRepos/install/q/t/include/lux/engine/simulation/ecs/visual
-- Up-to-date: E:/SyncForder/CodeRepos/install/q/t/include/lux/engine/simulation/ecs/visual/visibility.h
-- Up-to-date: E:/SyncForder/CodeRepos/install/q/t/include/lux/engine/simulation/ecs/Visual.ecs_schema.hpp
-- Up-to-date: E:/SyncForder/CodeRepos/install/q/t/include/lux/engine/simulation/ecs/Visual.ecs_snapshot.hpp
-- Up-to-date: E:/SyncForder/CodeRepos/install/q/t/include/lux/engine/simulation/ecs/Visual.type_static_info.hpp
-- Up-to-date: E:/SyncForder/CodeRepos/install/q/t/include/lux/engine/simulation/scripting
-- Up-to-date: E:/SyncForder/CodeRepos/install/q/t/include/lux/engine/simulation/scripting/cpp_static
-- Up-to-date: E:/SyncForder/CodeRepos/install/q/t/include/lux/engine/simulation/scripting/cpp_static/visibility.h
-- Up-to-date: E:/SyncForder/CodeRepos/install/q/t/include/lux/engine/simulation/scripting/native
-- Up-to-date: E:/SyncForder/CodeRepos/install/q/t/include/lux/engine/simulation/scripting/native/visibility.h
-- Up-to-date: E:/SyncForder/CodeRepos/install/q/t/include/lux/engine/simulation/script_system
-- Up-to-date: E:/SyncForder/CodeRepos/install/q/t/include/lux/engine/simulation/script_system/visibility.h
-- Up-to-date: E:/SyncForder/CodeRepos/install/q/t/include/lux/engine/simulation/system
-- Up-to-date: E:/SyncForder/CodeRepos/install/q/t/include/lux/engine/simulation/system/visibility.h
-- Up-to-date: E:/SyncForder/CodeRepos/install/q/t/include/lux/engine/simulation/transform_system
-- Up-to-date: E:/SyncForder/CodeRepos/install/q/t/include/lux/engine/simulation/transform_system/visibility.h
-- Up-to-date: E:/SyncForder/CodeRepos/install/q/t/include/lux/engine/spatial
-- Up-to-date: E:/SyncForder/CodeRepos/install/q/t/include/lux/engine/spatial/spatial2d
-- Up-to-date: E:/SyncForder/CodeRepos/install/q/t/include/lux/engine/spatial/spatial2d/visibility.h
-- Up-to-date: E:/SyncForder/CodeRepos/install/q/t/include/lux/engine/spatial/spatial3d
-- Up-to-date: E:/SyncForder/CodeRepos/install/q/t/include/lux/engine/spatial/spatial3d/visibility.h
-- Up-to-date: E:/SyncForder/CodeRepos/install/q/t/include/lux/engine/system
-- Up-to-date: E:/SyncForder/CodeRepos/install/q/t/include/lux/engine/system/description
-- Up-to-date: E:/SyncForder/CodeRepos/install/q/t/include/lux/engine/system/description/visibility.h
-- Up-to-date: E:/SyncForder/CodeRepos/install/q/t/include/lux/engine/system/identity
-- Up-to-date: E:/SyncForder/CodeRepos/install/q/t/include/lux/engine/system/identity/visibility.h
-- Up-to-date: E:/SyncForder/CodeRepos/install/q/t/include/lux/engine/task
-- Up-to-date: E:/SyncForder/CodeRepos/install/q/t/include/lux/engine/task/visibility.h
-- Up-to-date: E:/SyncForder/CodeRepos/install/q/t/include/lux/engine/toolchain
-- Up-to-date: E:/SyncForder/CodeRepos/install/q/t/include/lux/engine/toolchain/asset
-- Up-to-date: E:/SyncForder/CodeRepos/install/q/t/include/lux/engine/toolchain/asset/model
-- Up-to-date: E:/SyncForder/CodeRepos/install/q/t/include/lux/engine/toolchain/asset/model/visibility.h
-- Up-to-date: E:/SyncForder/CodeRepos/install/q/t/include/lux/engine/toolchain/asset/shader
-- Up-to-date: E:/SyncForder/CodeRepos/install/q/t/include/lux/engine/toolchain/asset/shader/visibility.h
-- Up-to-date: E:/SyncForder/CodeRepos/install/q/t/include/lux/engine/toolchain/asset/texture
-- Up-to-date: E:/SyncForder/CodeRepos/install/q/t/include/lux/engine/toolchain/asset/texture/visibility.h
-- Up-to-date: E:/SyncForder/CodeRepos/install/q/t/include/lux/engine/world
-- Up-to-date: E:/SyncForder/CodeRepos/install/q/t/include/lux/engine/world/asset
-- Up-to-date: E:/SyncForder/CodeRepos/install/q/t/include/lux/engine/world/asset/visibility.h
-- Up-to-date: E:/SyncForder/CodeRepos/install/q/t/include/lux/engine/world/description
-- Up-to-date: E:/SyncForder/CodeRepos/install/q/t/include/lux/engine/world/description/visibility.h
-- Up-to-date: E:/SyncForder/CodeRepos/install/q/t/include/lux/engine/world/partition
-- Up-to-date: E:/SyncForder/CodeRepos/install/q/t/include/lux/engine/world/partition/visibility.h
-- Up-to-date: E:/SyncForder/CodeRepos/install/q/t/include/lux/engine/world/storage
-- Up-to-date: E:/SyncForder/CodeRepos/install/q/t/include/lux/engine/world/storage/visibility.h
-- Up-to-date: E:/SyncForder/CodeRepos/install/q/t/include/test
-- Installing: E:/SyncForder/CodeRepos/install/q/t/share/lux-engine-domain-spatial3d/spatial3d_index/lux-engine-domain-spatial3d-spatial3d_index-config-targets.cmake
-- Installing: E:/SyncForder/CodeRepos/install/q/t/share/lux-engine-domain-spatial3d/spatial3d_index/lux-engine-domain-spatial3d-spatial3d_index-config-targets-relwithdebinfo.cmake
-- Installing: E:/SyncForder/CodeRepos/install/q/t/share/lux-engine-domain-spatial3d/spatial3d_index/lux-engine-domain-spatial3d-spatial3d_index-import.cmake
-- Installing: E:/SyncForder/CodeRepos/install/q/t/lib/lux_engine_spatial3d_index.lib
-- Installing: E:/SyncForder/CodeRepos/install/q/t/bin/lux_engine_spatial3d_index.dll
-- Installing: E:/SyncForder/CodeRepos/install/q/t/share/lux-engine-domain-spatial3d/lux-engine-domain-spatial3d-config.cmake
-- Installing: E:/SyncForder/CodeRepos/install/q/t/share/lux-engine-domain-spatial3d/lux-engine-domain-spatial3d-config-version.cmake
-- Installing: E:/SyncForder/CodeRepos/install/q/t/share/lux-engine-domain-spatial3d/lux-engine-domain-spatial3d-available-components.cmake
-- Up-to-date: E:/SyncForder/CodeRepos/install/q/t/include
-- Up-to-date: E:/SyncForder/CodeRepos/install/q/t/include/lux
-- Up-to-date: E:/SyncForder/CodeRepos/install/q/t/include/lux/engine
-- Up-to-date: E:/SyncForder/CodeRepos/install/q/t/include/lux/engine/spatial
-- Installing: E:/SyncForder/CodeRepos/install/q/t/include/lux/engine/spatial/Spatial2DPartitionIndex.hpp
-- Up-to-date: E:/SyncForder/CodeRepos/install/q/t/include
-- Up-to-date: E:/SyncForder/CodeRepos/install/q/t/include/lux
-- Up-to-date: E:/SyncForder/CodeRepos/install/q/t/include/lux/engine
-- Up-to-date: E:/SyncForder/CodeRepos/install/q/t/include/lux/engine/core
-- Up-to-date: E:/SyncForder/CodeRepos/install/q/t/include/lux/engine/core/visibility.h
-- Up-to-date: E:/SyncForder/CodeRepos/install/q/t/include/lux/engine/dynamic_library
-- Up-to-date: E:/SyncForder/CodeRepos/install/q/t/include/lux/engine/dynamic_library/visibility.h
-- Up-to-date: E:/SyncForder/CodeRepos/install/q/t/include/lux/engine/flowforge
-- Up-to-date: E:/SyncForder/CodeRepos/install/q/t/include/lux/engine/flowforge/compiler
-- Up-to-date: E:/SyncForder/CodeRepos/install/q/t/include/lux/engine/flowforge/compiler/visibility.h
-- Up-to-date: E:/SyncForder/CodeRepos/install/q/t/include/lux/engine/flowforge/visibility.h
-- Up-to-date: E:/SyncForder/CodeRepos/install/q/t/include/lux/engine/function
-- Up-to-date: E:/SyncForder/CodeRepos/install/q/t/include/lux/engine/function/graph
-- Up-to-date: E:/SyncForder/CodeRepos/install/q/t/include/lux/engine/function/graph/visibility.h
-- Up-to-date: E:/SyncForder/CodeRepos/install/q/t/include/lux/engine/function/render
-- Up-to-date: E:/SyncForder/CodeRepos/install/q/t/include/lux/engine/function/render/standard
-- Up-to-date: E:/SyncForder/CodeRepos/install/q/t/include/lux/engine/function/render/standard/content
-- Up-to-date: E:/SyncForder/CodeRepos/install/q/t/include/lux/engine/function/render/standard/content/visibility.h
-- Up-to-date: E:/SyncForder/CodeRepos/install/q/t/include/lux/engine/function/script
-- Up-to-date: E:/SyncForder/CodeRepos/install/q/t/include/lux/engine/function/script/artifact
-- Up-to-date: E:/SyncForder/CodeRepos/install/q/t/include/lux/engine/function/script/artifact/visibility.h
-- Up-to-date: E:/SyncForder/CodeRepos/install/q/t/include/lux/engine/function/visibility.h
-- Up-to-date: E:/SyncForder/CodeRepos/install/q/t/include/lux/engine/material
-- Up-to-date: E:/SyncForder/CodeRepos/install/q/t/include/lux/engine/material/compiler
-- Up-to-date: E:/SyncForder/CodeRepos/install/q/t/include/lux/engine/material/compiler/visibility.h
-- Up-to-date: E:/SyncForder/CodeRepos/install/q/t/include/lux/engine/material/cooker
-- Up-to-date: E:/SyncForder/CodeRepos/install/q/t/include/lux/engine/material/cooker/visibility.h
-- Up-to-date: E:/SyncForder/CodeRepos/install/q/t/include/lux/engine/material/graph
-- Up-to-date: E:/SyncForder/CodeRepos/install/q/t/include/lux/engine/material/graph/visibility.h
-- Up-to-date: E:/SyncForder/CodeRepos/install/q/t/include/lux/engine/physics2d
-- Up-to-date: E:/SyncForder/CodeRepos/install/q/t/include/lux/engine/physics2d/Physics2DComponents.ecs_schema.hpp
-- Up-to-date: E:/SyncForder/CodeRepos/install/q/t/include/lux/engine/physics2d/Physics2DComponents.ecs_snapshot.hpp
-- Up-to-date: E:/SyncForder/CodeRepos/install/q/t/include/lux/engine/physics2d/Physics2DComponents.type_static_info.hpp
-- Up-to-date: E:/SyncForder/CodeRepos/install/q/t/include/lux/engine/physics2d/visibility.h
-- Up-to-date: E:/SyncForder/CodeRepos/install/q/t/include/lux/engine/process
-- Up-to-date: E:/SyncForder/CodeRepos/install/q/t/include/lux/engine/process/asset_loading
-- Up-to-date: E:/SyncForder/CodeRepos/install/q/t/include/lux/engine/process/asset_loading/visibility.h
-- Up-to-date: E:/SyncForder/CodeRepos/install/q/t/include/lux/engine/process/visibility.h
-- Up-to-date: E:/SyncForder/CodeRepos/install/q/t/include/lux/engine/process/world_loading
-- Up-to-date: E:/SyncForder/CodeRepos/install/q/t/include/lux/engine/process/world_loading/visibility.h
-- Up-to-date: E:/SyncForder/CodeRepos/install/q/t/include/lux/engine/resource
-- Up-to-date: E:/SyncForder/CodeRepos/install/q/t/include/lux/engine/resource/asset
-- Up-to-date: E:/SyncForder/CodeRepos/install/q/t/include/lux/engine/resource/asset/visibility.h
-- Up-to-date: E:/SyncForder/CodeRepos/install/q/t/include/lux/engine/resource/visibility.h
-- Up-to-date: E:/SyncForder/CodeRepos/install/q/t/include/lux/engine/scene
-- Up-to-date: E:/SyncForder/CodeRepos/install/q/t/include/lux/engine/scene/asset
-- Up-to-date: E:/SyncForder/CodeRepos/install/q/t/include/lux/engine/scene/asset/visibility.h
-- Up-to-date: E:/SyncForder/CodeRepos/install/q/t/include/lux/engine/scene/description
-- Up-to-date: E:/SyncForder/CodeRepos/install/q/t/include/lux/engine/scene/description/visibility.h
-- Up-to-date: E:/SyncForder/CodeRepos/install/q/t/include/lux/engine/scene/meta
-- Up-to-date: E:/SyncForder/CodeRepos/install/q/t/include/lux/engine/scene/meta/visibility.h
-- Up-to-date: E:/SyncForder/CodeRepos/install/q/t/include/lux/engine/scene/render
-- Up-to-date: E:/SyncForder/CodeRepos/install/q/t/include/lux/engine/scene/render/visibility.h
-- Up-to-date: E:/SyncForder/CodeRepos/install/q/t/include/lux/engine/scene/script_runtime
-- Up-to-date: E:/SyncForder/CodeRepos/install/q/t/include/lux/engine/scene/script_runtime/visibility.h
-- Up-to-date: E:/SyncForder/CodeRepos/install/q/t/include/lux/engine/scene/visibility.h
-- Up-to-date: E:/SyncForder/CodeRepos/install/q/t/include/lux/engine/scene/world_materialization
-- Up-to-date: E:/SyncForder/CodeRepos/install/q/t/include/lux/engine/scene/world_materialization/visibility.h
-- Up-to-date: E:/SyncForder/CodeRepos/install/q/t/include/lux/engine/serialization
-- Up-to-date: E:/SyncForder/CodeRepos/install/q/t/include/lux/engine/serialization/visibility.h
-- Up-to-date: E:/SyncForder/CodeRepos/install/q/t/include/lux/engine/simulation
-- Up-to-date: E:/SyncForder/CodeRepos/install/q/t/include/lux/engine/simulation/asset
-- Up-to-date: E:/SyncForder/CodeRepos/install/q/t/include/lux/engine/simulation/asset/visibility.h
-- Up-to-date: E:/SyncForder/CodeRepos/install/q/t/include/lux/engine/simulation/composition
-- Up-to-date: E:/SyncForder/CodeRepos/install/q/t/include/lux/engine/simulation/composition/visibility.h
-- Up-to-date: E:/SyncForder/CodeRepos/install/q/t/include/lux/engine/simulation/description
-- Up-to-date: E:/SyncForder/CodeRepos/install/q/t/include/lux/engine/simulation/description/visibility.h
-- Up-to-date: E:/SyncForder/CodeRepos/install/q/t/include/lux/engine/simulation/ecs
-- Up-to-date: E:/SyncForder/CodeRepos/install/q/t/include/lux/engine/simulation/ecs/core
-- Up-to-date: E:/SyncForder/CodeRepos/install/q/t/include/lux/engine/simulation/ecs/core/visibility.h
-- Up-to-date: E:/SyncForder/CodeRepos/install/q/t/include/lux/engine/simulation/ecs/hierarchy
-- Up-to-date: E:/SyncForder/CodeRepos/install/q/t/include/lux/engine/simulation/ecs/hierarchy/visibility.h
-- Up-to-date: E:/SyncForder/CodeRepos/install/q/t/include/lux/engine/simulation/ecs/Parent.ecs_schema.hpp
-- Up-to-date: E:/SyncForder/CodeRepos/install/q/t/include/lux/engine/simulation/ecs/Parent.ecs_snapshot.hpp
-- Up-to-date: E:/SyncForder/CodeRepos/install/q/t/include/lux/engine/simulation/ecs/Parent.type_static_info.hpp
-- Up-to-date: E:/SyncForder/CodeRepos/install/q/t/include/lux/engine/simulation/ecs/schema
-- Up-to-date: E:/SyncForder/CodeRepos/install/q/t/include/lux/engine/simulation/ecs/schema/visibility.h
-- Up-to-date: E:/SyncForder/CodeRepos/install/q/t/include/lux/engine/simulation/ecs/snapshot
-- Up-to-date: E:/SyncForder/CodeRepos/install/q/t/include/lux/engine/simulation/ecs/snapshot/visibility.h
-- Up-to-date: E:/SyncForder/CodeRepos/install/q/t/include/lux/engine/simulation/ecs/transform
-- Up-to-date: E:/SyncForder/CodeRepos/install/q/t/include/lux/engine/simulation/ecs/transform/visibility.h
-- Up-to-date: E:/SyncForder/CodeRepos/install/q/t/include/lux/engine/simulation/ecs/Transform.ecs_schema.hpp
-- Up-to-date: E:/SyncForder/CodeRepos/install/q/t/include/lux/engine/simulation/ecs/Transform.ecs_snapshot.hpp
-- Up-to-date: E:/SyncForder/CodeRepos/install/q/t/include/lux/engine/simulation/ecs/Transform.type_static_info.hpp
-- Up-to-date: E:/SyncForder/CodeRepos/install/q/t/include/lux/engine/simulation/ecs/visual
-- Up-to-date: E:/SyncForder/CodeRepos/install/q/t/include/lux/engine/simulation/ecs/visual/visibility.h
-- Up-to-date: E:/SyncForder/CodeRepos/install/q/t/include/lux/engine/simulation/ecs/Visual.ecs_schema.hpp
-- Up-to-date: E:/SyncForder/CodeRepos/install/q/t/include/lux/engine/simulation/ecs/Visual.ecs_snapshot.hpp
-- Up-to-date: E:/SyncForder/CodeRepos/install/q/t/include/lux/engine/simulation/ecs/Visual.type_static_info.hpp
-- Up-to-date: E:/SyncForder/CodeRepos/install/q/t/include/lux/engine/simulation/scripting
-- Up-to-date: E:/SyncForder/CodeRepos/install/q/t/include/lux/engine/simulation/scripting/cpp_static
-- Up-to-date: E:/SyncForder/CodeRepos/install/q/t/include/lux/engine/simulation/scripting/cpp_static/visibility.h
-- Up-to-date: E:/SyncForder/CodeRepos/install/q/t/include/lux/engine/simulation/scripting/native
-- Up-to-date: E:/SyncForder/CodeRepos/install/q/t/include/lux/engine/simulation/scripting/native/visibility.h
-- Up-to-date: E:/SyncForder/CodeRepos/install/q/t/include/lux/engine/simulation/script_system
-- Up-to-date: E:/SyncForder/CodeRepos/install/q/t/include/lux/engine/simulation/script_system/visibility.h
-- Up-to-date: E:/SyncForder/CodeRepos/install/q/t/include/lux/engine/simulation/system
-- Up-to-date: E:/SyncForder/CodeRepos/install/q/t/include/lux/engine/simulation/system/visibility.h
-- Up-to-date: E:/SyncForder/CodeRepos/install/q/t/include/lux/engine/simulation/transform_system
-- Up-to-date: E:/SyncForder/CodeRepos/install/q/t/include/lux/engine/simulation/transform_system/visibility.h
-- Up-to-date: E:/SyncForder/CodeRepos/install/q/t/include/lux/engine/spatial
-- Up-to-date: E:/SyncForder/CodeRepos/install/q/t/include/lux/engine/spatial/spatial2d
-- Up-to-date: E:/SyncForder/CodeRepos/install/q/t/include/lux/engine/spatial/spatial2d/visibility.h
-- Up-to-date: E:/SyncForder/CodeRepos/install/q/t/include/lux/engine/spatial/spatial3d
-- Up-to-date: E:/SyncForder/CodeRepos/install/q/t/include/lux/engine/spatial/spatial3d/visibility.h
-- Up-to-date: E:/SyncForder/CodeRepos/install/q/t/include/lux/engine/system
-- Up-to-date: E:/SyncForder/CodeRepos/install/q/t/include/lux/engine/system/description
-- Up-to-date: E:/SyncForder/CodeRepos/install/q/t/include/lux/engine/system/description/visibility.h
-- Up-to-date: E:/SyncForder/CodeRepos/install/q/t/include/lux/engine/system/identity
-- Up-to-date: E:/SyncForder/CodeRepos/install/q/t/include/lux/engine/system/identity/visibility.h
-- Up-to-date: E:/SyncForder/CodeRepos/install/q/t/include/lux/engine/task
-- Up-to-date: E:/SyncForder/CodeRepos/install/q/t/include/lux/engine/task/visibility.h
-- Up-to-date: E:/SyncForder/CodeRepos/install/q/t/include/lux/engine/toolchain
-- Up-to-date: E:/SyncForder/CodeRepos/install/q/t/include/lux/engine/toolchain/asset
-- Up-to-date: E:/SyncForder/CodeRepos/install/q/t/include/lux/engine/toolchain/asset/model
-- Up-to-date: E:/SyncForder/CodeRepos/install/q/t/include/lux/engine/toolchain/asset/model/visibility.h
-- Up-to-date: E:/SyncForder/CodeRepos/install/q/t/include/lux/engine/toolchain/asset/shader
-- Up-to-date: E:/SyncForder/CodeRepos/install/q/t/include/lux/engine/toolchain/asset/shader/visibility.h
-- Up-to-date: E:/SyncForder/CodeRepos/install/q/t/include/lux/engine/toolchain/asset/texture
-- Up-to-date: E:/SyncForder/CodeRepos/install/q/t/include/lux/engine/toolchain/asset/texture/visibility.h
-- Up-to-date: E:/SyncForder/CodeRepos/install/q/t/include/lux/engine/world
-- Up-to-date: E:/SyncForder/CodeRepos/install/q/t/include/lux/engine/world/asset
-- Up-to-date: E:/SyncForder/CodeRepos/install/q/t/include/lux/engine/world/asset/visibility.h
-- Up-to-date: E:/SyncForder/CodeRepos/install/q/t/include/lux/engine/world/description
-- Up-to-date: E:/SyncForder/CodeRepos/install/q/t/include/lux/engine/world/description/visibility.h
-- Up-to-date: E:/SyncForder/CodeRepos/install/q/t/include/lux/engine/world/partition
-- Up-to-date: E:/SyncForder/CodeRepos/install/q/t/include/lux/engine/world/partition/visibility.h
-- Up-to-date: E:/SyncForder/CodeRepos/install/q/t/include/lux/engine/world/storage
-- Up-to-date: E:/SyncForder/CodeRepos/install/q/t/include/lux/engine/world/storage/visibility.h
-- Up-to-date: E:/SyncForder/CodeRepos/install/q/t/include/test
-- Installing: E:/SyncForder/CodeRepos/install/q/t/share/lux-engine-domain-spatial2d/spatial2d_index/lux-engine-domain-spatial2d-spatial2d_index-config-targets.cmake
-- Installing: E:/SyncForder/CodeRepos/install/q/t/share/lux-engine-domain-spatial2d/spatial2d_index/lux-engine-domain-spatial2d-spatial2d_index-config-targets-relwithdebinfo.cmake
-- Installing: E:/SyncForder/CodeRepos/install/q/t/share/lux-engine-domain-spatial2d/spatial2d_index/lux-engine-domain-spatial2d-spatial2d_index-import.cmake
-- Installing: E:/SyncForder/CodeRepos/install/q/t/lib/lux_engine_spatial2d_index.lib
-- Installing: E:/SyncForder/CodeRepos/install/q/t/bin/lux_engine_spatial2d_index.dll
-- Installing: E:/SyncForder/CodeRepos/install/q/t/share/lux-engine-domain-spatial2d/lux-engine-domain-spatial2d-config.cmake
-- Installing: E:/SyncForder/CodeRepos/install/q/t/share/lux-engine-domain-spatial2d/lux-engine-domain-spatial2d-config-version.cmake
-- Installing: E:/SyncForder/CodeRepos/install/q/t/share/lux-engine-domain-spatial2d/lux-engine-domain-spatial2d-available-components.cmake
-- Up-to-date: E:/SyncForder/CodeRepos/install/q/t/include
-- Up-to-date: E:/SyncForder/CodeRepos/install/q/t/include/lux
-- Up-to-date: E:/SyncForder/CodeRepos/install/q/t/include/lux/engine
-- Up-to-date: E:/SyncForder/CodeRepos/install/q/t/include/lux/engine/world
-- Installing: E:/SyncForder/CodeRepos/install/q/t/include/lux/engine/world/WorldObjectId.hpp
-- Installing: E:/SyncForder/CodeRepos/install/q/t/share/lux-engine-world-identity/world_identity/lux-engine-world-identity-world_identity-config-targets.cmake
-- Installing: E:/SyncForder/CodeRepos/install/q/t/share/lux-engine-world-identity/world_identity/lux-engine-world-identity-world_identity-import.cmake
-- Installing: E:/SyncForder/CodeRepos/install/q/t/share/lux-engine-world-identity/lux-engine-world-identity-config.cmake
-- Installing: E:/SyncForder/CodeRepos/install/q/t/share/lux-engine-world-identity/lux-engine-world-identity-config-version.cmake
-- Installing: E:/SyncForder/CodeRepos/install/q/t/share/lux-engine-world-identity/lux-engine-world-identity-available-components.cmake
-- Up-to-date: E:/SyncForder/CodeRepos/install/q/t/include
-- Up-to-date: E:/SyncForder/CodeRepos/install/q/t/include/lux
-- Up-to-date: E:/SyncForder/CodeRepos/install/q/t/include/lux/engine
-- Up-to-date: E:/SyncForder/CodeRepos/install/q/t/include/lux/engine/world
-- Installing: E:/SyncForder/CodeRepos/install/q/t/include/lux/engine/world/WorldPartition.hpp
-- Up-to-date: E:/SyncForder/CodeRepos/install/q/t/include
-- Up-to-date: E:/SyncForder/CodeRepos/install/q/t/include/lux
-- Up-to-date: E:/SyncForder/CodeRepos/install/q/t/include/lux/engine
-- Up-to-date: E:/SyncForder/CodeRepos/install/q/t/include/lux/engine/core
-- Up-to-date: E:/SyncForder/CodeRepos/install/q/t/include/lux/engine/core/visibility.h
-- Up-to-date: E:/SyncForder/CodeRepos/install/q/t/include/lux/engine/dynamic_library
-- Up-to-date: E:/SyncForder/CodeRepos/install/q/t/include/lux/engine/dynamic_library/visibility.h
-- Up-to-date: E:/SyncForder/CodeRepos/install/q/t/include/lux/engine/flowforge
-- Up-to-date: E:/SyncForder/CodeRepos/install/q/t/include/lux/engine/flowforge/compiler
-- Up-to-date: E:/SyncForder/CodeRepos/install/q/t/include/lux/engine/flowforge/compiler/visibility.h
-- Up-to-date: E:/SyncForder/CodeRepos/install/q/t/include/lux/engine/flowforge/visibility.h
-- Up-to-date: E:/SyncForder/CodeRepos/install/q/t/include/lux/engine/function
-- Up-to-date: E:/SyncForder/CodeRepos/install/q/t/include/lux/engine/function/graph
-- Up-to-date: E:/SyncForder/CodeRepos/install/q/t/include/lux/engine/function/graph/visibility.h
-- Up-to-date: E:/SyncForder/CodeRepos/install/q/t/include/lux/engine/function/render
-- Up-to-date: E:/SyncForder/CodeRepos/install/q/t/include/lux/engine/function/render/standard
-- Up-to-date: E:/SyncForder/CodeRepos/install/q/t/include/lux/engine/function/render/standard/content
-- Up-to-date: E:/SyncForder/CodeRepos/install/q/t/include/lux/engine/function/render/standard/content/visibility.h
-- Up-to-date: E:/SyncForder/CodeRepos/install/q/t/include/lux/engine/function/script
-- Up-to-date: E:/SyncForder/CodeRepos/install/q/t/include/lux/engine/function/script/artifact
-- Up-to-date: E:/SyncForder/CodeRepos/install/q/t/include/lux/engine/function/script/artifact/visibility.h
-- Up-to-date: E:/SyncForder/CodeRepos/install/q/t/include/lux/engine/function/visibility.h
-- Up-to-date: E:/SyncForder/CodeRepos/install/q/t/include/lux/engine/material
-- Up-to-date: E:/SyncForder/CodeRepos/install/q/t/include/lux/engine/material/compiler
-- Up-to-date: E:/SyncForder/CodeRepos/install/q/t/include/lux/engine/material/compiler/visibility.h
-- Up-to-date: E:/SyncForder/CodeRepos/install/q/t/include/lux/engine/material/cooker
-- Up-to-date: E:/SyncForder/CodeRepos/install/q/t/include/lux/engine/material/cooker/visibility.h
-- Up-to-date: E:/SyncForder/CodeRepos/install/q/t/include/lux/engine/material/graph
-- Up-to-date: E:/SyncForder/CodeRepos/install/q/t/include/lux/engine/material/graph/visibility.h
-- Up-to-date: E:/SyncForder/CodeRepos/install/q/t/include/lux/engine/physics2d
-- Up-to-date: E:/SyncForder/CodeRepos/install/q/t/include/lux/engine/physics2d/Physics2DComponents.ecs_schema.hpp
-- Up-to-date: E:/SyncForder/CodeRepos/install/q/t/include/lux/engine/physics2d/Physics2DComponents.ecs_snapshot.hpp
-- Up-to-date: E:/SyncForder/CodeRepos/install/q/t/include/lux/engine/physics2d/Physics2DComponents.type_static_info.hpp
-- Up-to-date: E:/SyncForder/CodeRepos/install/q/t/include/lux/engine/physics2d/visibility.h
-- Up-to-date: E:/SyncForder/CodeRepos/install/q/t/include/lux/engine/process
-- Up-to-date: E:/SyncForder/CodeRepos/install/q/t/include/lux/engine/process/asset_loading
-- Up-to-date: E:/SyncForder/CodeRepos/install/q/t/include/lux/engine/process/asset_loading/visibility.h
-- Up-to-date: E:/SyncForder/CodeRepos/install/q/t/include/lux/engine/process/visibility.h
-- Up-to-date: E:/SyncForder/CodeRepos/install/q/t/include/lux/engine/process/world_loading
-- Up-to-date: E:/SyncForder/CodeRepos/install/q/t/include/lux/engine/process/world_loading/visibility.h
-- Up-to-date: E:/SyncForder/CodeRepos/install/q/t/include/lux/engine/resource
-- Up-to-date: E:/SyncForder/CodeRepos/install/q/t/include/lux/engine/resource/asset
-- Up-to-date: E:/SyncForder/CodeRepos/install/q/t/include/lux/engine/resource/asset/visibility.h
-- Up-to-date: E:/SyncForder/CodeRepos/install/q/t/include/lux/engine/resource/visibility.h
-- Up-to-date: E:/SyncForder/CodeRepos/install/q/t/include/lux/engine/scene
-- Up-to-date: E:/SyncForder/CodeRepos/install/q/t/include/lux/engine/scene/asset
-- Up-to-date: E:/SyncForder/CodeRepos/install/q/t/include/lux/engine/scene/asset/visibility.h
-- Up-to-date: E:/SyncForder/CodeRepos/install/q/t/include/lux/engine/scene/description
-- Up-to-date: E:/SyncForder/CodeRepos/install/q/t/include/lux/engine/scene/description/visibility.h
-- Up-to-date: E:/SyncForder/CodeRepos/install/q/t/include/lux/engine/scene/meta
-- Up-to-date: E:/SyncForder/CodeRepos/install/q/t/include/lux/engine/scene/meta/visibility.h
-- Up-to-date: E:/SyncForder/CodeRepos/install/q/t/include/lux/engine/scene/render
-- Up-to-date: E:/SyncForder/CodeRepos/install/q/t/include/lux/engine/scene/render/visibility.h
-- Up-to-date: E:/SyncForder/CodeRepos/install/q/t/include/lux/engine/scene/script_runtime
-- Up-to-date: E:/SyncForder/CodeRepos/install/q/t/include/lux/engine/scene/script_runtime/visibility.h
-- Up-to-date: E:/SyncForder/CodeRepos/install/q/t/include/lux/engine/scene/visibility.h
-- Up-to-date: E:/SyncForder/CodeRepos/install/q/t/include/lux/engine/scene/world_materialization
-- Up-to-date: E:/SyncForder/CodeRepos/install/q/t/include/lux/engine/scene/world_materialization/visibility.h
-- Up-to-date: E:/SyncForder/CodeRepos/install/q/t/include/lux/engine/serialization
-- Up-to-date: E:/SyncForder/CodeRepos/install/q/t/include/lux/engine/serialization/visibility.h
-- Up-to-date: E:/SyncForder/CodeRepos/install/q/t/include/lux/engine/simulation
-- Up-to-date: E:/SyncForder/CodeRepos/install/q/t/include/lux/engine/simulation/asset
-- Up-to-date: E:/SyncForder/CodeRepos/install/q/t/include/lux/engine/simulation/asset/visibility.h
-- Up-to-date: E:/SyncForder/CodeRepos/install/q/t/include/lux/engine/simulation/composition
-- Up-to-date: E:/SyncForder/CodeRepos/install/q/t/include/lux/engine/simulation/composition/visibility.h
-- Up-to-date: E:/SyncForder/CodeRepos/install/q/t/include/lux/engine/simulation/description
-- Up-to-date: E:/SyncForder/CodeRepos/install/q/t/include/lux/engine/simulation/description/visibility.h
-- Up-to-date: E:/SyncForder/CodeRepos/install/q/t/include/lux/engine/simulation/ecs
-- Up-to-date: E:/SyncForder/CodeRepos/install/q/t/include/lux/engine/simulation/ecs/core
-- Up-to-date: E:/SyncForder/CodeRepos/install/q/t/include/lux/engine/simulation/ecs/core/visibility.h
-- Up-to-date: E:/SyncForder/CodeRepos/install/q/t/include/lux/engine/simulation/ecs/hierarchy
-- Up-to-date: E:/SyncForder/CodeRepos/install/q/t/include/lux/engine/simulation/ecs/hierarchy/visibility.h
-- Up-to-date: E:/SyncForder/CodeRepos/install/q/t/include/lux/engine/simulation/ecs/Parent.ecs_schema.hpp
-- Up-to-date: E:/SyncForder/CodeRepos/install/q/t/include/lux/engine/simulation/ecs/Parent.ecs_snapshot.hpp
-- Up-to-date: E:/SyncForder/CodeRepos/install/q/t/include/lux/engine/simulation/ecs/Parent.type_static_info.hpp
-- Up-to-date: E:/SyncForder/CodeRepos/install/q/t/include/lux/engine/simulation/ecs/schema
-- Up-to-date: E:/SyncForder/CodeRepos/install/q/t/include/lux/engine/simulation/ecs/schema/visibility.h
-- Up-to-date: E:/SyncForder/CodeRepos/install/q/t/include/lux/engine/simulation/ecs/snapshot
-- Up-to-date: E:/SyncForder/CodeRepos/install/q/t/include/lux/engine/simulation/ecs/snapshot/visibility.h
-- Up-to-date: E:/SyncForder/CodeRepos/install/q/t/include/lux/engine/simulation/ecs/transform
-- Up-to-date: E:/SyncForder/CodeRepos/install/q/t/include/lux/engine/simulation/ecs/transform/visibility.h
-- Up-to-date: E:/SyncForder/CodeRepos/install/q/t/include/lux/engine/simulation/ecs/Transform.ecs_schema.hpp
-- Up-to-date: E:/SyncForder/CodeRepos/install/q/t/include/lux/engine/simulation/ecs/Transform.ecs_snapshot.hpp
-- Up-to-date: E:/SyncForder/CodeRepos/install/q/t/include/lux/engine/simulation/ecs/Transform.type_static_info.hpp
-- Up-to-date: E:/SyncForder/CodeRepos/install/q/t/include/lux/engine/simulation/ecs/visual
-- Up-to-date: E:/SyncForder/CodeRepos/install/q/t/include/lux/engine/simulation/ecs/visual/visibility.h
-- Up-to-date: E:/SyncForder/CodeRepos/install/q/t/include/lux/engine/simulation/ecs/Visual.ecs_schema.hpp
-- Up-to-date: E:/SyncForder/CodeRepos/install/q/t/include/lux/engine/simulation/ecs/Visual.ecs_snapshot.hpp
-- Up-to-date: E:/SyncForder/CodeRepos/install/q/t/include/lux/engine/simulation/ecs/Visual.type_static_info.hpp
-- Up-to-date: E:/SyncForder/CodeRepos/install/q/t/include/lux/engine/simulation/scripting
-- Up-to-date: E:/SyncForder/CodeRepos/install/q/t/include/lux/engine/simulation/scripting/cpp_static
-- Up-to-date: E:/SyncForder/CodeRepos/install/q/t/include/lux/engine/simulation/scripting/cpp_static/visibility.h
-- Up-to-date: E:/SyncForder/CodeRepos/install/q/t/include/lux/engine/simulation/scripting/native
-- Up-to-date: E:/SyncForder/CodeRepos/install/q/t/include/lux/engine/simulation/scripting/native/visibility.h
-- Up-to-date: E:/SyncForder/CodeRepos/install/q/t/include/lux/engine/simulation/script_system
-- Up-to-date: E:/SyncForder/CodeRepos/install/q/t/include/lux/engine/simulation/script_system/visibility.h
-- Up-to-date: E:/SyncForder/CodeRepos/install/q/t/include/lux/engine/simulation/system
-- Up-to-date: E:/SyncForder/CodeRepos/install/q/t/include/lux/engine/simulation/system/visibility.h
-- Up-to-date: E:/SyncForder/CodeRepos/install/q/t/include/lux/engine/simulation/transform_system
-- Up-to-date: E:/SyncForder/CodeRepos/install/q/t/include/lux/engine/simulation/transform_system/visibility.h
-- Up-to-date: E:/SyncForder/CodeRepos/install/q/t/include/lux/engine/spatial
-- Up-to-date: E:/SyncForder/CodeRepos/install/q/t/include/lux/engine/spatial/spatial2d
-- Up-to-date: E:/SyncForder/CodeRepos/install/q/t/include/lux/engine/spatial/spatial2d/visibility.h
-- Up-to-date: E:/SyncForder/CodeRepos/install/q/t/include/lux/engine/spatial/spatial3d
-- Up-to-date: E:/SyncForder/CodeRepos/install/q/t/include/lux/engine/spatial/spatial3d/visibility.h
-- Up-to-date: E:/SyncForder/CodeRepos/install/q/t/include/lux/engine/system
-- Up-to-date: E:/SyncForder/CodeRepos/install/q/t/include/lux/engine/system/description
-- Up-to-date: E:/SyncForder/CodeRepos/install/q/t/include/lux/engine/system/description/visibility.h
-- Up-to-date: E:/SyncForder/CodeRepos/install/q/t/include/lux/engine/system/identity
-- Up-to-date: E:/SyncForder/CodeRepos/install/q/t/include/lux/engine/system/identity/visibility.h
-- Up-to-date: E:/SyncForder/CodeRepos/install/q/t/include/lux/engine/task
-- Up-to-date: E:/SyncForder/CodeRepos/install/q/t/include/lux/engine/task/visibility.h
-- Up-to-date: E:/SyncForder/CodeRepos/install/q/t/include/lux/engine/toolchain
-- Up-to-date: E:/SyncForder/CodeRepos/install/q/t/include/lux/engine/toolchain/asset
-- Up-to-date: E:/SyncForder/CodeRepos/install/q/t/include/lux/engine/toolchain/asset/model
-- Up-to-date: E:/SyncForder/CodeRepos/install/q/t/include/lux/engine/toolchain/asset/model/visibility.h
-- Up-to-date: E:/SyncForder/CodeRepos/install/q/t/include/lux/engine/toolchain/asset/shader
-- Up-to-date: E:/SyncForder/CodeRepos/install/q/t/include/lux/engine/toolchain/asset/shader/visibility.h
-- Up-to-date: E:/SyncForder/CodeRepos/install/q/t/include/lux/engine/toolchain/asset/texture
-- Up-to-date: E:/SyncForder/CodeRepos/install/q/t/include/lux/engine/toolchain/asset/texture/visibility.h
-- Up-to-date: E:/SyncForder/CodeRepos/install/q/t/include/lux/engine/world
-- Up-to-date: E:/SyncForder/CodeRepos/install/q/t/include/lux/engine/world/asset
-- Up-to-date: E:/SyncForder/CodeRepos/install/q/t/include/lux/engine/world/asset/visibility.h
-- Up-to-date: E:/SyncForder/CodeRepos/install/q/t/include/lux/engine/world/description
-- Up-to-date: E:/SyncForder/CodeRepos/install/q/t/include/lux/engine/world/description/visibility.h
-- Up-to-date: E:/SyncForder/CodeRepos/install/q/t/include/lux/engine/world/partition
-- Up-to-date: E:/SyncForder/CodeRepos/install/q/t/include/lux/engine/world/partition/visibility.h
-- Up-to-date: E:/SyncForder/CodeRepos/install/q/t/include/lux/engine/world/storage
-- Up-to-date: E:/SyncForder/CodeRepos/install/q/t/include/lux/engine/world/storage/visibility.h
-- Up-to-date: E:/SyncForder/CodeRepos/install/q/t/include/test
-- Installing: E:/SyncForder/CodeRepos/install/q/t/share/lux-engine-world-partition/world_partition/lux-engine-world-partition-world_partition-config-targets.cmake
-- Installing: E:/SyncForder/CodeRepos/install/q/t/share/lux-engine-world-partition/world_partition/lux-engine-world-partition-world_partition-config-targets-relwithdebinfo.cmake
-- Installing: E:/SyncForder/CodeRepos/install/q/t/share/lux-engine-world-partition/world_partition/lux-engine-world-partition-world_partition-import.cmake
-- Installing: E:/SyncForder/CodeRepos/install/q/t/lib/lux_engine_world_partition.lib
-- Installing: E:/SyncForder/CodeRepos/install/q/t/bin/lux_engine_world_partition.dll
-- Installing: E:/SyncForder/CodeRepos/install/q/t/share/lux-engine-world-partition/lux-engine-world-partition-config.cmake
-- Installing: E:/SyncForder/CodeRepos/install/q/t/share/lux-engine-world-partition/lux-engine-world-partition-config-version.cmake
-- Installing: E:/SyncForder/CodeRepos/install/q/t/share/lux-engine-world-partition/lux-engine-world-partition-available-components.cmake
-- Up-to-date: E:/SyncForder/CodeRepos/install/q/t/include
-- Up-to-date: E:/SyncForder/CodeRepos/install/q/t/include/lux
-- Up-to-date: E:/SyncForder/CodeRepos/install/q/t/include/lux/engine
-- Up-to-date: E:/SyncForder/CodeRepos/install/q/t/include/lux/engine/world
-- Installing: E:/SyncForder/CodeRepos/install/q/t/include/lux/engine/world/WorldDataSchemaId.hpp
-- Installing: E:/SyncForder/CodeRepos/install/q/t/include/lux/engine/world/WorldDescription.hpp
-- Installing: E:/SyncForder/CodeRepos/install/q/t/include/lux/engine/world/WorldDescriptionBuilder.hpp
-- Up-to-date: E:/SyncForder/CodeRepos/install/q/t/include
-- Up-to-date: E:/SyncForder/CodeRepos/install/q/t/include/lux
-- Up-to-date: E:/SyncForder/CodeRepos/install/q/t/include/lux/engine
-- Up-to-date: E:/SyncForder/CodeRepos/install/q/t/include/lux/engine/core
-- Up-to-date: E:/SyncForder/CodeRepos/install/q/t/include/lux/engine/core/visibility.h
-- Up-to-date: E:/SyncForder/CodeRepos/install/q/t/include/lux/engine/dynamic_library
-- Up-to-date: E:/SyncForder/CodeRepos/install/q/t/include/lux/engine/dynamic_library/visibility.h
-- Up-to-date: E:/SyncForder/CodeRepos/install/q/t/include/lux/engine/flowforge
-- Up-to-date: E:/SyncForder/CodeRepos/install/q/t/include/lux/engine/flowforge/compiler
-- Up-to-date: E:/SyncForder/CodeRepos/install/q/t/include/lux/engine/flowforge/compiler/visibility.h
-- Up-to-date: E:/SyncForder/CodeRepos/install/q/t/include/lux/engine/flowforge/visibility.h
-- Up-to-date: E:/SyncForder/CodeRepos/install/q/t/include/lux/engine/function
-- Up-to-date: E:/SyncForder/CodeRepos/install/q/t/include/lux/engine/function/graph
-- Up-to-date: E:/SyncForder/CodeRepos/install/q/t/include/lux/engine/function/graph/visibility.h
-- Up-to-date: E:/SyncForder/CodeRepos/install/q/t/include/lux/engine/function/render
-- Up-to-date: E:/SyncForder/CodeRepos/install/q/t/include/lux/engine/function/render/standard
-- Up-to-date: E:/SyncForder/CodeRepos/install/q/t/include/lux/engine/function/render/standard/content
-- Up-to-date: E:/SyncForder/CodeRepos/install/q/t/include/lux/engine/function/render/standard/content/visibility.h
-- Up-to-date: E:/SyncForder/CodeRepos/install/q/t/include/lux/engine/function/script
-- Up-to-date: E:/SyncForder/CodeRepos/install/q/t/include/lux/engine/function/script/artifact
-- Up-to-date: E:/SyncForder/CodeRepos/install/q/t/include/lux/engine/function/script/artifact/visibility.h
-- Up-to-date: E:/SyncForder/CodeRepos/install/q/t/include/lux/engine/function/visibility.h
-- Up-to-date: E:/SyncForder/CodeRepos/install/q/t/include/lux/engine/material
-- Up-to-date: E:/SyncForder/CodeRepos/install/q/t/include/lux/engine/material/compiler
-- Up-to-date: E:/SyncForder/CodeRepos/install/q/t/include/lux/engine/material/compiler/visibility.h
-- Up-to-date: E:/SyncForder/CodeRepos/install/q/t/include/lux/engine/material/cooker
-- Up-to-date: E:/SyncForder/CodeRepos/install/q/t/include/lux/engine/material/cooker/visibility.h
-- Up-to-date: E:/SyncForder/CodeRepos/install/q/t/include/lux/engine/material/graph
-- Up-to-date: E:/SyncForder/CodeRepos/install/q/t/include/lux/engine/material/graph/visibility.h
-- Up-to-date: E:/SyncForder/CodeRepos/install/q/t/include/lux/engine/physics2d
-- Up-to-date: E:/SyncForder/CodeRepos/install/q/t/include/lux/engine/physics2d/Physics2DComponents.ecs_schema.hpp
-- Up-to-date: E:/SyncForder/CodeRepos/install/q/t/include/lux/engine/physics2d/Physics2DComponents.ecs_snapshot.hpp
-- Up-to-date: E:/SyncForder/CodeRepos/install/q/t/include/lux/engine/physics2d/Physics2DComponents.type_static_info.hpp
-- Up-to-date: E:/SyncForder/CodeRepos/install/q/t/include/lux/engine/physics2d/visibility.h
-- Up-to-date: E:/SyncForder/CodeRepos/install/q/t/include/lux/engine/process
-- Up-to-date: E:/SyncForder/CodeRepos/install/q/t/include/lux/engine/process/asset_loading
-- Up-to-date: E:/SyncForder/CodeRepos/install/q/t/include/lux/engine/process/asset_loading/visibility.h
-- Up-to-date: E:/SyncForder/CodeRepos/install/q/t/include/lux/engine/process/visibility.h
-- Up-to-date: E:/SyncForder/CodeRepos/install/q/t/include/lux/engine/process/world_loading
-- Up-to-date: E:/SyncForder/CodeRepos/install/q/t/include/lux/engine/process/world_loading/visibility.h
-- Up-to-date: E:/SyncForder/CodeRepos/install/q/t/include/lux/engine/resource
-- Up-to-date: E:/SyncForder/CodeRepos/install/q/t/include/lux/engine/resource/asset
-- Up-to-date: E:/SyncForder/CodeRepos/install/q/t/include/lux/engine/resource/asset/visibility.h
-- Up-to-date: E:/SyncForder/CodeRepos/install/q/t/include/lux/engine/resource/visibility.h
-- Up-to-date: E:/SyncForder/CodeRepos/install/q/t/include/lux/engine/scene
-- Up-to-date: E:/SyncForder/CodeRepos/install/q/t/include/lux/engine/scene/asset
-- Up-to-date: E:/SyncForder/CodeRepos/install/q/t/include/lux/engine/scene/asset/visibility.h
-- Up-to-date: E:/SyncForder/CodeRepos/install/q/t/include/lux/engine/scene/description
-- Up-to-date: E:/SyncForder/CodeRepos/install/q/t/include/lux/engine/scene/description/visibility.h
-- Up-to-date: E:/SyncForder/CodeRepos/install/q/t/include/lux/engine/scene/meta
-- Up-to-date: E:/SyncForder/CodeRepos/install/q/t/include/lux/engine/scene/meta/visibility.h
-- Up-to-date: E:/SyncForder/CodeRepos/install/q/t/include/lux/engine/scene/render
-- Up-to-date: E:/SyncForder/CodeRepos/install/q/t/include/lux/engine/scene/render/visibility.h
-- Up-to-date: E:/SyncForder/CodeRepos/install/q/t/include/lux/engine/scene/script_runtime
-- Up-to-date: E:/SyncForder/CodeRepos/install/q/t/include/lux/engine/scene/script_runtime/visibility.h
-- Up-to-date: E:/SyncForder/CodeRepos/install/q/t/include/lux/engine/scene/visibility.h
-- Up-to-date: E:/SyncForder/CodeRepos/install/q/t/include/lux/engine/scene/world_materialization
-- Up-to-date: E:/SyncForder/CodeRepos/install/q/t/include/lux/engine/scene/world_materialization/visibility.h
-- Up-to-date: E:/SyncForder/CodeRepos/install/q/t/include/lux/engine/serialization
-- Up-to-date: E:/SyncForder/CodeRepos/install/q/t/include/lux/engine/serialization/visibility.h
-- Up-to-date: E:/SyncForder/CodeRepos/install/q/t/include/lux/engine/simulation
-- Up-to-date: E:/SyncForder/CodeRepos/install/q/t/include/lux/engine/simulation/asset
-- Up-to-date: E:/SyncForder/CodeRepos/install/q/t/include/lux/engine/simulation/asset/visibility.h
-- Up-to-date: E:/SyncForder/CodeRepos/install/q/t/include/lux/engine/simulation/composition
-- Up-to-date: E:/SyncForder/CodeRepos/install/q/t/include/lux/engine/simulation/composition/visibility.h
-- Up-to-date: E:/SyncForder/CodeRepos/install/q/t/include/lux/engine/simulation/description
-- Up-to-date: E:/SyncForder/CodeRepos/install/q/t/include/lux/engine/simulation/description/visibility.h
-- Up-to-date: E:/SyncForder/CodeRepos/install/q/t/include/lux/engine/simulation/ecs
-- Up-to-date: E:/SyncForder/CodeRepos/install/q/t/include/lux/engine/simulation/ecs/core
-- Up-to-date: E:/SyncForder/CodeRepos/install/q/t/include/lux/engine/simulation/ecs/core/visibility.h
-- Up-to-date: E:/SyncForder/CodeRepos/install/q/t/include/lux/engine/simulation/ecs/hierarchy
-- Up-to-date: E:/SyncForder/CodeRepos/install/q/t/include/lux/engine/simulation/ecs/hierarchy/visibility.h
-- Up-to-date: E:/SyncForder/CodeRepos/install/q/t/include/lux/engine/simulation/ecs/Parent.ecs_schema.hpp
-- Up-to-date: E:/SyncForder/CodeRepos/install/q/t/include/lux/engine/simulation/ecs/Parent.ecs_snapshot.hpp
-- Up-to-date: E:/SyncForder/CodeRepos/install/q/t/include/lux/engine/simulation/ecs/Parent.type_static_info.hpp
-- Up-to-date: E:/SyncForder/CodeRepos/install/q/t/include/lux/engine/simulation/ecs/schema
-- Up-to-date: E:/SyncForder/CodeRepos/install/q/t/include/lux/engine/simulation/ecs/schema/visibility.h
-- Up-to-date: E:/SyncForder/CodeRepos/install/q/t/include/lux/engine/simulation/ecs/snapshot
-- Up-to-date: E:/SyncForder/CodeRepos/install/q/t/include/lux/engine/simulation/ecs/snapshot/visibility.h
-- Up-to-date: E:/SyncForder/CodeRepos/install/q/t/include/lux/engine/simulation/ecs/transform
-- Up-to-date: E:/SyncForder/CodeRepos/install/q/t/include/lux/engine/simulation/ecs/transform/visibility.h
-- Up-to-date: E:/SyncForder/CodeRepos/install/q/t/include/lux/engine/simulation/ecs/Transform.ecs_schema.hpp
-- Up-to-date: E:/SyncForder/CodeRepos/install/q/t/include/lux/engine/simulation/ecs/Transform.ecs_snapshot.hpp
-- Up-to-date: E:/SyncForder/CodeRepos/install/q/t/include/lux/engine/simulation/ecs/Transform.type_static_info.hpp
-- Up-to-date: E:/SyncForder/CodeRepos/install/q/t/include/lux/engine/simulation/ecs/visual
-- Up-to-date: E:/SyncForder/CodeRepos/install/q/t/include/lux/engine/simulation/ecs/visual/visibility.h
-- Up-to-date: E:/SyncForder/CodeRepos/install/q/t/include/lux/engine/simulation/ecs/Visual.ecs_schema.hpp
-- Up-to-date: E:/SyncForder/CodeRepos/install/q/t/include/lux/engine/simulation/ecs/Visual.ecs_snapshot.hpp
-- Up-to-date: E:/SyncForder/CodeRepos/install/q/t/include/lux/engine/simulation/ecs/Visual.type_static_info.hpp
-- Up-to-date: E:/SyncForder/CodeRepos/install/q/t/include/lux/engine/simulation/scripting
-- Up-to-date: E:/SyncForder/CodeRepos/install/q/t/include/lux/engine/simulation/scripting/cpp_static
-- Up-to-date: E:/SyncForder/CodeRepos/install/q/t/include/lux/engine/simulation/scripting/cpp_static/visibility.h
-- Up-to-date: E:/SyncForder/CodeRepos/install/q/t/include/lux/engine/simulation/scripting/native
-- Up-to-date: E:/SyncForder/CodeRepos/install/q/t/include/lux/engine/simulation/scripting/native/visibility.h
-- Up-to-date: E:/SyncForder/CodeRepos/install/q/t/include/lux/engine/simulation/script_system
-- Up-to-date: E:/SyncForder/CodeRepos/install/q/t/include/lux/engine/simulation/script_system/visibility.h
-- Up-to-date: E:/SyncForder/CodeRepos/install/q/t/include/lux/engine/simulation/system
-- Up-to-date: E:/SyncForder/CodeRepos/install/q/t/include/lux/engine/simulation/system/visibility.h
-- Up-to-date: E:/SyncForder/CodeRepos/install/q/t/include/lux/engine/simulation/transform_system
-- Up-to-date: E:/SyncForder/CodeRepos/install/q/t/include/lux/engine/simulation/transform_system/visibility.h
-- Up-to-date: E:/SyncForder/CodeRepos/install/q/t/include/lux/engine/spatial
-- Up-to-date: E:/SyncForder/CodeRepos/install/q/t/include/lux/engine/spatial/spatial2d
-- Up-to-date: E:/SyncForder/CodeRepos/install/q/t/include/lux/engine/spatial/spatial2d/visibility.h
-- Up-to-date: E:/SyncForder/CodeRepos/install/q/t/include/lux/engine/spatial/spatial3d
-- Up-to-date: E:/SyncForder/CodeRepos/install/q/t/include/lux/engine/spatial/spatial3d/visibility.h
-- Up-to-date: E:/SyncForder/CodeRepos/install/q/t/include/lux/engine/system
-- Up-to-date: E:/SyncForder/CodeRepos/install/q/t/include/lux/engine/system/description
-- Up-to-date: E:/SyncForder/CodeRepos/install/q/t/include/lux/engine/system/description/visibility.h
-- Up-to-date: E:/SyncForder/CodeRepos/install/q/t/include/lux/engine/system/identity
-- Up-to-date: E:/SyncForder/CodeRepos/install/q/t/include/lux/engine/system/identity/visibility.h
-- Up-to-date: E:/SyncForder/CodeRepos/install/q/t/include/lux/engine/task
-- Up-to-date: E:/SyncForder/CodeRepos/install/q/t/include/lux/engine/task/visibility.h
-- Up-to-date: E:/SyncForder/CodeRepos/install/q/t/include/lux/engine/toolchain
-- Up-to-date: E:/SyncForder/CodeRepos/install/q/t/include/lux/engine/toolchain/asset
-- Up-to-date: E:/SyncForder/CodeRepos/install/q/t/include/lux/engine/toolchain/asset/model
-- Up-to-date: E:/SyncForder/CodeRepos/install/q/t/include/lux/engine/toolchain/asset/model/visibility.h
-- Up-to-date: E:/SyncForder/CodeRepos/install/q/t/include/lux/engine/toolchain/asset/shader
-- Up-to-date: E:/SyncForder/CodeRepos/install/q/t/include/lux/engine/toolchain/asset/shader/visibility.h
-- Up-to-date: E:/SyncForder/CodeRepos/install/q/t/include/lux/engine/toolchain/asset/texture
-- Up-to-date: E:/SyncForder/CodeRepos/install/q/t/include/lux/engine/toolchain/asset/texture/visibility.h
-- Up-to-date: E:/SyncForder/CodeRepos/install/q/t/include/lux/engine/world
-- Up-to-date: E:/SyncForder/CodeRepos/install/q/t/include/lux/engine/world/asset
-- Up-to-date: E:/SyncForder/CodeRepos/install/q/t/include/lux/engine/world/asset/visibility.h
-- Up-to-date: E:/SyncForder/CodeRepos/install/q/t/include/lux/engine/world/description
-- Up-to-date: E:/SyncForder/CodeRepos/install/q/t/include/lux/engine/world/description/visibility.h
-- Up-to-date: E:/SyncForder/CodeRepos/install/q/t/include/lux/engine/world/partition
-- Up-to-date: E:/SyncForder/CodeRepos/install/q/t/include/lux/engine/world/partition/visibility.h
-- Up-to-date: E:/SyncForder/CodeRepos/install/q/t/include/lux/engine/world/storage
-- Up-to-date: E:/SyncForder/CodeRepos/install/q/t/include/lux/engine/world/storage/visibility.h
-- Up-to-date: E:/SyncForder/CodeRepos/install/q/t/include/test
-- Installing: E:/SyncForder/CodeRepos/install/q/t/share/lux-engine-world-description/world_description/lux-engine-world-description-world_description-config-targets.cmake
-- Installing: E:/SyncForder/CodeRepos/install/q/t/share/lux-engine-world-description/world_description/lux-engine-world-description-world_description-config-targets-relwithdebinfo.cmake
-- Installing: E:/SyncForder/CodeRepos/install/q/t/share/lux-engine-world-description/world_description/lux-engine-world-description-world_description-import.cmake
-- Installing: E:/SyncForder/CodeRepos/install/q/t/lib/lux_engine_world_description.lib
-- Installing: E:/SyncForder/CodeRepos/install/q/t/bin/lux_engine_world_description.dll
-- Installing: E:/SyncForder/CodeRepos/install/q/t/share/lux-engine-world-description/lux-engine-world-description-config.cmake
-- Installing: E:/SyncForder/CodeRepos/install/q/t/share/lux-engine-world-description/lux-engine-world-description-config-version.cmake
-- Installing: E:/SyncForder/CodeRepos/install/q/t/share/lux-engine-world-description/lux-engine-world-description-available-components.cmake
-- Up-to-date: E:/SyncForder/CodeRepos/install/q/t/include
-- Up-to-date: E:/SyncForder/CodeRepos/install/q/t/include/lux
-- Up-to-date: E:/SyncForder/CodeRepos/install/q/t/include/lux/engine
-- Up-to-date: E:/SyncForder/CodeRepos/install/q/t/include/lux/engine/world
-- Installing: E:/SyncForder/CodeRepos/install/q/t/include/lux/engine/world/WorldPartitionData.hpp
-- Up-to-date: E:/SyncForder/CodeRepos/install/q/t/include
-- Up-to-date: E:/SyncForder/CodeRepos/install/q/t/include/lux
-- Up-to-date: E:/SyncForder/CodeRepos/install/q/t/include/lux/engine
-- Up-to-date: E:/SyncForder/CodeRepos/install/q/t/include/lux/engine/core
-- Up-to-date: E:/SyncForder/CodeRepos/install/q/t/include/lux/engine/core/visibility.h
-- Up-to-date: E:/SyncForder/CodeRepos/install/q/t/include/lux/engine/dynamic_library
-- Up-to-date: E:/SyncForder/CodeRepos/install/q/t/include/lux/engine/dynamic_library/visibility.h
-- Up-to-date: E:/SyncForder/CodeRepos/install/q/t/include/lux/engine/flowforge
-- Up-to-date: E:/SyncForder/CodeRepos/install/q/t/include/lux/engine/flowforge/compiler
-- Up-to-date: E:/SyncForder/CodeRepos/install/q/t/include/lux/engine/flowforge/compiler/visibility.h
-- Up-to-date: E:/SyncForder/CodeRepos/install/q/t/include/lux/engine/flowforge/visibility.h
-- Up-to-date: E:/SyncForder/CodeRepos/install/q/t/include/lux/engine/function
-- Up-to-date: E:/SyncForder/CodeRepos/install/q/t/include/lux/engine/function/graph
-- Up-to-date: E:/SyncForder/CodeRepos/install/q/t/include/lux/engine/function/graph/visibility.h
-- Up-to-date: E:/SyncForder/CodeRepos/install/q/t/include/lux/engine/function/render
-- Up-to-date: E:/SyncForder/CodeRepos/install/q/t/include/lux/engine/function/render/standard
-- Up-to-date: E:/SyncForder/CodeRepos/install/q/t/include/lux/engine/function/render/standard/content
-- Up-to-date: E:/SyncForder/CodeRepos/install/q/t/include/lux/engine/function/render/standard/content/visibility.h
-- Up-to-date: E:/SyncForder/CodeRepos/install/q/t/include/lux/engine/function/script
-- Up-to-date: E:/SyncForder/CodeRepos/install/q/t/include/lux/engine/function/script/artifact
-- Up-to-date: E:/SyncForder/CodeRepos/install/q/t/include/lux/engine/function/script/artifact/visibility.h
-- Up-to-date: E:/SyncForder/CodeRepos/install/q/t/include/lux/engine/function/visibility.h
-- Up-to-date: E:/SyncForder/CodeRepos/install/q/t/include/lux/engine/material
-- Up-to-date: E:/SyncForder/CodeRepos/install/q/t/include/lux/engine/material/compiler
-- Up-to-date: E:/SyncForder/CodeRepos/install/q/t/include/lux/engine/material/compiler/visibility.h
-- Up-to-date: E:/SyncForder/CodeRepos/install/q/t/include/lux/engine/material/cooker
-- Up-to-date: E:/SyncForder/CodeRepos/install/q/t/include/lux/engine/material/cooker/visibility.h
-- Up-to-date: E:/SyncForder/CodeRepos/install/q/t/include/lux/engine/material/graph
-- Up-to-date: E:/SyncForder/CodeRepos/install/q/t/include/lux/engine/material/graph/visibility.h
-- Up-to-date: E:/SyncForder/CodeRepos/install/q/t/include/lux/engine/physics2d
-- Up-to-date: E:/SyncForder/CodeRepos/install/q/t/include/lux/engine/physics2d/Physics2DComponents.ecs_schema.hpp
-- Up-to-date: E:/SyncForder/CodeRepos/install/q/t/include/lux/engine/physics2d/Physics2DComponents.ecs_snapshot.hpp
-- Up-to-date: E:/SyncForder/CodeRepos/install/q/t/include/lux/engine/physics2d/Physics2DComponents.type_static_info.hpp
-- Up-to-date: E:/SyncForder/CodeRepos/install/q/t/include/lux/engine/physics2d/visibility.h
-- Up-to-date: E:/SyncForder/CodeRepos/install/q/t/include/lux/engine/process
-- Up-to-date: E:/SyncForder/CodeRepos/install/q/t/include/lux/engine/process/asset_loading
-- Up-to-date: E:/SyncForder/CodeRepos/install/q/t/include/lux/engine/process/asset_loading/visibility.h
-- Up-to-date: E:/SyncForder/CodeRepos/install/q/t/include/lux/engine/process/visibility.h
-- Up-to-date: E:/SyncForder/CodeRepos/install/q/t/include/lux/engine/process/world_loading
-- Up-to-date: E:/SyncForder/CodeRepos/install/q/t/include/lux/engine/process/world_loading/visibility.h
-- Up-to-date: E:/SyncForder/CodeRepos/install/q/t/include/lux/engine/resource
-- Up-to-date: E:/SyncForder/CodeRepos/install/q/t/include/lux/engine/resource/asset
-- Up-to-date: E:/SyncForder/CodeRepos/install/q/t/include/lux/engine/resource/asset/visibility.h
-- Up-to-date: E:/SyncForder/CodeRepos/install/q/t/include/lux/engine/resource/visibility.h
-- Up-to-date: E:/SyncForder/CodeRepos/install/q/t/include/lux/engine/scene
-- Up-to-date: E:/SyncForder/CodeRepos/install/q/t/include/lux/engine/scene/asset
-- Up-to-date: E:/SyncForder/CodeRepos/install/q/t/include/lux/engine/scene/asset/visibility.h
-- Up-to-date: E:/SyncForder/CodeRepos/install/q/t/include/lux/engine/scene/description
-- Up-to-date: E:/SyncForder/CodeRepos/install/q/t/include/lux/engine/scene/description/visibility.h
-- Up-to-date: E:/SyncForder/CodeRepos/install/q/t/include/lux/engine/scene/meta
-- Up-to-date: E:/SyncForder/CodeRepos/install/q/t/include/lux/engine/scene/meta/visibility.h
-- Up-to-date: E:/SyncForder/CodeRepos/install/q/t/include/lux/engine/scene/render
-- Up-to-date: E:/SyncForder/CodeRepos/install/q/t/include/lux/engine/scene/render/visibility.h
-- Up-to-date: E:/SyncForder/CodeRepos/install/q/t/include/lux/engine/scene/script_runtime
-- Up-to-date: E:/SyncForder/CodeRepos/install/q/t/include/lux/engine/scene/script_runtime/visibility.h
-- Up-to-date: E:/SyncForder/CodeRepos/install/q/t/include/lux/engine/scene/visibility.h
-- Up-to-date: E:/SyncForder/CodeRepos/install/q/t/include/lux/engine/scene/world_materialization
-- Up-to-date: E:/SyncForder/CodeRepos/install/q/t/include/lux/engine/scene/world_materialization/visibility.h
-- Up-to-date: E:/SyncForder/CodeRepos/install/q/t/include/lux/engine/serialization
-- Up-to-date: E:/SyncForder/CodeRepos/install/q/t/include/lux/engine/serialization/visibility.h
-- Up-to-date: E:/SyncForder/CodeRepos/install/q/t/include/lux/engine/simulation
-- Up-to-date: E:/SyncForder/CodeRepos/install/q/t/include/lux/engine/simulation/asset
-- Up-to-date: E:/SyncForder/CodeRepos/install/q/t/include/lux/engine/simulation/asset/visibility.h
-- Up-to-date: E:/SyncForder/CodeRepos/install/q/t/include/lux/engine/simulation/composition
-- Up-to-date: E:/SyncForder/CodeRepos/install/q/t/include/lux/engine/simulation/composition/visibility.h
-- Up-to-date: E:/SyncForder/CodeRepos/install/q/t/include/lux/engine/simulation/description
-- Up-to-date: E:/SyncForder/CodeRepos/install/q/t/include/lux/engine/simulation/description/visibility.h
-- Up-to-date: E:/SyncForder/CodeRepos/install/q/t/include/lux/engine/simulation/ecs
-- Up-to-date: E:/SyncForder/CodeRepos/install/q/t/include/lux/engine/simulation/ecs/core
-- Up-to-date: E:/SyncForder/CodeRepos/install/q/t/include/lux/engine/simulation/ecs/core/visibility.h
-- Up-to-date: E:/SyncForder/CodeRepos/install/q/t/include/lux/engine/simulation/ecs/hierarchy
-- Up-to-date: E:/SyncForder/CodeRepos/install/q/t/include/lux/engine/simulation/ecs/hierarchy/visibility.h
-- Up-to-date: E:/SyncForder/CodeRepos/install/q/t/include/lux/engine/simulation/ecs/Parent.ecs_schema.hpp
-- Up-to-date: E:/SyncForder/CodeRepos/install/q/t/include/lux/engine/simulation/ecs/Parent.ecs_snapshot.hpp
-- Up-to-date: E:/SyncForder/CodeRepos/install/q/t/include/lux/engine/simulation/ecs/Parent.type_static_info.hpp
-- Up-to-date: E:/SyncForder/CodeRepos/install/q/t/include/lux/engine/simulation/ecs/schema
-- Up-to-date: E:/SyncForder/CodeRepos/install/q/t/include/lux/engine/simulation/ecs/schema/visibility.h
-- Up-to-date: E:/SyncForder/CodeRepos/install/q/t/include/lux/engine/simulation/ecs/snapshot
-- Up-to-date: E:/SyncForder/CodeRepos/install/q/t/include/lux/engine/simulation/ecs/snapshot/visibility.h
-- Up-to-date: E:/SyncForder/CodeRepos/install/q/t/include/lux/engine/simulation/ecs/transform
-- Up-to-date: E:/SyncForder/CodeRepos/install/q/t/include/lux/engine/simulation/ecs/transform/visibility.h
-- Up-to-date: E:/SyncForder/CodeRepos/install/q/t/include/lux/engine/simulation/ecs/Transform.ecs_schema.hpp
-- Up-to-date: E:/SyncForder/CodeRepos/install/q/t/include/lux/engine/simulation/ecs/Transform.ecs_snapshot.hpp
-- Up-to-date: E:/SyncForder/CodeRepos/install/q/t/include/lux/engine/simulation/ecs/Transform.type_static_info.hpp
-- Up-to-date: E:/SyncForder/CodeRepos/install/q/t/include/lux/engine/simulation/ecs/visual
-- Up-to-date: E:/SyncForder/CodeRepos/install/q/t/include/lux/engine/simulation/ecs/visual/visibility.h
-- Up-to-date: E:/SyncForder/CodeRepos/install/q/t/include/lux/engine/simulation/ecs/Visual.ecs_schema.hpp
-- Up-to-date: E:/SyncForder/CodeRepos/install/q/t/include/lux/engine/simulation/ecs/Visual.ecs_snapshot.hpp
-- Up-to-date: E:/SyncForder/CodeRepos/install/q/t/include/lux/engine/simulation/ecs/Visual.type_static_info.hpp
-- Up-to-date: E:/SyncForder/CodeRepos/install/q/t/include/lux/engine/simulation/scripting
-- Up-to-date: E:/SyncForder/CodeRepos/install/q/t/include/lux/engine/simulation/scripting/cpp_static
-- Up-to-date: E:/SyncForder/CodeRepos/install/q/t/include/lux/engine/simulation/scripting/cpp_static/visibility.h
-- Up-to-date: E:/SyncForder/CodeRepos/install/q/t/include/lux/engine/simulation/scripting/native
-- Up-to-date: E:/SyncForder/CodeRepos/install/q/t/include/lux/engine/simulation/scripting/native/visibility.h
-- Up-to-date: E:/SyncForder/CodeRepos/install/q/t/include/lux/engine/simulation/script_system
-- Up-to-date: E:/SyncForder/CodeRepos/install/q/t/include/lux/engine/simulation/script_system/visibility.h
-- Up-to-date: E:/SyncForder/CodeRepos/install/q/t/include/lux/engine/simulation/system
-- Up-to-date: E:/SyncForder/CodeRepos/install/q/t/include/lux/engine/simulation/system/visibility.h
-- Up-to-date: E:/SyncForder/CodeRepos/install/q/t/include/lux/engine/simulation/transform_system
-- Up-to-date: E:/SyncForder/CodeRepos/install/q/t/include/lux/engine/simulation/transform_system/visibility.h
-- Up-to-date: E:/SyncForder/CodeRepos/install/q/t/include/lux/engine/spatial
-- Up-to-date: E:/SyncForder/CodeRepos/install/q/t/include/lux/engine/spatial/spatial2d
-- Up-to-date: E:/SyncForder/CodeRepos/install/q/t/include/lux/engine/spatial/spatial2d/visibility.h
-- Up-to-date: E:/SyncForder/CodeRepos/install/q/t/include/lux/engine/spatial/spatial3d
-- Up-to-date: E:/SyncForder/CodeRepos/install/q/t/include/lux/engine/spatial/spatial3d/visibility.h
-- Up-to-date: E:/SyncForder/CodeRepos/install/q/t/include/lux/engine/system
-- Up-to-date: E:/SyncForder/CodeRepos/install/q/t/include/lux/engine/system/description
-- Up-to-date: E:/SyncForder/CodeRepos/install/q/t/include/lux/engine/system/description/visibility.h
-- Up-to-date: E:/SyncForder/CodeRepos/install/q/t/include/lux/engine/system/identity
-- Up-to-date: E:/SyncForder/CodeRepos/install/q/t/include/lux/engine/system/identity/visibility.h
-- Up-to-date: E:/SyncForder/CodeRepos/install/q/t/include/lux/engine/task
-- Up-to-date: E:/SyncForder/CodeRepos/install/q/t/include/lux/engine/task/visibility.h
-- Up-to-date: E:/SyncForder/CodeRepos/install/q/t/include/lux/engine/toolchain
-- Up-to-date: E:/SyncForder/CodeRepos/install/q/t/include/lux/engine/toolchain/asset
-- Up-to-date: E:/SyncForder/CodeRepos/install/q/t/include/lux/engine/toolchain/asset/model
-- Up-to-date: E:/SyncForder/CodeRepos/install/q/t/include/lux/engine/toolchain/asset/model/visibility.h
-- Up-to-date: E:/SyncForder/CodeRepos/install/q/t/include/lux/engine/toolchain/asset/shader
-- Up-to-date: E:/SyncForder/CodeRepos/install/q/t/include/lux/engine/toolchain/asset/shader/visibility.h
-- Up-to-date: E:/SyncForder/CodeRepos/install/q/t/include/lux/engine/toolchain/asset/texture
-- Up-to-date: E:/SyncForder/CodeRepos/install/q/t/include/lux/engine/toolchain/asset/texture/visibility.h
-- Up-to-date: E:/SyncForder/CodeRepos/install/q/t/include/lux/engine/world
-- Up-to-date: E:/SyncForder/CodeRepos/install/q/t/include/lux/engine/world/asset
-- Up-to-date: E:/SyncForder/CodeRepos/install/q/t/include/lux/engine/world/asset/visibility.h
-- Up-to-date: E:/SyncForder/CodeRepos/install/q/t/include/lux/engine/world/description
-- Up-to-date: E:/SyncForder/CodeRepos/install/q/t/include/lux/engine/world/description/visibility.h
-- Up-to-date: E:/SyncForder/CodeRepos/install/q/t/include/lux/engine/world/partition
-- Up-to-date: E:/SyncForder/CodeRepos/install/q/t/include/lux/engine/world/partition/visibility.h
-- Up-to-date: E:/SyncForder/CodeRepos/install/q/t/include/lux/engine/world/storage
-- Up-to-date: E:/SyncForder/CodeRepos/install/q/t/include/lux/engine/world/storage/visibility.h
-- Up-to-date: E:/SyncForder/CodeRepos/install/q/t/include/test
-- Installing: E:/SyncForder/CodeRepos/install/q/t/share/lux-engine-world-storage/world_storage/lux-engine-world-storage-world_storage-config-targets.cmake
-- Installing: E:/SyncForder/CodeRepos/install/q/t/share/lux-engine-world-storage/world_storage/lux-engine-world-storage-world_storage-config-targets-relwithdebinfo.cmake
-- Installing: E:/SyncForder/CodeRepos/install/q/t/share/lux-engine-world-storage/world_storage/lux-engine-world-storage-world_storage-import.cmake
-- Installing: E:/SyncForder/CodeRepos/install/q/t/lib/lux_engine_world_storage.lib
-- Installing: E:/SyncForder/CodeRepos/install/q/t/bin/lux_engine_world_storage.dll
-- Installing: E:/SyncForder/CodeRepos/install/q/t/share/lux-engine-world-storage/lux-engine-world-storage-config.cmake
-- Installing: E:/SyncForder/CodeRepos/install/q/t/share/lux-engine-world-storage/lux-engine-world-storage-config-version.cmake
-- Installing: E:/SyncForder/CodeRepos/install/q/t/share/lux-engine-world-storage/lux-engine-world-storage-available-components.cmake
-- Up-to-date: E:/SyncForder/CodeRepos/install/q/t/include
-- Up-to-date: E:/SyncForder/CodeRepos/install/q/t/include/lux
-- Up-to-date: E:/SyncForder/CodeRepos/install/q/t/include/lux/engine
-- Up-to-date: E:/SyncForder/CodeRepos/install/q/t/include/lux/engine/world
-- Installing: E:/SyncForder/CodeRepos/install/q/t/include/lux/engine/world/WorldAssetCodec.hpp
-- Up-to-date: E:/SyncForder/CodeRepos/install/q/t/include
-- Up-to-date: E:/SyncForder/CodeRepos/install/q/t/include/lux
-- Up-to-date: E:/SyncForder/CodeRepos/install/q/t/include/lux/engine
-- Up-to-date: E:/SyncForder/CodeRepos/install/q/t/include/lux/engine/core
-- Up-to-date: E:/SyncForder/CodeRepos/install/q/t/include/lux/engine/core/visibility.h
-- Up-to-date: E:/SyncForder/CodeRepos/install/q/t/include/lux/engine/dynamic_library
-- Up-to-date: E:/SyncForder/CodeRepos/install/q/t/include/lux/engine/dynamic_library/visibility.h
-- Up-to-date: E:/SyncForder/CodeRepos/install/q/t/include/lux/engine/flowforge
-- Up-to-date: E:/SyncForder/CodeRepos/install/q/t/include/lux/engine/flowforge/compiler
-- Up-to-date: E:/SyncForder/CodeRepos/install/q/t/include/lux/engine/flowforge/compiler/visibility.h
-- Up-to-date: E:/SyncForder/CodeRepos/install/q/t/include/lux/engine/flowforge/visibility.h
-- Up-to-date: E:/SyncForder/CodeRepos/install/q/t/include/lux/engine/function
-- Up-to-date: E:/SyncForder/CodeRepos/install/q/t/include/lux/engine/function/graph
-- Up-to-date: E:/SyncForder/CodeRepos/install/q/t/include/lux/engine/function/graph/visibility.h
-- Up-to-date: E:/SyncForder/CodeRepos/install/q/t/include/lux/engine/function/render
-- Up-to-date: E:/SyncForder/CodeRepos/install/q/t/include/lux/engine/function/render/standard
-- Up-to-date: E:/SyncForder/CodeRepos/install/q/t/include/lux/engine/function/render/standard/content
-- Up-to-date: E:/SyncForder/CodeRepos/install/q/t/include/lux/engine/function/render/standard/content/visibility.h
-- Up-to-date: E:/SyncForder/CodeRepos/install/q/t/include/lux/engine/function/script
-- Up-to-date: E:/SyncForder/CodeRepos/install/q/t/include/lux/engine/function/script/artifact
-- Up-to-date: E:/SyncForder/CodeRepos/install/q/t/include/lux/engine/function/script/artifact/visibility.h
-- Up-to-date: E:/SyncForder/CodeRepos/install/q/t/include/lux/engine/function/visibility.h
-- Up-to-date: E:/SyncForder/CodeRepos/install/q/t/include/lux/engine/material
-- Up-to-date: E:/SyncForder/CodeRepos/install/q/t/include/lux/engine/material/compiler
-- Up-to-date: E:/SyncForder/CodeRepos/install/q/t/include/lux/engine/material/compiler/visibility.h
-- Up-to-date: E:/SyncForder/CodeRepos/install/q/t/include/lux/engine/material/cooker
-- Up-to-date: E:/SyncForder/CodeRepos/install/q/t/include/lux/engine/material/cooker/visibility.h
-- Up-to-date: E:/SyncForder/CodeRepos/install/q/t/include/lux/engine/material/graph
-- Up-to-date: E:/SyncForder/CodeRepos/install/q/t/include/lux/engine/material/graph/visibility.h
-- Up-to-date: E:/SyncForder/CodeRepos/install/q/t/include/lux/engine/physics2d
-- Up-to-date: E:/SyncForder/CodeRepos/install/q/t/include/lux/engine/physics2d/Physics2DComponents.ecs_schema.hpp
-- Up-to-date: E:/SyncForder/CodeRepos/install/q/t/include/lux/engine/physics2d/Physics2DComponents.ecs_snapshot.hpp
-- Up-to-date: E:/SyncForder/CodeRepos/install/q/t/include/lux/engine/physics2d/Physics2DComponents.type_static_info.hpp
-- Up-to-date: E:/SyncForder/CodeRepos/install/q/t/include/lux/engine/physics2d/visibility.h
-- Up-to-date: E:/SyncForder/CodeRepos/install/q/t/include/lux/engine/process
-- Up-to-date: E:/SyncForder/CodeRepos/install/q/t/include/lux/engine/process/asset_loading
-- Up-to-date: E:/SyncForder/CodeRepos/install/q/t/include/lux/engine/process/asset_loading/visibility.h
-- Up-to-date: E:/SyncForder/CodeRepos/install/q/t/include/lux/engine/process/visibility.h
-- Up-to-date: E:/SyncForder/CodeRepos/install/q/t/include/lux/engine/process/world_loading
-- Up-to-date: E:/SyncForder/CodeRepos/install/q/t/include/lux/engine/process/world_loading/visibility.h
-- Up-to-date: E:/SyncForder/CodeRepos/install/q/t/include/lux/engine/resource
-- Up-to-date: E:/SyncForder/CodeRepos/install/q/t/include/lux/engine/resource/asset
-- Up-to-date: E:/SyncForder/CodeRepos/install/q/t/include/lux/engine/resource/asset/visibility.h
-- Up-to-date: E:/SyncForder/CodeRepos/install/q/t/include/lux/engine/resource/visibility.h
-- Up-to-date: E:/SyncForder/CodeRepos/install/q/t/include/lux/engine/scene
-- Up-to-date: E:/SyncForder/CodeRepos/install/q/t/include/lux/engine/scene/asset
-- Up-to-date: E:/SyncForder/CodeRepos/install/q/t/include/lux/engine/scene/asset/visibility.h
-- Up-to-date: E:/SyncForder/CodeRepos/install/q/t/include/lux/engine/scene/description
-- Up-to-date: E:/SyncForder/CodeRepos/install/q/t/include/lux/engine/scene/description/visibility.h
-- Up-to-date: E:/SyncForder/CodeRepos/install/q/t/include/lux/engine/scene/meta
-- Up-to-date: E:/SyncForder/CodeRepos/install/q/t/include/lux/engine/scene/meta/visibility.h
-- Up-to-date: E:/SyncForder/CodeRepos/install/q/t/include/lux/engine/scene/render
-- Up-to-date: E:/SyncForder/CodeRepos/install/q/t/include/lux/engine/scene/render/visibility.h
-- Up-to-date: E:/SyncForder/CodeRepos/install/q/t/include/lux/engine/scene/script_runtime
-- Up-to-date: E:/SyncForder/CodeRepos/install/q/t/include/lux/engine/scene/script_runtime/visibility.h
-- Up-to-date: E:/SyncForder/CodeRepos/install/q/t/include/lux/engine/scene/visibility.h
-- Up-to-date: E:/SyncForder/CodeRepos/install/q/t/include/lux/engine/scene/world_materialization
-- Up-to-date: E:/SyncForder/CodeRepos/install/q/t/include/lux/engine/scene/world_materialization/visibility.h
-- Up-to-date: E:/SyncForder/CodeRepos/install/q/t/include/lux/engine/serialization
-- Up-to-date: E:/SyncForder/CodeRepos/install/q/t/include/lux/engine/serialization/visibility.h
-- Up-to-date: E:/SyncForder/CodeRepos/install/q/t/include/lux/engine/simulation
-- Up-to-date: E:/SyncForder/CodeRepos/install/q/t/include/lux/engine/simulation/asset
-- Up-to-date: E:/SyncForder/CodeRepos/install/q/t/include/lux/engine/simulation/asset/visibility.h
-- Up-to-date: E:/SyncForder/CodeRepos/install/q/t/include/lux/engine/simulation/composition
-- Up-to-date: E:/SyncForder/CodeRepos/install/q/t/include/lux/engine/simulation/composition/visibility.h
-- Up-to-date: E:/SyncForder/CodeRepos/install/q/t/include/lux/engine/simulation/description
-- Up-to-date: E:/SyncForder/CodeRepos/install/q/t/include/lux/engine/simulation/description/visibility.h
-- Up-to-date: E:/SyncForder/CodeRepos/install/q/t/include/lux/engine/simulation/ecs
-- Up-to-date: E:/SyncForder/CodeRepos/install/q/t/include/lux/engine/simulation/ecs/core
-- Up-to-date: E:/SyncForder/CodeRepos/install/q/t/include/lux/engine/simulation/ecs/core/visibility.h
-- Up-to-date: E:/SyncForder/CodeRepos/install/q/t/include/lux/engine/simulation/ecs/hierarchy
-- Up-to-date: E:/SyncForder/CodeRepos/install/q/t/include/lux/engine/simulation/ecs/hierarchy/visibility.h
-- Up-to-date: E:/SyncForder/CodeRepos/install/q/t/include/lux/engine/simulation/ecs/Parent.ecs_schema.hpp
-- Up-to-date: E:/SyncForder/CodeRepos/install/q/t/include/lux/engine/simulation/ecs/Parent.ecs_snapshot.hpp
-- Up-to-date: E:/SyncForder/CodeRepos/install/q/t/include/lux/engine/simulation/ecs/Parent.type_static_info.hpp
-- Up-to-date: E:/SyncForder/CodeRepos/install/q/t/include/lux/engine/simulation/ecs/schema
-- Up-to-date: E:/SyncForder/CodeRepos/install/q/t/include/lux/engine/simulation/ecs/schema/visibility.h
-- Up-to-date: E:/SyncForder/CodeRepos/install/q/t/include/lux/engine/simulation/ecs/snapshot
-- Up-to-date: E:/SyncForder/CodeRepos/install/q/t/include/lux/engine/simulation/ecs/snapshot/visibility.h
-- Up-to-date: E:/SyncForder/CodeRepos/install/q/t/include/lux/engine/simulation/ecs/transform
-- Up-to-date: E:/SyncForder/CodeRepos/install/q/t/include/lux/engine/simulation/ecs/transform/visibility.h
-- Up-to-date: E:/SyncForder/CodeRepos/install/q/t/include/lux/engine/simulation/ecs/Transform.ecs_schema.hpp
-- Up-to-date: E:/SyncForder/CodeRepos/install/q/t/include/lux/engine/simulation/ecs/Transform.ecs_snapshot.hpp
-- Up-to-date: E:/SyncForder/CodeRepos/install/q/t/include/lux/engine/simulation/ecs/Transform.type_static_info.hpp
-- Up-to-date: E:/SyncForder/CodeRepos/install/q/t/include/lux/engine/simulation/ecs/visual
-- Up-to-date: E:/SyncForder/CodeRepos/install/q/t/include/lux/engine/simulation/ecs/visual/visibility.h
-- Up-to-date: E:/SyncForder/CodeRepos/install/q/t/include/lux/engine/simulation/ecs/Visual.ecs_schema.hpp
-- Up-to-date: E:/SyncForder/CodeRepos/install/q/t/include/lux/engine/simulation/ecs/Visual.ecs_snapshot.hpp
-- Up-to-date: E:/SyncForder/CodeRepos/install/q/t/include/lux/engine/simulation/ecs/Visual.type_static_info.hpp
-- Up-to-date: E:/SyncForder/CodeRepos/install/q/t/include/lux/engine/simulation/scripting
-- Up-to-date: E:/SyncForder/CodeRepos/install/q/t/include/lux/engine/simulation/scripting/cpp_static
-- Up-to-date: E:/SyncForder/CodeRepos/install/q/t/include/lux/engine/simulation/scripting/cpp_static/visibility.h
-- Up-to-date: E:/SyncForder/CodeRepos/install/q/t/include/lux/engine/simulation/scripting/native
-- Up-to-date: E:/SyncForder/CodeRepos/install/q/t/include/lux/engine/simulation/scripting/native/visibility.h
-- Up-to-date: E:/SyncForder/CodeRepos/install/q/t/include/lux/engine/simulation/script_system
-- Up-to-date: E:/SyncForder/CodeRepos/install/q/t/include/lux/engine/simulation/script_system/visibility.h
-- Up-to-date: E:/SyncForder/CodeRepos/install/q/t/include/lux/engine/simulation/system
-- Up-to-date: E:/SyncForder/CodeRepos/install/q/t/include/lux/engine/simulation/system/visibility.h
-- Up-to-date: E:/SyncForder/CodeRepos/install/q/t/include/lux/engine/simulation/transform_system
-- Up-to-date: E:/SyncForder/CodeRepos/install/q/t/include/lux/engine/simulation/transform_system/visibility.h
-- Up-to-date: E:/SyncForder/CodeRepos/install/q/t/include/lux/engine/spatial
-- Up-to-date: E:/SyncForder/CodeRepos/install/q/t/include/lux/engine/spatial/spatial2d
-- Up-to-date: E:/SyncForder/CodeRepos/install/q/t/include/lux/engine/spatial/spatial2d/visibility.h
-- Up-to-date: E:/SyncForder/CodeRepos/install/q/t/include/lux/engine/spatial/spatial3d
-- Up-to-date: E:/SyncForder/CodeRepos/install/q/t/include/lux/engine/spatial/spatial3d/visibility.h
-- Up-to-date: E:/SyncForder/CodeRepos/install/q/t/include/lux/engine/system
-- Up-to-date: E:/SyncForder/CodeRepos/install/q/t/include/lux/engine/system/description
-- Up-to-date: E:/SyncForder/CodeRepos/install/q/t/include/lux/engine/system/description/visibility.h
-- Up-to-date: E:/SyncForder/CodeRepos/install/q/t/include/lux/engine/system/identity
-- Up-to-date: E:/SyncForder/CodeRepos/install/q/t/include/lux/engine/system/identity/visibility.h
-- Up-to-date: E:/SyncForder/CodeRepos/install/q/t/include/lux/engine/task
-- Up-to-date: E:/SyncForder/CodeRepos/install/q/t/include/lux/engine/task/visibility.h
-- Up-to-date: E:/SyncForder/CodeRepos/install/q/t/include/lux/engine/toolchain
-- Up-to-date: E:/SyncForder/CodeRepos/install/q/t/include/lux/engine/toolchain/asset
-- Up-to-date: E:/SyncForder/CodeRepos/install/q/t/include/lux/engine/toolchain/asset/model
-- Up-to-date: E:/SyncForder/CodeRepos/install/q/t/include/lux/engine/toolchain/asset/model/visibility.h
-- Up-to-date: E:/SyncForder/CodeRepos/install/q/t/include/lux/engine/toolchain/asset/shader
-- Up-to-date: E:/SyncForder/CodeRepos/install/q/t/include/lux/engine/toolchain/asset/shader/visibility.h
-- Up-to-date: E:/SyncForder/CodeRepos/install/q/t/include/lux/engine/toolchain/asset/texture
-- Up-to-date: E:/SyncForder/CodeRepos/install/q/t/include/lux/engine/toolchain/asset/texture/visibility.h
-- Up-to-date: E:/SyncForder/CodeRepos/install/q/t/include/lux/engine/world
-- Up-to-date: E:/SyncForder/CodeRepos/install/q/t/include/lux/engine/world/asset
-- Up-to-date: E:/SyncForder/CodeRepos/install/q/t/include/lux/engine/world/asset/visibility.h
-- Up-to-date: E:/SyncForder/CodeRepos/install/q/t/include/lux/engine/world/description
-- Up-to-date: E:/SyncForder/CodeRepos/install/q/t/include/lux/engine/world/description/visibility.h
-- Up-to-date: E:/SyncForder/CodeRepos/install/q/t/include/lux/engine/world/partition
-- Up-to-date: E:/SyncForder/CodeRepos/install/q/t/include/lux/engine/world/partition/visibility.h
-- Up-to-date: E:/SyncForder/CodeRepos/install/q/t/include/lux/engine/world/storage
-- Up-to-date: E:/SyncForder/CodeRepos/install/q/t/include/lux/engine/world/storage/visibility.h
-- Up-to-date: E:/SyncForder/CodeRepos/install/q/t/include/test
-- Installing: E:/SyncForder/CodeRepos/install/q/t/share/lux-engine-world-asset/world_asset/lux-engine-world-asset-world_asset-config-targets.cmake
-- Installing: E:/SyncForder/CodeRepos/install/q/t/share/lux-engine-world-asset/world_asset/lux-engine-world-asset-world_asset-config-targets-relwithdebinfo.cmake
-- Installing: E:/SyncForder/CodeRepos/install/q/t/share/lux-engine-world-asset/world_asset/lux-engine-world-asset-world_asset-import.cmake
-- Installing: E:/SyncForder/CodeRepos/install/q/t/lib/lux_engine_world_asset.lib
-- Installing: E:/SyncForder/CodeRepos/install/q/t/bin/lux_engine_world_asset.dll
-- Installing: E:/SyncForder/CodeRepos/install/q/t/share/lux-engine-world-asset/lux-engine-world-asset-config.cmake
-- Installing: E:/SyncForder/CodeRepos/install/q/t/share/lux-engine-world-asset/lux-engine-world-asset-config-version.cmake
-- Installing: E:/SyncForder/CodeRepos/install/q/t/share/lux-engine-world-asset/lux-engine-world-asset-available-components.cmake
-- Up-to-date: E:/SyncForder/CodeRepos/install/q/t/include
-- Up-to-date: E:/SyncForder/CodeRepos/install/q/t/include/lux
-- Up-to-date: E:/SyncForder/CodeRepos/install/q/t/include/lux/engine
-- Up-to-date: E:/SyncForder/CodeRepos/install/q/t/include/lux/engine/system
-- Installing: E:/SyncForder/CodeRepos/install/q/t/include/lux/engine/system/SystemInstanceId.hpp
-- Installing: E:/SyncForder/CodeRepos/install/q/t/include/lux/engine/system/SystemTypeId.hpp
-- Up-to-date: E:/SyncForder/CodeRepos/install/q/t/include
-- Up-to-date: E:/SyncForder/CodeRepos/install/q/t/include/lux
-- Up-to-date: E:/SyncForder/CodeRepos/install/q/t/include/lux/engine
-- Up-to-date: E:/SyncForder/CodeRepos/install/q/t/include/lux/engine/core
-- Up-to-date: E:/SyncForder/CodeRepos/install/q/t/include/lux/engine/core/visibility.h
-- Up-to-date: E:/SyncForder/CodeRepos/install/q/t/include/lux/engine/dynamic_library
-- Up-to-date: E:/SyncForder/CodeRepos/install/q/t/include/lux/engine/dynamic_library/visibility.h
-- Up-to-date: E:/SyncForder/CodeRepos/install/q/t/include/lux/engine/flowforge
-- Up-to-date: E:/SyncForder/CodeRepos/install/q/t/include/lux/engine/flowforge/compiler
-- Up-to-date: E:/SyncForder/CodeRepos/install/q/t/include/lux/engine/flowforge/compiler/visibility.h
-- Up-to-date: E:/SyncForder/CodeRepos/install/q/t/include/lux/engine/flowforge/visibility.h
-- Up-to-date: E:/SyncForder/CodeRepos/install/q/t/include/lux/engine/function
-- Up-to-date: E:/SyncForder/CodeRepos/install/q/t/include/lux/engine/function/graph
-- Up-to-date: E:/SyncForder/CodeRepos/install/q/t/include/lux/engine/function/graph/visibility.h
-- Up-to-date: E:/SyncForder/CodeRepos/install/q/t/include/lux/engine/function/render
-- Up-to-date: E:/SyncForder/CodeRepos/install/q/t/include/lux/engine/function/render/standard
-- Up-to-date: E:/SyncForder/CodeRepos/install/q/t/include/lux/engine/function/render/standard/content
-- Up-to-date: E:/SyncForder/CodeRepos/install/q/t/include/lux/engine/function/render/standard/content/visibility.h
-- Up-to-date: E:/SyncForder/CodeRepos/install/q/t/include/lux/engine/function/script
-- Up-to-date: E:/SyncForder/CodeRepos/install/q/t/include/lux/engine/function/script/artifact
-- Up-to-date: E:/SyncForder/CodeRepos/install/q/t/include/lux/engine/function/script/artifact/visibility.h
-- Up-to-date: E:/SyncForder/CodeRepos/install/q/t/include/lux/engine/function/visibility.h
-- Up-to-date: E:/SyncForder/CodeRepos/install/q/t/include/lux/engine/material
-- Up-to-date: E:/SyncForder/CodeRepos/install/q/t/include/lux/engine/material/compiler
-- Up-to-date: E:/SyncForder/CodeRepos/install/q/t/include/lux/engine/material/compiler/visibility.h
-- Up-to-date: E:/SyncForder/CodeRepos/install/q/t/include/lux/engine/material/cooker
-- Up-to-date: E:/SyncForder/CodeRepos/install/q/t/include/lux/engine/material/cooker/visibility.h
-- Up-to-date: E:/SyncForder/CodeRepos/install/q/t/include/lux/engine/material/graph
-- Up-to-date: E:/SyncForder/CodeRepos/install/q/t/include/lux/engine/material/graph/visibility.h
-- Up-to-date: E:/SyncForder/CodeRepos/install/q/t/include/lux/engine/physics2d
-- Up-to-date: E:/SyncForder/CodeRepos/install/q/t/include/lux/engine/physics2d/Physics2DComponents.ecs_schema.hpp
-- Up-to-date: E:/SyncForder/CodeRepos/install/q/t/include/lux/engine/physics2d/Physics2DComponents.ecs_snapshot.hpp
-- Up-to-date: E:/SyncForder/CodeRepos/install/q/t/include/lux/engine/physics2d/Physics2DComponents.type_static_info.hpp
-- Up-to-date: E:/SyncForder/CodeRepos/install/q/t/include/lux/engine/physics2d/visibility.h
-- Up-to-date: E:/SyncForder/CodeRepos/install/q/t/include/lux/engine/process
-- Up-to-date: E:/SyncForder/CodeRepos/install/q/t/include/lux/engine/process/asset_loading
-- Up-to-date: E:/SyncForder/CodeRepos/install/q/t/include/lux/engine/process/asset_loading/visibility.h
-- Up-to-date: E:/SyncForder/CodeRepos/install/q/t/include/lux/engine/process/visibility.h
-- Up-to-date: E:/SyncForder/CodeRepos/install/q/t/include/lux/engine/process/world_loading
-- Up-to-date: E:/SyncForder/CodeRepos/install/q/t/include/lux/engine/process/world_loading/visibility.h
-- Up-to-date: E:/SyncForder/CodeRepos/install/q/t/include/lux/engine/resource
-- Up-to-date: E:/SyncForder/CodeRepos/install/q/t/include/lux/engine/resource/asset
-- Up-to-date: E:/SyncForder/CodeRepos/install/q/t/include/lux/engine/resource/asset/visibility.h
-- Up-to-date: E:/SyncForder/CodeRepos/install/q/t/include/lux/engine/resource/visibility.h
-- Up-to-date: E:/SyncForder/CodeRepos/install/q/t/include/lux/engine/scene
-- Up-to-date: E:/SyncForder/CodeRepos/install/q/t/include/lux/engine/scene/asset
-- Up-to-date: E:/SyncForder/CodeRepos/install/q/t/include/lux/engine/scene/asset/visibility.h
-- Up-to-date: E:/SyncForder/CodeRepos/install/q/t/include/lux/engine/scene/description
-- Up-to-date: E:/SyncForder/CodeRepos/install/q/t/include/lux/engine/scene/description/visibility.h
-- Up-to-date: E:/SyncForder/CodeRepos/install/q/t/include/lux/engine/scene/meta
-- Up-to-date: E:/SyncForder/CodeRepos/install/q/t/include/lux/engine/scene/meta/visibility.h
-- Up-to-date: E:/SyncForder/CodeRepos/install/q/t/include/lux/engine/scene/render
-- Up-to-date: E:/SyncForder/CodeRepos/install/q/t/include/lux/engine/scene/render/visibility.h
-- Up-to-date: E:/SyncForder/CodeRepos/install/q/t/include/lux/engine/scene/script_runtime
-- Up-to-date: E:/SyncForder/CodeRepos/install/q/t/include/lux/engine/scene/script_runtime/visibility.h
-- Up-to-date: E:/SyncForder/CodeRepos/install/q/t/include/lux/engine/scene/visibility.h
-- Up-to-date: E:/SyncForder/CodeRepos/install/q/t/include/lux/engine/scene/world_materialization
-- Up-to-date: E:/SyncForder/CodeRepos/install/q/t/include/lux/engine/scene/world_materialization/visibility.h
-- Up-to-date: E:/SyncForder/CodeRepos/install/q/t/include/lux/engine/serialization
-- Up-to-date: E:/SyncForder/CodeRepos/install/q/t/include/lux/engine/serialization/visibility.h
-- Up-to-date: E:/SyncForder/CodeRepos/install/q/t/include/lux/engine/simulation
-- Up-to-date: E:/SyncForder/CodeRepos/install/q/t/include/lux/engine/simulation/asset
-- Up-to-date: E:/SyncForder/CodeRepos/install/q/t/include/lux/engine/simulation/asset/visibility.h
-- Up-to-date: E:/SyncForder/CodeRepos/install/q/t/include/lux/engine/simulation/composition
-- Up-to-date: E:/SyncForder/CodeRepos/install/q/t/include/lux/engine/simulation/composition/visibility.h
-- Up-to-date: E:/SyncForder/CodeRepos/install/q/t/include/lux/engine/simulation/description
-- Up-to-date: E:/SyncForder/CodeRepos/install/q/t/include/lux/engine/simulation/description/visibility.h
-- Up-to-date: E:/SyncForder/CodeRepos/install/q/t/include/lux/engine/simulation/ecs
-- Up-to-date: E:/SyncForder/CodeRepos/install/q/t/include/lux/engine/simulation/ecs/core
-- Up-to-date: E:/SyncForder/CodeRepos/install/q/t/include/lux/engine/simulation/ecs/core/visibility.h
-- Up-to-date: E:/SyncForder/CodeRepos/install/q/t/include/lux/engine/simulation/ecs/hierarchy
-- Up-to-date: E:/SyncForder/CodeRepos/install/q/t/include/lux/engine/simulation/ecs/hierarchy/visibility.h
-- Up-to-date: E:/SyncForder/CodeRepos/install/q/t/include/lux/engine/simulation/ecs/Parent.ecs_schema.hpp
-- Up-to-date: E:/SyncForder/CodeRepos/install/q/t/include/lux/engine/simulation/ecs/Parent.ecs_snapshot.hpp
-- Up-to-date: E:/SyncForder/CodeRepos/install/q/t/include/lux/engine/simulation/ecs/Parent.type_static_info.hpp
-- Up-to-date: E:/SyncForder/CodeRepos/install/q/t/include/lux/engine/simulation/ecs/schema
-- Up-to-date: E:/SyncForder/CodeRepos/install/q/t/include/lux/engine/simulation/ecs/schema/visibility.h
-- Up-to-date: E:/SyncForder/CodeRepos/install/q/t/include/lux/engine/simulation/ecs/snapshot
-- Up-to-date: E:/SyncForder/CodeRepos/install/q/t/include/lux/engine/simulation/ecs/snapshot/visibility.h
-- Up-to-date: E:/SyncForder/CodeRepos/install/q/t/include/lux/engine/simulation/ecs/transform
-- Up-to-date: E:/SyncForder/CodeRepos/install/q/t/include/lux/engine/simulation/ecs/transform/visibility.h
-- Up-to-date: E:/SyncForder/CodeRepos/install/q/t/include/lux/engine/simulation/ecs/Transform.ecs_schema.hpp
-- Up-to-date: E:/SyncForder/CodeRepos/install/q/t/include/lux/engine/simulation/ecs/Transform.ecs_snapshot.hpp
-- Up-to-date: E:/SyncForder/CodeRepos/install/q/t/include/lux/engine/simulation/ecs/Transform.type_static_info.hpp
-- Up-to-date: E:/SyncForder/CodeRepos/install/q/t/include/lux/engine/simulation/ecs/visual
-- Up-to-date: E:/SyncForder/CodeRepos/install/q/t/include/lux/engine/simulation/ecs/visual/visibility.h
-- Up-to-date: E:/SyncForder/CodeRepos/install/q/t/include/lux/engine/simulation/ecs/Visual.ecs_schema.hpp
-- Up-to-date: E:/SyncForder/CodeRepos/install/q/t/include/lux/engine/simulation/ecs/Visual.ecs_snapshot.hpp
-- Up-to-date: E:/SyncForder/CodeRepos/install/q/t/include/lux/engine/simulation/ecs/Visual.type_static_info.hpp
-- Up-to-date: E:/SyncForder/CodeRepos/install/q/t/include/lux/engine/simulation/scripting
-- Up-to-date: E:/SyncForder/CodeRepos/install/q/t/include/lux/engine/simulation/scripting/cpp_static
-- Up-to-date: E:/SyncForder/CodeRepos/install/q/t/include/lux/engine/simulation/scripting/cpp_static/visibility.h
-- Up-to-date: E:/SyncForder/CodeRepos/install/q/t/include/lux/engine/simulation/scripting/native
-- Up-to-date: E:/SyncForder/CodeRepos/install/q/t/include/lux/engine/simulation/scripting/native/visibility.h
-- Up-to-date: E:/SyncForder/CodeRepos/install/q/t/include/lux/engine/simulation/script_system
-- Up-to-date: E:/SyncForder/CodeRepos/install/q/t/include/lux/engine/simulation/script_system/visibility.h
-- Up-to-date: E:/SyncForder/CodeRepos/install/q/t/include/lux/engine/simulation/system
-- Up-to-date: E:/SyncForder/CodeRepos/install/q/t/include/lux/engine/simulation/system/visibility.h
-- Up-to-date: E:/SyncForder/CodeRepos/install/q/t/include/lux/engine/simulation/transform_system
-- Up-to-date: E:/SyncForder/CodeRepos/install/q/t/include/lux/engine/simulation/transform_system/visibility.h
-- Up-to-date: E:/SyncForder/CodeRepos/install/q/t/include/lux/engine/spatial
-- Up-to-date: E:/SyncForder/CodeRepos/install/q/t/include/lux/engine/spatial/spatial2d
-- Up-to-date: E:/SyncForder/CodeRepos/install/q/t/include/lux/engine/spatial/spatial2d/visibility.h
-- Up-to-date: E:/SyncForder/CodeRepos/install/q/t/include/lux/engine/spatial/spatial3d
-- Up-to-date: E:/SyncForder/CodeRepos/install/q/t/include/lux/engine/spatial/spatial3d/visibility.h
-- Up-to-date: E:/SyncForder/CodeRepos/install/q/t/include/lux/engine/system
-- Up-to-date: E:/SyncForder/CodeRepos/install/q/t/include/lux/engine/system/description
-- Up-to-date: E:/SyncForder/CodeRepos/install/q/t/include/lux/engine/system/description/visibility.h
-- Up-to-date: E:/SyncForder/CodeRepos/install/q/t/include/lux/engine/system/identity
-- Up-to-date: E:/SyncForder/CodeRepos/install/q/t/include/lux/engine/system/identity/visibility.h
-- Up-to-date: E:/SyncForder/CodeRepos/install/q/t/include/lux/engine/task
-- Up-to-date: E:/SyncForder/CodeRepos/install/q/t/include/lux/engine/task/visibility.h
-- Up-to-date: E:/SyncForder/CodeRepos/install/q/t/include/lux/engine/toolchain
-- Up-to-date: E:/SyncForder/CodeRepos/install/q/t/include/lux/engine/toolchain/asset
-- Up-to-date: E:/SyncForder/CodeRepos/install/q/t/include/lux/engine/toolchain/asset/model
-- Up-to-date: E:/SyncForder/CodeRepos/install/q/t/include/lux/engine/toolchain/asset/model/visibility.h
-- Up-to-date: E:/SyncForder/CodeRepos/install/q/t/include/lux/engine/toolchain/asset/shader
-- Up-to-date: E:/SyncForder/CodeRepos/install/q/t/include/lux/engine/toolchain/asset/shader/visibility.h
-- Up-to-date: E:/SyncForder/CodeRepos/install/q/t/include/lux/engine/toolchain/asset/texture
-- Up-to-date: E:/SyncForder/CodeRepos/install/q/t/include/lux/engine/toolchain/asset/texture/visibility.h
-- Up-to-date: E:/SyncForder/CodeRepos/install/q/t/include/lux/engine/world
-- Up-to-date: E:/SyncForder/CodeRepos/install/q/t/include/lux/engine/world/asset
-- Up-to-date: E:/SyncForder/CodeRepos/install/q/t/include/lux/engine/world/asset/visibility.h
-- Up-to-date: E:/SyncForder/CodeRepos/install/q/t/include/lux/engine/world/description
-- Up-to-date: E:/SyncForder/CodeRepos/install/q/t/include/lux/engine/world/description/visibility.h
-- Up-to-date: E:/SyncForder/CodeRepos/install/q/t/include/lux/engine/world/partition
-- Up-to-date: E:/SyncForder/CodeRepos/install/q/t/include/lux/engine/world/partition/visibility.h
-- Up-to-date: E:/SyncForder/CodeRepos/install/q/t/include/lux/engine/world/storage
-- Up-to-date: E:/SyncForder/CodeRepos/install/q/t/include/lux/engine/world/storage/visibility.h
-- Up-to-date: E:/SyncForder/CodeRepos/install/q/t/include/test
-- Installing: E:/SyncForder/CodeRepos/install/q/t/share/lux-engine-domain-system-identity/domain_system_identity/lux-engine-domain-system-identity-domain_system_identity-config-targets.cmake
-- Installing: E:/SyncForder/CodeRepos/install/q/t/share/lux-engine-domain-system-identity/domain_system_identity/lux-engine-domain-system-identity-domain_system_identity-config-targets-relwithdebinfo.cmake
-- Installing: E:/SyncForder/CodeRepos/install/q/t/share/lux-engine-domain-system-identity/domain_system_identity/lux-engine-domain-system-identity-domain_system_identity-import.cmake
-- Installing: E:/SyncForder/CodeRepos/install/q/t/lib/lux_engine_domain_system_identity.lib
-- Installing: E:/SyncForder/CodeRepos/install/q/t/bin/lux_engine_domain_system_identity.dll
-- Installing: E:/SyncForder/CodeRepos/install/q/t/share/lux-engine-domain-system-identity/lux-engine-domain-system-identity-config.cmake
-- Installing: E:/SyncForder/CodeRepos/install/q/t/share/lux-engine-domain-system-identity/lux-engine-domain-system-identity-config-version.cmake
-- Installing: E:/SyncForder/CodeRepos/install/q/t/share/lux-engine-domain-system-identity/lux-engine-domain-system-identity-available-components.cmake
-- Up-to-date: E:/SyncForder/CodeRepos/install/q/t/include
-- Up-to-date: E:/SyncForder/CodeRepos/install/q/t/include/lux
-- Up-to-date: E:/SyncForder/CodeRepos/install/q/t/include/lux/engine
-- Up-to-date: E:/SyncForder/CodeRepos/install/q/t/include/lux/engine/system
-- Installing: E:/SyncForder/CodeRepos/install/q/t/include/lux/engine/system/detail
-- Installing: E:/SyncForder/CodeRepos/install/q/t/include/lux/engine/system/detail/SystemDependencyOrder.hpp
-- Installing: E:/SyncForder/CodeRepos/install/q/t/include/lux/engine/system/SystemTypeDescription.hpp
-- Up-to-date: E:/SyncForder/CodeRepos/install/q/t/include
-- Up-to-date: E:/SyncForder/CodeRepos/install/q/t/include/lux
-- Up-to-date: E:/SyncForder/CodeRepos/install/q/t/include/lux/engine
-- Up-to-date: E:/SyncForder/CodeRepos/install/q/t/include/lux/engine/core
-- Up-to-date: E:/SyncForder/CodeRepos/install/q/t/include/lux/engine/core/visibility.h
-- Up-to-date: E:/SyncForder/CodeRepos/install/q/t/include/lux/engine/dynamic_library
-- Up-to-date: E:/SyncForder/CodeRepos/install/q/t/include/lux/engine/dynamic_library/visibility.h
-- Up-to-date: E:/SyncForder/CodeRepos/install/q/t/include/lux/engine/flowforge
-- Up-to-date: E:/SyncForder/CodeRepos/install/q/t/include/lux/engine/flowforge/compiler
-- Up-to-date: E:/SyncForder/CodeRepos/install/q/t/include/lux/engine/flowforge/compiler/visibility.h
-- Up-to-date: E:/SyncForder/CodeRepos/install/q/t/include/lux/engine/flowforge/visibility.h
-- Up-to-date: E:/SyncForder/CodeRepos/install/q/t/include/lux/engine/function
-- Up-to-date: E:/SyncForder/CodeRepos/install/q/t/include/lux/engine/function/graph
-- Up-to-date: E:/SyncForder/CodeRepos/install/q/t/include/lux/engine/function/graph/visibility.h
-- Up-to-date: E:/SyncForder/CodeRepos/install/q/t/include/lux/engine/function/render
-- Up-to-date: E:/SyncForder/CodeRepos/install/q/t/include/lux/engine/function/render/standard
-- Up-to-date: E:/SyncForder/CodeRepos/install/q/t/include/lux/engine/function/render/standard/content
-- Up-to-date: E:/SyncForder/CodeRepos/install/q/t/include/lux/engine/function/render/standard/content/visibility.h
-- Up-to-date: E:/SyncForder/CodeRepos/install/q/t/include/lux/engine/function/script
-- Up-to-date: E:/SyncForder/CodeRepos/install/q/t/include/lux/engine/function/script/artifact
-- Up-to-date: E:/SyncForder/CodeRepos/install/q/t/include/lux/engine/function/script/artifact/visibility.h
-- Up-to-date: E:/SyncForder/CodeRepos/install/q/t/include/lux/engine/function/visibility.h
-- Up-to-date: E:/SyncForder/CodeRepos/install/q/t/include/lux/engine/material
-- Up-to-date: E:/SyncForder/CodeRepos/install/q/t/include/lux/engine/material/compiler
-- Up-to-date: E:/SyncForder/CodeRepos/install/q/t/include/lux/engine/material/compiler/visibility.h
-- Up-to-date: E:/SyncForder/CodeRepos/install/q/t/include/lux/engine/material/cooker
-- Up-to-date: E:/SyncForder/CodeRepos/install/q/t/include/lux/engine/material/cooker/visibility.h
-- Up-to-date: E:/SyncForder/CodeRepos/install/q/t/include/lux/engine/material/graph
-- Up-to-date: E:/SyncForder/CodeRepos/install/q/t/include/lux/engine/material/graph/visibility.h
-- Up-to-date: E:/SyncForder/CodeRepos/install/q/t/include/lux/engine/physics2d
-- Up-to-date: E:/SyncForder/CodeRepos/install/q/t/include/lux/engine/physics2d/Physics2DComponents.ecs_schema.hpp
-- Up-to-date: E:/SyncForder/CodeRepos/install/q/t/include/lux/engine/physics2d/Physics2DComponents.ecs_snapshot.hpp
-- Up-to-date: E:/SyncForder/CodeRepos/install/q/t/include/lux/engine/physics2d/Physics2DComponents.type_static_info.hpp
-- Up-to-date: E:/SyncForder/CodeRepos/install/q/t/include/lux/engine/physics2d/visibility.h
-- Up-to-date: E:/SyncForder/CodeRepos/install/q/t/include/lux/engine/process
-- Up-to-date: E:/SyncForder/CodeRepos/install/q/t/include/lux/engine/process/asset_loading
-- Up-to-date: E:/SyncForder/CodeRepos/install/q/t/include/lux/engine/process/asset_loading/visibility.h
-- Up-to-date: E:/SyncForder/CodeRepos/install/q/t/include/lux/engine/process/visibility.h
-- Up-to-date: E:/SyncForder/CodeRepos/install/q/t/include/lux/engine/process/world_loading
-- Up-to-date: E:/SyncForder/CodeRepos/install/q/t/include/lux/engine/process/world_loading/visibility.h
-- Up-to-date: E:/SyncForder/CodeRepos/install/q/t/include/lux/engine/resource
-- Up-to-date: E:/SyncForder/CodeRepos/install/q/t/include/lux/engine/resource/asset
-- Up-to-date: E:/SyncForder/CodeRepos/install/q/t/include/lux/engine/resource/asset/visibility.h
-- Up-to-date: E:/SyncForder/CodeRepos/install/q/t/include/lux/engine/resource/visibility.h
-- Up-to-date: E:/SyncForder/CodeRepos/install/q/t/include/lux/engine/scene
-- Up-to-date: E:/SyncForder/CodeRepos/install/q/t/include/lux/engine/scene/asset
-- Up-to-date: E:/SyncForder/CodeRepos/install/q/t/include/lux/engine/scene/asset/visibility.h
-- Up-to-date: E:/SyncForder/CodeRepos/install/q/t/include/lux/engine/scene/description
-- Up-to-date: E:/SyncForder/CodeRepos/install/q/t/include/lux/engine/scene/description/visibility.h
-- Up-to-date: E:/SyncForder/CodeRepos/install/q/t/include/lux/engine/scene/meta
-- Up-to-date: E:/SyncForder/CodeRepos/install/q/t/include/lux/engine/scene/meta/visibility.h
-- Up-to-date: E:/SyncForder/CodeRepos/install/q/t/include/lux/engine/scene/render
-- Up-to-date: E:/SyncForder/CodeRepos/install/q/t/include/lux/engine/scene/render/visibility.h
-- Up-to-date: E:/SyncForder/CodeRepos/install/q/t/include/lux/engine/scene/script_runtime
-- Up-to-date: E:/SyncForder/CodeRepos/install/q/t/include/lux/engine/scene/script_runtime/visibility.h
-- Up-to-date: E:/SyncForder/CodeRepos/install/q/t/include/lux/engine/scene/visibility.h
-- Up-to-date: E:/SyncForder/CodeRepos/install/q/t/include/lux/engine/scene/world_materialization
-- Up-to-date: E:/SyncForder/CodeRepos/install/q/t/include/lux/engine/scene/world_materialization/visibility.h
-- Up-to-date: E:/SyncForder/CodeRepos/install/q/t/include/lux/engine/serialization
-- Up-to-date: E:/SyncForder/CodeRepos/install/q/t/include/lux/engine/serialization/visibility.h
-- Up-to-date: E:/SyncForder/CodeRepos/install/q/t/include/lux/engine/simulation
-- Up-to-date: E:/SyncForder/CodeRepos/install/q/t/include/lux/engine/simulation/asset
-- Up-to-date: E:/SyncForder/CodeRepos/install/q/t/include/lux/engine/simulation/asset/visibility.h
-- Up-to-date: E:/SyncForder/CodeRepos/install/q/t/include/lux/engine/simulation/composition
-- Up-to-date: E:/SyncForder/CodeRepos/install/q/t/include/lux/engine/simulation/composition/visibility.h
-- Up-to-date: E:/SyncForder/CodeRepos/install/q/t/include/lux/engine/simulation/description
-- Up-to-date: E:/SyncForder/CodeRepos/install/q/t/include/lux/engine/simulation/description/visibility.h
-- Up-to-date: E:/SyncForder/CodeRepos/install/q/t/include/lux/engine/simulation/ecs
-- Up-to-date: E:/SyncForder/CodeRepos/install/q/t/include/lux/engine/simulation/ecs/core
-- Up-to-date: E:/SyncForder/CodeRepos/install/q/t/include/lux/engine/simulation/ecs/core/visibility.h
-- Up-to-date: E:/SyncForder/CodeRepos/install/q/t/include/lux/engine/simulation/ecs/hierarchy
-- Up-to-date: E:/SyncForder/CodeRepos/install/q/t/include/lux/engine/simulation/ecs/hierarchy/visibility.h
-- Up-to-date: E:/SyncForder/CodeRepos/install/q/t/include/lux/engine/simulation/ecs/Parent.ecs_schema.hpp
-- Up-to-date: E:/SyncForder/CodeRepos/install/q/t/include/lux/engine/simulation/ecs/Parent.ecs_snapshot.hpp
-- Up-to-date: E:/SyncForder/CodeRepos/install/q/t/include/lux/engine/simulation/ecs/Parent.type_static_info.hpp
-- Up-to-date: E:/SyncForder/CodeRepos/install/q/t/include/lux/engine/simulation/ecs/schema
-- Up-to-date: E:/SyncForder/CodeRepos/install/q/t/include/lux/engine/simulation/ecs/schema/visibility.h
-- Up-to-date: E:/SyncForder/CodeRepos/install/q/t/include/lux/engine/simulation/ecs/snapshot
-- Up-to-date: E:/SyncForder/CodeRepos/install/q/t/include/lux/engine/simulation/ecs/snapshot/visibility.h
-- Up-to-date: E:/SyncForder/CodeRepos/install/q/t/include/lux/engine/simulation/ecs/transform
-- Up-to-date: E:/SyncForder/CodeRepos/install/q/t/include/lux/engine/simulation/ecs/transform/visibility.h
-- Up-to-date: E:/SyncForder/CodeRepos/install/q/t/include/lux/engine/simulation/ecs/Transform.ecs_schema.hpp
-- Up-to-date: E:/SyncForder/CodeRepos/install/q/t/include/lux/engine/simulation/ecs/Transform.ecs_snapshot.hpp
-- Up-to-date: E:/SyncForder/CodeRepos/install/q/t/include/lux/engine/simulation/ecs/Transform.type_static_info.hpp
-- Up-to-date: E:/SyncForder/CodeRepos/install/q/t/include/lux/engine/simulation/ecs/visual
-- Up-to-date: E:/SyncForder/CodeRepos/install/q/t/include/lux/engine/simulation/ecs/visual/visibility.h
-- Up-to-date: E:/SyncForder/CodeRepos/install/q/t/include/lux/engine/simulation/ecs/Visual.ecs_schema.hpp
-- Up-to-date: E:/SyncForder/CodeRepos/install/q/t/include/lux/engine/simulation/ecs/Visual.ecs_snapshot.hpp
-- Up-to-date: E:/SyncForder/CodeRepos/install/q/t/include/lux/engine/simulation/ecs/Visual.type_static_info.hpp
-- Up-to-date: E:/SyncForder/CodeRepos/install/q/t/include/lux/engine/simulation/scripting
-- Up-to-date: E:/SyncForder/CodeRepos/install/q/t/include/lux/engine/simulation/scripting/cpp_static
-- Up-to-date: E:/SyncForder/CodeRepos/install/q/t/include/lux/engine/simulation/scripting/cpp_static/visibility.h
-- Up-to-date: E:/SyncForder/CodeRepos/install/q/t/include/lux/engine/simulation/scripting/native
-- Up-to-date: E:/SyncForder/CodeRepos/install/q/t/include/lux/engine/simulation/scripting/native/visibility.h
-- Up-to-date: E:/SyncForder/CodeRepos/install/q/t/include/lux/engine/simulation/script_system
-- Up-to-date: E:/SyncForder/CodeRepos/install/q/t/include/lux/engine/simulation/script_system/visibility.h
-- Up-to-date: E:/SyncForder/CodeRepos/install/q/t/include/lux/engine/simulation/system
-- Up-to-date: E:/SyncForder/CodeRepos/install/q/t/include/lux/engine/simulation/system/visibility.h
-- Up-to-date: E:/SyncForder/CodeRepos/install/q/t/include/lux/engine/simulation/transform_system
-- Up-to-date: E:/SyncForder/CodeRepos/install/q/t/include/lux/engine/simulation/transform_system/visibility.h
-- Up-to-date: E:/SyncForder/CodeRepos/install/q/t/include/lux/engine/spatial
-- Up-to-date: E:/SyncForder/CodeRepos/install/q/t/include/lux/engine/spatial/spatial2d
-- Up-to-date: E:/SyncForder/CodeRepos/install/q/t/include/lux/engine/spatial/spatial2d/visibility.h
-- Up-to-date: E:/SyncForder/CodeRepos/install/q/t/include/lux/engine/spatial/spatial3d
-- Up-to-date: E:/SyncForder/CodeRepos/install/q/t/include/lux/engine/spatial/spatial3d/visibility.h
-- Up-to-date: E:/SyncForder/CodeRepos/install/q/t/include/lux/engine/system
-- Up-to-date: E:/SyncForder/CodeRepos/install/q/t/include/lux/engine/system/description
-- Up-to-date: E:/SyncForder/CodeRepos/install/q/t/include/lux/engine/system/description/visibility.h
-- Up-to-date: E:/SyncForder/CodeRepos/install/q/t/include/lux/engine/system/identity
-- Up-to-date: E:/SyncForder/CodeRepos/install/q/t/include/lux/engine/system/identity/visibility.h
-- Up-to-date: E:/SyncForder/CodeRepos/install/q/t/include/lux/engine/task
-- Up-to-date: E:/SyncForder/CodeRepos/install/q/t/include/lux/engine/task/visibility.h
-- Up-to-date: E:/SyncForder/CodeRepos/install/q/t/include/lux/engine/toolchain
-- Up-to-date: E:/SyncForder/CodeRepos/install/q/t/include/lux/engine/toolchain/asset
-- Up-to-date: E:/SyncForder/CodeRepos/install/q/t/include/lux/engine/toolchain/asset/model
-- Up-to-date: E:/SyncForder/CodeRepos/install/q/t/include/lux/engine/toolchain/asset/model/visibility.h
-- Up-to-date: E:/SyncForder/CodeRepos/install/q/t/include/lux/engine/toolchain/asset/shader
-- Up-to-date: E:/SyncForder/CodeRepos/install/q/t/include/lux/engine/toolchain/asset/shader/visibility.h
-- Up-to-date: E:/SyncForder/CodeRepos/install/q/t/include/lux/engine/toolchain/asset/texture
-- Up-to-date: E:/SyncForder/CodeRepos/install/q/t/include/lux/engine/toolchain/asset/texture/visibility.h
-- Up-to-date: E:/SyncForder/CodeRepos/install/q/t/include/lux/engine/world
-- Up-to-date: E:/SyncForder/CodeRepos/install/q/t/include/lux/engine/world/asset
-- Up-to-date: E:/SyncForder/CodeRepos/install/q/t/include/lux/engine/world/asset/visibility.h
-- Up-to-date: E:/SyncForder/CodeRepos/install/q/t/include/lux/engine/world/description
-- Up-to-date: E:/SyncForder/CodeRepos/install/q/t/include/lux/engine/world/description/visibility.h
-- Up-to-date: E:/SyncForder/CodeRepos/install/q/t/include/lux/engine/world/partition
-- Up-to-date: E:/SyncForder/CodeRepos/install/q/t/include/lux/engine/world/partition/visibility.h
-- Up-to-date: E:/SyncForder/CodeRepos/install/q/t/include/lux/engine/world/storage
-- Up-to-date: E:/SyncForder/CodeRepos/install/q/t/include/lux/engine/world/storage/visibility.h
-- Up-to-date: E:/SyncForder/CodeRepos/install/q/t/include/test
-- Installing: E:/SyncForder/CodeRepos/install/q/t/share/lux-engine-domain-system-description/domain_system_description/lux-engine-domain-system-description-domain_system_description-config-targets.cmake
-- Installing: E:/SyncForder/CodeRepos/install/q/t/share/lux-engine-domain-system-description/domain_system_description/lux-engine-domain-system-description-domain_system_description-config-targets-relwithdebinfo.cmake
-- Installing: E:/SyncForder/CodeRepos/install/q/t/share/lux-engine-domain-system-description/domain_system_description/lux-engine-domain-system-description-domain_system_description-import.cmake
-- Installing: E:/SyncForder/CodeRepos/install/q/t/lib/lux_engine_domain_system_description.lib
-- Installing: E:/SyncForder/CodeRepos/install/q/t/bin/lux_engine_domain_system_description.dll
-- Installing: E:/SyncForder/CodeRepos/install/q/t/share/lux-engine-domain-system-description/lux-engine-domain-system-description-config.cmake
-- Installing: E:/SyncForder/CodeRepos/install/q/t/share/lux-engine-domain-system-description/lux-engine-domain-system-description-config-version.cmake
-- Installing: E:/SyncForder/CodeRepos/install/q/t/share/lux-engine-domain-system-description/lux-engine-domain-system-description-available-components.cmake
-- Up-to-date: E:/SyncForder/CodeRepos/install/q/t/include
-- Up-to-date: E:/SyncForder/CodeRepos/install/q/t/include/lux
-- Up-to-date: E:/SyncForder/CodeRepos/install/q/t/include/lux/engine
-- Up-to-date: E:/SyncForder/CodeRepos/install/q/t/include/lux/engine/simulation
-- Installing: E:/SyncForder/CodeRepos/install/q/t/include/lux/engine/simulation/SimulationAssetCodec.hpp
-- Up-to-date: E:/SyncForder/CodeRepos/install/q/t/include
-- Up-to-date: E:/SyncForder/CodeRepos/install/q/t/include/lux
-- Up-to-date: E:/SyncForder/CodeRepos/install/q/t/include/lux/engine
-- Up-to-date: E:/SyncForder/CodeRepos/install/q/t/include/lux/engine/core
-- Up-to-date: E:/SyncForder/CodeRepos/install/q/t/include/lux/engine/core/visibility.h
-- Up-to-date: E:/SyncForder/CodeRepos/install/q/t/include/lux/engine/dynamic_library
-- Up-to-date: E:/SyncForder/CodeRepos/install/q/t/include/lux/engine/dynamic_library/visibility.h
-- Up-to-date: E:/SyncForder/CodeRepos/install/q/t/include/lux/engine/flowforge
-- Up-to-date: E:/SyncForder/CodeRepos/install/q/t/include/lux/engine/flowforge/compiler
-- Up-to-date: E:/SyncForder/CodeRepos/install/q/t/include/lux/engine/flowforge/compiler/visibility.h
-- Up-to-date: E:/SyncForder/CodeRepos/install/q/t/include/lux/engine/flowforge/visibility.h
-- Up-to-date: E:/SyncForder/CodeRepos/install/q/t/include/lux/engine/function
-- Up-to-date: E:/SyncForder/CodeRepos/install/q/t/include/lux/engine/function/graph
-- Up-to-date: E:/SyncForder/CodeRepos/install/q/t/include/lux/engine/function/graph/visibility.h
-- Up-to-date: E:/SyncForder/CodeRepos/install/q/t/include/lux/engine/function/render
-- Up-to-date: E:/SyncForder/CodeRepos/install/q/t/include/lux/engine/function/render/standard
-- Up-to-date: E:/SyncForder/CodeRepos/install/q/t/include/lux/engine/function/render/standard/content
-- Up-to-date: E:/SyncForder/CodeRepos/install/q/t/include/lux/engine/function/render/standard/content/visibility.h
-- Up-to-date: E:/SyncForder/CodeRepos/install/q/t/include/lux/engine/function/script
-- Up-to-date: E:/SyncForder/CodeRepos/install/q/t/include/lux/engine/function/script/artifact
-- Up-to-date: E:/SyncForder/CodeRepos/install/q/t/include/lux/engine/function/script/artifact/visibility.h
-- Up-to-date: E:/SyncForder/CodeRepos/install/q/t/include/lux/engine/function/visibility.h
-- Up-to-date: E:/SyncForder/CodeRepos/install/q/t/include/lux/engine/material
-- Up-to-date: E:/SyncForder/CodeRepos/install/q/t/include/lux/engine/material/compiler
-- Up-to-date: E:/SyncForder/CodeRepos/install/q/t/include/lux/engine/material/compiler/visibility.h
-- Up-to-date: E:/SyncForder/CodeRepos/install/q/t/include/lux/engine/material/cooker
-- Up-to-date: E:/SyncForder/CodeRepos/install/q/t/include/lux/engine/material/cooker/visibility.h
-- Up-to-date: E:/SyncForder/CodeRepos/install/q/t/include/lux/engine/material/graph
-- Up-to-date: E:/SyncForder/CodeRepos/install/q/t/include/lux/engine/material/graph/visibility.h
-- Up-to-date: E:/SyncForder/CodeRepos/install/q/t/include/lux/engine/physics2d
-- Up-to-date: E:/SyncForder/CodeRepos/install/q/t/include/lux/engine/physics2d/Physics2DComponents.ecs_schema.hpp
-- Up-to-date: E:/SyncForder/CodeRepos/install/q/t/include/lux/engine/physics2d/Physics2DComponents.ecs_snapshot.hpp
-- Up-to-date: E:/SyncForder/CodeRepos/install/q/t/include/lux/engine/physics2d/Physics2DComponents.type_static_info.hpp
-- Up-to-date: E:/SyncForder/CodeRepos/install/q/t/include/lux/engine/physics2d/visibility.h
-- Up-to-date: E:/SyncForder/CodeRepos/install/q/t/include/lux/engine/process
-- Up-to-date: E:/SyncForder/CodeRepos/install/q/t/include/lux/engine/process/asset_loading
-- Up-to-date: E:/SyncForder/CodeRepos/install/q/t/include/lux/engine/process/asset_loading/visibility.h
-- Up-to-date: E:/SyncForder/CodeRepos/install/q/t/include/lux/engine/process/visibility.h
-- Up-to-date: E:/SyncForder/CodeRepos/install/q/t/include/lux/engine/process/world_loading
-- Up-to-date: E:/SyncForder/CodeRepos/install/q/t/include/lux/engine/process/world_loading/visibility.h
-- Up-to-date: E:/SyncForder/CodeRepos/install/q/t/include/lux/engine/resource
-- Up-to-date: E:/SyncForder/CodeRepos/install/q/t/include/lux/engine/resource/asset
-- Up-to-date: E:/SyncForder/CodeRepos/install/q/t/include/lux/engine/resource/asset/visibility.h
-- Up-to-date: E:/SyncForder/CodeRepos/install/q/t/include/lux/engine/resource/visibility.h
-- Up-to-date: E:/SyncForder/CodeRepos/install/q/t/include/lux/engine/scene
-- Up-to-date: E:/SyncForder/CodeRepos/install/q/t/include/lux/engine/scene/asset
-- Up-to-date: E:/SyncForder/CodeRepos/install/q/t/include/lux/engine/scene/asset/visibility.h
-- Up-to-date: E:/SyncForder/CodeRepos/install/q/t/include/lux/engine/scene/description
-- Up-to-date: E:/SyncForder/CodeRepos/install/q/t/include/lux/engine/scene/description/visibility.h
-- Up-to-date: E:/SyncForder/CodeRepos/install/q/t/include/lux/engine/scene/meta
-- Up-to-date: E:/SyncForder/CodeRepos/install/q/t/include/lux/engine/scene/meta/visibility.h
-- Up-to-date: E:/SyncForder/CodeRepos/install/q/t/include/lux/engine/scene/render
-- Up-to-date: E:/SyncForder/CodeRepos/install/q/t/include/lux/engine/scene/render/visibility.h
-- Up-to-date: E:/SyncForder/CodeRepos/install/q/t/include/lux/engine/scene/script_runtime
-- Up-to-date: E:/SyncForder/CodeRepos/install/q/t/include/lux/engine/scene/script_runtime/visibility.h
-- Up-to-date: E:/SyncForder/CodeRepos/install/q/t/include/lux/engine/scene/visibility.h
-- Up-to-date: E:/SyncForder/CodeRepos/install/q/t/include/lux/engine/scene/world_materialization
-- Up-to-date: E:/SyncForder/CodeRepos/install/q/t/include/lux/engine/scene/world_materialization/visibility.h
-- Up-to-date: E:/SyncForder/CodeRepos/install/q/t/include/lux/engine/serialization
-- Up-to-date: E:/SyncForder/CodeRepos/install/q/t/include/lux/engine/serialization/visibility.h
-- Up-to-date: E:/SyncForder/CodeRepos/install/q/t/include/lux/engine/simulation
-- Up-to-date: E:/SyncForder/CodeRepos/install/q/t/include/lux/engine/simulation/asset
-- Up-to-date: E:/SyncForder/CodeRepos/install/q/t/include/lux/engine/simulation/asset/visibility.h
-- Up-to-date: E:/SyncForder/CodeRepos/install/q/t/include/lux/engine/simulation/composition
-- Up-to-date: E:/SyncForder/CodeRepos/install/q/t/include/lux/engine/simulation/composition/visibility.h
-- Up-to-date: E:/SyncForder/CodeRepos/install/q/t/include/lux/engine/simulation/description
-- Up-to-date: E:/SyncForder/CodeRepos/install/q/t/include/lux/engine/simulation/description/visibility.h
-- Up-to-date: E:/SyncForder/CodeRepos/install/q/t/include/lux/engine/simulation/ecs
-- Up-to-date: E:/SyncForder/CodeRepos/install/q/t/include/lux/engine/simulation/ecs/core
-- Up-to-date: E:/SyncForder/CodeRepos/install/q/t/include/lux/engine/simulation/ecs/core/visibility.h
-- Up-to-date: E:/SyncForder/CodeRepos/install/q/t/include/lux/engine/simulation/ecs/hierarchy
-- Up-to-date: E:/SyncForder/CodeRepos/install/q/t/include/lux/engine/simulation/ecs/hierarchy/visibility.h
-- Up-to-date: E:/SyncForder/CodeRepos/install/q/t/include/lux/engine/simulation/ecs/Parent.ecs_schema.hpp
-- Up-to-date: E:/SyncForder/CodeRepos/install/q/t/include/lux/engine/simulation/ecs/Parent.ecs_snapshot.hpp
-- Up-to-date: E:/SyncForder/CodeRepos/install/q/t/include/lux/engine/simulation/ecs/Parent.type_static_info.hpp
-- Up-to-date: E:/SyncForder/CodeRepos/install/q/t/include/lux/engine/simulation/ecs/schema
-- Up-to-date: E:/SyncForder/CodeRepos/install/q/t/include/lux/engine/simulation/ecs/schema/visibility.h
-- Up-to-date: E:/SyncForder/CodeRepos/install/q/t/include/lux/engine/simulation/ecs/snapshot
-- Up-to-date: E:/SyncForder/CodeRepos/install/q/t/include/lux/engine/simulation/ecs/snapshot/visibility.h
-- Up-to-date: E:/SyncForder/CodeRepos/install/q/t/include/lux/engine/simulation/ecs/transform
-- Up-to-date: E:/SyncForder/CodeRepos/install/q/t/include/lux/engine/simulation/ecs/transform/visibility.h
-- Up-to-date: E:/SyncForder/CodeRepos/install/q/t/include/lux/engine/simulation/ecs/Transform.ecs_schema.hpp
-- Up-to-date: E:/SyncForder/CodeRepos/install/q/t/include/lux/engine/simulation/ecs/Transform.ecs_snapshot.hpp
-- Up-to-date: E:/SyncForder/CodeRepos/install/q/t/include/lux/engine/simulation/ecs/Transform.type_static_info.hpp
-- Up-to-date: E:/SyncForder/CodeRepos/install/q/t/include/lux/engine/simulation/ecs/visual
-- Up-to-date: E:/SyncForder/CodeRepos/install/q/t/include/lux/engine/simulation/ecs/visual/visibility.h
-- Up-to-date: E:/SyncForder/CodeRepos/install/q/t/include/lux/engine/simulation/ecs/Visual.ecs_schema.hpp
-- Up-to-date: E:/SyncForder/CodeRepos/install/q/t/include/lux/engine/simulation/ecs/Visual.ecs_snapshot.hpp
-- Up-to-date: E:/SyncForder/CodeRepos/install/q/t/include/lux/engine/simulation/ecs/Visual.type_static_info.hpp
-- Up-to-date: E:/SyncForder/CodeRepos/install/q/t/include/lux/engine/simulation/scripting
-- Up-to-date: E:/SyncForder/CodeRepos/install/q/t/include/lux/engine/simulation/scripting/cpp_static
-- Up-to-date: E:/SyncForder/CodeRepos/install/q/t/include/lux/engine/simulation/scripting/cpp_static/visibility.h
-- Up-to-date: E:/SyncForder/CodeRepos/install/q/t/include/lux/engine/simulation/scripting/native
-- Up-to-date: E:/SyncForder/CodeRepos/install/q/t/include/lux/engine/simulation/scripting/native/visibility.h
-- Up-to-date: E:/SyncForder/CodeRepos/install/q/t/include/lux/engine/simulation/script_system
-- Up-to-date: E:/SyncForder/CodeRepos/install/q/t/include/lux/engine/simulation/script_system/visibility.h
-- Up-to-date: E:/SyncForder/CodeRepos/install/q/t/include/lux/engine/simulation/system
-- Up-to-date: E:/SyncForder/CodeRepos/install/q/t/include/lux/engine/simulation/system/visibility.h
-- Up-to-date: E:/SyncForder/CodeRepos/install/q/t/include/lux/engine/simulation/transform_system
-- Up-to-date: E:/SyncForder/CodeRepos/install/q/t/include/lux/engine/simulation/transform_system/visibility.h
-- Up-to-date: E:/SyncForder/CodeRepos/install/q/t/include/lux/engine/spatial
-- Up-to-date: E:/SyncForder/CodeRepos/install/q/t/include/lux/engine/spatial/spatial2d
-- Up-to-date: E:/SyncForder/CodeRepos/install/q/t/include/lux/engine/spatial/spatial2d/visibility.h
-- Up-to-date: E:/SyncForder/CodeRepos/install/q/t/include/lux/engine/spatial/spatial3d
-- Up-to-date: E:/SyncForder/CodeRepos/install/q/t/include/lux/engine/spatial/spatial3d/visibility.h
-- Up-to-date: E:/SyncForder/CodeRepos/install/q/t/include/lux/engine/system
-- Up-to-date: E:/SyncForder/CodeRepos/install/q/t/include/lux/engine/system/description
-- Up-to-date: E:/SyncForder/CodeRepos/install/q/t/include/lux/engine/system/description/visibility.h
-- Up-to-date: E:/SyncForder/CodeRepos/install/q/t/include/lux/engine/system/identity
-- Up-to-date: E:/SyncForder/CodeRepos/install/q/t/include/lux/engine/system/identity/visibility.h
-- Up-to-date: E:/SyncForder/CodeRepos/install/q/t/include/lux/engine/task
-- Up-to-date: E:/SyncForder/CodeRepos/install/q/t/include/lux/engine/task/visibility.h
-- Up-to-date: E:/SyncForder/CodeRepos/install/q/t/include/lux/engine/toolchain
-- Up-to-date: E:/SyncForder/CodeRepos/install/q/t/include/lux/engine/toolchain/asset
-- Up-to-date: E:/SyncForder/CodeRepos/install/q/t/include/lux/engine/toolchain/asset/model
-- Up-to-date: E:/SyncForder/CodeRepos/install/q/t/include/lux/engine/toolchain/asset/model/visibility.h
-- Up-to-date: E:/SyncForder/CodeRepos/install/q/t/include/lux/engine/toolchain/asset/shader
-- Up-to-date: E:/SyncForder/CodeRepos/install/q/t/include/lux/engine/toolchain/asset/shader/visibility.h
-- Up-to-date: E:/SyncForder/CodeRepos/install/q/t/include/lux/engine/toolchain/asset/texture
-- Up-to-date: E:/SyncForder/CodeRepos/install/q/t/include/lux/engine/toolchain/asset/texture/visibility.h
-- Up-to-date: E:/SyncForder/CodeRepos/install/q/t/include/lux/engine/world
-- Up-to-date: E:/SyncForder/CodeRepos/install/q/t/include/lux/engine/world/asset
-- Up-to-date: E:/SyncForder/CodeRepos/install/q/t/include/lux/engine/world/asset/visibility.h
-- Up-to-date: E:/SyncForder/CodeRepos/install/q/t/include/lux/engine/world/description
-- Up-to-date: E:/SyncForder/CodeRepos/install/q/t/include/lux/engine/world/description/visibility.h
-- Up-to-date: E:/SyncForder/CodeRepos/install/q/t/include/lux/engine/world/partition
-- Up-to-date: E:/SyncForder/CodeRepos/install/q/t/include/lux/engine/world/partition/visibility.h
-- Up-to-date: E:/SyncForder/CodeRepos/install/q/t/include/lux/engine/world/storage
-- Up-to-date: E:/SyncForder/CodeRepos/install/q/t/include/lux/engine/world/storage/visibility.h
-- Up-to-date: E:/SyncForder/CodeRepos/install/q/t/include/test
-- Installing: E:/SyncForder/CodeRepos/install/q/t/share/lux-engine-simulation-asset/simulation_asset/lux-engine-simulation-asset-simulation_asset-config-targets.cmake
-- Installing: E:/SyncForder/CodeRepos/install/q/t/share/lux-engine-simulation-asset/simulation_asset/lux-engine-simulation-asset-simulation_asset-config-targets-relwithdebinfo.cmake
-- Installing: E:/SyncForder/CodeRepos/install/q/t/share/lux-engine-simulation-asset/simulation_asset/lux-engine-simulation-asset-simulation_asset-import.cmake
-- Installing: E:/SyncForder/CodeRepos/install/q/t/lib/lux_engine_simulation_asset.lib
-- Installing: E:/SyncForder/CodeRepos/install/q/t/bin/lux_engine_simulation_asset.dll
-- Installing: E:/SyncForder/CodeRepos/install/q/t/share/lux-engine-simulation-asset/lux-engine-simulation-asset-config.cmake
-- Installing: E:/SyncForder/CodeRepos/install/q/t/share/lux-engine-simulation-asset/lux-engine-simulation-asset-config-version.cmake
-- Installing: E:/SyncForder/CodeRepos/install/q/t/share/lux-engine-simulation-asset/lux-engine-simulation-asset-available-components.cmake
-- Up-to-date: E:/SyncForder/CodeRepos/install/q/t/include
-- Up-to-date: E:/SyncForder/CodeRepos/install/q/t/include/lux
-- Up-to-date: E:/SyncForder/CodeRepos/install/q/t/include/lux/engine
-- Up-to-date: E:/SyncForder/CodeRepos/install/q/t/include/lux/engine/simulation
-- Installing: E:/SyncForder/CodeRepos/install/q/t/include/lux/engine/simulation/detail
-- Installing: E:/SyncForder/CodeRepos/install/q/t/include/lux/engine/simulation/detail/DenseEntityHandlerStorage.hpp
-- Installing: E:/SyncForder/CodeRepos/install/q/t/include/lux/engine/simulation/HookChannel.hpp
-- Installing: E:/SyncForder/CodeRepos/install/q/t/include/lux/engine/simulation/HookInvocation.hpp
-- Installing: E:/SyncForder/CodeRepos/install/q/t/include/lux/engine/simulation/HookPoint.hpp
-- Installing: E:/SyncForder/CodeRepos/install/q/t/include/lux/engine/simulation/SimulationSystem.hpp
-- Installing: E:/SyncForder/CodeRepos/install/q/t/include/lux/engine/simulation/SimulationSystemRegistry.hpp
-- Installing: E:/SyncForder/CodeRepos/install/q/t/include/lux/engine/simulation/SystemAccessSpec.hpp
-- Up-to-date: E:/SyncForder/CodeRepos/install/q/t/include
-- Up-to-date: E:/SyncForder/CodeRepos/install/q/t/include/lux
-- Up-to-date: E:/SyncForder/CodeRepos/install/q/t/include/lux/engine
-- Up-to-date: E:/SyncForder/CodeRepos/install/q/t/include/lux/engine/core
-- Up-to-date: E:/SyncForder/CodeRepos/install/q/t/include/lux/engine/core/visibility.h
-- Up-to-date: E:/SyncForder/CodeRepos/install/q/t/include/lux/engine/dynamic_library
-- Up-to-date: E:/SyncForder/CodeRepos/install/q/t/include/lux/engine/dynamic_library/visibility.h
-- Up-to-date: E:/SyncForder/CodeRepos/install/q/t/include/lux/engine/flowforge
-- Up-to-date: E:/SyncForder/CodeRepos/install/q/t/include/lux/engine/flowforge/compiler
-- Up-to-date: E:/SyncForder/CodeRepos/install/q/t/include/lux/engine/flowforge/compiler/visibility.h
-- Up-to-date: E:/SyncForder/CodeRepos/install/q/t/include/lux/engine/flowforge/visibility.h
-- Up-to-date: E:/SyncForder/CodeRepos/install/q/t/include/lux/engine/function
-- Up-to-date: E:/SyncForder/CodeRepos/install/q/t/include/lux/engine/function/graph
-- Up-to-date: E:/SyncForder/CodeRepos/install/q/t/include/lux/engine/function/graph/visibility.h
-- Up-to-date: E:/SyncForder/CodeRepos/install/q/t/include/lux/engine/function/render
-- Up-to-date: E:/SyncForder/CodeRepos/install/q/t/include/lux/engine/function/render/standard
-- Up-to-date: E:/SyncForder/CodeRepos/install/q/t/include/lux/engine/function/render/standard/content
-- Up-to-date: E:/SyncForder/CodeRepos/install/q/t/include/lux/engine/function/render/standard/content/visibility.h
-- Up-to-date: E:/SyncForder/CodeRepos/install/q/t/include/lux/engine/function/script
-- Up-to-date: E:/SyncForder/CodeRepos/install/q/t/include/lux/engine/function/script/artifact
-- Up-to-date: E:/SyncForder/CodeRepos/install/q/t/include/lux/engine/function/script/artifact/visibility.h
-- Up-to-date: E:/SyncForder/CodeRepos/install/q/t/include/lux/engine/function/visibility.h
-- Up-to-date: E:/SyncForder/CodeRepos/install/q/t/include/lux/engine/material
-- Up-to-date: E:/SyncForder/CodeRepos/install/q/t/include/lux/engine/material/compiler
-- Up-to-date: E:/SyncForder/CodeRepos/install/q/t/include/lux/engine/material/compiler/visibility.h
-- Up-to-date: E:/SyncForder/CodeRepos/install/q/t/include/lux/engine/material/cooker
-- Up-to-date: E:/SyncForder/CodeRepos/install/q/t/include/lux/engine/material/cooker/visibility.h
-- Up-to-date: E:/SyncForder/CodeRepos/install/q/t/include/lux/engine/material/graph
-- Up-to-date: E:/SyncForder/CodeRepos/install/q/t/include/lux/engine/material/graph/visibility.h
-- Up-to-date: E:/SyncForder/CodeRepos/install/q/t/include/lux/engine/physics2d
-- Up-to-date: E:/SyncForder/CodeRepos/install/q/t/include/lux/engine/physics2d/Physics2DComponents.ecs_schema.hpp
-- Up-to-date: E:/SyncForder/CodeRepos/install/q/t/include/lux/engine/physics2d/Physics2DComponents.ecs_snapshot.hpp
-- Up-to-date: E:/SyncForder/CodeRepos/install/q/t/include/lux/engine/physics2d/Physics2DComponents.type_static_info.hpp
-- Up-to-date: E:/SyncForder/CodeRepos/install/q/t/include/lux/engine/physics2d/visibility.h
-- Up-to-date: E:/SyncForder/CodeRepos/install/q/t/include/lux/engine/process
-- Up-to-date: E:/SyncForder/CodeRepos/install/q/t/include/lux/engine/process/asset_loading
-- Up-to-date: E:/SyncForder/CodeRepos/install/q/t/include/lux/engine/process/asset_loading/visibility.h
-- Up-to-date: E:/SyncForder/CodeRepos/install/q/t/include/lux/engine/process/visibility.h
-- Up-to-date: E:/SyncForder/CodeRepos/install/q/t/include/lux/engine/process/world_loading
-- Up-to-date: E:/SyncForder/CodeRepos/install/q/t/include/lux/engine/process/world_loading/visibility.h
-- Up-to-date: E:/SyncForder/CodeRepos/install/q/t/include/lux/engine/resource
-- Up-to-date: E:/SyncForder/CodeRepos/install/q/t/include/lux/engine/resource/asset
-- Up-to-date: E:/SyncForder/CodeRepos/install/q/t/include/lux/engine/resource/asset/visibility.h
-- Up-to-date: E:/SyncForder/CodeRepos/install/q/t/include/lux/engine/resource/visibility.h
-- Up-to-date: E:/SyncForder/CodeRepos/install/q/t/include/lux/engine/scene
-- Up-to-date: E:/SyncForder/CodeRepos/install/q/t/include/lux/engine/scene/asset
-- Up-to-date: E:/SyncForder/CodeRepos/install/q/t/include/lux/engine/scene/asset/visibility.h
-- Up-to-date: E:/SyncForder/CodeRepos/install/q/t/include/lux/engine/scene/description
-- Up-to-date: E:/SyncForder/CodeRepos/install/q/t/include/lux/engine/scene/description/visibility.h
-- Up-to-date: E:/SyncForder/CodeRepos/install/q/t/include/lux/engine/scene/meta
-- Up-to-date: E:/SyncForder/CodeRepos/install/q/t/include/lux/engine/scene/meta/visibility.h
-- Up-to-date: E:/SyncForder/CodeRepos/install/q/t/include/lux/engine/scene/render
-- Up-to-date: E:/SyncForder/CodeRepos/install/q/t/include/lux/engine/scene/render/visibility.h
-- Up-to-date: E:/SyncForder/CodeRepos/install/q/t/include/lux/engine/scene/script_runtime
-- Up-to-date: E:/SyncForder/CodeRepos/install/q/t/include/lux/engine/scene/script_runtime/visibility.h
-- Up-to-date: E:/SyncForder/CodeRepos/install/q/t/include/lux/engine/scene/visibility.h
-- Up-to-date: E:/SyncForder/CodeRepos/install/q/t/include/lux/engine/scene/world_materialization
-- Up-to-date: E:/SyncForder/CodeRepos/install/q/t/include/lux/engine/scene/world_materialization/visibility.h
-- Up-to-date: E:/SyncForder/CodeRepos/install/q/t/include/lux/engine/serialization
-- Up-to-date: E:/SyncForder/CodeRepos/install/q/t/include/lux/engine/serialization/visibility.h
-- Up-to-date: E:/SyncForder/CodeRepos/install/q/t/include/lux/engine/simulation
-- Up-to-date: E:/SyncForder/CodeRepos/install/q/t/include/lux/engine/simulation/asset
-- Up-to-date: E:/SyncForder/CodeRepos/install/q/t/include/lux/engine/simulation/asset/visibility.h
-- Up-to-date: E:/SyncForder/CodeRepos/install/q/t/include/lux/engine/simulation/composition
-- Up-to-date: E:/SyncForder/CodeRepos/install/q/t/include/lux/engine/simulation/composition/visibility.h
-- Up-to-date: E:/SyncForder/CodeRepos/install/q/t/include/lux/engine/simulation/description
-- Up-to-date: E:/SyncForder/CodeRepos/install/q/t/include/lux/engine/simulation/description/visibility.h
-- Up-to-date: E:/SyncForder/CodeRepos/install/q/t/include/lux/engine/simulation/ecs
-- Up-to-date: E:/SyncForder/CodeRepos/install/q/t/include/lux/engine/simulation/ecs/core
-- Up-to-date: E:/SyncForder/CodeRepos/install/q/t/include/lux/engine/simulation/ecs/core/visibility.h
-- Up-to-date: E:/SyncForder/CodeRepos/install/q/t/include/lux/engine/simulation/ecs/hierarchy
-- Up-to-date: E:/SyncForder/CodeRepos/install/q/t/include/lux/engine/simulation/ecs/hierarchy/visibility.h
-- Up-to-date: E:/SyncForder/CodeRepos/install/q/t/include/lux/engine/simulation/ecs/Parent.ecs_schema.hpp
-- Up-to-date: E:/SyncForder/CodeRepos/install/q/t/include/lux/engine/simulation/ecs/Parent.ecs_snapshot.hpp
-- Up-to-date: E:/SyncForder/CodeRepos/install/q/t/include/lux/engine/simulation/ecs/Parent.type_static_info.hpp
-- Up-to-date: E:/SyncForder/CodeRepos/install/q/t/include/lux/engine/simulation/ecs/schema
-- Up-to-date: E:/SyncForder/CodeRepos/install/q/t/include/lux/engine/simulation/ecs/schema/visibility.h
-- Up-to-date: E:/SyncForder/CodeRepos/install/q/t/include/lux/engine/simulation/ecs/snapshot
-- Up-to-date: E:/SyncForder/CodeRepos/install/q/t/include/lux/engine/simulation/ecs/snapshot/visibility.h
-- Up-to-date: E:/SyncForder/CodeRepos/install/q/t/include/lux/engine/simulation/ecs/transform
-- Up-to-date: E:/SyncForder/CodeRepos/install/q/t/include/lux/engine/simulation/ecs/transform/visibility.h
-- Up-to-date: E:/SyncForder/CodeRepos/install/q/t/include/lux/engine/simulation/ecs/Transform.ecs_schema.hpp
-- Up-to-date: E:/SyncForder/CodeRepos/install/q/t/include/lux/engine/simulation/ecs/Transform.ecs_snapshot.hpp
-- Up-to-date: E:/SyncForder/CodeRepos/install/q/t/include/lux/engine/simulation/ecs/Transform.type_static_info.hpp
-- Up-to-date: E:/SyncForder/CodeRepos/install/q/t/include/lux/engine/simulation/ecs/visual
-- Up-to-date: E:/SyncForder/CodeRepos/install/q/t/include/lux/engine/simulation/ecs/visual/visibility.h
-- Up-to-date: E:/SyncForder/CodeRepos/install/q/t/include/lux/engine/simulation/ecs/Visual.ecs_schema.hpp
-- Up-to-date: E:/SyncForder/CodeRepos/install/q/t/include/lux/engine/simulation/ecs/Visual.ecs_snapshot.hpp
-- Up-to-date: E:/SyncForder/CodeRepos/install/q/t/include/lux/engine/simulation/ecs/Visual.type_static_info.hpp
-- Up-to-date: E:/SyncForder/CodeRepos/install/q/t/include/lux/engine/simulation/scripting
-- Up-to-date: E:/SyncForder/CodeRepos/install/q/t/include/lux/engine/simulation/scripting/cpp_static
-- Up-to-date: E:/SyncForder/CodeRepos/install/q/t/include/lux/engine/simulation/scripting/cpp_static/visibility.h
-- Up-to-date: E:/SyncForder/CodeRepos/install/q/t/include/lux/engine/simulation/scripting/native
-- Up-to-date: E:/SyncForder/CodeRepos/install/q/t/include/lux/engine/simulation/scripting/native/visibility.h
-- Up-to-date: E:/SyncForder/CodeRepos/install/q/t/include/lux/engine/simulation/script_system
-- Up-to-date: E:/SyncForder/CodeRepos/install/q/t/include/lux/engine/simulation/script_system/visibility.h
-- Up-to-date: E:/SyncForder/CodeRepos/install/q/t/include/lux/engine/simulation/system
-- Up-to-date: E:/SyncForder/CodeRepos/install/q/t/include/lux/engine/simulation/system/visibility.h
-- Up-to-date: E:/SyncForder/CodeRepos/install/q/t/include/lux/engine/simulation/transform_system
-- Up-to-date: E:/SyncForder/CodeRepos/install/q/t/include/lux/engine/simulation/transform_system/visibility.h
-- Up-to-date: E:/SyncForder/CodeRepos/install/q/t/include/lux/engine/spatial
-- Up-to-date: E:/SyncForder/CodeRepos/install/q/t/include/lux/engine/spatial/spatial2d
-- Up-to-date: E:/SyncForder/CodeRepos/install/q/t/include/lux/engine/spatial/spatial2d/visibility.h
-- Up-to-date: E:/SyncForder/CodeRepos/install/q/t/include/lux/engine/spatial/spatial3d
-- Up-to-date: E:/SyncForder/CodeRepos/install/q/t/include/lux/engine/spatial/spatial3d/visibility.h
-- Up-to-date: E:/SyncForder/CodeRepos/install/q/t/include/lux/engine/system
-- Up-to-date: E:/SyncForder/CodeRepos/install/q/t/include/lux/engine/system/description
-- Up-to-date: E:/SyncForder/CodeRepos/install/q/t/include/lux/engine/system/description/visibility.h
-- Up-to-date: E:/SyncForder/CodeRepos/install/q/t/include/lux/engine/system/identity
-- Up-to-date: E:/SyncForder/CodeRepos/install/q/t/include/lux/engine/system/identity/visibility.h
-- Up-to-date: E:/SyncForder/CodeRepos/install/q/t/include/lux/engine/task
-- Up-to-date: E:/SyncForder/CodeRepos/install/q/t/include/lux/engine/task/visibility.h
-- Up-to-date: E:/SyncForder/CodeRepos/install/q/t/include/lux/engine/toolchain
-- Up-to-date: E:/SyncForder/CodeRepos/install/q/t/include/lux/engine/toolchain/asset
-- Up-to-date: E:/SyncForder/CodeRepos/install/q/t/include/lux/engine/toolchain/asset/model
-- Up-to-date: E:/SyncForder/CodeRepos/install/q/t/include/lux/engine/toolchain/asset/model/visibility.h
-- Up-to-date: E:/SyncForder/CodeRepos/install/q/t/include/lux/engine/toolchain/asset/shader
-- Up-to-date: E:/SyncForder/CodeRepos/install/q/t/include/lux/engine/toolchain/asset/shader/visibility.h
-- Up-to-date: E:/SyncForder/CodeRepos/install/q/t/include/lux/engine/toolchain/asset/texture
-- Up-to-date: E:/SyncForder/CodeRepos/install/q/t/include/lux/engine/toolchain/asset/texture/visibility.h
-- Up-to-date: E:/SyncForder/CodeRepos/install/q/t/include/lux/engine/world
-- Up-to-date: E:/SyncForder/CodeRepos/install/q/t/include/lux/engine/world/asset
-- Up-to-date: E:/SyncForder/CodeRepos/install/q/t/include/lux/engine/world/asset/visibility.h
-- Up-to-date: E:/SyncForder/CodeRepos/install/q/t/include/lux/engine/world/description
-- Up-to-date: E:/SyncForder/CodeRepos/install/q/t/include/lux/engine/world/description/visibility.h
-- Up-to-date: E:/SyncForder/CodeRepos/install/q/t/include/lux/engine/world/partition
-- Up-to-date: E:/SyncForder/CodeRepos/install/q/t/include/lux/engine/world/partition/visibility.h
-- Up-to-date: E:/SyncForder/CodeRepos/install/q/t/include/lux/engine/world/storage
-- Up-to-date: E:/SyncForder/CodeRepos/install/q/t/include/lux/engine/world/storage/visibility.h
-- Up-to-date: E:/SyncForder/CodeRepos/install/q/t/include/test
-- Installing: E:/SyncForder/CodeRepos/install/q/t/share/lux-engine-simulation-system/system/lux-engine-simulation-system-system-config-targets.cmake
-- Installing: E:/SyncForder/CodeRepos/install/q/t/share/lux-engine-simulation-system/system/lux-engine-simulation-system-system-config-targets-relwithdebinfo.cmake
-- Installing: E:/SyncForder/CodeRepos/install/q/t/share/lux-engine-simulation-system/system/lux-engine-simulation-system-system-import.cmake
-- Installing: E:/SyncForder/CodeRepos/install/q/t/lib/lux_engine_simulation_system.lib
-- Installing: E:/SyncForder/CodeRepos/install/q/t/bin/lux_engine_simulation_system.dll
-- Installing: E:/SyncForder/CodeRepos/install/q/t/share/lux-engine-simulation-system/lux-engine-simulation-system-config.cmake
-- Installing: E:/SyncForder/CodeRepos/install/q/t/share/lux-engine-simulation-system/lux-engine-simulation-system-config-version.cmake
-- Installing: E:/SyncForder/CodeRepos/install/q/t/share/lux-engine-simulation-system/lux-engine-simulation-system-available-components.cmake
-- Installing: E:/SyncForder/CodeRepos/install/q/t/share/lux-engine-simulation/simulation_script_cpp_static/cmake_scripts/template
-- Installing: E:/SyncForder/CodeRepos/install/q/t/share/lux-engine-simulation/simulation_script_cpp_static/cmake_scripts/template/cpp_static_script.template
-- Installing: E:/SyncForder/CodeRepos/install/q/t/share/lux-engine-simulation/simulation_script_cpp_static/cmake_scripts/template/cpp_static_script.validation.template
-- Installing: E:/SyncForder/CodeRepos/install/q/t/share/lux-engine-simulation/simulation_script_cpp_static/cmake_scripts/template/cpp_static_script_authoring.template
-- Installing: E:/SyncForder/CodeRepos/install/q/t/share/lux-engine-simulation/simulation_script_cpp_static/cmake_scripts/template/cpp_static_script_header.template
-- Installing: E:/SyncForder/CodeRepos/install/q/t/include/lux/engine/simulation/abilities/DelayAbility.ability.generated.hpp
-- Up-to-date: E:/SyncForder/CodeRepos/install/q/t/include
-- Up-to-date: E:/SyncForder/CodeRepos/install/q/t/include/lux
-- Up-to-date: E:/SyncForder/CodeRepos/install/q/t/include/lux/engine
-- Up-to-date: E:/SyncForder/CodeRepos/install/q/t/include/lux/engine/simulation
-- Installing: E:/SyncForder/CodeRepos/install/q/t/include/lux/engine/simulation/Simulation.hpp
-- Installing: E:/SyncForder/CodeRepos/install/q/t/include/lux/engine/simulation/SimulationBuilder.hpp
-- Installing: E:/SyncForder/CodeRepos/install/q/t/include/lux/engine/simulation/SimulationCommandProducer.hpp
-- Up-to-date: E:/SyncForder/CodeRepos/install/q/t/include
-- Up-to-date: E:/SyncForder/CodeRepos/install/q/t/include/lux
-- Up-to-date: E:/SyncForder/CodeRepos/install/q/t/include/lux/engine
-- Up-to-date: E:/SyncForder/CodeRepos/install/q/t/include/lux/engine/core
-- Up-to-date: E:/SyncForder/CodeRepos/install/q/t/include/lux/engine/core/visibility.h
-- Up-to-date: E:/SyncForder/CodeRepos/install/q/t/include/lux/engine/dynamic_library
-- Up-to-date: E:/SyncForder/CodeRepos/install/q/t/include/lux/engine/dynamic_library/visibility.h
-- Up-to-date: E:/SyncForder/CodeRepos/install/q/t/include/lux/engine/flowforge
-- Up-to-date: E:/SyncForder/CodeRepos/install/q/t/include/lux/engine/flowforge/compiler
-- Up-to-date: E:/SyncForder/CodeRepos/install/q/t/include/lux/engine/flowforge/compiler/visibility.h
-- Up-to-date: E:/SyncForder/CodeRepos/install/q/t/include/lux/engine/flowforge/visibility.h
-- Up-to-date: E:/SyncForder/CodeRepos/install/q/t/include/lux/engine/function
-- Up-to-date: E:/SyncForder/CodeRepos/install/q/t/include/lux/engine/function/graph
-- Up-to-date: E:/SyncForder/CodeRepos/install/q/t/include/lux/engine/function/graph/visibility.h
-- Up-to-date: E:/SyncForder/CodeRepos/install/q/t/include/lux/engine/function/render
-- Up-to-date: E:/SyncForder/CodeRepos/install/q/t/include/lux/engine/function/render/standard
-- Up-to-date: E:/SyncForder/CodeRepos/install/q/t/include/lux/engine/function/render/standard/content
-- Up-to-date: E:/SyncForder/CodeRepos/install/q/t/include/lux/engine/function/render/standard/content/visibility.h
-- Up-to-date: E:/SyncForder/CodeRepos/install/q/t/include/lux/engine/function/script
-- Up-to-date: E:/SyncForder/CodeRepos/install/q/t/include/lux/engine/function/script/artifact
-- Up-to-date: E:/SyncForder/CodeRepos/install/q/t/include/lux/engine/function/script/artifact/visibility.h
-- Up-to-date: E:/SyncForder/CodeRepos/install/q/t/include/lux/engine/function/visibility.h
-- Up-to-date: E:/SyncForder/CodeRepos/install/q/t/include/lux/engine/material
-- Up-to-date: E:/SyncForder/CodeRepos/install/q/t/include/lux/engine/material/compiler
-- Up-to-date: E:/SyncForder/CodeRepos/install/q/t/include/lux/engine/material/compiler/visibility.h
-- Up-to-date: E:/SyncForder/CodeRepos/install/q/t/include/lux/engine/material/cooker
-- Up-to-date: E:/SyncForder/CodeRepos/install/q/t/include/lux/engine/material/cooker/visibility.h
-- Up-to-date: E:/SyncForder/CodeRepos/install/q/t/include/lux/engine/material/graph
-- Up-to-date: E:/SyncForder/CodeRepos/install/q/t/include/lux/engine/material/graph/visibility.h
-- Up-to-date: E:/SyncForder/CodeRepos/install/q/t/include/lux/engine/physics2d
-- Up-to-date: E:/SyncForder/CodeRepos/install/q/t/include/lux/engine/physics2d/Physics2DComponents.ecs_schema.hpp
-- Up-to-date: E:/SyncForder/CodeRepos/install/q/t/include/lux/engine/physics2d/Physics2DComponents.ecs_snapshot.hpp
-- Up-to-date: E:/SyncForder/CodeRepos/install/q/t/include/lux/engine/physics2d/Physics2DComponents.type_static_info.hpp
-- Up-to-date: E:/SyncForder/CodeRepos/install/q/t/include/lux/engine/physics2d/visibility.h
-- Up-to-date: E:/SyncForder/CodeRepos/install/q/t/include/lux/engine/process
-- Up-to-date: E:/SyncForder/CodeRepos/install/q/t/include/lux/engine/process/asset_loading
-- Up-to-date: E:/SyncForder/CodeRepos/install/q/t/include/lux/engine/process/asset_loading/visibility.h
-- Up-to-date: E:/SyncForder/CodeRepos/install/q/t/include/lux/engine/process/visibility.h
-- Up-to-date: E:/SyncForder/CodeRepos/install/q/t/include/lux/engine/process/world_loading
-- Up-to-date: E:/SyncForder/CodeRepos/install/q/t/include/lux/engine/process/world_loading/visibility.h
-- Up-to-date: E:/SyncForder/CodeRepos/install/q/t/include/lux/engine/resource
-- Up-to-date: E:/SyncForder/CodeRepos/install/q/t/include/lux/engine/resource/asset
-- Up-to-date: E:/SyncForder/CodeRepos/install/q/t/include/lux/engine/resource/asset/visibility.h
-- Up-to-date: E:/SyncForder/CodeRepos/install/q/t/include/lux/engine/resource/visibility.h
-- Up-to-date: E:/SyncForder/CodeRepos/install/q/t/include/lux/engine/scene
-- Up-to-date: E:/SyncForder/CodeRepos/install/q/t/include/lux/engine/scene/asset
-- Up-to-date: E:/SyncForder/CodeRepos/install/q/t/include/lux/engine/scene/asset/visibility.h
-- Up-to-date: E:/SyncForder/CodeRepos/install/q/t/include/lux/engine/scene/description
-- Up-to-date: E:/SyncForder/CodeRepos/install/q/t/include/lux/engine/scene/description/visibility.h
-- Up-to-date: E:/SyncForder/CodeRepos/install/q/t/include/lux/engine/scene/meta
-- Up-to-date: E:/SyncForder/CodeRepos/install/q/t/include/lux/engine/scene/meta/visibility.h
-- Up-to-date: E:/SyncForder/CodeRepos/install/q/t/include/lux/engine/scene/render
-- Up-to-date: E:/SyncForder/CodeRepos/install/q/t/include/lux/engine/scene/render/visibility.h
-- Up-to-date: E:/SyncForder/CodeRepos/install/q/t/include/lux/engine/scene/script_runtime
-- Up-to-date: E:/SyncForder/CodeRepos/install/q/t/include/lux/engine/scene/script_runtime/visibility.h
-- Up-to-date: E:/SyncForder/CodeRepos/install/q/t/include/lux/engine/scene/visibility.h
-- Up-to-date: E:/SyncForder/CodeRepos/install/q/t/include/lux/engine/scene/world_materialization
-- Up-to-date: E:/SyncForder/CodeRepos/install/q/t/include/lux/engine/scene/world_materialization/visibility.h
-- Up-to-date: E:/SyncForder/CodeRepos/install/q/t/include/lux/engine/serialization
-- Up-to-date: E:/SyncForder/CodeRepos/install/q/t/include/lux/engine/serialization/visibility.h
-- Up-to-date: E:/SyncForder/CodeRepos/install/q/t/include/lux/engine/simulation
-- Up-to-date: E:/SyncForder/CodeRepos/install/q/t/include/lux/engine/simulation/asset
-- Up-to-date: E:/SyncForder/CodeRepos/install/q/t/include/lux/engine/simulation/asset/visibility.h
-- Up-to-date: E:/SyncForder/CodeRepos/install/q/t/include/lux/engine/simulation/composition
-- Up-to-date: E:/SyncForder/CodeRepos/install/q/t/include/lux/engine/simulation/composition/visibility.h
-- Up-to-date: E:/SyncForder/CodeRepos/install/q/t/include/lux/engine/simulation/description
-- Up-to-date: E:/SyncForder/CodeRepos/install/q/t/include/lux/engine/simulation/description/visibility.h
-- Up-to-date: E:/SyncForder/CodeRepos/install/q/t/include/lux/engine/simulation/ecs
-- Up-to-date: E:/SyncForder/CodeRepos/install/q/t/include/lux/engine/simulation/ecs/core
-- Up-to-date: E:/SyncForder/CodeRepos/install/q/t/include/lux/engine/simulation/ecs/core/visibility.h
-- Up-to-date: E:/SyncForder/CodeRepos/install/q/t/include/lux/engine/simulation/ecs/hierarchy
-- Up-to-date: E:/SyncForder/CodeRepos/install/q/t/include/lux/engine/simulation/ecs/hierarchy/visibility.h
-- Up-to-date: E:/SyncForder/CodeRepos/install/q/t/include/lux/engine/simulation/ecs/Parent.ecs_schema.hpp
-- Up-to-date: E:/SyncForder/CodeRepos/install/q/t/include/lux/engine/simulation/ecs/Parent.ecs_snapshot.hpp
-- Up-to-date: E:/SyncForder/CodeRepos/install/q/t/include/lux/engine/simulation/ecs/Parent.type_static_info.hpp
-- Up-to-date: E:/SyncForder/CodeRepos/install/q/t/include/lux/engine/simulation/ecs/schema
-- Up-to-date: E:/SyncForder/CodeRepos/install/q/t/include/lux/engine/simulation/ecs/schema/visibility.h
-- Up-to-date: E:/SyncForder/CodeRepos/install/q/t/include/lux/engine/simulation/ecs/snapshot
-- Up-to-date: E:/SyncForder/CodeRepos/install/q/t/include/lux/engine/simulation/ecs/snapshot/visibility.h
-- Up-to-date: E:/SyncForder/CodeRepos/install/q/t/include/lux/engine/simulation/ecs/transform
-- Up-to-date: E:/SyncForder/CodeRepos/install/q/t/include/lux/engine/simulation/ecs/transform/visibility.h
-- Up-to-date: E:/SyncForder/CodeRepos/install/q/t/include/lux/engine/simulation/ecs/Transform.ecs_schema.hpp
-- Up-to-date: E:/SyncForder/CodeRepos/install/q/t/include/lux/engine/simulation/ecs/Transform.ecs_snapshot.hpp
-- Up-to-date: E:/SyncForder/CodeRepos/install/q/t/include/lux/engine/simulation/ecs/Transform.type_static_info.hpp
-- Up-to-date: E:/SyncForder/CodeRepos/install/q/t/include/lux/engine/simulation/ecs/visual
-- Up-to-date: E:/SyncForder/CodeRepos/install/q/t/include/lux/engine/simulation/ecs/visual/visibility.h
-- Up-to-date: E:/SyncForder/CodeRepos/install/q/t/include/lux/engine/simulation/ecs/Visual.ecs_schema.hpp
-- Up-to-date: E:/SyncForder/CodeRepos/install/q/t/include/lux/engine/simulation/ecs/Visual.ecs_snapshot.hpp
-- Up-to-date: E:/SyncForder/CodeRepos/install/q/t/include/lux/engine/simulation/ecs/Visual.type_static_info.hpp
-- Up-to-date: E:/SyncForder/CodeRepos/install/q/t/include/lux/engine/simulation/scripting
-- Up-to-date: E:/SyncForder/CodeRepos/install/q/t/include/lux/engine/simulation/scripting/cpp_static
-- Up-to-date: E:/SyncForder/CodeRepos/install/q/t/include/lux/engine/simulation/scripting/cpp_static/visibility.h
-- Up-to-date: E:/SyncForder/CodeRepos/install/q/t/include/lux/engine/simulation/scripting/native
-- Up-to-date: E:/SyncForder/CodeRepos/install/q/t/include/lux/engine/simulation/scripting/native/visibility.h
-- Up-to-date: E:/SyncForder/CodeRepos/install/q/t/include/lux/engine/simulation/script_system
-- Up-to-date: E:/SyncForder/CodeRepos/install/q/t/include/lux/engine/simulation/script_system/visibility.h
-- Up-to-date: E:/SyncForder/CodeRepos/install/q/t/include/lux/engine/simulation/system
-- Up-to-date: E:/SyncForder/CodeRepos/install/q/t/include/lux/engine/simulation/system/visibility.h
-- Up-to-date: E:/SyncForder/CodeRepos/install/q/t/include/lux/engine/simulation/transform_system
-- Up-to-date: E:/SyncForder/CodeRepos/install/q/t/include/lux/engine/simulation/transform_system/visibility.h
-- Up-to-date: E:/SyncForder/CodeRepos/install/q/t/include/lux/engine/spatial
-- Up-to-date: E:/SyncForder/CodeRepos/install/q/t/include/lux/engine/spatial/spatial2d
-- Up-to-date: E:/SyncForder/CodeRepos/install/q/t/include/lux/engine/spatial/spatial2d/visibility.h
-- Up-to-date: E:/SyncForder/CodeRepos/install/q/t/include/lux/engine/spatial/spatial3d
-- Up-to-date: E:/SyncForder/CodeRepos/install/q/t/include/lux/engine/spatial/spatial3d/visibility.h
-- Up-to-date: E:/SyncForder/CodeRepos/install/q/t/include/lux/engine/system
-- Up-to-date: E:/SyncForder/CodeRepos/install/q/t/include/lux/engine/system/description
-- Up-to-date: E:/SyncForder/CodeRepos/install/q/t/include/lux/engine/system/description/visibility.h
-- Up-to-date: E:/SyncForder/CodeRepos/install/q/t/include/lux/engine/system/identity
-- Up-to-date: E:/SyncForder/CodeRepos/install/q/t/include/lux/engine/system/identity/visibility.h
-- Up-to-date: E:/SyncForder/CodeRepos/install/q/t/include/lux/engine/task
-- Up-to-date: E:/SyncForder/CodeRepos/install/q/t/include/lux/engine/task/visibility.h
-- Up-to-date: E:/SyncForder/CodeRepos/install/q/t/include/lux/engine/toolchain
-- Up-to-date: E:/SyncForder/CodeRepos/install/q/t/include/lux/engine/toolchain/asset
-- Up-to-date: E:/SyncForder/CodeRepos/install/q/t/include/lux/engine/toolchain/asset/model
-- Up-to-date: E:/SyncForder/CodeRepos/install/q/t/include/lux/engine/toolchain/asset/model/visibility.h
-- Up-to-date: E:/SyncForder/CodeRepos/install/q/t/include/lux/engine/toolchain/asset/shader
-- Up-to-date: E:/SyncForder/CodeRepos/install/q/t/include/lux/engine/toolchain/asset/shader/visibility.h
-- Up-to-date: E:/SyncForder/CodeRepos/install/q/t/include/lux/engine/toolchain/asset/texture
-- Up-to-date: E:/SyncForder/CodeRepos/install/q/t/include/lux/engine/toolchain/asset/texture/visibility.h
-- Up-to-date: E:/SyncForder/CodeRepos/install/q/t/include/lux/engine/world
-- Up-to-date: E:/SyncForder/CodeRepos/install/q/t/include/lux/engine/world/asset
-- Up-to-date: E:/SyncForder/CodeRepos/install/q/t/include/lux/engine/world/asset/visibility.h
-- Up-to-date: E:/SyncForder/CodeRepos/install/q/t/include/lux/engine/world/description
-- Up-to-date: E:/SyncForder/CodeRepos/install/q/t/include/lux/engine/world/description/visibility.h
-- Up-to-date: E:/SyncForder/CodeRepos/install/q/t/include/lux/engine/world/partition
-- Up-to-date: E:/SyncForder/CodeRepos/install/q/t/include/lux/engine/world/partition/visibility.h
-- Up-to-date: E:/SyncForder/CodeRepos/install/q/t/include/lux/engine/world/storage
-- Up-to-date: E:/SyncForder/CodeRepos/install/q/t/include/lux/engine/world/storage/visibility.h
-- Up-to-date: E:/SyncForder/CodeRepos/install/q/t/include/test
-- Installing: E:/SyncForder/CodeRepos/install/q/t/share/lux-engine-simulation-composition/simulation_composition/lux-engine-simulation-composition-simulation_composition-config-targets.cmake
-- Installing: E:/SyncForder/CodeRepos/install/q/t/share/lux-engine-simulation-composition/simulation_composition/lux-engine-simulation-composition-simulation_composition-config-targets-relwithdebinfo.cmake
-- Installing: E:/SyncForder/CodeRepos/install/q/t/share/lux-engine-simulation-composition/simulation_composition/lux-engine-simulation-composition-simulation_composition-import.cmake
-- Installing: E:/SyncForder/CodeRepos/install/q/t/lib/lux_engine_simulation_composition.lib
-- Installing: E:/SyncForder/CodeRepos/install/q/t/bin/lux_engine_simulation_composition.dll
-- Installing: E:/SyncForder/CodeRepos/install/q/t/share/lux-engine-simulation-composition/lux-engine-simulation-composition-config.cmake
-- Installing: E:/SyncForder/CodeRepos/install/q/t/share/lux-engine-simulation-composition/lux-engine-simulation-composition-config-version.cmake
-- Installing: E:/SyncForder/CodeRepos/install/q/t/share/lux-engine-simulation-composition/lux-engine-simulation-composition-available-components.cmake
-- Installing: E:/SyncForder/CodeRepos/install/q/t/include/lux/engine/physics2d/abilities/PhysicsQuery2D.ability.generated.hpp
-- Up-to-date: E:/SyncForder/CodeRepos/install/q/t/include
-- Up-to-date: E:/SyncForder/CodeRepos/install/q/t/include/lux
-- Up-to-date: E:/SyncForder/CodeRepos/install/q/t/include/lux/engine
-- Up-to-date: E:/SyncForder/CodeRepos/install/q/t/include/lux/engine/physics2d
-- Up-to-date: E:/SyncForder/CodeRepos/install/q/t/include/lux/engine/physics2d/abilities
-- Installing: E:/SyncForder/CodeRepos/install/q/t/include/lux/engine/physics2d/abilities/PhysicsQuery2D.hpp
-- Installing: E:/SyncForder/CodeRepos/install/q/t/include/lux/engine/physics2d/Physics2DComponents.hpp
-- Installing: E:/SyncForder/CodeRepos/install/q/t/include/lux/engine/physics2d/Physics2DSystem.hpp
-- Up-to-date: E:/SyncForder/CodeRepos/install/q/t/include
-- Up-to-date: E:/SyncForder/CodeRepos/install/q/t/include/lux
-- Up-to-date: E:/SyncForder/CodeRepos/install/q/t/include/lux/engine
-- Up-to-date: E:/SyncForder/CodeRepos/install/q/t/include/lux/engine/core
-- Up-to-date: E:/SyncForder/CodeRepos/install/q/t/include/lux/engine/core/visibility.h
-- Up-to-date: E:/SyncForder/CodeRepos/install/q/t/include/lux/engine/dynamic_library
-- Up-to-date: E:/SyncForder/CodeRepos/install/q/t/include/lux/engine/dynamic_library/visibility.h
-- Up-to-date: E:/SyncForder/CodeRepos/install/q/t/include/lux/engine/flowforge
-- Up-to-date: E:/SyncForder/CodeRepos/install/q/t/include/lux/engine/flowforge/compiler
-- Up-to-date: E:/SyncForder/CodeRepos/install/q/t/include/lux/engine/flowforge/compiler/visibility.h
-- Up-to-date: E:/SyncForder/CodeRepos/install/q/t/include/lux/engine/flowforge/visibility.h
-- Up-to-date: E:/SyncForder/CodeRepos/install/q/t/include/lux/engine/function
-- Up-to-date: E:/SyncForder/CodeRepos/install/q/t/include/lux/engine/function/graph
-- Up-to-date: E:/SyncForder/CodeRepos/install/q/t/include/lux/engine/function/graph/visibility.h
-- Up-to-date: E:/SyncForder/CodeRepos/install/q/t/include/lux/engine/function/render
-- Up-to-date: E:/SyncForder/CodeRepos/install/q/t/include/lux/engine/function/render/standard
-- Up-to-date: E:/SyncForder/CodeRepos/install/q/t/include/lux/engine/function/render/standard/content
-- Up-to-date: E:/SyncForder/CodeRepos/install/q/t/include/lux/engine/function/render/standard/content/visibility.h
-- Up-to-date: E:/SyncForder/CodeRepos/install/q/t/include/lux/engine/function/script
-- Up-to-date: E:/SyncForder/CodeRepos/install/q/t/include/lux/engine/function/script/artifact
-- Up-to-date: E:/SyncForder/CodeRepos/install/q/t/include/lux/engine/function/script/artifact/visibility.h
-- Up-to-date: E:/SyncForder/CodeRepos/install/q/t/include/lux/engine/function/visibility.h
-- Up-to-date: E:/SyncForder/CodeRepos/install/q/t/include/lux/engine/material
-- Up-to-date: E:/SyncForder/CodeRepos/install/q/t/include/lux/engine/material/compiler
-- Up-to-date: E:/SyncForder/CodeRepos/install/q/t/include/lux/engine/material/compiler/visibility.h
-- Up-to-date: E:/SyncForder/CodeRepos/install/q/t/include/lux/engine/material/cooker
-- Up-to-date: E:/SyncForder/CodeRepos/install/q/t/include/lux/engine/material/cooker/visibility.h
-- Up-to-date: E:/SyncForder/CodeRepos/install/q/t/include/lux/engine/material/graph
-- Up-to-date: E:/SyncForder/CodeRepos/install/q/t/include/lux/engine/material/graph/visibility.h
-- Up-to-date: E:/SyncForder/CodeRepos/install/q/t/include/lux/engine/physics2d
-- Up-to-date: E:/SyncForder/CodeRepos/install/q/t/include/lux/engine/physics2d/Physics2DComponents.ecs_schema.hpp
-- Up-to-date: E:/SyncForder/CodeRepos/install/q/t/include/lux/engine/physics2d/Physics2DComponents.ecs_snapshot.hpp
-- Up-to-date: E:/SyncForder/CodeRepos/install/q/t/include/lux/engine/physics2d/Physics2DComponents.type_static_info.hpp
-- Up-to-date: E:/SyncForder/CodeRepos/install/q/t/include/lux/engine/physics2d/visibility.h
-- Up-to-date: E:/SyncForder/CodeRepos/install/q/t/include/lux/engine/process
-- Up-to-date: E:/SyncForder/CodeRepos/install/q/t/include/lux/engine/process/asset_loading
-- Up-to-date: E:/SyncForder/CodeRepos/install/q/t/include/lux/engine/process/asset_loading/visibility.h
-- Up-to-date: E:/SyncForder/CodeRepos/install/q/t/include/lux/engine/process/visibility.h
-- Up-to-date: E:/SyncForder/CodeRepos/install/q/t/include/lux/engine/process/world_loading
-- Up-to-date: E:/SyncForder/CodeRepos/install/q/t/include/lux/engine/process/world_loading/visibility.h
-- Up-to-date: E:/SyncForder/CodeRepos/install/q/t/include/lux/engine/resource
-- Up-to-date: E:/SyncForder/CodeRepos/install/q/t/include/lux/engine/resource/asset
-- Up-to-date: E:/SyncForder/CodeRepos/install/q/t/include/lux/engine/resource/asset/visibility.h
-- Up-to-date: E:/SyncForder/CodeRepos/install/q/t/include/lux/engine/resource/visibility.h
-- Up-to-date: E:/SyncForder/CodeRepos/install/q/t/include/lux/engine/scene
-- Up-to-date: E:/SyncForder/CodeRepos/install/q/t/include/lux/engine/scene/asset
-- Up-to-date: E:/SyncForder/CodeRepos/install/q/t/include/lux/engine/scene/asset/visibility.h
-- Up-to-date: E:/SyncForder/CodeRepos/install/q/t/include/lux/engine/scene/description
-- Up-to-date: E:/SyncForder/CodeRepos/install/q/t/include/lux/engine/scene/description/visibility.h
-- Up-to-date: E:/SyncForder/CodeRepos/install/q/t/include/lux/engine/scene/meta
-- Up-to-date: E:/SyncForder/CodeRepos/install/q/t/include/lux/engine/scene/meta/visibility.h
-- Up-to-date: E:/SyncForder/CodeRepos/install/q/t/include/lux/engine/scene/render
-- Up-to-date: E:/SyncForder/CodeRepos/install/q/t/include/lux/engine/scene/render/visibility.h
-- Up-to-date: E:/SyncForder/CodeRepos/install/q/t/include/lux/engine/scene/script_runtime
-- Up-to-date: E:/SyncForder/CodeRepos/install/q/t/include/lux/engine/scene/script_runtime/visibility.h
-- Up-to-date: E:/SyncForder/CodeRepos/install/q/t/include/lux/engine/scene/visibility.h
-- Up-to-date: E:/SyncForder/CodeRepos/install/q/t/include/lux/engine/scene/world_materialization
-- Up-to-date: E:/SyncForder/CodeRepos/install/q/t/include/lux/engine/scene/world_materialization/visibility.h
-- Up-to-date: E:/SyncForder/CodeRepos/install/q/t/include/lux/engine/serialization
-- Up-to-date: E:/SyncForder/CodeRepos/install/q/t/include/lux/engine/serialization/visibility.h
-- Up-to-date: E:/SyncForder/CodeRepos/install/q/t/include/lux/engine/simulation
-- Up-to-date: E:/SyncForder/CodeRepos/install/q/t/include/lux/engine/simulation/asset
-- Up-to-date: E:/SyncForder/CodeRepos/install/q/t/include/lux/engine/simulation/asset/visibility.h
-- Up-to-date: E:/SyncForder/CodeRepos/install/q/t/include/lux/engine/simulation/composition
-- Up-to-date: E:/SyncForder/CodeRepos/install/q/t/include/lux/engine/simulation/composition/visibility.h
-- Up-to-date: E:/SyncForder/CodeRepos/install/q/t/include/lux/engine/simulation/description
-- Up-to-date: E:/SyncForder/CodeRepos/install/q/t/include/lux/engine/simulation/description/visibility.h
-- Up-to-date: E:/SyncForder/CodeRepos/install/q/t/include/lux/engine/simulation/ecs
-- Up-to-date: E:/SyncForder/CodeRepos/install/q/t/include/lux/engine/simulation/ecs/core
-- Up-to-date: E:/SyncForder/CodeRepos/install/q/t/include/lux/engine/simulation/ecs/core/visibility.h
-- Up-to-date: E:/SyncForder/CodeRepos/install/q/t/include/lux/engine/simulation/ecs/hierarchy
-- Up-to-date: E:/SyncForder/CodeRepos/install/q/t/include/lux/engine/simulation/ecs/hierarchy/visibility.h
-- Up-to-date: E:/SyncForder/CodeRepos/install/q/t/include/lux/engine/simulation/ecs/Parent.ecs_schema.hpp
-- Up-to-date: E:/SyncForder/CodeRepos/install/q/t/include/lux/engine/simulation/ecs/Parent.ecs_snapshot.hpp
-- Up-to-date: E:/SyncForder/CodeRepos/install/q/t/include/lux/engine/simulation/ecs/Parent.type_static_info.hpp
-- Up-to-date: E:/SyncForder/CodeRepos/install/q/t/include/lux/engine/simulation/ecs/schema
-- Up-to-date: E:/SyncForder/CodeRepos/install/q/t/include/lux/engine/simulation/ecs/schema/visibility.h
-- Up-to-date: E:/SyncForder/CodeRepos/install/q/t/include/lux/engine/simulation/ecs/snapshot
-- Up-to-date: E:/SyncForder/CodeRepos/install/q/t/include/lux/engine/simulation/ecs/snapshot/visibility.h
-- Up-to-date: E:/SyncForder/CodeRepos/install/q/t/include/lux/engine/simulation/ecs/transform
-- Up-to-date: E:/SyncForder/CodeRepos/install/q/t/include/lux/engine/simulation/ecs/transform/visibility.h
-- Up-to-date: E:/SyncForder/CodeRepos/install/q/t/include/lux/engine/simulation/ecs/Transform.ecs_schema.hpp
-- Up-to-date: E:/SyncForder/CodeRepos/install/q/t/include/lux/engine/simulation/ecs/Transform.ecs_snapshot.hpp
-- Up-to-date: E:/SyncForder/CodeRepos/install/q/t/include/lux/engine/simulation/ecs/Transform.type_static_info.hpp
-- Up-to-date: E:/SyncForder/CodeRepos/install/q/t/include/lux/engine/simulation/ecs/visual
-- Up-to-date: E:/SyncForder/CodeRepos/install/q/t/include/lux/engine/simulation/ecs/visual/visibility.h
-- Up-to-date: E:/SyncForder/CodeRepos/install/q/t/include/lux/engine/simulation/ecs/Visual.ecs_schema.hpp
-- Up-to-date: E:/SyncForder/CodeRepos/install/q/t/include/lux/engine/simulation/ecs/Visual.ecs_snapshot.hpp
-- Up-to-date: E:/SyncForder/CodeRepos/install/q/t/include/lux/engine/simulation/ecs/Visual.type_static_info.hpp
-- Up-to-date: E:/SyncForder/CodeRepos/install/q/t/include/lux/engine/simulation/scripting
-- Up-to-date: E:/SyncForder/CodeRepos/install/q/t/include/lux/engine/simulation/scripting/cpp_static
-- Up-to-date: E:/SyncForder/CodeRepos/install/q/t/include/lux/engine/simulation/scripting/cpp_static/visibility.h
-- Up-to-date: E:/SyncForder/CodeRepos/install/q/t/include/lux/engine/simulation/scripting/native
-- Up-to-date: E:/SyncForder/CodeRepos/install/q/t/include/lux/engine/simulation/scripting/native/visibility.h
-- Up-to-date: E:/SyncForder/CodeRepos/install/q/t/include/lux/engine/simulation/script_system
-- Up-to-date: E:/SyncForder/CodeRepos/install/q/t/include/lux/engine/simulation/script_system/visibility.h
-- Up-to-date: E:/SyncForder/CodeRepos/install/q/t/include/lux/engine/simulation/system
-- Up-to-date: E:/SyncForder/CodeRepos/install/q/t/include/lux/engine/simulation/system/visibility.h
-- Up-to-date: E:/SyncForder/CodeRepos/install/q/t/include/lux/engine/simulation/transform_system
-- Up-to-date: E:/SyncForder/CodeRepos/install/q/t/include/lux/engine/simulation/transform_system/visibility.h
-- Up-to-date: E:/SyncForder/CodeRepos/install/q/t/include/lux/engine/spatial
-- Up-to-date: E:/SyncForder/CodeRepos/install/q/t/include/lux/engine/spatial/spatial2d
-- Up-to-date: E:/SyncForder/CodeRepos/install/q/t/include/lux/engine/spatial/spatial2d/visibility.h
-- Up-to-date: E:/SyncForder/CodeRepos/install/q/t/include/lux/engine/spatial/spatial3d
-- Up-to-date: E:/SyncForder/CodeRepos/install/q/t/include/lux/engine/spatial/spatial3d/visibility.h
-- Up-to-date: E:/SyncForder/CodeRepos/install/q/t/include/lux/engine/system
-- Up-to-date: E:/SyncForder/CodeRepos/install/q/t/include/lux/engine/system/description
-- Up-to-date: E:/SyncForder/CodeRepos/install/q/t/include/lux/engine/system/description/visibility.h
-- Up-to-date: E:/SyncForder/CodeRepos/install/q/t/include/lux/engine/system/identity
-- Up-to-date: E:/SyncForder/CodeRepos/install/q/t/include/lux/engine/system/identity/visibility.h
-- Up-to-date: E:/SyncForder/CodeRepos/install/q/t/include/lux/engine/task
-- Up-to-date: E:/SyncForder/CodeRepos/install/q/t/include/lux/engine/task/visibility.h
-- Up-to-date: E:/SyncForder/CodeRepos/install/q/t/include/lux/engine/toolchain
-- Up-to-date: E:/SyncForder/CodeRepos/install/q/t/include/lux/engine/toolchain/asset
-- Up-to-date: E:/SyncForder/CodeRepos/install/q/t/include/lux/engine/toolchain/asset/model
-- Up-to-date: E:/SyncForder/CodeRepos/install/q/t/include/lux/engine/toolchain/asset/model/visibility.h
-- Up-to-date: E:/SyncForder/CodeRepos/install/q/t/include/lux/engine/toolchain/asset/shader
-- Up-to-date: E:/SyncForder/CodeRepos/install/q/t/include/lux/engine/toolchain/asset/shader/visibility.h
-- Up-to-date: E:/SyncForder/CodeRepos/install/q/t/include/lux/engine/toolchain/asset/texture
-- Up-to-date: E:/SyncForder/CodeRepos/install/q/t/include/lux/engine/toolchain/asset/texture/visibility.h
-- Up-to-date: E:/SyncForder/CodeRepos/install/q/t/include/lux/engine/world
-- Up-to-date: E:/SyncForder/CodeRepos/install/q/t/include/lux/engine/world/asset
-- Up-to-date: E:/SyncForder/CodeRepos/install/q/t/include/lux/engine/world/asset/visibility.h
-- Up-to-date: E:/SyncForder/CodeRepos/install/q/t/include/lux/engine/world/description
-- Up-to-date: E:/SyncForder/CodeRepos/install/q/t/include/lux/engine/world/description/visibility.h
-- Up-to-date: E:/SyncForder/CodeRepos/install/q/t/include/lux/engine/world/partition
-- Up-to-date: E:/SyncForder/CodeRepos/install/q/t/include/lux/engine/world/partition/visibility.h
-- Up-to-date: E:/SyncForder/CodeRepos/install/q/t/include/lux/engine/world/storage
-- Up-to-date: E:/SyncForder/CodeRepos/install/q/t/include/lux/engine/world/storage/visibility.h
-- Up-to-date: E:/SyncForder/CodeRepos/install/q/t/include/test
-- Installing: E:/SyncForder/CodeRepos/install/q/t/share/lux-engine-physics2d/physics2d_simulation/lux-engine-physics2d-physics2d_simulation-config-targets.cmake
-- Installing: E:/SyncForder/CodeRepos/install/q/t/share/lux-engine-physics2d/physics2d_simulation/lux-engine-physics2d-physics2d_simulation-config-targets-relwithdebinfo.cmake
-- Installing: E:/SyncForder/CodeRepos/install/q/t/share/lux-engine-physics2d/physics2d_simulation/lux-engine-physics2d-physics2d_simulation-import.cmake
-- Installing: E:/SyncForder/CodeRepos/install/q/t/lib/lux_engine_physics2d_simulation.lib
-- Installing: E:/SyncForder/CodeRepos/install/q/t/bin/lux_engine_physics2d_simulation.dll
-- Installing: E:/SyncForder/CodeRepos/install/q/t/share/lux-engine-physics2d/lux-engine-physics2d-config.cmake
-- Installing: E:/SyncForder/CodeRepos/install/q/t/share/lux-engine-physics2d/lux-engine-physics2d-config-version.cmake
-- Installing: E:/SyncForder/CodeRepos/install/q/t/share/lux-engine-physics2d/lux-engine-physics2d-available-components.cmake
-- Up-to-date: E:/SyncForder/CodeRepos/install/q/t/include
-- Up-to-date: E:/SyncForder/CodeRepos/install/q/t/include/lux
-- Up-to-date: E:/SyncForder/CodeRepos/install/q/t/include/lux/engine
-- Up-to-date: E:/SyncForder/CodeRepos/install/q/t/include/lux/engine/simulation
-- Up-to-date: E:/SyncForder/CodeRepos/install/q/t/include/lux/engine/simulation/ecs
-- Installing: E:/SyncForder/CodeRepos/install/q/t/include/lux/engine/simulation/ecs/ComponentChangeSet.hpp
-- Installing: E:/SyncForder/CodeRepos/install/q/t/include/lux/engine/simulation/ecs/EcsCommandBuffer.hpp
-- Installing: E:/SyncForder/CodeRepos/install/q/t/include/lux/engine/simulation/ecs/Entity.hpp
-- Installing: E:/SyncForder/CodeRepos/install/q/t/include/lux/engine/simulation/ecs/Registry.hpp
-- Up-to-date: E:/SyncForder/CodeRepos/install/q/t/include
-- Up-to-date: E:/SyncForder/CodeRepos/install/q/t/include/lux
-- Up-to-date: E:/SyncForder/CodeRepos/install/q/t/include/lux/engine
-- Up-to-date: E:/SyncForder/CodeRepos/install/q/t/include/lux/engine/core
-- Up-to-date: E:/SyncForder/CodeRepos/install/q/t/include/lux/engine/core/visibility.h
-- Up-to-date: E:/SyncForder/CodeRepos/install/q/t/include/lux/engine/dynamic_library
-- Up-to-date: E:/SyncForder/CodeRepos/install/q/t/include/lux/engine/dynamic_library/visibility.h
-- Up-to-date: E:/SyncForder/CodeRepos/install/q/t/include/lux/engine/flowforge
-- Up-to-date: E:/SyncForder/CodeRepos/install/q/t/include/lux/engine/flowforge/compiler
-- Up-to-date: E:/SyncForder/CodeRepos/install/q/t/include/lux/engine/flowforge/compiler/visibility.h
-- Up-to-date: E:/SyncForder/CodeRepos/install/q/t/include/lux/engine/flowforge/visibility.h
-- Up-to-date: E:/SyncForder/CodeRepos/install/q/t/include/lux/engine/function
-- Up-to-date: E:/SyncForder/CodeRepos/install/q/t/include/lux/engine/function/graph
-- Up-to-date: E:/SyncForder/CodeRepos/install/q/t/include/lux/engine/function/graph/visibility.h
-- Up-to-date: E:/SyncForder/CodeRepos/install/q/t/include/lux/engine/function/render
-- Up-to-date: E:/SyncForder/CodeRepos/install/q/t/include/lux/engine/function/render/standard
-- Up-to-date: E:/SyncForder/CodeRepos/install/q/t/include/lux/engine/function/render/standard/content
-- Up-to-date: E:/SyncForder/CodeRepos/install/q/t/include/lux/engine/function/render/standard/content/visibility.h
-- Up-to-date: E:/SyncForder/CodeRepos/install/q/t/include/lux/engine/function/script
-- Up-to-date: E:/SyncForder/CodeRepos/install/q/t/include/lux/engine/function/script/artifact
-- Up-to-date: E:/SyncForder/CodeRepos/install/q/t/include/lux/engine/function/script/artifact/visibility.h
-- Up-to-date: E:/SyncForder/CodeRepos/install/q/t/include/lux/engine/function/visibility.h
-- Up-to-date: E:/SyncForder/CodeRepos/install/q/t/include/lux/engine/material
-- Up-to-date: E:/SyncForder/CodeRepos/install/q/t/include/lux/engine/material/compiler
-- Up-to-date: E:/SyncForder/CodeRepos/install/q/t/include/lux/engine/material/compiler/visibility.h
-- Up-to-date: E:/SyncForder/CodeRepos/install/q/t/include/lux/engine/material/cooker
-- Up-to-date: E:/SyncForder/CodeRepos/install/q/t/include/lux/engine/material/cooker/visibility.h
-- Up-to-date: E:/SyncForder/CodeRepos/install/q/t/include/lux/engine/material/graph
-- Up-to-date: E:/SyncForder/CodeRepos/install/q/t/include/lux/engine/material/graph/visibility.h
-- Up-to-date: E:/SyncForder/CodeRepos/install/q/t/include/lux/engine/physics2d
-- Up-to-date: E:/SyncForder/CodeRepos/install/q/t/include/lux/engine/physics2d/Physics2DComponents.ecs_schema.hpp
-- Up-to-date: E:/SyncForder/CodeRepos/install/q/t/include/lux/engine/physics2d/Physics2DComponents.ecs_snapshot.hpp
-- Up-to-date: E:/SyncForder/CodeRepos/install/q/t/include/lux/engine/physics2d/Physics2DComponents.type_static_info.hpp
-- Up-to-date: E:/SyncForder/CodeRepos/install/q/t/include/lux/engine/physics2d/visibility.h
-- Up-to-date: E:/SyncForder/CodeRepos/install/q/t/include/lux/engine/process
-- Up-to-date: E:/SyncForder/CodeRepos/install/q/t/include/lux/engine/process/asset_loading
-- Up-to-date: E:/SyncForder/CodeRepos/install/q/t/include/lux/engine/process/asset_loading/visibility.h
-- Up-to-date: E:/SyncForder/CodeRepos/install/q/t/include/lux/engine/process/visibility.h
-- Up-to-date: E:/SyncForder/CodeRepos/install/q/t/include/lux/engine/process/world_loading
-- Up-to-date: E:/SyncForder/CodeRepos/install/q/t/include/lux/engine/process/world_loading/visibility.h
-- Up-to-date: E:/SyncForder/CodeRepos/install/q/t/include/lux/engine/resource
-- Up-to-date: E:/SyncForder/CodeRepos/install/q/t/include/lux/engine/resource/asset
-- Up-to-date: E:/SyncForder/CodeRepos/install/q/t/include/lux/engine/resource/asset/visibility.h
-- Up-to-date: E:/SyncForder/CodeRepos/install/q/t/include/lux/engine/resource/visibility.h
-- Up-to-date: E:/SyncForder/CodeRepos/install/q/t/include/lux/engine/scene
-- Up-to-date: E:/SyncForder/CodeRepos/install/q/t/include/lux/engine/scene/asset
-- Up-to-date: E:/SyncForder/CodeRepos/install/q/t/include/lux/engine/scene/asset/visibility.h
-- Up-to-date: E:/SyncForder/CodeRepos/install/q/t/include/lux/engine/scene/description
-- Up-to-date: E:/SyncForder/CodeRepos/install/q/t/include/lux/engine/scene/description/visibility.h
-- Up-to-date: E:/SyncForder/CodeRepos/install/q/t/include/lux/engine/scene/meta
-- Up-to-date: E:/SyncForder/CodeRepos/install/q/t/include/lux/engine/scene/meta/visibility.h
-- Up-to-date: E:/SyncForder/CodeRepos/install/q/t/include/lux/engine/scene/render
-- Up-to-date: E:/SyncForder/CodeRepos/install/q/t/include/lux/engine/scene/render/visibility.h
-- Up-to-date: E:/SyncForder/CodeRepos/install/q/t/include/lux/engine/scene/script_runtime
-- Up-to-date: E:/SyncForder/CodeRepos/install/q/t/include/lux/engine/scene/script_runtime/visibility.h
-- Up-to-date: E:/SyncForder/CodeRepos/install/q/t/include/lux/engine/scene/visibility.h
-- Up-to-date: E:/SyncForder/CodeRepos/install/q/t/include/lux/engine/scene/world_materialization
-- Up-to-date: E:/SyncForder/CodeRepos/install/q/t/include/lux/engine/scene/world_materialization/visibility.h
-- Up-to-date: E:/SyncForder/CodeRepos/install/q/t/include/lux/engine/serialization
-- Up-to-date: E:/SyncForder/CodeRepos/install/q/t/include/lux/engine/serialization/visibility.h
-- Up-to-date: E:/SyncForder/CodeRepos/install/q/t/include/lux/engine/simulation
-- Up-to-date: E:/SyncForder/CodeRepos/install/q/t/include/lux/engine/simulation/asset
-- Up-to-date: E:/SyncForder/CodeRepos/install/q/t/include/lux/engine/simulation/asset/visibility.h
-- Up-to-date: E:/SyncForder/CodeRepos/install/q/t/include/lux/engine/simulation/composition
-- Up-to-date: E:/SyncForder/CodeRepos/install/q/t/include/lux/engine/simulation/composition/visibility.h
-- Up-to-date: E:/SyncForder/CodeRepos/install/q/t/include/lux/engine/simulation/description
-- Up-to-date: E:/SyncForder/CodeRepos/install/q/t/include/lux/engine/simulation/description/visibility.h
-- Up-to-date: E:/SyncForder/CodeRepos/install/q/t/include/lux/engine/simulation/ecs
-- Up-to-date: E:/SyncForder/CodeRepos/install/q/t/include/lux/engine/simulation/ecs/core
-- Up-to-date: E:/SyncForder/CodeRepos/install/q/t/include/lux/engine/simulation/ecs/core/visibility.h
-- Up-to-date: E:/SyncForder/CodeRepos/install/q/t/include/lux/engine/simulation/ecs/hierarchy
-- Up-to-date: E:/SyncForder/CodeRepos/install/q/t/include/lux/engine/simulation/ecs/hierarchy/visibility.h
-- Up-to-date: E:/SyncForder/CodeRepos/install/q/t/include/lux/engine/simulation/ecs/Parent.ecs_schema.hpp
-- Up-to-date: E:/SyncForder/CodeRepos/install/q/t/include/lux/engine/simulation/ecs/Parent.ecs_snapshot.hpp
-- Up-to-date: E:/SyncForder/CodeRepos/install/q/t/include/lux/engine/simulation/ecs/Parent.type_static_info.hpp
-- Up-to-date: E:/SyncForder/CodeRepos/install/q/t/include/lux/engine/simulation/ecs/schema
-- Up-to-date: E:/SyncForder/CodeRepos/install/q/t/include/lux/engine/simulation/ecs/schema/visibility.h
-- Up-to-date: E:/SyncForder/CodeRepos/install/q/t/include/lux/engine/simulation/ecs/snapshot
-- Up-to-date: E:/SyncForder/CodeRepos/install/q/t/include/lux/engine/simulation/ecs/snapshot/visibility.h
-- Up-to-date: E:/SyncForder/CodeRepos/install/q/t/include/lux/engine/simulation/ecs/transform
-- Up-to-date: E:/SyncForder/CodeRepos/install/q/t/include/lux/engine/simulation/ecs/transform/visibility.h
-- Up-to-date: E:/SyncForder/CodeRepos/install/q/t/include/lux/engine/simulation/ecs/Transform.ecs_schema.hpp
-- Up-to-date: E:/SyncForder/CodeRepos/install/q/t/include/lux/engine/simulation/ecs/Transform.ecs_snapshot.hpp
-- Up-to-date: E:/SyncForder/CodeRepos/install/q/t/include/lux/engine/simulation/ecs/Transform.type_static_info.hpp
-- Up-to-date: E:/SyncForder/CodeRepos/install/q/t/include/lux/engine/simulation/ecs/visual
-- Up-to-date: E:/SyncForder/CodeRepos/install/q/t/include/lux/engine/simulation/ecs/visual/visibility.h
-- Up-to-date: E:/SyncForder/CodeRepos/install/q/t/include/lux/engine/simulation/ecs/Visual.ecs_schema.hpp
-- Up-to-date: E:/SyncForder/CodeRepos/install/q/t/include/lux/engine/simulation/ecs/Visual.ecs_snapshot.hpp
-- Up-to-date: E:/SyncForder/CodeRepos/install/q/t/include/lux/engine/simulation/ecs/Visual.type_static_info.hpp
-- Up-to-date: E:/SyncForder/CodeRepos/install/q/t/include/lux/engine/simulation/scripting
-- Up-to-date: E:/SyncForder/CodeRepos/install/q/t/include/lux/engine/simulation/scripting/cpp_static
-- Up-to-date: E:/SyncForder/CodeRepos/install/q/t/include/lux/engine/simulation/scripting/cpp_static/visibility.h
-- Up-to-date: E:/SyncForder/CodeRepos/install/q/t/include/lux/engine/simulation/scripting/native
-- Up-to-date: E:/SyncForder/CodeRepos/install/q/t/include/lux/engine/simulation/scripting/native/visibility.h
-- Up-to-date: E:/SyncForder/CodeRepos/install/q/t/include/lux/engine/simulation/script_system
-- Up-to-date: E:/SyncForder/CodeRepos/install/q/t/include/lux/engine/simulation/script_system/visibility.h
-- Up-to-date: E:/SyncForder/CodeRepos/install/q/t/include/lux/engine/simulation/system
-- Up-to-date: E:/SyncForder/CodeRepos/install/q/t/include/lux/engine/simulation/system/visibility.h
-- Up-to-date: E:/SyncForder/CodeRepos/install/q/t/include/lux/engine/simulation/transform_system
-- Up-to-date: E:/SyncForder/CodeRepos/install/q/t/include/lux/engine/simulation/transform_system/visibility.h
-- Up-to-date: E:/SyncForder/CodeRepos/install/q/t/include/lux/engine/spatial
-- Up-to-date: E:/SyncForder/CodeRepos/install/q/t/include/lux/engine/spatial/spatial2d
-- Up-to-date: E:/SyncForder/CodeRepos/install/q/t/include/lux/engine/spatial/spatial2d/visibility.h
-- Up-to-date: E:/SyncForder/CodeRepos/install/q/t/include/lux/engine/spatial/spatial3d
-- Up-to-date: E:/SyncForder/CodeRepos/install/q/t/include/lux/engine/spatial/spatial3d/visibility.h
-- Up-to-date: E:/SyncForder/CodeRepos/install/q/t/include/lux/engine/system
-- Up-to-date: E:/SyncForder/CodeRepos/install/q/t/include/lux/engine/system/description
-- Up-to-date: E:/SyncForder/CodeRepos/install/q/t/include/lux/engine/system/description/visibility.h
-- Up-to-date: E:/SyncForder/CodeRepos/install/q/t/include/lux/engine/system/identity
-- Up-to-date: E:/SyncForder/CodeRepos/install/q/t/include/lux/engine/system/identity/visibility.h
-- Up-to-date: E:/SyncForder/CodeRepos/install/q/t/include/lux/engine/task
-- Up-to-date: E:/SyncForder/CodeRepos/install/q/t/include/lux/engine/task/visibility.h
-- Up-to-date: E:/SyncForder/CodeRepos/install/q/t/include/lux/engine/toolchain
-- Up-to-date: E:/SyncForder/CodeRepos/install/q/t/include/lux/engine/toolchain/asset
-- Up-to-date: E:/SyncForder/CodeRepos/install/q/t/include/lux/engine/toolchain/asset/model
-- Up-to-date: E:/SyncForder/CodeRepos/install/q/t/include/lux/engine/toolchain/asset/model/visibility.h
-- Up-to-date: E:/SyncForder/CodeRepos/install/q/t/include/lux/engine/toolchain/asset/shader
-- Up-to-date: E:/SyncForder/CodeRepos/install/q/t/include/lux/engine/toolchain/asset/shader/visibility.h
-- Up-to-date: E:/SyncForder/CodeRepos/install/q/t/include/lux/engine/toolchain/asset/texture
-- Up-to-date: E:/SyncForder/CodeRepos/install/q/t/include/lux/engine/toolchain/asset/texture/visibility.h
-- Up-to-date: E:/SyncForder/CodeRepos/install/q/t/include/lux/engine/world
-- Up-to-date: E:/SyncForder/CodeRepos/install/q/t/include/lux/engine/world/asset
-- Up-to-date: E:/SyncForder/CodeRepos/install/q/t/include/lux/engine/world/asset/visibility.h
-- Up-to-date: E:/SyncForder/CodeRepos/install/q/t/include/lux/engine/world/description
-- Up-to-date: E:/SyncForder/CodeRepos/install/q/t/include/lux/engine/world/description/visibility.h
-- Up-to-date: E:/SyncForder/CodeRepos/install/q/t/include/lux/engine/world/partition
-- Up-to-date: E:/SyncForder/CodeRepos/install/q/t/include/lux/engine/world/partition/visibility.h
-- Up-to-date: E:/SyncForder/CodeRepos/install/q/t/include/lux/engine/world/storage
-- Up-to-date: E:/SyncForder/CodeRepos/install/q/t/include/lux/engine/world/storage/visibility.h
-- Up-to-date: E:/SyncForder/CodeRepos/install/q/t/include/test
-- Installing: E:/SyncForder/CodeRepos/install/q/t/share/lux-engine-simulation-ecs/core/lux-engine-simulation-ecs-core-config-targets.cmake
-- Installing: E:/SyncForder/CodeRepos/install/q/t/share/lux-engine-simulation-ecs/core/lux-engine-simulation-ecs-core-config-targets-relwithdebinfo.cmake
-- Installing: E:/SyncForder/CodeRepos/install/q/t/share/lux-engine-simulation-ecs/core/lux-engine-simulation-ecs-core-import.cmake
-- Installing: E:/SyncForder/CodeRepos/install/q/t/lib/lux_engine_simulation_ecs_core.lib
-- Installing: E:/SyncForder/CodeRepos/install/q/t/bin/lux_engine_simulation_ecs_core.dll
-- Up-to-date: E:/SyncForder/CodeRepos/install/q/t/include
-- Up-to-date: E:/SyncForder/CodeRepos/install/q/t/include/lux
-- Up-to-date: E:/SyncForder/CodeRepos/install/q/t/include/lux/engine
-- Up-to-date: E:/SyncForder/CodeRepos/install/q/t/include/lux/engine/simulation
-- Up-to-date: E:/SyncForder/CodeRepos/install/q/t/include/lux/engine/simulation/ecs
-- Installing: E:/SyncForder/CodeRepos/install/q/t/include/lux/engine/simulation/ecs/ComponentAnnotations.hpp
-- Installing: E:/SyncForder/CodeRepos/install/q/t/include/lux/engine/simulation/ecs/ComponentDecode.hpp
-- Installing: E:/SyncForder/CodeRepos/install/q/t/include/lux/engine/simulation/ecs/ComponentOperations.hpp
-- Installing: E:/SyncForder/CodeRepos/install/q/t/include/lux/engine/simulation/ecs/ComponentSchema.hpp
-- Installing: E:/SyncForder/CodeRepos/install/q/t/include/lux/engine/simulation/ecs/ComponentSchemaId.hpp
-- Installing: E:/SyncForder/CodeRepos/install/q/t/include/lux/engine/simulation/ecs/ComponentSchemaSet.hpp
-- Up-to-date: E:/SyncForder/CodeRepos/install/q/t/include
-- Up-to-date: E:/SyncForder/CodeRepos/install/q/t/include/lux
-- Up-to-date: E:/SyncForder/CodeRepos/install/q/t/include/lux/engine
-- Up-to-date: E:/SyncForder/CodeRepos/install/q/t/include/lux/engine/core
-- Up-to-date: E:/SyncForder/CodeRepos/install/q/t/include/lux/engine/core/visibility.h
-- Up-to-date: E:/SyncForder/CodeRepos/install/q/t/include/lux/engine/dynamic_library
-- Up-to-date: E:/SyncForder/CodeRepos/install/q/t/include/lux/engine/dynamic_library/visibility.h
-- Up-to-date: E:/SyncForder/CodeRepos/install/q/t/include/lux/engine/flowforge
-- Up-to-date: E:/SyncForder/CodeRepos/install/q/t/include/lux/engine/flowforge/compiler
-- Up-to-date: E:/SyncForder/CodeRepos/install/q/t/include/lux/engine/flowforge/compiler/visibility.h
-- Up-to-date: E:/SyncForder/CodeRepos/install/q/t/include/lux/engine/flowforge/visibility.h
-- Up-to-date: E:/SyncForder/CodeRepos/install/q/t/include/lux/engine/function
-- Up-to-date: E:/SyncForder/CodeRepos/install/q/t/include/lux/engine/function/graph
-- Up-to-date: E:/SyncForder/CodeRepos/install/q/t/include/lux/engine/function/graph/visibility.h
-- Up-to-date: E:/SyncForder/CodeRepos/install/q/t/include/lux/engine/function/render
-- Up-to-date: E:/SyncForder/CodeRepos/install/q/t/include/lux/engine/function/render/standard
-- Up-to-date: E:/SyncForder/CodeRepos/install/q/t/include/lux/engine/function/render/standard/content
-- Up-to-date: E:/SyncForder/CodeRepos/install/q/t/include/lux/engine/function/render/standard/content/visibility.h
-- Up-to-date: E:/SyncForder/CodeRepos/install/q/t/include/lux/engine/function/script
-- Up-to-date: E:/SyncForder/CodeRepos/install/q/t/include/lux/engine/function/script/artifact
-- Up-to-date: E:/SyncForder/CodeRepos/install/q/t/include/lux/engine/function/script/artifact/visibility.h
-- Up-to-date: E:/SyncForder/CodeRepos/install/q/t/include/lux/engine/function/visibility.h
-- Up-to-date: E:/SyncForder/CodeRepos/install/q/t/include/lux/engine/material
-- Up-to-date: E:/SyncForder/CodeRepos/install/q/t/include/lux/engine/material/compiler
-- Up-to-date: E:/SyncForder/CodeRepos/install/q/t/include/lux/engine/material/compiler/visibility.h
-- Up-to-date: E:/SyncForder/CodeRepos/install/q/t/include/lux/engine/material/cooker
-- Up-to-date: E:/SyncForder/CodeRepos/install/q/t/include/lux/engine/material/cooker/visibility.h
-- Up-to-date: E:/SyncForder/CodeRepos/install/q/t/include/lux/engine/material/graph
-- Up-to-date: E:/SyncForder/CodeRepos/install/q/t/include/lux/engine/material/graph/visibility.h
-- Up-to-date: E:/SyncForder/CodeRepos/install/q/t/include/lux/engine/physics2d
-- Up-to-date: E:/SyncForder/CodeRepos/install/q/t/include/lux/engine/physics2d/Physics2DComponents.ecs_schema.hpp
-- Up-to-date: E:/SyncForder/CodeRepos/install/q/t/include/lux/engine/physics2d/Physics2DComponents.ecs_snapshot.hpp
-- Up-to-date: E:/SyncForder/CodeRepos/install/q/t/include/lux/engine/physics2d/Physics2DComponents.type_static_info.hpp
-- Up-to-date: E:/SyncForder/CodeRepos/install/q/t/include/lux/engine/physics2d/visibility.h
-- Up-to-date: E:/SyncForder/CodeRepos/install/q/t/include/lux/engine/process
-- Up-to-date: E:/SyncForder/CodeRepos/install/q/t/include/lux/engine/process/asset_loading
-- Up-to-date: E:/SyncForder/CodeRepos/install/q/t/include/lux/engine/process/asset_loading/visibility.h
-- Up-to-date: E:/SyncForder/CodeRepos/install/q/t/include/lux/engine/process/visibility.h
-- Up-to-date: E:/SyncForder/CodeRepos/install/q/t/include/lux/engine/process/world_loading
-- Up-to-date: E:/SyncForder/CodeRepos/install/q/t/include/lux/engine/process/world_loading/visibility.h
-- Up-to-date: E:/SyncForder/CodeRepos/install/q/t/include/lux/engine/resource
-- Up-to-date: E:/SyncForder/CodeRepos/install/q/t/include/lux/engine/resource/asset
-- Up-to-date: E:/SyncForder/CodeRepos/install/q/t/include/lux/engine/resource/asset/visibility.h
-- Up-to-date: E:/SyncForder/CodeRepos/install/q/t/include/lux/engine/resource/visibility.h
-- Up-to-date: E:/SyncForder/CodeRepos/install/q/t/include/lux/engine/scene
-- Up-to-date: E:/SyncForder/CodeRepos/install/q/t/include/lux/engine/scene/asset
-- Up-to-date: E:/SyncForder/CodeRepos/install/q/t/include/lux/engine/scene/asset/visibility.h
-- Up-to-date: E:/SyncForder/CodeRepos/install/q/t/include/lux/engine/scene/description
-- Up-to-date: E:/SyncForder/CodeRepos/install/q/t/include/lux/engine/scene/description/visibility.h
-- Up-to-date: E:/SyncForder/CodeRepos/install/q/t/include/lux/engine/scene/meta
-- Up-to-date: E:/SyncForder/CodeRepos/install/q/t/include/lux/engine/scene/meta/visibility.h
-- Up-to-date: E:/SyncForder/CodeRepos/install/q/t/include/lux/engine/scene/render
-- Up-to-date: E:/SyncForder/CodeRepos/install/q/t/include/lux/engine/scene/render/visibility.h
-- Up-to-date: E:/SyncForder/CodeRepos/install/q/t/include/lux/engine/scene/script_runtime
-- Up-to-date: E:/SyncForder/CodeRepos/install/q/t/include/lux/engine/scene/script_runtime/visibility.h
-- Up-to-date: E:/SyncForder/CodeRepos/install/q/t/include/lux/engine/scene/visibility.h
-- Up-to-date: E:/SyncForder/CodeRepos/install/q/t/include/lux/engine/scene/world_materialization
-- Up-to-date: E:/SyncForder/CodeRepos/install/q/t/include/lux/engine/scene/world_materialization/visibility.h
-- Up-to-date: E:/SyncForder/CodeRepos/install/q/t/include/lux/engine/serialization
-- Up-to-date: E:/SyncForder/CodeRepos/install/q/t/include/lux/engine/serialization/visibility.h
-- Up-to-date: E:/SyncForder/CodeRepos/install/q/t/include/lux/engine/simulation
-- Up-to-date: E:/SyncForder/CodeRepos/install/q/t/include/lux/engine/simulation/asset
-- Up-to-date: E:/SyncForder/CodeRepos/install/q/t/include/lux/engine/simulation/asset/visibility.h
-- Up-to-date: E:/SyncForder/CodeRepos/install/q/t/include/lux/engine/simulation/composition
-- Up-to-date: E:/SyncForder/CodeRepos/install/q/t/include/lux/engine/simulation/composition/visibility.h
-- Up-to-date: E:/SyncForder/CodeRepos/install/q/t/include/lux/engine/simulation/description
-- Up-to-date: E:/SyncForder/CodeRepos/install/q/t/include/lux/engine/simulation/description/visibility.h
-- Up-to-date: E:/SyncForder/CodeRepos/install/q/t/include/lux/engine/simulation/ecs
-- Up-to-date: E:/SyncForder/CodeRepos/install/q/t/include/lux/engine/simulation/ecs/core
-- Up-to-date: E:/SyncForder/CodeRepos/install/q/t/include/lux/engine/simulation/ecs/core/visibility.h
-- Up-to-date: E:/SyncForder/CodeRepos/install/q/t/include/lux/engine/simulation/ecs/hierarchy
-- Up-to-date: E:/SyncForder/CodeRepos/install/q/t/include/lux/engine/simulation/ecs/hierarchy/visibility.h
-- Up-to-date: E:/SyncForder/CodeRepos/install/q/t/include/lux/engine/simulation/ecs/Parent.ecs_schema.hpp
-- Up-to-date: E:/SyncForder/CodeRepos/install/q/t/include/lux/engine/simulation/ecs/Parent.ecs_snapshot.hpp
-- Up-to-date: E:/SyncForder/CodeRepos/install/q/t/include/lux/engine/simulation/ecs/Parent.type_static_info.hpp
-- Up-to-date: E:/SyncForder/CodeRepos/install/q/t/include/lux/engine/simulation/ecs/schema
-- Up-to-date: E:/SyncForder/CodeRepos/install/q/t/include/lux/engine/simulation/ecs/schema/visibility.h
-- Up-to-date: E:/SyncForder/CodeRepos/install/q/t/include/lux/engine/simulation/ecs/snapshot
-- Up-to-date: E:/SyncForder/CodeRepos/install/q/t/include/lux/engine/simulation/ecs/snapshot/visibility.h
-- Up-to-date: E:/SyncForder/CodeRepos/install/q/t/include/lux/engine/simulation/ecs/transform
-- Up-to-date: E:/SyncForder/CodeRepos/install/q/t/include/lux/engine/simulation/ecs/transform/visibility.h
-- Up-to-date: E:/SyncForder/CodeRepos/install/q/t/include/lux/engine/simulation/ecs/Transform.ecs_schema.hpp
-- Up-to-date: E:/SyncForder/CodeRepos/install/q/t/include/lux/engine/simulation/ecs/Transform.ecs_snapshot.hpp
-- Up-to-date: E:/SyncForder/CodeRepos/install/q/t/include/lux/engine/simulation/ecs/Transform.type_static_info.hpp
-- Up-to-date: E:/SyncForder/CodeRepos/install/q/t/include/lux/engine/simulation/ecs/visual
-- Up-to-date: E:/SyncForder/CodeRepos/install/q/t/include/lux/engine/simulation/ecs/visual/visibility.h
-- Up-to-date: E:/SyncForder/CodeRepos/install/q/t/include/lux/engine/simulation/ecs/Visual.ecs_schema.hpp
-- Up-to-date: E:/SyncForder/CodeRepos/install/q/t/include/lux/engine/simulation/ecs/Visual.ecs_snapshot.hpp
-- Up-to-date: E:/SyncForder/CodeRepos/install/q/t/include/lux/engine/simulation/ecs/Visual.type_static_info.hpp
-- Up-to-date: E:/SyncForder/CodeRepos/install/q/t/include/lux/engine/simulation/scripting
-- Up-to-date: E:/SyncForder/CodeRepos/install/q/t/include/lux/engine/simulation/scripting/cpp_static
-- Up-to-date: E:/SyncForder/CodeRepos/install/q/t/include/lux/engine/simulation/scripting/cpp_static/visibility.h
-- Up-to-date: E:/SyncForder/CodeRepos/install/q/t/include/lux/engine/simulation/scripting/native
-- Up-to-date: E:/SyncForder/CodeRepos/install/q/t/include/lux/engine/simulation/scripting/native/visibility.h
-- Up-to-date: E:/SyncForder/CodeRepos/install/q/t/include/lux/engine/simulation/script_system
-- Up-to-date: E:/SyncForder/CodeRepos/install/q/t/include/lux/engine/simulation/script_system/visibility.h
-- Up-to-date: E:/SyncForder/CodeRepos/install/q/t/include/lux/engine/simulation/system
-- Up-to-date: E:/SyncForder/CodeRepos/install/q/t/include/lux/engine/simulation/system/visibility.h
-- Up-to-date: E:/SyncForder/CodeRepos/install/q/t/include/lux/engine/simulation/transform_system
-- Up-to-date: E:/SyncForder/CodeRepos/install/q/t/include/lux/engine/simulation/transform_system/visibility.h
-- Up-to-date: E:/SyncForder/CodeRepos/install/q/t/include/lux/engine/spatial
-- Up-to-date: E:/SyncForder/CodeRepos/install/q/t/include/lux/engine/spatial/spatial2d
-- Up-to-date: E:/SyncForder/CodeRepos/install/q/t/include/lux/engine/spatial/spatial2d/visibility.h
-- Up-to-date: E:/SyncForder/CodeRepos/install/q/t/include/lux/engine/spatial/spatial3d
-- Up-to-date: E:/SyncForder/CodeRepos/install/q/t/include/lux/engine/spatial/spatial3d/visibility.h
-- Up-to-date: E:/SyncForder/CodeRepos/install/q/t/include/lux/engine/system
-- Up-to-date: E:/SyncForder/CodeRepos/install/q/t/include/lux/engine/system/description
-- Up-to-date: E:/SyncForder/CodeRepos/install/q/t/include/lux/engine/system/description/visibility.h
-- Up-to-date: E:/SyncForder/CodeRepos/install/q/t/include/lux/engine/system/identity
-- Up-to-date: E:/SyncForder/CodeRepos/install/q/t/include/lux/engine/system/identity/visibility.h
-- Up-to-date: E:/SyncForder/CodeRepos/install/q/t/include/lux/engine/task
-- Up-to-date: E:/SyncForder/CodeRepos/install/q/t/include/lux/engine/task/visibility.h
-- Up-to-date: E:/SyncForder/CodeRepos/install/q/t/include/lux/engine/toolchain
-- Up-to-date: E:/SyncForder/CodeRepos/install/q/t/include/lux/engine/toolchain/asset
-- Up-to-date: E:/SyncForder/CodeRepos/install/q/t/include/lux/engine/toolchain/asset/model
-- Up-to-date: E:/SyncForder/CodeRepos/install/q/t/include/lux/engine/toolchain/asset/model/visibility.h
-- Up-to-date: E:/SyncForder/CodeRepos/install/q/t/include/lux/engine/toolchain/asset/shader
-- Up-to-date: E:/SyncForder/CodeRepos/install/q/t/include/lux/engine/toolchain/asset/shader/visibility.h
-- Up-to-date: E:/SyncForder/CodeRepos/install/q/t/include/lux/engine/toolchain/asset/texture
-- Up-to-date: E:/SyncForder/CodeRepos/install/q/t/include/lux/engine/toolchain/asset/texture/visibility.h
-- Up-to-date: E:/SyncForder/CodeRepos/install/q/t/include/lux/engine/world
-- Up-to-date: E:/SyncForder/CodeRepos/install/q/t/include/lux/engine/world/asset
-- Up-to-date: E:/SyncForder/CodeRepos/install/q/t/include/lux/engine/world/asset/visibility.h
-- Up-to-date: E:/SyncForder/CodeRepos/install/q/t/include/lux/engine/world/description
-- Up-to-date: E:/SyncForder/CodeRepos/install/q/t/include/lux/engine/world/description/visibility.h
-- Up-to-date: E:/SyncForder/CodeRepos/install/q/t/include/lux/engine/world/partition
-- Up-to-date: E:/SyncForder/CodeRepos/install/q/t/include/lux/engine/world/partition/visibility.h
-- Up-to-date: E:/SyncForder/CodeRepos/install/q/t/include/lux/engine/world/storage
-- Up-to-date: E:/SyncForder/CodeRepos/install/q/t/include/lux/engine/world/storage/visibility.h
-- Up-to-date: E:/SyncForder/CodeRepos/install/q/t/include/test
-- Installing: E:/SyncForder/CodeRepos/install/q/t/share/lux-engine-simulation-ecs/schema/lux-engine-simulation-ecs-schema-config-targets.cmake
-- Installing: E:/SyncForder/CodeRepos/install/q/t/share/lux-engine-simulation-ecs/schema/lux-engine-simulation-ecs-schema-config-targets-relwithdebinfo.cmake
-- Installing: E:/SyncForder/CodeRepos/install/q/t/share/lux-engine-simulation-ecs/schema/lux-engine-simulation-ecs-schema-import.cmake
-- Installing: E:/SyncForder/CodeRepos/install/q/t/lib/lux_engine_simulation_ecs_schema.lib
-- Installing: E:/SyncForder/CodeRepos/install/q/t/bin/lux_engine_simulation_ecs_schema.dll
-- Up-to-date: E:/SyncForder/CodeRepos/install/q/t/include
-- Up-to-date: E:/SyncForder/CodeRepos/install/q/t/include/lux
-- Up-to-date: E:/SyncForder/CodeRepos/install/q/t/include/lux/engine
-- Up-to-date: E:/SyncForder/CodeRepos/install/q/t/include/lux/engine/simulation
-- Up-to-date: E:/SyncForder/CodeRepos/install/q/t/include/lux/engine/simulation/ecs
-- Installing: E:/SyncForder/CodeRepos/install/q/t/include/lux/engine/simulation/ecs/ComponentSnapshotBinding.hpp
-- Installing: E:/SyncForder/CodeRepos/install/q/t/include/lux/engine/simulation/ecs/ComponentSnapshotSet.hpp
-- Installing: E:/SyncForder/CodeRepos/install/q/t/include/lux/engine/simulation/ecs/EcsSnapshot.hpp
-- Up-to-date: E:/SyncForder/CodeRepos/install/q/t/include/lux/engine/simulation/ecs/snapshot
-- Installing: E:/SyncForder/CodeRepos/install/q/t/include/lux/engine/simulation/ecs/snapshot/detail
-- Installing: E:/SyncForder/CodeRepos/install/q/t/include/lux/engine/simulation/ecs/snapshot/detail/ComponentSnapshotAccess.hpp
-- Installing: E:/SyncForder/CodeRepos/install/q/t/include/lux/engine/simulation/ecs/SnapshotTypes.hpp
-- Up-to-date: E:/SyncForder/CodeRepos/install/q/t/include
-- Up-to-date: E:/SyncForder/CodeRepos/install/q/t/include/lux
-- Up-to-date: E:/SyncForder/CodeRepos/install/q/t/include/lux/engine
-- Up-to-date: E:/SyncForder/CodeRepos/install/q/t/include/lux/engine/core
-- Up-to-date: E:/SyncForder/CodeRepos/install/q/t/include/lux/engine/core/visibility.h
-- Up-to-date: E:/SyncForder/CodeRepos/install/q/t/include/lux/engine/dynamic_library
-- Up-to-date: E:/SyncForder/CodeRepos/install/q/t/include/lux/engine/dynamic_library/visibility.h
-- Up-to-date: E:/SyncForder/CodeRepos/install/q/t/include/lux/engine/flowforge
-- Up-to-date: E:/SyncForder/CodeRepos/install/q/t/include/lux/engine/flowforge/compiler
-- Up-to-date: E:/SyncForder/CodeRepos/install/q/t/include/lux/engine/flowforge/compiler/visibility.h
-- Up-to-date: E:/SyncForder/CodeRepos/install/q/t/include/lux/engine/flowforge/visibility.h
-- Up-to-date: E:/SyncForder/CodeRepos/install/q/t/include/lux/engine/function
-- Up-to-date: E:/SyncForder/CodeRepos/install/q/t/include/lux/engine/function/graph
-- Up-to-date: E:/SyncForder/CodeRepos/install/q/t/include/lux/engine/function/graph/visibility.h
-- Up-to-date: E:/SyncForder/CodeRepos/install/q/t/include/lux/engine/function/render
-- Up-to-date: E:/SyncForder/CodeRepos/install/q/t/include/lux/engine/function/render/standard
-- Up-to-date: E:/SyncForder/CodeRepos/install/q/t/include/lux/engine/function/render/standard/content
-- Up-to-date: E:/SyncForder/CodeRepos/install/q/t/include/lux/engine/function/render/standard/content/visibility.h
-- Up-to-date: E:/SyncForder/CodeRepos/install/q/t/include/lux/engine/function/script
-- Up-to-date: E:/SyncForder/CodeRepos/install/q/t/include/lux/engine/function/script/artifact
-- Up-to-date: E:/SyncForder/CodeRepos/install/q/t/include/lux/engine/function/script/artifact/visibility.h
-- Up-to-date: E:/SyncForder/CodeRepos/install/q/t/include/lux/engine/function/visibility.h
-- Up-to-date: E:/SyncForder/CodeRepos/install/q/t/include/lux/engine/material
-- Up-to-date: E:/SyncForder/CodeRepos/install/q/t/include/lux/engine/material/compiler
-- Up-to-date: E:/SyncForder/CodeRepos/install/q/t/include/lux/engine/material/compiler/visibility.h
-- Up-to-date: E:/SyncForder/CodeRepos/install/q/t/include/lux/engine/material/cooker
-- Up-to-date: E:/SyncForder/CodeRepos/install/q/t/include/lux/engine/material/cooker/visibility.h
-- Up-to-date: E:/SyncForder/CodeRepos/install/q/t/include/lux/engine/material/graph
-- Up-to-date: E:/SyncForder/CodeRepos/install/q/t/include/lux/engine/material/graph/visibility.h
-- Up-to-date: E:/SyncForder/CodeRepos/install/q/t/include/lux/engine/physics2d
-- Up-to-date: E:/SyncForder/CodeRepos/install/q/t/include/lux/engine/physics2d/Physics2DComponents.ecs_schema.hpp
-- Up-to-date: E:/SyncForder/CodeRepos/install/q/t/include/lux/engine/physics2d/Physics2DComponents.ecs_snapshot.hpp
-- Up-to-date: E:/SyncForder/CodeRepos/install/q/t/include/lux/engine/physics2d/Physics2DComponents.type_static_info.hpp
-- Up-to-date: E:/SyncForder/CodeRepos/install/q/t/include/lux/engine/physics2d/visibility.h
-- Up-to-date: E:/SyncForder/CodeRepos/install/q/t/include/lux/engine/process
-- Up-to-date: E:/SyncForder/CodeRepos/install/q/t/include/lux/engine/process/asset_loading
-- Up-to-date: E:/SyncForder/CodeRepos/install/q/t/include/lux/engine/process/asset_loading/visibility.h
-- Up-to-date: E:/SyncForder/CodeRepos/install/q/t/include/lux/engine/process/visibility.h
-- Up-to-date: E:/SyncForder/CodeRepos/install/q/t/include/lux/engine/process/world_loading
-- Up-to-date: E:/SyncForder/CodeRepos/install/q/t/include/lux/engine/process/world_loading/visibility.h
-- Up-to-date: E:/SyncForder/CodeRepos/install/q/t/include/lux/engine/resource
-- Up-to-date: E:/SyncForder/CodeRepos/install/q/t/include/lux/engine/resource/asset
-- Up-to-date: E:/SyncForder/CodeRepos/install/q/t/include/lux/engine/resource/asset/visibility.h
-- Up-to-date: E:/SyncForder/CodeRepos/install/q/t/include/lux/engine/resource/visibility.h
-- Up-to-date: E:/SyncForder/CodeRepos/install/q/t/include/lux/engine/scene
-- Up-to-date: E:/SyncForder/CodeRepos/install/q/t/include/lux/engine/scene/asset
-- Up-to-date: E:/SyncForder/CodeRepos/install/q/t/include/lux/engine/scene/asset/visibility.h
-- Up-to-date: E:/SyncForder/CodeRepos/install/q/t/include/lux/engine/scene/description
-- Up-to-date: E:/SyncForder/CodeRepos/install/q/t/include/lux/engine/scene/description/visibility.h
-- Up-to-date: E:/SyncForder/CodeRepos/install/q/t/include/lux/engine/scene/meta
-- Up-to-date: E:/SyncForder/CodeRepos/install/q/t/include/lux/engine/scene/meta/visibility.h
-- Up-to-date: E:/SyncForder/CodeRepos/install/q/t/include/lux/engine/scene/render
-- Up-to-date: E:/SyncForder/CodeRepos/install/q/t/include/lux/engine/scene/render/visibility.h
-- Up-to-date: E:/SyncForder/CodeRepos/install/q/t/include/lux/engine/scene/script_runtime
-- Up-to-date: E:/SyncForder/CodeRepos/install/q/t/include/lux/engine/scene/script_runtime/visibility.h
-- Up-to-date: E:/SyncForder/CodeRepos/install/q/t/include/lux/engine/scene/visibility.h
-- Up-to-date: E:/SyncForder/CodeRepos/install/q/t/include/lux/engine/scene/world_materialization
-- Up-to-date: E:/SyncForder/CodeRepos/install/q/t/include/lux/engine/scene/world_materialization/visibility.h
-- Up-to-date: E:/SyncForder/CodeRepos/install/q/t/include/lux/engine/serialization
-- Up-to-date: E:/SyncForder/CodeRepos/install/q/t/include/lux/engine/serialization/visibility.h
-- Up-to-date: E:/SyncForder/CodeRepos/install/q/t/include/lux/engine/simulation
-- Up-to-date: E:/SyncForder/CodeRepos/install/q/t/include/lux/engine/simulation/asset
-- Up-to-date: E:/SyncForder/CodeRepos/install/q/t/include/lux/engine/simulation/asset/visibility.h
-- Up-to-date: E:/SyncForder/CodeRepos/install/q/t/include/lux/engine/simulation/composition
-- Up-to-date: E:/SyncForder/CodeRepos/install/q/t/include/lux/engine/simulation/composition/visibility.h
-- Up-to-date: E:/SyncForder/CodeRepos/install/q/t/include/lux/engine/simulation/description
-- Up-to-date: E:/SyncForder/CodeRepos/install/q/t/include/lux/engine/simulation/description/visibility.h
-- Up-to-date: E:/SyncForder/CodeRepos/install/q/t/include/lux/engine/simulation/ecs
-- Up-to-date: E:/SyncForder/CodeRepos/install/q/t/include/lux/engine/simulation/ecs/core
-- Up-to-date: E:/SyncForder/CodeRepos/install/q/t/include/lux/engine/simulation/ecs/core/visibility.h
-- Up-to-date: E:/SyncForder/CodeRepos/install/q/t/include/lux/engine/simulation/ecs/hierarchy
-- Up-to-date: E:/SyncForder/CodeRepos/install/q/t/include/lux/engine/simulation/ecs/hierarchy/visibility.h
-- Up-to-date: E:/SyncForder/CodeRepos/install/q/t/include/lux/engine/simulation/ecs/Parent.ecs_schema.hpp
-- Up-to-date: E:/SyncForder/CodeRepos/install/q/t/include/lux/engine/simulation/ecs/Parent.ecs_snapshot.hpp
-- Up-to-date: E:/SyncForder/CodeRepos/install/q/t/include/lux/engine/simulation/ecs/Parent.type_static_info.hpp
-- Up-to-date: E:/SyncForder/CodeRepos/install/q/t/include/lux/engine/simulation/ecs/schema
-- Up-to-date: E:/SyncForder/CodeRepos/install/q/t/include/lux/engine/simulation/ecs/schema/visibility.h
-- Up-to-date: E:/SyncForder/CodeRepos/install/q/t/include/lux/engine/simulation/ecs/snapshot
-- Up-to-date: E:/SyncForder/CodeRepos/install/q/t/include/lux/engine/simulation/ecs/snapshot/visibility.h
-- Up-to-date: E:/SyncForder/CodeRepos/install/q/t/include/lux/engine/simulation/ecs/transform
-- Up-to-date: E:/SyncForder/CodeRepos/install/q/t/include/lux/engine/simulation/ecs/transform/visibility.h
-- Up-to-date: E:/SyncForder/CodeRepos/install/q/t/include/lux/engine/simulation/ecs/Transform.ecs_schema.hpp
-- Up-to-date: E:/SyncForder/CodeRepos/install/q/t/include/lux/engine/simulation/ecs/Transform.ecs_snapshot.hpp
-- Up-to-date: E:/SyncForder/CodeRepos/install/q/t/include/lux/engine/simulation/ecs/Transform.type_static_info.hpp
-- Up-to-date: E:/SyncForder/CodeRepos/install/q/t/include/lux/engine/simulation/ecs/visual
-- Up-to-date: E:/SyncForder/CodeRepos/install/q/t/include/lux/engine/simulation/ecs/visual/visibility.h
-- Up-to-date: E:/SyncForder/CodeRepos/install/q/t/include/lux/engine/simulation/ecs/Visual.ecs_schema.hpp
-- Up-to-date: E:/SyncForder/CodeRepos/install/q/t/include/lux/engine/simulation/ecs/Visual.ecs_snapshot.hpp
-- Up-to-date: E:/SyncForder/CodeRepos/install/q/t/include/lux/engine/simulation/ecs/Visual.type_static_info.hpp
-- Up-to-date: E:/SyncForder/CodeRepos/install/q/t/include/lux/engine/simulation/scripting
-- Up-to-date: E:/SyncForder/CodeRepos/install/q/t/include/lux/engine/simulation/scripting/cpp_static
-- Up-to-date: E:/SyncForder/CodeRepos/install/q/t/include/lux/engine/simulation/scripting/cpp_static/visibility.h
-- Up-to-date: E:/SyncForder/CodeRepos/install/q/t/include/lux/engine/simulation/scripting/native
-- Up-to-date: E:/SyncForder/CodeRepos/install/q/t/include/lux/engine/simulation/scripting/native/visibility.h
-- Up-to-date: E:/SyncForder/CodeRepos/install/q/t/include/lux/engine/simulation/script_system
-- Up-to-date: E:/SyncForder/CodeRepos/install/q/t/include/lux/engine/simulation/script_system/visibility.h
-- Up-to-date: E:/SyncForder/CodeRepos/install/q/t/include/lux/engine/simulation/system
-- Up-to-date: E:/SyncForder/CodeRepos/install/q/t/include/lux/engine/simulation/system/visibility.h
-- Up-to-date: E:/SyncForder/CodeRepos/install/q/t/include/lux/engine/simulation/transform_system
-- Up-to-date: E:/SyncForder/CodeRepos/install/q/t/include/lux/engine/simulation/transform_system/visibility.h
-- Up-to-date: E:/SyncForder/CodeRepos/install/q/t/include/lux/engine/spatial
-- Up-to-date: E:/SyncForder/CodeRepos/install/q/t/include/lux/engine/spatial/spatial2d
-- Up-to-date: E:/SyncForder/CodeRepos/install/q/t/include/lux/engine/spatial/spatial2d/visibility.h
-- Up-to-date: E:/SyncForder/CodeRepos/install/q/t/include/lux/engine/spatial/spatial3d
-- Up-to-date: E:/SyncForder/CodeRepos/install/q/t/include/lux/engine/spatial/spatial3d/visibility.h
-- Up-to-date: E:/SyncForder/CodeRepos/install/q/t/include/lux/engine/system
-- Up-to-date: E:/SyncForder/CodeRepos/install/q/t/include/lux/engine/system/description
-- Up-to-date: E:/SyncForder/CodeRepos/install/q/t/include/lux/engine/system/description/visibility.h
-- Up-to-date: E:/SyncForder/CodeRepos/install/q/t/include/lux/engine/system/identity
-- Up-to-date: E:/SyncForder/CodeRepos/install/q/t/include/lux/engine/system/identity/visibility.h
-- Up-to-date: E:/SyncForder/CodeRepos/install/q/t/include/lux/engine/task
-- Up-to-date: E:/SyncForder/CodeRepos/install/q/t/include/lux/engine/task/visibility.h
-- Up-to-date: E:/SyncForder/CodeRepos/install/q/t/include/lux/engine/toolchain
-- Up-to-date: E:/SyncForder/CodeRepos/install/q/t/include/lux/engine/toolchain/asset
-- Up-to-date: E:/SyncForder/CodeRepos/install/q/t/include/lux/engine/toolchain/asset/model
-- Up-to-date: E:/SyncForder/CodeRepos/install/q/t/include/lux/engine/toolchain/asset/model/visibility.h
-- Up-to-date: E:/SyncForder/CodeRepos/install/q/t/include/lux/engine/toolchain/asset/shader
-- Up-to-date: E:/SyncForder/CodeRepos/install/q/t/include/lux/engine/toolchain/asset/shader/visibility.h
-- Up-to-date: E:/SyncForder/CodeRepos/install/q/t/include/lux/engine/toolchain/asset/texture
-- Up-to-date: E:/SyncForder/CodeRepos/install/q/t/include/lux/engine/toolchain/asset/texture/visibility.h
-- Up-to-date: E:/SyncForder/CodeRepos/install/q/t/include/lux/engine/world
-- Up-to-date: E:/SyncForder/CodeRepos/install/q/t/include/lux/engine/world/asset
-- Up-to-date: E:/SyncForder/CodeRepos/install/q/t/include/lux/engine/world/asset/visibility.h
-- Up-to-date: E:/SyncForder/CodeRepos/install/q/t/include/lux/engine/world/description
-- Up-to-date: E:/SyncForder/CodeRepos/install/q/t/include/lux/engine/world/description/visibility.h
-- Up-to-date: E:/SyncForder/CodeRepos/install/q/t/include/lux/engine/world/partition
-- Up-to-date: E:/SyncForder/CodeRepos/install/q/t/include/lux/engine/world/partition/visibility.h
-- Up-to-date: E:/SyncForder/CodeRepos/install/q/t/include/lux/engine/world/storage
-- Up-to-date: E:/SyncForder/CodeRepos/install/q/t/include/lux/engine/world/storage/visibility.h
-- Up-to-date: E:/SyncForder/CodeRepos/install/q/t/include/test
-- Installing: E:/SyncForder/CodeRepos/install/q/t/share/lux-engine-simulation-ecs/snapshot/lux-engine-simulation-ecs-snapshot-config-targets.cmake
-- Installing: E:/SyncForder/CodeRepos/install/q/t/share/lux-engine-simulation-ecs/snapshot/lux-engine-simulation-ecs-snapshot-config-targets-relwithdebinfo.cmake
-- Installing: E:/SyncForder/CodeRepos/install/q/t/share/lux-engine-simulation-ecs/snapshot/lux-engine-simulation-ecs-snapshot-import.cmake
-- Installing: E:/SyncForder/CodeRepos/install/q/t/lib/lux_engine_simulation_ecs_snapshot.lib
-- Installing: E:/SyncForder/CodeRepos/install/q/t/bin/lux_engine_simulation_ecs_snapshot.dll
-- Up-to-date: E:/SyncForder/CodeRepos/install/q/t/include
-- Up-to-date: E:/SyncForder/CodeRepos/install/q/t/include/lux
-- Up-to-date: E:/SyncForder/CodeRepos/install/q/t/include/lux/engine
-- Up-to-date: E:/SyncForder/CodeRepos/install/q/t/include/lux/engine/simulation
-- Up-to-date: E:/SyncForder/CodeRepos/install/q/t/include/lux/engine/simulation/ecs
-- Installing: E:/SyncForder/CodeRepos/install/q/t/include/lux/engine/simulation/ecs/EcsTaskResource.hpp
-- Installing: E:/SyncForder/CodeRepos/install/q/t/include/lux/engine/simulation/ecs/SystemTaskResources.hpp
-- Installing: E:/SyncForder/CodeRepos/install/q/t/share/lux-engine-simulation-ecs/ecs_task/lux-engine-simulation-ecs-ecs_task-config-targets.cmake
-- Installing: E:/SyncForder/CodeRepos/install/q/t/share/lux-engine-simulation-ecs/ecs_task/lux-engine-simulation-ecs-ecs_task-import.cmake
-- Up-to-date: E:/SyncForder/CodeRepos/install/q/t/include
-- Up-to-date: E:/SyncForder/CodeRepos/install/q/t/include/lux
-- Up-to-date: E:/SyncForder/CodeRepos/install/q/t/include/lux/engine
-- Up-to-date: E:/SyncForder/CodeRepos/install/q/t/include/lux/engine/simulation
-- Up-to-date: E:/SyncForder/CodeRepos/install/q/t/include/lux/engine/simulation/ecs
-- Installing: E:/SyncForder/CodeRepos/install/q/t/include/lux/engine/simulation/ecs/HierarchyIndex.hpp
-- Installing: E:/SyncForder/CodeRepos/install/q/t/include/lux/engine/simulation/ecs/HierarchySchema.hpp
-- Installing: E:/SyncForder/CodeRepos/install/q/t/include/lux/engine/simulation/ecs/Parent.hpp
-- Up-to-date: E:/SyncForder/CodeRepos/install/q/t/include
-- Up-to-date: E:/SyncForder/CodeRepos/install/q/t/include/lux
-- Up-to-date: E:/SyncForder/CodeRepos/install/q/t/include/lux/engine
-- Up-to-date: E:/SyncForder/CodeRepos/install/q/t/include/lux/engine/core
-- Up-to-date: E:/SyncForder/CodeRepos/install/q/t/include/lux/engine/core/visibility.h
-- Up-to-date: E:/SyncForder/CodeRepos/install/q/t/include/lux/engine/dynamic_library
-- Up-to-date: E:/SyncForder/CodeRepos/install/q/t/include/lux/engine/dynamic_library/visibility.h
-- Up-to-date: E:/SyncForder/CodeRepos/install/q/t/include/lux/engine/flowforge
-- Up-to-date: E:/SyncForder/CodeRepos/install/q/t/include/lux/engine/flowforge/compiler
-- Up-to-date: E:/SyncForder/CodeRepos/install/q/t/include/lux/engine/flowforge/compiler/visibility.h
-- Up-to-date: E:/SyncForder/CodeRepos/install/q/t/include/lux/engine/flowforge/visibility.h
-- Up-to-date: E:/SyncForder/CodeRepos/install/q/t/include/lux/engine/function
-- Up-to-date: E:/SyncForder/CodeRepos/install/q/t/include/lux/engine/function/graph
-- Up-to-date: E:/SyncForder/CodeRepos/install/q/t/include/lux/engine/function/graph/visibility.h
-- Up-to-date: E:/SyncForder/CodeRepos/install/q/t/include/lux/engine/function/render
-- Up-to-date: E:/SyncForder/CodeRepos/install/q/t/include/lux/engine/function/render/standard
-- Up-to-date: E:/SyncForder/CodeRepos/install/q/t/include/lux/engine/function/render/standard/content
-- Up-to-date: E:/SyncForder/CodeRepos/install/q/t/include/lux/engine/function/render/standard/content/visibility.h
-- Up-to-date: E:/SyncForder/CodeRepos/install/q/t/include/lux/engine/function/script
-- Up-to-date: E:/SyncForder/CodeRepos/install/q/t/include/lux/engine/function/script/artifact
-- Up-to-date: E:/SyncForder/CodeRepos/install/q/t/include/lux/engine/function/script/artifact/visibility.h
-- Up-to-date: E:/SyncForder/CodeRepos/install/q/t/include/lux/engine/function/visibility.h
-- Up-to-date: E:/SyncForder/CodeRepos/install/q/t/include/lux/engine/material
-- Up-to-date: E:/SyncForder/CodeRepos/install/q/t/include/lux/engine/material/compiler
-- Up-to-date: E:/SyncForder/CodeRepos/install/q/t/include/lux/engine/material/compiler/visibility.h
-- Up-to-date: E:/SyncForder/CodeRepos/install/q/t/include/lux/engine/material/cooker
-- Up-to-date: E:/SyncForder/CodeRepos/install/q/t/include/lux/engine/material/cooker/visibility.h
-- Up-to-date: E:/SyncForder/CodeRepos/install/q/t/include/lux/engine/material/graph
-- Up-to-date: E:/SyncForder/CodeRepos/install/q/t/include/lux/engine/material/graph/visibility.h
-- Up-to-date: E:/SyncForder/CodeRepos/install/q/t/include/lux/engine/physics2d
-- Up-to-date: E:/SyncForder/CodeRepos/install/q/t/include/lux/engine/physics2d/Physics2DComponents.ecs_schema.hpp
-- Up-to-date: E:/SyncForder/CodeRepos/install/q/t/include/lux/engine/physics2d/Physics2DComponents.ecs_snapshot.hpp
-- Up-to-date: E:/SyncForder/CodeRepos/install/q/t/include/lux/engine/physics2d/Physics2DComponents.type_static_info.hpp
-- Up-to-date: E:/SyncForder/CodeRepos/install/q/t/include/lux/engine/physics2d/visibility.h
-- Up-to-date: E:/SyncForder/CodeRepos/install/q/t/include/lux/engine/process
-- Up-to-date: E:/SyncForder/CodeRepos/install/q/t/include/lux/engine/process/asset_loading
-- Up-to-date: E:/SyncForder/CodeRepos/install/q/t/include/lux/engine/process/asset_loading/visibility.h
-- Up-to-date: E:/SyncForder/CodeRepos/install/q/t/include/lux/engine/process/visibility.h
-- Up-to-date: E:/SyncForder/CodeRepos/install/q/t/include/lux/engine/process/world_loading
-- Up-to-date: E:/SyncForder/CodeRepos/install/q/t/include/lux/engine/process/world_loading/visibility.h
-- Up-to-date: E:/SyncForder/CodeRepos/install/q/t/include/lux/engine/resource
-- Up-to-date: E:/SyncForder/CodeRepos/install/q/t/include/lux/engine/resource/asset
-- Up-to-date: E:/SyncForder/CodeRepos/install/q/t/include/lux/engine/resource/asset/visibility.h
-- Up-to-date: E:/SyncForder/CodeRepos/install/q/t/include/lux/engine/resource/visibility.h
-- Up-to-date: E:/SyncForder/CodeRepos/install/q/t/include/lux/engine/scene
-- Up-to-date: E:/SyncForder/CodeRepos/install/q/t/include/lux/engine/scene/asset
-- Up-to-date: E:/SyncForder/CodeRepos/install/q/t/include/lux/engine/scene/asset/visibility.h
-- Up-to-date: E:/SyncForder/CodeRepos/install/q/t/include/lux/engine/scene/description
-- Up-to-date: E:/SyncForder/CodeRepos/install/q/t/include/lux/engine/scene/description/visibility.h
-- Up-to-date: E:/SyncForder/CodeRepos/install/q/t/include/lux/engine/scene/meta
-- Up-to-date: E:/SyncForder/CodeRepos/install/q/t/include/lux/engine/scene/meta/visibility.h
-- Up-to-date: E:/SyncForder/CodeRepos/install/q/t/include/lux/engine/scene/render
-- Up-to-date: E:/SyncForder/CodeRepos/install/q/t/include/lux/engine/scene/render/visibility.h
-- Up-to-date: E:/SyncForder/CodeRepos/install/q/t/include/lux/engine/scene/script_runtime
-- Up-to-date: E:/SyncForder/CodeRepos/install/q/t/include/lux/engine/scene/script_runtime/visibility.h
-- Up-to-date: E:/SyncForder/CodeRepos/install/q/t/include/lux/engine/scene/visibility.h
-- Up-to-date: E:/SyncForder/CodeRepos/install/q/t/include/lux/engine/scene/world_materialization
-- Up-to-date: E:/SyncForder/CodeRepos/install/q/t/include/lux/engine/scene/world_materialization/visibility.h
-- Up-to-date: E:/SyncForder/CodeRepos/install/q/t/include/lux/engine/serialization
-- Up-to-date: E:/SyncForder/CodeRepos/install/q/t/include/lux/engine/serialization/visibility.h
-- Up-to-date: E:/SyncForder/CodeRepos/install/q/t/include/lux/engine/simulation
-- Up-to-date: E:/SyncForder/CodeRepos/install/q/t/include/lux/engine/simulation/asset
-- Up-to-date: E:/SyncForder/CodeRepos/install/q/t/include/lux/engine/simulation/asset/visibility.h
-- Up-to-date: E:/SyncForder/CodeRepos/install/q/t/include/lux/engine/simulation/composition
-- Up-to-date: E:/SyncForder/CodeRepos/install/q/t/include/lux/engine/simulation/composition/visibility.h
-- Up-to-date: E:/SyncForder/CodeRepos/install/q/t/include/lux/engine/simulation/description
-- Up-to-date: E:/SyncForder/CodeRepos/install/q/t/include/lux/engine/simulation/description/visibility.h
-- Up-to-date: E:/SyncForder/CodeRepos/install/q/t/include/lux/engine/simulation/ecs
-- Up-to-date: E:/SyncForder/CodeRepos/install/q/t/include/lux/engine/simulation/ecs/core
-- Up-to-date: E:/SyncForder/CodeRepos/install/q/t/include/lux/engine/simulation/ecs/core/visibility.h
-- Up-to-date: E:/SyncForder/CodeRepos/install/q/t/include/lux/engine/simulation/ecs/hierarchy
-- Up-to-date: E:/SyncForder/CodeRepos/install/q/t/include/lux/engine/simulation/ecs/hierarchy/visibility.h
-- Up-to-date: E:/SyncForder/CodeRepos/install/q/t/include/lux/engine/simulation/ecs/Parent.ecs_schema.hpp
-- Up-to-date: E:/SyncForder/CodeRepos/install/q/t/include/lux/engine/simulation/ecs/Parent.ecs_snapshot.hpp
-- Up-to-date: E:/SyncForder/CodeRepos/install/q/t/include/lux/engine/simulation/ecs/Parent.type_static_info.hpp
-- Up-to-date: E:/SyncForder/CodeRepos/install/q/t/include/lux/engine/simulation/ecs/schema
-- Up-to-date: E:/SyncForder/CodeRepos/install/q/t/include/lux/engine/simulation/ecs/schema/visibility.h
-- Up-to-date: E:/SyncForder/CodeRepos/install/q/t/include/lux/engine/simulation/ecs/snapshot
-- Up-to-date: E:/SyncForder/CodeRepos/install/q/t/include/lux/engine/simulation/ecs/snapshot/visibility.h
-- Up-to-date: E:/SyncForder/CodeRepos/install/q/t/include/lux/engine/simulation/ecs/transform
-- Up-to-date: E:/SyncForder/CodeRepos/install/q/t/include/lux/engine/simulation/ecs/transform/visibility.h
-- Up-to-date: E:/SyncForder/CodeRepos/install/q/t/include/lux/engine/simulation/ecs/Transform.ecs_schema.hpp
-- Up-to-date: E:/SyncForder/CodeRepos/install/q/t/include/lux/engine/simulation/ecs/Transform.ecs_snapshot.hpp
-- Up-to-date: E:/SyncForder/CodeRepos/install/q/t/include/lux/engine/simulation/ecs/Transform.type_static_info.hpp
-- Up-to-date: E:/SyncForder/CodeRepos/install/q/t/include/lux/engine/simulation/ecs/visual
-- Up-to-date: E:/SyncForder/CodeRepos/install/q/t/include/lux/engine/simulation/ecs/visual/visibility.h
-- Up-to-date: E:/SyncForder/CodeRepos/install/q/t/include/lux/engine/simulation/ecs/Visual.ecs_schema.hpp
-- Up-to-date: E:/SyncForder/CodeRepos/install/q/t/include/lux/engine/simulation/ecs/Visual.ecs_snapshot.hpp
-- Up-to-date: E:/SyncForder/CodeRepos/install/q/t/include/lux/engine/simulation/ecs/Visual.type_static_info.hpp
-- Up-to-date: E:/SyncForder/CodeRepos/install/q/t/include/lux/engine/simulation/scripting
-- Up-to-date: E:/SyncForder/CodeRepos/install/q/t/include/lux/engine/simulation/scripting/cpp_static
-- Up-to-date: E:/SyncForder/CodeRepos/install/q/t/include/lux/engine/simulation/scripting/cpp_static/visibility.h
-- Up-to-date: E:/SyncForder/CodeRepos/install/q/t/include/lux/engine/simulation/scripting/native
-- Up-to-date: E:/SyncForder/CodeRepos/install/q/t/include/lux/engine/simulation/scripting/native/visibility.h
-- Up-to-date: E:/SyncForder/CodeRepos/install/q/t/include/lux/engine/simulation/script_system
-- Up-to-date: E:/SyncForder/CodeRepos/install/q/t/include/lux/engine/simulation/script_system/visibility.h
-- Up-to-date: E:/SyncForder/CodeRepos/install/q/t/include/lux/engine/simulation/system
-- Up-to-date: E:/SyncForder/CodeRepos/install/q/t/include/lux/engine/simulation/system/visibility.h
-- Up-to-date: E:/SyncForder/CodeRepos/install/q/t/include/lux/engine/simulation/transform_system
-- Up-to-date: E:/SyncForder/CodeRepos/install/q/t/include/lux/engine/simulation/transform_system/visibility.h
-- Up-to-date: E:/SyncForder/CodeRepos/install/q/t/include/lux/engine/spatial
-- Up-to-date: E:/SyncForder/CodeRepos/install/q/t/include/lux/engine/spatial/spatial2d
-- Up-to-date: E:/SyncForder/CodeRepos/install/q/t/include/lux/engine/spatial/spatial2d/visibility.h
-- Up-to-date: E:/SyncForder/CodeRepos/install/q/t/include/lux/engine/spatial/spatial3d
-- Up-to-date: E:/SyncForder/CodeRepos/install/q/t/include/lux/engine/spatial/spatial3d/visibility.h
-- Up-to-date: E:/SyncForder/CodeRepos/install/q/t/include/lux/engine/system
-- Up-to-date: E:/SyncForder/CodeRepos/install/q/t/include/lux/engine/system/description
-- Up-to-date: E:/SyncForder/CodeRepos/install/q/t/include/lux/engine/system/description/visibility.h
-- Up-to-date: E:/SyncForder/CodeRepos/install/q/t/include/lux/engine/system/identity
-- Up-to-date: E:/SyncForder/CodeRepos/install/q/t/include/lux/engine/system/identity/visibility.h
-- Up-to-date: E:/SyncForder/CodeRepos/install/q/t/include/lux/engine/task
-- Up-to-date: E:/SyncForder/CodeRepos/install/q/t/include/lux/engine/task/visibility.h
-- Up-to-date: E:/SyncForder/CodeRepos/install/q/t/include/lux/engine/toolchain
-- Up-to-date: E:/SyncForder/CodeRepos/install/q/t/include/lux/engine/toolchain/asset
-- Up-to-date: E:/SyncForder/CodeRepos/install/q/t/include/lux/engine/toolchain/asset/model
-- Up-to-date: E:/SyncForder/CodeRepos/install/q/t/include/lux/engine/toolchain/asset/model/visibility.h
-- Up-to-date: E:/SyncForder/CodeRepos/install/q/t/include/lux/engine/toolchain/asset/shader
-- Up-to-date: E:/SyncForder/CodeRepos/install/q/t/include/lux/engine/toolchain/asset/shader/visibility.h
-- Up-to-date: E:/SyncForder/CodeRepos/install/q/t/include/lux/engine/toolchain/asset/texture
-- Up-to-date: E:/SyncForder/CodeRepos/install/q/t/include/lux/engine/toolchain/asset/texture/visibility.h
-- Up-to-date: E:/SyncForder/CodeRepos/install/q/t/include/lux/engine/world
-- Up-to-date: E:/SyncForder/CodeRepos/install/q/t/include/lux/engine/world/asset
-- Up-to-date: E:/SyncForder/CodeRepos/install/q/t/include/lux/engine/world/asset/visibility.h
-- Up-to-date: E:/SyncForder/CodeRepos/install/q/t/include/lux/engine/world/description
-- Up-to-date: E:/SyncForder/CodeRepos/install/q/t/include/lux/engine/world/description/visibility.h
-- Up-to-date: E:/SyncForder/CodeRepos/install/q/t/include/lux/engine/world/partition
-- Up-to-date: E:/SyncForder/CodeRepos/install/q/t/include/lux/engine/world/partition/visibility.h
-- Up-to-date: E:/SyncForder/CodeRepos/install/q/t/include/lux/engine/world/storage
-- Up-to-date: E:/SyncForder/CodeRepos/install/q/t/include/lux/engine/world/storage/visibility.h
-- Up-to-date: E:/SyncForder/CodeRepos/install/q/t/include/test
-- Installing: E:/SyncForder/CodeRepos/install/q/t/share/lux-engine-simulation-ecs/hierarchy/lux-engine-simulation-ecs-hierarchy-config-targets.cmake
-- Installing: E:/SyncForder/CodeRepos/install/q/t/share/lux-engine-simulation-ecs/hierarchy/lux-engine-simulation-ecs-hierarchy-config-targets-relwithdebinfo.cmake
-- Installing: E:/SyncForder/CodeRepos/install/q/t/share/lux-engine-simulation-ecs/hierarchy/lux-engine-simulation-ecs-hierarchy-import.cmake
-- Installing: E:/SyncForder/CodeRepos/install/q/t/lib/lux_engine_simulation_ecs_hierarchy.lib
-- Installing: E:/SyncForder/CodeRepos/install/q/t/bin/lux_engine_simulation_ecs_hierarchy.dll
-- Up-to-date: E:/SyncForder/CodeRepos/install/q/t/include
-- Up-to-date: E:/SyncForder/CodeRepos/install/q/t/include/lux
-- Up-to-date: E:/SyncForder/CodeRepos/install/q/t/include/lux/engine
-- Up-to-date: E:/SyncForder/CodeRepos/install/q/t/include/lux/engine/simulation
-- Up-to-date: E:/SyncForder/CodeRepos/install/q/t/include/lux/engine/simulation/ecs
-- Installing: E:/SyncForder/CodeRepos/install/q/t/include/lux/engine/simulation/ecs/Transform.hpp
-- Installing: E:/SyncForder/CodeRepos/install/q/t/include/lux/engine/simulation/ecs/TransformSchema.hpp
-- Up-to-date: E:/SyncForder/CodeRepos/install/q/t/include
-- Up-to-date: E:/SyncForder/CodeRepos/install/q/t/include/lux
-- Up-to-date: E:/SyncForder/CodeRepos/install/q/t/include/lux/engine
-- Up-to-date: E:/SyncForder/CodeRepos/install/q/t/include/lux/engine/core
-- Up-to-date: E:/SyncForder/CodeRepos/install/q/t/include/lux/engine/core/visibility.h
-- Up-to-date: E:/SyncForder/CodeRepos/install/q/t/include/lux/engine/dynamic_library
-- Up-to-date: E:/SyncForder/CodeRepos/install/q/t/include/lux/engine/dynamic_library/visibility.h
-- Up-to-date: E:/SyncForder/CodeRepos/install/q/t/include/lux/engine/flowforge
-- Up-to-date: E:/SyncForder/CodeRepos/install/q/t/include/lux/engine/flowforge/compiler
-- Up-to-date: E:/SyncForder/CodeRepos/install/q/t/include/lux/engine/flowforge/compiler/visibility.h
-- Up-to-date: E:/SyncForder/CodeRepos/install/q/t/include/lux/engine/flowforge/visibility.h
-- Up-to-date: E:/SyncForder/CodeRepos/install/q/t/include/lux/engine/function
-- Up-to-date: E:/SyncForder/CodeRepos/install/q/t/include/lux/engine/function/graph
-- Up-to-date: E:/SyncForder/CodeRepos/install/q/t/include/lux/engine/function/graph/visibility.h
-- Up-to-date: E:/SyncForder/CodeRepos/install/q/t/include/lux/engine/function/render
-- Up-to-date: E:/SyncForder/CodeRepos/install/q/t/include/lux/engine/function/render/standard
-- Up-to-date: E:/SyncForder/CodeRepos/install/q/t/include/lux/engine/function/render/standard/content
-- Up-to-date: E:/SyncForder/CodeRepos/install/q/t/include/lux/engine/function/render/standard/content/visibility.h
-- Up-to-date: E:/SyncForder/CodeRepos/install/q/t/include/lux/engine/function/script
-- Up-to-date: E:/SyncForder/CodeRepos/install/q/t/include/lux/engine/function/script/artifact
-- Up-to-date: E:/SyncForder/CodeRepos/install/q/t/include/lux/engine/function/script/artifact/visibility.h
-- Up-to-date: E:/SyncForder/CodeRepos/install/q/t/include/lux/engine/function/visibility.h
-- Up-to-date: E:/SyncForder/CodeRepos/install/q/t/include/lux/engine/material
-- Up-to-date: E:/SyncForder/CodeRepos/install/q/t/include/lux/engine/material/compiler
-- Up-to-date: E:/SyncForder/CodeRepos/install/q/t/include/lux/engine/material/compiler/visibility.h
-- Up-to-date: E:/SyncForder/CodeRepos/install/q/t/include/lux/engine/material/cooker
-- Up-to-date: E:/SyncForder/CodeRepos/install/q/t/include/lux/engine/material/cooker/visibility.h
-- Up-to-date: E:/SyncForder/CodeRepos/install/q/t/include/lux/engine/material/graph
-- Up-to-date: E:/SyncForder/CodeRepos/install/q/t/include/lux/engine/material/graph/visibility.h
-- Up-to-date: E:/SyncForder/CodeRepos/install/q/t/include/lux/engine/physics2d
-- Up-to-date: E:/SyncForder/CodeRepos/install/q/t/include/lux/engine/physics2d/Physics2DComponents.ecs_schema.hpp
-- Up-to-date: E:/SyncForder/CodeRepos/install/q/t/include/lux/engine/physics2d/Physics2DComponents.ecs_snapshot.hpp
-- Up-to-date: E:/SyncForder/CodeRepos/install/q/t/include/lux/engine/physics2d/Physics2DComponents.type_static_info.hpp
-- Up-to-date: E:/SyncForder/CodeRepos/install/q/t/include/lux/engine/physics2d/visibility.h
-- Up-to-date: E:/SyncForder/CodeRepos/install/q/t/include/lux/engine/process
-- Up-to-date: E:/SyncForder/CodeRepos/install/q/t/include/lux/engine/process/asset_loading
-- Up-to-date: E:/SyncForder/CodeRepos/install/q/t/include/lux/engine/process/asset_loading/visibility.h
-- Up-to-date: E:/SyncForder/CodeRepos/install/q/t/include/lux/engine/process/visibility.h
-- Up-to-date: E:/SyncForder/CodeRepos/install/q/t/include/lux/engine/process/world_loading
-- Up-to-date: E:/SyncForder/CodeRepos/install/q/t/include/lux/engine/process/world_loading/visibility.h
-- Up-to-date: E:/SyncForder/CodeRepos/install/q/t/include/lux/engine/resource
-- Up-to-date: E:/SyncForder/CodeRepos/install/q/t/include/lux/engine/resource/asset
-- Up-to-date: E:/SyncForder/CodeRepos/install/q/t/include/lux/engine/resource/asset/visibility.h
-- Up-to-date: E:/SyncForder/CodeRepos/install/q/t/include/lux/engine/resource/visibility.h
-- Up-to-date: E:/SyncForder/CodeRepos/install/q/t/include/lux/engine/scene
-- Up-to-date: E:/SyncForder/CodeRepos/install/q/t/include/lux/engine/scene/asset
-- Up-to-date: E:/SyncForder/CodeRepos/install/q/t/include/lux/engine/scene/asset/visibility.h
-- Up-to-date: E:/SyncForder/CodeRepos/install/q/t/include/lux/engine/scene/description
-- Up-to-date: E:/SyncForder/CodeRepos/install/q/t/include/lux/engine/scene/description/visibility.h
-- Up-to-date: E:/SyncForder/CodeRepos/install/q/t/include/lux/engine/scene/meta
-- Up-to-date: E:/SyncForder/CodeRepos/install/q/t/include/lux/engine/scene/meta/visibility.h
-- Up-to-date: E:/SyncForder/CodeRepos/install/q/t/include/lux/engine/scene/render
-- Up-to-date: E:/SyncForder/CodeRepos/install/q/t/include/lux/engine/scene/render/visibility.h
-- Up-to-date: E:/SyncForder/CodeRepos/install/q/t/include/lux/engine/scene/script_runtime
-- Up-to-date: E:/SyncForder/CodeRepos/install/q/t/include/lux/engine/scene/script_runtime/visibility.h
-- Up-to-date: E:/SyncForder/CodeRepos/install/q/t/include/lux/engine/scene/visibility.h
-- Up-to-date: E:/SyncForder/CodeRepos/install/q/t/include/lux/engine/scene/world_materialization
-- Up-to-date: E:/SyncForder/CodeRepos/install/q/t/include/lux/engine/scene/world_materialization/visibility.h
-- Up-to-date: E:/SyncForder/CodeRepos/install/q/t/include/lux/engine/serialization
-- Up-to-date: E:/SyncForder/CodeRepos/install/q/t/include/lux/engine/serialization/visibility.h
-- Up-to-date: E:/SyncForder/CodeRepos/install/q/t/include/lux/engine/simulation
-- Up-to-date: E:/SyncForder/CodeRepos/install/q/t/include/lux/engine/simulation/asset
-- Up-to-date: E:/SyncForder/CodeRepos/install/q/t/include/lux/engine/simulation/asset/visibility.h
-- Up-to-date: E:/SyncForder/CodeRepos/install/q/t/include/lux/engine/simulation/composition
-- Up-to-date: E:/SyncForder/CodeRepos/install/q/t/include/lux/engine/simulation/composition/visibility.h
-- Up-to-date: E:/SyncForder/CodeRepos/install/q/t/include/lux/engine/simulation/description
-- Up-to-date: E:/SyncForder/CodeRepos/install/q/t/include/lux/engine/simulation/description/visibility.h
-- Up-to-date: E:/SyncForder/CodeRepos/install/q/t/include/lux/engine/simulation/ecs
-- Up-to-date: E:/SyncForder/CodeRepos/install/q/t/include/lux/engine/simulation/ecs/core
-- Up-to-date: E:/SyncForder/CodeRepos/install/q/t/include/lux/engine/simulation/ecs/core/visibility.h
-- Up-to-date: E:/SyncForder/CodeRepos/install/q/t/include/lux/engine/simulation/ecs/hierarchy
-- Up-to-date: E:/SyncForder/CodeRepos/install/q/t/include/lux/engine/simulation/ecs/hierarchy/visibility.h
-- Up-to-date: E:/SyncForder/CodeRepos/install/q/t/include/lux/engine/simulation/ecs/Parent.ecs_schema.hpp
-- Up-to-date: E:/SyncForder/CodeRepos/install/q/t/include/lux/engine/simulation/ecs/Parent.ecs_snapshot.hpp
-- Up-to-date: E:/SyncForder/CodeRepos/install/q/t/include/lux/engine/simulation/ecs/Parent.type_static_info.hpp
-- Up-to-date: E:/SyncForder/CodeRepos/install/q/t/include/lux/engine/simulation/ecs/schema
-- Up-to-date: E:/SyncForder/CodeRepos/install/q/t/include/lux/engine/simulation/ecs/schema/visibility.h
-- Up-to-date: E:/SyncForder/CodeRepos/install/q/t/include/lux/engine/simulation/ecs/snapshot
-- Up-to-date: E:/SyncForder/CodeRepos/install/q/t/include/lux/engine/simulation/ecs/snapshot/visibility.h
-- Up-to-date: E:/SyncForder/CodeRepos/install/q/t/include/lux/engine/simulation/ecs/transform
-- Up-to-date: E:/SyncForder/CodeRepos/install/q/t/include/lux/engine/simulation/ecs/transform/visibility.h
-- Up-to-date: E:/SyncForder/CodeRepos/install/q/t/include/lux/engine/simulation/ecs/Transform.ecs_schema.hpp
-- Up-to-date: E:/SyncForder/CodeRepos/install/q/t/include/lux/engine/simulation/ecs/Transform.ecs_snapshot.hpp
-- Up-to-date: E:/SyncForder/CodeRepos/install/q/t/include/lux/engine/simulation/ecs/Transform.type_static_info.hpp
-- Up-to-date: E:/SyncForder/CodeRepos/install/q/t/include/lux/engine/simulation/ecs/visual
-- Up-to-date: E:/SyncForder/CodeRepos/install/q/t/include/lux/engine/simulation/ecs/visual/visibility.h
-- Up-to-date: E:/SyncForder/CodeRepos/install/q/t/include/lux/engine/simulation/ecs/Visual.ecs_schema.hpp
-- Up-to-date: E:/SyncForder/CodeRepos/install/q/t/include/lux/engine/simulation/ecs/Visual.ecs_snapshot.hpp
-- Up-to-date: E:/SyncForder/CodeRepos/install/q/t/include/lux/engine/simulation/ecs/Visual.type_static_info.hpp
-- Up-to-date: E:/SyncForder/CodeRepos/install/q/t/include/lux/engine/simulation/scripting
-- Up-to-date: E:/SyncForder/CodeRepos/install/q/t/include/lux/engine/simulation/scripting/cpp_static
-- Up-to-date: E:/SyncForder/CodeRepos/install/q/t/include/lux/engine/simulation/scripting/cpp_static/visibility.h
-- Up-to-date: E:/SyncForder/CodeRepos/install/q/t/include/lux/engine/simulation/scripting/native
-- Up-to-date: E:/SyncForder/CodeRepos/install/q/t/include/lux/engine/simulation/scripting/native/visibility.h
-- Up-to-date: E:/SyncForder/CodeRepos/install/q/t/include/lux/engine/simulation/script_system
-- Up-to-date: E:/SyncForder/CodeRepos/install/q/t/include/lux/engine/simulation/script_system/visibility.h
-- Up-to-date: E:/SyncForder/CodeRepos/install/q/t/include/lux/engine/simulation/system
-- Up-to-date: E:/SyncForder/CodeRepos/install/q/t/include/lux/engine/simulation/system/visibility.h
-- Up-to-date: E:/SyncForder/CodeRepos/install/q/t/include/lux/engine/simulation/transform_system
-- Up-to-date: E:/SyncForder/CodeRepos/install/q/t/include/lux/engine/simulation/transform_system/visibility.h
-- Up-to-date: E:/SyncForder/CodeRepos/install/q/t/include/lux/engine/spatial
-- Up-to-date: E:/SyncForder/CodeRepos/install/q/t/include/lux/engine/spatial/spatial2d
-- Up-to-date: E:/SyncForder/CodeRepos/install/q/t/include/lux/engine/spatial/spatial2d/visibility.h
-- Up-to-date: E:/SyncForder/CodeRepos/install/q/t/include/lux/engine/spatial/spatial3d
-- Up-to-date: E:/SyncForder/CodeRepos/install/q/t/include/lux/engine/spatial/spatial3d/visibility.h
-- Up-to-date: E:/SyncForder/CodeRepos/install/q/t/include/lux/engine/system
-- Up-to-date: E:/SyncForder/CodeRepos/install/q/t/include/lux/engine/system/description
-- Up-to-date: E:/SyncForder/CodeRepos/install/q/t/include/lux/engine/system/description/visibility.h
-- Up-to-date: E:/SyncForder/CodeRepos/install/q/t/include/lux/engine/system/identity
-- Up-to-date: E:/SyncForder/CodeRepos/install/q/t/include/lux/engine/system/identity/visibility.h
-- Up-to-date: E:/SyncForder/CodeRepos/install/q/t/include/lux/engine/task
-- Up-to-date: E:/SyncForder/CodeRepos/install/q/t/include/lux/engine/task/visibility.h
-- Up-to-date: E:/SyncForder/CodeRepos/install/q/t/include/lux/engine/toolchain
-- Up-to-date: E:/SyncForder/CodeRepos/install/q/t/include/lux/engine/toolchain/asset
-- Up-to-date: E:/SyncForder/CodeRepos/install/q/t/include/lux/engine/toolchain/asset/model
-- Up-to-date: E:/SyncForder/CodeRepos/install/q/t/include/lux/engine/toolchain/asset/model/visibility.h
-- Up-to-date: E:/SyncForder/CodeRepos/install/q/t/include/lux/engine/toolchain/asset/shader
-- Up-to-date: E:/SyncForder/CodeRepos/install/q/t/include/lux/engine/toolchain/asset/shader/visibility.h
-- Up-to-date: E:/SyncForder/CodeRepos/install/q/t/include/lux/engine/toolchain/asset/texture
-- Up-to-date: E:/SyncForder/CodeRepos/install/q/t/include/lux/engine/toolchain/asset/texture/visibility.h
-- Up-to-date: E:/SyncForder/CodeRepos/install/q/t/include/lux/engine/world
-- Up-to-date: E:/SyncForder/CodeRepos/install/q/t/include/lux/engine/world/asset
-- Up-to-date: E:/SyncForder/CodeRepos/install/q/t/include/lux/engine/world/asset/visibility.h
-- Up-to-date: E:/SyncForder/CodeRepos/install/q/t/include/lux/engine/world/description
-- Up-to-date: E:/SyncForder/CodeRepos/install/q/t/include/lux/engine/world/description/visibility.h
-- Up-to-date: E:/SyncForder/CodeRepos/install/q/t/include/lux/engine/world/partition
-- Up-to-date: E:/SyncForder/CodeRepos/install/q/t/include/lux/engine/world/partition/visibility.h
-- Up-to-date: E:/SyncForder/CodeRepos/install/q/t/include/lux/engine/world/storage
-- Up-to-date: E:/SyncForder/CodeRepos/install/q/t/include/lux/engine/world/storage/visibility.h
-- Up-to-date: E:/SyncForder/CodeRepos/install/q/t/include/test
-- Installing: E:/SyncForder/CodeRepos/install/q/t/share/lux-engine-simulation-ecs/transform/lux-engine-simulation-ecs-transform-config-targets.cmake
-- Installing: E:/SyncForder/CodeRepos/install/q/t/share/lux-engine-simulation-ecs/transform/lux-engine-simulation-ecs-transform-config-targets-relwithdebinfo.cmake
-- Installing: E:/SyncForder/CodeRepos/install/q/t/share/lux-engine-simulation-ecs/transform/lux-engine-simulation-ecs-transform-import.cmake
-- Installing: E:/SyncForder/CodeRepos/install/q/t/lib/lux_engine_simulation_ecs_transform.lib
-- Installing: E:/SyncForder/CodeRepos/install/q/t/bin/lux_engine_simulation_ecs_transform.dll
-- Up-to-date: E:/SyncForder/CodeRepos/install/q/t/include
-- Up-to-date: E:/SyncForder/CodeRepos/install/q/t/include/lux
-- Up-to-date: E:/SyncForder/CodeRepos/install/q/t/include/lux/engine
-- Up-to-date: E:/SyncForder/CodeRepos/install/q/t/include/lux/engine/simulation
-- Up-to-date: E:/SyncForder/CodeRepos/install/q/t/include/lux/engine/simulation/ecs
-- Installing: E:/SyncForder/CodeRepos/install/q/t/include/lux/engine/simulation/ecs/Visual.hpp
-- Installing: E:/SyncForder/CodeRepos/install/q/t/include/lux/engine/simulation/ecs/VisualSchema.hpp
-- Up-to-date: E:/SyncForder/CodeRepos/install/q/t/include
-- Up-to-date: E:/SyncForder/CodeRepos/install/q/t/include/lux
-- Up-to-date: E:/SyncForder/CodeRepos/install/q/t/include/lux/engine
-- Up-to-date: E:/SyncForder/CodeRepos/install/q/t/include/lux/engine/core
-- Up-to-date: E:/SyncForder/CodeRepos/install/q/t/include/lux/engine/core/visibility.h
-- Up-to-date: E:/SyncForder/CodeRepos/install/q/t/include/lux/engine/dynamic_library
-- Up-to-date: E:/SyncForder/CodeRepos/install/q/t/include/lux/engine/dynamic_library/visibility.h
-- Up-to-date: E:/SyncForder/CodeRepos/install/q/t/include/lux/engine/flowforge
-- Up-to-date: E:/SyncForder/CodeRepos/install/q/t/include/lux/engine/flowforge/compiler
-- Up-to-date: E:/SyncForder/CodeRepos/install/q/t/include/lux/engine/flowforge/compiler/visibility.h
-- Up-to-date: E:/SyncForder/CodeRepos/install/q/t/include/lux/engine/flowforge/visibility.h
-- Up-to-date: E:/SyncForder/CodeRepos/install/q/t/include/lux/engine/function
-- Up-to-date: E:/SyncForder/CodeRepos/install/q/t/include/lux/engine/function/graph
-- Up-to-date: E:/SyncForder/CodeRepos/install/q/t/include/lux/engine/function/graph/visibility.h
-- Up-to-date: E:/SyncForder/CodeRepos/install/q/t/include/lux/engine/function/render
-- Up-to-date: E:/SyncForder/CodeRepos/install/q/t/include/lux/engine/function/render/standard
-- Up-to-date: E:/SyncForder/CodeRepos/install/q/t/include/lux/engine/function/render/standard/content
-- Up-to-date: E:/SyncForder/CodeRepos/install/q/t/include/lux/engine/function/render/standard/content/visibility.h
-- Up-to-date: E:/SyncForder/CodeRepos/install/q/t/include/lux/engine/function/script
-- Up-to-date: E:/SyncForder/CodeRepos/install/q/t/include/lux/engine/function/script/artifact
-- Up-to-date: E:/SyncForder/CodeRepos/install/q/t/include/lux/engine/function/script/artifact/visibility.h
-- Up-to-date: E:/SyncForder/CodeRepos/install/q/t/include/lux/engine/function/visibility.h
-- Up-to-date: E:/SyncForder/CodeRepos/install/q/t/include/lux/engine/material
-- Up-to-date: E:/SyncForder/CodeRepos/install/q/t/include/lux/engine/material/compiler
-- Up-to-date: E:/SyncForder/CodeRepos/install/q/t/include/lux/engine/material/compiler/visibility.h
-- Up-to-date: E:/SyncForder/CodeRepos/install/q/t/include/lux/engine/material/cooker
-- Up-to-date: E:/SyncForder/CodeRepos/install/q/t/include/lux/engine/material/cooker/visibility.h
-- Up-to-date: E:/SyncForder/CodeRepos/install/q/t/include/lux/engine/material/graph
-- Up-to-date: E:/SyncForder/CodeRepos/install/q/t/include/lux/engine/material/graph/visibility.h
-- Up-to-date: E:/SyncForder/CodeRepos/install/q/t/include/lux/engine/physics2d
-- Up-to-date: E:/SyncForder/CodeRepos/install/q/t/include/lux/engine/physics2d/Physics2DComponents.ecs_schema.hpp
-- Up-to-date: E:/SyncForder/CodeRepos/install/q/t/include/lux/engine/physics2d/Physics2DComponents.ecs_snapshot.hpp
-- Up-to-date: E:/SyncForder/CodeRepos/install/q/t/include/lux/engine/physics2d/Physics2DComponents.type_static_info.hpp
-- Up-to-date: E:/SyncForder/CodeRepos/install/q/t/include/lux/engine/physics2d/visibility.h
-- Up-to-date: E:/SyncForder/CodeRepos/install/q/t/include/lux/engine/process
-- Up-to-date: E:/SyncForder/CodeRepos/install/q/t/include/lux/engine/process/asset_loading
-- Up-to-date: E:/SyncForder/CodeRepos/install/q/t/include/lux/engine/process/asset_loading/visibility.h
-- Up-to-date: E:/SyncForder/CodeRepos/install/q/t/include/lux/engine/process/visibility.h
-- Up-to-date: E:/SyncForder/CodeRepos/install/q/t/include/lux/engine/process/world_loading
-- Up-to-date: E:/SyncForder/CodeRepos/install/q/t/include/lux/engine/process/world_loading/visibility.h
-- Up-to-date: E:/SyncForder/CodeRepos/install/q/t/include/lux/engine/resource
-- Up-to-date: E:/SyncForder/CodeRepos/install/q/t/include/lux/engine/resource/asset
-- Up-to-date: E:/SyncForder/CodeRepos/install/q/t/include/lux/engine/resource/asset/visibility.h
-- Up-to-date: E:/SyncForder/CodeRepos/install/q/t/include/lux/engine/resource/visibility.h
-- Up-to-date: E:/SyncForder/CodeRepos/install/q/t/include/lux/engine/scene
-- Up-to-date: E:/SyncForder/CodeRepos/install/q/t/include/lux/engine/scene/asset
-- Up-to-date: E:/SyncForder/CodeRepos/install/q/t/include/lux/engine/scene/asset/visibility.h
-- Up-to-date: E:/SyncForder/CodeRepos/install/q/t/include/lux/engine/scene/description
-- Up-to-date: E:/SyncForder/CodeRepos/install/q/t/include/lux/engine/scene/description/visibility.h
-- Up-to-date: E:/SyncForder/CodeRepos/install/q/t/include/lux/engine/scene/meta
-- Up-to-date: E:/SyncForder/CodeRepos/install/q/t/include/lux/engine/scene/meta/visibility.h
-- Up-to-date: E:/SyncForder/CodeRepos/install/q/t/include/lux/engine/scene/render
-- Up-to-date: E:/SyncForder/CodeRepos/install/q/t/include/lux/engine/scene/render/visibility.h
-- Up-to-date: E:/SyncForder/CodeRepos/install/q/t/include/lux/engine/scene/script_runtime
-- Up-to-date: E:/SyncForder/CodeRepos/install/q/t/include/lux/engine/scene/script_runtime/visibility.h
-- Up-to-date: E:/SyncForder/CodeRepos/install/q/t/include/lux/engine/scene/visibility.h
-- Up-to-date: E:/SyncForder/CodeRepos/install/q/t/include/lux/engine/scene/world_materialization
-- Up-to-date: E:/SyncForder/CodeRepos/install/q/t/include/lux/engine/scene/world_materialization/visibility.h
-- Up-to-date: E:/SyncForder/CodeRepos/install/q/t/include/lux/engine/serialization
-- Up-to-date: E:/SyncForder/CodeRepos/install/q/t/include/lux/engine/serialization/visibility.h
-- Up-to-date: E:/SyncForder/CodeRepos/install/q/t/include/lux/engine/simulation
-- Up-to-date: E:/SyncForder/CodeRepos/install/q/t/include/lux/engine/simulation/asset
-- Up-to-date: E:/SyncForder/CodeRepos/install/q/t/include/lux/engine/simulation/asset/visibility.h
-- Up-to-date: E:/SyncForder/CodeRepos/install/q/t/include/lux/engine/simulation/composition
-- Up-to-date: E:/SyncForder/CodeRepos/install/q/t/include/lux/engine/simulation/composition/visibility.h
-- Up-to-date: E:/SyncForder/CodeRepos/install/q/t/include/lux/engine/simulation/description
-- Up-to-date: E:/SyncForder/CodeRepos/install/q/t/include/lux/engine/simulation/description/visibility.h
-- Up-to-date: E:/SyncForder/CodeRepos/install/q/t/include/lux/engine/simulation/ecs
-- Up-to-date: E:/SyncForder/CodeRepos/install/q/t/include/lux/engine/simulation/ecs/core
-- Up-to-date: E:/SyncForder/CodeRepos/install/q/t/include/lux/engine/simulation/ecs/core/visibility.h
-- Up-to-date: E:/SyncForder/CodeRepos/install/q/t/include/lux/engine/simulation/ecs/hierarchy
-- Up-to-date: E:/SyncForder/CodeRepos/install/q/t/include/lux/engine/simulation/ecs/hierarchy/visibility.h
-- Up-to-date: E:/SyncForder/CodeRepos/install/q/t/include/lux/engine/simulation/ecs/Parent.ecs_schema.hpp
-- Up-to-date: E:/SyncForder/CodeRepos/install/q/t/include/lux/engine/simulation/ecs/Parent.ecs_snapshot.hpp
-- Up-to-date: E:/SyncForder/CodeRepos/install/q/t/include/lux/engine/simulation/ecs/Parent.type_static_info.hpp
-- Up-to-date: E:/SyncForder/CodeRepos/install/q/t/include/lux/engine/simulation/ecs/schema
-- Up-to-date: E:/SyncForder/CodeRepos/install/q/t/include/lux/engine/simulation/ecs/schema/visibility.h
-- Up-to-date: E:/SyncForder/CodeRepos/install/q/t/include/lux/engine/simulation/ecs/snapshot
-- Up-to-date: E:/SyncForder/CodeRepos/install/q/t/include/lux/engine/simulation/ecs/snapshot/visibility.h
-- Up-to-date: E:/SyncForder/CodeRepos/install/q/t/include/lux/engine/simulation/ecs/transform
-- Up-to-date: E:/SyncForder/CodeRepos/install/q/t/include/lux/engine/simulation/ecs/transform/visibility.h
-- Up-to-date: E:/SyncForder/CodeRepos/install/q/t/include/lux/engine/simulation/ecs/Transform.ecs_schema.hpp
-- Up-to-date: E:/SyncForder/CodeRepos/install/q/t/include/lux/engine/simulation/ecs/Transform.ecs_snapshot.hpp
-- Up-to-date: E:/SyncForder/CodeRepos/install/q/t/include/lux/engine/simulation/ecs/Transform.type_static_info.hpp
-- Up-to-date: E:/SyncForder/CodeRepos/install/q/t/include/lux/engine/simulation/ecs/visual
-- Up-to-date: E:/SyncForder/CodeRepos/install/q/t/include/lux/engine/simulation/ecs/visual/visibility.h
-- Up-to-date: E:/SyncForder/CodeRepos/install/q/t/include/lux/engine/simulation/ecs/Visual.ecs_schema.hpp
-- Up-to-date: E:/SyncForder/CodeRepos/install/q/t/include/lux/engine/simulation/ecs/Visual.ecs_snapshot.hpp
-- Up-to-date: E:/SyncForder/CodeRepos/install/q/t/include/lux/engine/simulation/ecs/Visual.type_static_info.hpp
-- Up-to-date: E:/SyncForder/CodeRepos/install/q/t/include/lux/engine/simulation/scripting
-- Up-to-date: E:/SyncForder/CodeRepos/install/q/t/include/lux/engine/simulation/scripting/cpp_static
-- Up-to-date: E:/SyncForder/CodeRepos/install/q/t/include/lux/engine/simulation/scripting/cpp_static/visibility.h
-- Up-to-date: E:/SyncForder/CodeRepos/install/q/t/include/lux/engine/simulation/scripting/native
-- Up-to-date: E:/SyncForder/CodeRepos/install/q/t/include/lux/engine/simulation/scripting/native/visibility.h
-- Up-to-date: E:/SyncForder/CodeRepos/install/q/t/include/lux/engine/simulation/script_system
-- Up-to-date: E:/SyncForder/CodeRepos/install/q/t/include/lux/engine/simulation/script_system/visibility.h
-- Up-to-date: E:/SyncForder/CodeRepos/install/q/t/include/lux/engine/simulation/system
-- Up-to-date: E:/SyncForder/CodeRepos/install/q/t/include/lux/engine/simulation/system/visibility.h
-- Up-to-date: E:/SyncForder/CodeRepos/install/q/t/include/lux/engine/simulation/transform_system
-- Up-to-date: E:/SyncForder/CodeRepos/install/q/t/include/lux/engine/simulation/transform_system/visibility.h
-- Up-to-date: E:/SyncForder/CodeRepos/install/q/t/include/lux/engine/spatial
-- Up-to-date: E:/SyncForder/CodeRepos/install/q/t/include/lux/engine/spatial/spatial2d
-- Up-to-date: E:/SyncForder/CodeRepos/install/q/t/include/lux/engine/spatial/spatial2d/visibility.h
-- Up-to-date: E:/SyncForder/CodeRepos/install/q/t/include/lux/engine/spatial/spatial3d
-- Up-to-date: E:/SyncForder/CodeRepos/install/q/t/include/lux/engine/spatial/spatial3d/visibility.h
-- Up-to-date: E:/SyncForder/CodeRepos/install/q/t/include/lux/engine/system
-- Up-to-date: E:/SyncForder/CodeRepos/install/q/t/include/lux/engine/system/description
-- Up-to-date: E:/SyncForder/CodeRepos/install/q/t/include/lux/engine/system/description/visibility.h
-- Up-to-date: E:/SyncForder/CodeRepos/install/q/t/include/lux/engine/system/identity
-- Up-to-date: E:/SyncForder/CodeRepos/install/q/t/include/lux/engine/system/identity/visibility.h
-- Up-to-date: E:/SyncForder/CodeRepos/install/q/t/include/lux/engine/task
-- Up-to-date: E:/SyncForder/CodeRepos/install/q/t/include/lux/engine/task/visibility.h
-- Up-to-date: E:/SyncForder/CodeRepos/install/q/t/include/lux/engine/toolchain
-- Up-to-date: E:/SyncForder/CodeRepos/install/q/t/include/lux/engine/toolchain/asset
-- Up-to-date: E:/SyncForder/CodeRepos/install/q/t/include/lux/engine/toolchain/asset/model
-- Up-to-date: E:/SyncForder/CodeRepos/install/q/t/include/lux/engine/toolchain/asset/model/visibility.h
-- Up-to-date: E:/SyncForder/CodeRepos/install/q/t/include/lux/engine/toolchain/asset/shader
-- Up-to-date: E:/SyncForder/CodeRepos/install/q/t/include/lux/engine/toolchain/asset/shader/visibility.h
-- Up-to-date: E:/SyncForder/CodeRepos/install/q/t/include/lux/engine/toolchain/asset/texture
-- Up-to-date: E:/SyncForder/CodeRepos/install/q/t/include/lux/engine/toolchain/asset/texture/visibility.h
-- Up-to-date: E:/SyncForder/CodeRepos/install/q/t/include/lux/engine/world
-- Up-to-date: E:/SyncForder/CodeRepos/install/q/t/include/lux/engine/world/asset
-- Up-to-date: E:/SyncForder/CodeRepos/install/q/t/include/lux/engine/world/asset/visibility.h
-- Up-to-date: E:/SyncForder/CodeRepos/install/q/t/include/lux/engine/world/description
-- Up-to-date: E:/SyncForder/CodeRepos/install/q/t/include/lux/engine/world/description/visibility.h
-- Up-to-date: E:/SyncForder/CodeRepos/install/q/t/include/lux/engine/world/partition
-- Up-to-date: E:/SyncForder/CodeRepos/install/q/t/include/lux/engine/world/partition/visibility.h
-- Up-to-date: E:/SyncForder/CodeRepos/install/q/t/include/lux/engine/world/storage
-- Up-to-date: E:/SyncForder/CodeRepos/install/q/t/include/lux/engine/world/storage/visibility.h
-- Up-to-date: E:/SyncForder/CodeRepos/install/q/t/include/test
-- Installing: E:/SyncForder/CodeRepos/install/q/t/share/lux-engine-simulation-ecs/visual/lux-engine-simulation-ecs-visual-config-targets.cmake
-- Installing: E:/SyncForder/CodeRepos/install/q/t/share/lux-engine-simulation-ecs/visual/lux-engine-simulation-ecs-visual-config-targets-relwithdebinfo.cmake
-- Installing: E:/SyncForder/CodeRepos/install/q/t/share/lux-engine-simulation-ecs/visual/lux-engine-simulation-ecs-visual-import.cmake
-- Installing: E:/SyncForder/CodeRepos/install/q/t/lib/lux_engine_simulation_ecs_visual.lib
-- Installing: E:/SyncForder/CodeRepos/install/q/t/bin/lux_engine_simulation_ecs_visual.dll
-- Installing: E:/SyncForder/CodeRepos/install/q/t/share/lux-engine-simulation-ecs/lux-engine-simulation-ecs-config.cmake
-- Installing: E:/SyncForder/CodeRepos/install/q/t/share/lux-engine-simulation-ecs/lux-engine-simulation-ecs-config-version.cmake
-- Installing: E:/SyncForder/CodeRepos/install/q/t/share/lux-engine-simulation-ecs/lux-engine-simulation-ecs-available-components.cmake
-- Up-to-date: E:/SyncForder/CodeRepos/install/q/t/include
-- Up-to-date: E:/SyncForder/CodeRepos/install/q/t/include/lux
-- Up-to-date: E:/SyncForder/CodeRepos/install/q/t/include/lux/engine
-- Up-to-date: E:/SyncForder/CodeRepos/install/q/t/include/lux/engine/simulation
-- Installing: E:/SyncForder/CodeRepos/install/q/t/include/lux/engine/simulation/SimulationClock.hpp
-- Installing: E:/SyncForder/CodeRepos/install/q/t/include/lux/engine/simulation/SimulationDataSchemaId.hpp
-- Installing: E:/SyncForder/CodeRepos/install/q/t/include/lux/engine/simulation/SimulationDescription.hpp
-- Installing: E:/SyncForder/CodeRepos/install/q/t/include/lux/engine/simulation/SimulationDescriptionBuilder.hpp
-- Installing: E:/SyncForder/CodeRepos/install/q/t/include/lux/engine/simulation/SimulationEndpointId.hpp
-- Installing: E:/SyncForder/CodeRepos/install/q/t/include/lux/engine/simulation/SimulationEndpointSpec.hpp
-- Installing: E:/SyncForder/CodeRepos/install/q/t/include/lux/engine/simulation/SimulationExecutionSpec.hpp
-- Installing: E:/SyncForder/CodeRepos/install/q/t/include/lux/engine/simulation/SimulationStepInfo.hpp
-- Installing: E:/SyncForder/CodeRepos/install/q/t/include/lux/engine/simulation/SimulationSystemContract.hpp
-- Installing: E:/SyncForder/CodeRepos/install/q/t/include/lux/engine/simulation/SimulationSystemDescription.hpp
-- Up-to-date: E:/SyncForder/CodeRepos/install/q/t/include
-- Up-to-date: E:/SyncForder/CodeRepos/install/q/t/include/lux
-- Up-to-date: E:/SyncForder/CodeRepos/install/q/t/include/lux/engine
-- Up-to-date: E:/SyncForder/CodeRepos/install/q/t/include/lux/engine/core
-- Up-to-date: E:/SyncForder/CodeRepos/install/q/t/include/lux/engine/core/visibility.h
-- Up-to-date: E:/SyncForder/CodeRepos/install/q/t/include/lux/engine/dynamic_library
-- Up-to-date: E:/SyncForder/CodeRepos/install/q/t/include/lux/engine/dynamic_library/visibility.h
-- Up-to-date: E:/SyncForder/CodeRepos/install/q/t/include/lux/engine/flowforge
-- Up-to-date: E:/SyncForder/CodeRepos/install/q/t/include/lux/engine/flowforge/compiler
-- Up-to-date: E:/SyncForder/CodeRepos/install/q/t/include/lux/engine/flowforge/compiler/visibility.h
-- Up-to-date: E:/SyncForder/CodeRepos/install/q/t/include/lux/engine/flowforge/visibility.h
-- Up-to-date: E:/SyncForder/CodeRepos/install/q/t/include/lux/engine/function
-- Up-to-date: E:/SyncForder/CodeRepos/install/q/t/include/lux/engine/function/graph
-- Up-to-date: E:/SyncForder/CodeRepos/install/q/t/include/lux/engine/function/graph/visibility.h
-- Up-to-date: E:/SyncForder/CodeRepos/install/q/t/include/lux/engine/function/render
-- Up-to-date: E:/SyncForder/CodeRepos/install/q/t/include/lux/engine/function/render/standard
-- Up-to-date: E:/SyncForder/CodeRepos/install/q/t/include/lux/engine/function/render/standard/content
-- Up-to-date: E:/SyncForder/CodeRepos/install/q/t/include/lux/engine/function/render/standard/content/visibility.h
-- Up-to-date: E:/SyncForder/CodeRepos/install/q/t/include/lux/engine/function/script
-- Up-to-date: E:/SyncForder/CodeRepos/install/q/t/include/lux/engine/function/script/artifact
-- Up-to-date: E:/SyncForder/CodeRepos/install/q/t/include/lux/engine/function/script/artifact/visibility.h
-- Up-to-date: E:/SyncForder/CodeRepos/install/q/t/include/lux/engine/function/visibility.h
-- Up-to-date: E:/SyncForder/CodeRepos/install/q/t/include/lux/engine/material
-- Up-to-date: E:/SyncForder/CodeRepos/install/q/t/include/lux/engine/material/compiler
-- Up-to-date: E:/SyncForder/CodeRepos/install/q/t/include/lux/engine/material/compiler/visibility.h
-- Up-to-date: E:/SyncForder/CodeRepos/install/q/t/include/lux/engine/material/cooker
-- Up-to-date: E:/SyncForder/CodeRepos/install/q/t/include/lux/engine/material/cooker/visibility.h
-- Up-to-date: E:/SyncForder/CodeRepos/install/q/t/include/lux/engine/material/graph
-- Up-to-date: E:/SyncForder/CodeRepos/install/q/t/include/lux/engine/material/graph/visibility.h
-- Up-to-date: E:/SyncForder/CodeRepos/install/q/t/include/lux/engine/physics2d
-- Up-to-date: E:/SyncForder/CodeRepos/install/q/t/include/lux/engine/physics2d/Physics2DComponents.ecs_schema.hpp
-- Up-to-date: E:/SyncForder/CodeRepos/install/q/t/include/lux/engine/physics2d/Physics2DComponents.ecs_snapshot.hpp
-- Up-to-date: E:/SyncForder/CodeRepos/install/q/t/include/lux/engine/physics2d/Physics2DComponents.type_static_info.hpp
-- Up-to-date: E:/SyncForder/CodeRepos/install/q/t/include/lux/engine/physics2d/visibility.h
-- Up-to-date: E:/SyncForder/CodeRepos/install/q/t/include/lux/engine/process
-- Up-to-date: E:/SyncForder/CodeRepos/install/q/t/include/lux/engine/process/asset_loading
-- Up-to-date: E:/SyncForder/CodeRepos/install/q/t/include/lux/engine/process/asset_loading/visibility.h
-- Up-to-date: E:/SyncForder/CodeRepos/install/q/t/include/lux/engine/process/visibility.h
-- Up-to-date: E:/SyncForder/CodeRepos/install/q/t/include/lux/engine/process/world_loading
-- Up-to-date: E:/SyncForder/CodeRepos/install/q/t/include/lux/engine/process/world_loading/visibility.h
-- Up-to-date: E:/SyncForder/CodeRepos/install/q/t/include/lux/engine/resource
-- Up-to-date: E:/SyncForder/CodeRepos/install/q/t/include/lux/engine/resource/asset
-- Up-to-date: E:/SyncForder/CodeRepos/install/q/t/include/lux/engine/resource/asset/visibility.h
-- Up-to-date: E:/SyncForder/CodeRepos/install/q/t/include/lux/engine/resource/visibility.h
-- Up-to-date: E:/SyncForder/CodeRepos/install/q/t/include/lux/engine/scene
-- Up-to-date: E:/SyncForder/CodeRepos/install/q/t/include/lux/engine/scene/asset
-- Up-to-date: E:/SyncForder/CodeRepos/install/q/t/include/lux/engine/scene/asset/visibility.h
-- Up-to-date: E:/SyncForder/CodeRepos/install/q/t/include/lux/engine/scene/description
-- Up-to-date: E:/SyncForder/CodeRepos/install/q/t/include/lux/engine/scene/description/visibility.h
-- Up-to-date: E:/SyncForder/CodeRepos/install/q/t/include/lux/engine/scene/meta
-- Up-to-date: E:/SyncForder/CodeRepos/install/q/t/include/lux/engine/scene/meta/visibility.h
-- Up-to-date: E:/SyncForder/CodeRepos/install/q/t/include/lux/engine/scene/render
-- Up-to-date: E:/SyncForder/CodeRepos/install/q/t/include/lux/engine/scene/render/visibility.h
-- Up-to-date: E:/SyncForder/CodeRepos/install/q/t/include/lux/engine/scene/script_runtime
-- Up-to-date: E:/SyncForder/CodeRepos/install/q/t/include/lux/engine/scene/script_runtime/visibility.h
-- Up-to-date: E:/SyncForder/CodeRepos/install/q/t/include/lux/engine/scene/visibility.h
-- Up-to-date: E:/SyncForder/CodeRepos/install/q/t/include/lux/engine/scene/world_materialization
-- Up-to-date: E:/SyncForder/CodeRepos/install/q/t/include/lux/engine/scene/world_materialization/visibility.h
-- Up-to-date: E:/SyncForder/CodeRepos/install/q/t/include/lux/engine/serialization
-- Up-to-date: E:/SyncForder/CodeRepos/install/q/t/include/lux/engine/serialization/visibility.h
-- Up-to-date: E:/SyncForder/CodeRepos/install/q/t/include/lux/engine/simulation
-- Up-to-date: E:/SyncForder/CodeRepos/install/q/t/include/lux/engine/simulation/asset
-- Up-to-date: E:/SyncForder/CodeRepos/install/q/t/include/lux/engine/simulation/asset/visibility.h
-- Up-to-date: E:/SyncForder/CodeRepos/install/q/t/include/lux/engine/simulation/composition
-- Up-to-date: E:/SyncForder/CodeRepos/install/q/t/include/lux/engine/simulation/composition/visibility.h
-- Up-to-date: E:/SyncForder/CodeRepos/install/q/t/include/lux/engine/simulation/description
-- Up-to-date: E:/SyncForder/CodeRepos/install/q/t/include/lux/engine/simulation/description/visibility.h
-- Up-to-date: E:/SyncForder/CodeRepos/install/q/t/include/lux/engine/simulation/ecs
-- Up-to-date: E:/SyncForder/CodeRepos/install/q/t/include/lux/engine/simulation/ecs/core
-- Up-to-date: E:/SyncForder/CodeRepos/install/q/t/include/lux/engine/simulation/ecs/core/visibility.h
-- Up-to-date: E:/SyncForder/CodeRepos/install/q/t/include/lux/engine/simulation/ecs/hierarchy
-- Up-to-date: E:/SyncForder/CodeRepos/install/q/t/include/lux/engine/simulation/ecs/hierarchy/visibility.h
-- Up-to-date: E:/SyncForder/CodeRepos/install/q/t/include/lux/engine/simulation/ecs/Parent.ecs_schema.hpp
-- Up-to-date: E:/SyncForder/CodeRepos/install/q/t/include/lux/engine/simulation/ecs/Parent.ecs_snapshot.hpp
-- Up-to-date: E:/SyncForder/CodeRepos/install/q/t/include/lux/engine/simulation/ecs/Parent.type_static_info.hpp
-- Up-to-date: E:/SyncForder/CodeRepos/install/q/t/include/lux/engine/simulation/ecs/schema
-- Up-to-date: E:/SyncForder/CodeRepos/install/q/t/include/lux/engine/simulation/ecs/schema/visibility.h
-- Up-to-date: E:/SyncForder/CodeRepos/install/q/t/include/lux/engine/simulation/ecs/snapshot
-- Up-to-date: E:/SyncForder/CodeRepos/install/q/t/include/lux/engine/simulation/ecs/snapshot/visibility.h
-- Up-to-date: E:/SyncForder/CodeRepos/install/q/t/include/lux/engine/simulation/ecs/transform
-- Up-to-date: E:/SyncForder/CodeRepos/install/q/t/include/lux/engine/simulation/ecs/transform/visibility.h
-- Up-to-date: E:/SyncForder/CodeRepos/install/q/t/include/lux/engine/simulation/ecs/Transform.ecs_schema.hpp
-- Up-to-date: E:/SyncForder/CodeRepos/install/q/t/include/lux/engine/simulation/ecs/Transform.ecs_snapshot.hpp
-- Up-to-date: E:/SyncForder/CodeRepos/install/q/t/include/lux/engine/simulation/ecs/Transform.type_static_info.hpp
-- Up-to-date: E:/SyncForder/CodeRepos/install/q/t/include/lux/engine/simulation/ecs/visual
-- Up-to-date: E:/SyncForder/CodeRepos/install/q/t/include/lux/engine/simulation/ecs/visual/visibility.h
-- Up-to-date: E:/SyncForder/CodeRepos/install/q/t/include/lux/engine/simulation/ecs/Visual.ecs_schema.hpp
-- Up-to-date: E:/SyncForder/CodeRepos/install/q/t/include/lux/engine/simulation/ecs/Visual.ecs_snapshot.hpp
-- Up-to-date: E:/SyncForder/CodeRepos/install/q/t/include/lux/engine/simulation/ecs/Visual.type_static_info.hpp
-- Up-to-date: E:/SyncForder/CodeRepos/install/q/t/include/lux/engine/simulation/scripting
-- Up-to-date: E:/SyncForder/CodeRepos/install/q/t/include/lux/engine/simulation/scripting/cpp_static
-- Up-to-date: E:/SyncForder/CodeRepos/install/q/t/include/lux/engine/simulation/scripting/cpp_static/visibility.h
-- Up-to-date: E:/SyncForder/CodeRepos/install/q/t/include/lux/engine/simulation/scripting/native
-- Up-to-date: E:/SyncForder/CodeRepos/install/q/t/include/lux/engine/simulation/scripting/native/visibility.h
-- Up-to-date: E:/SyncForder/CodeRepos/install/q/t/include/lux/engine/simulation/script_system
-- Up-to-date: E:/SyncForder/CodeRepos/install/q/t/include/lux/engine/simulation/script_system/visibility.h
-- Up-to-date: E:/SyncForder/CodeRepos/install/q/t/include/lux/engine/simulation/system
-- Up-to-date: E:/SyncForder/CodeRepos/install/q/t/include/lux/engine/simulation/system/visibility.h
-- Up-to-date: E:/SyncForder/CodeRepos/install/q/t/include/lux/engine/simulation/transform_system
-- Up-to-date: E:/SyncForder/CodeRepos/install/q/t/include/lux/engine/simulation/transform_system/visibility.h
-- Up-to-date: E:/SyncForder/CodeRepos/install/q/t/include/lux/engine/spatial
-- Up-to-date: E:/SyncForder/CodeRepos/install/q/t/include/lux/engine/spatial/spatial2d
-- Up-to-date: E:/SyncForder/CodeRepos/install/q/t/include/lux/engine/spatial/spatial2d/visibility.h
-- Up-to-date: E:/SyncForder/CodeRepos/install/q/t/include/lux/engine/spatial/spatial3d
-- Up-to-date: E:/SyncForder/CodeRepos/install/q/t/include/lux/engine/spatial/spatial3d/visibility.h
-- Up-to-date: E:/SyncForder/CodeRepos/install/q/t/include/lux/engine/system
-- Up-to-date: E:/SyncForder/CodeRepos/install/q/t/include/lux/engine/system/description
-- Up-to-date: E:/SyncForder/CodeRepos/install/q/t/include/lux/engine/system/description/visibility.h
-- Up-to-date: E:/SyncForder/CodeRepos/install/q/t/include/lux/engine/system/identity
-- Up-to-date: E:/SyncForder/CodeRepos/install/q/t/include/lux/engine/system/identity/visibility.h
-- Up-to-date: E:/SyncForder/CodeRepos/install/q/t/include/lux/engine/task
-- Up-to-date: E:/SyncForder/CodeRepos/install/q/t/include/lux/engine/task/visibility.h
-- Up-to-date: E:/SyncForder/CodeRepos/install/q/t/include/lux/engine/toolchain
-- Up-to-date: E:/SyncForder/CodeRepos/install/q/t/include/lux/engine/toolchain/asset
-- Up-to-date: E:/SyncForder/CodeRepos/install/q/t/include/lux/engine/toolchain/asset/model
-- Up-to-date: E:/SyncForder/CodeRepos/install/q/t/include/lux/engine/toolchain/asset/model/visibility.h
-- Up-to-date: E:/SyncForder/CodeRepos/install/q/t/include/lux/engine/toolchain/asset/shader
-- Up-to-date: E:/SyncForder/CodeRepos/install/q/t/include/lux/engine/toolchain/asset/shader/visibility.h
-- Up-to-date: E:/SyncForder/CodeRepos/install/q/t/include/lux/engine/toolchain/asset/texture
-- Up-to-date: E:/SyncForder/CodeRepos/install/q/t/include/lux/engine/toolchain/asset/texture/visibility.h
-- Up-to-date: E:/SyncForder/CodeRepos/install/q/t/include/lux/engine/world
-- Up-to-date: E:/SyncForder/CodeRepos/install/q/t/include/lux/engine/world/asset
-- Up-to-date: E:/SyncForder/CodeRepos/install/q/t/include/lux/engine/world/asset/visibility.h
-- Up-to-date: E:/SyncForder/CodeRepos/install/q/t/include/lux/engine/world/description
-- Up-to-date: E:/SyncForder/CodeRepos/install/q/t/include/lux/engine/world/description/visibility.h
-- Up-to-date: E:/SyncForder/CodeRepos/install/q/t/include/lux/engine/world/partition
-- Up-to-date: E:/SyncForder/CodeRepos/install/q/t/include/lux/engine/world/partition/visibility.h
-- Up-to-date: E:/SyncForder/CodeRepos/install/q/t/include/lux/engine/world/storage
-- Up-to-date: E:/SyncForder/CodeRepos/install/q/t/include/lux/engine/world/storage/visibility.h
-- Up-to-date: E:/SyncForder/CodeRepos/install/q/t/include/test
-- Installing: E:/SyncForder/CodeRepos/install/q/t/share/lux-engine-simulation/simulation_description/lux-engine-simulation-simulation_description-config-targets.cmake
-- Installing: E:/SyncForder/CodeRepos/install/q/t/share/lux-engine-simulation/simulation_description/lux-engine-simulation-simulation_description-config-targets-relwithdebinfo.cmake
-- Installing: E:/SyncForder/CodeRepos/install/q/t/share/lux-engine-simulation/simulation_description/lux-engine-simulation-simulation_description-import.cmake
-- Installing: E:/SyncForder/CodeRepos/install/q/t/lib/lux_engine_simulation_description.lib
-- Installing: E:/SyncForder/CodeRepos/install/q/t/bin/lux_engine_simulation_description.dll
-- Up-to-date: E:/SyncForder/CodeRepos/install/q/t/include
-- Up-to-date: E:/SyncForder/CodeRepos/install/q/t/include/lux
-- Up-to-date: E:/SyncForder/CodeRepos/install/q/t/include/lux/engine
-- Up-to-date: E:/SyncForder/CodeRepos/install/q/t/include/lux/engine/simulation
-- Up-to-date: E:/SyncForder/CodeRepos/install/q/t/include/lux/engine/simulation/abilities
-- Installing: E:/SyncForder/CodeRepos/install/q/t/include/lux/engine/simulation/abilities/DelayAbility.hpp
-- Installing: E:/SyncForder/CodeRepos/install/q/t/include/lux/engine/simulation/ScriptBindingAuthoring.hpp
-- Installing: E:/SyncForder/CodeRepos/install/q/t/include/lux/engine/simulation/ScriptSystem.hpp
-- Installing: E:/SyncForder/CodeRepos/install/q/t/include/lux/engine/simulation/ScriptSystemDescription.hpp
-- Installing: E:/SyncForder/CodeRepos/install/q/t/include/lux/engine/simulation/ScriptSystemDescriptionCodec.hpp
-- Up-to-date: E:/SyncForder/CodeRepos/install/q/t/include
-- Up-to-date: E:/SyncForder/CodeRepos/install/q/t/include/lux
-- Up-to-date: E:/SyncForder/CodeRepos/install/q/t/include/lux/engine
-- Up-to-date: E:/SyncForder/CodeRepos/install/q/t/include/lux/engine/core
-- Up-to-date: E:/SyncForder/CodeRepos/install/q/t/include/lux/engine/core/visibility.h
-- Up-to-date: E:/SyncForder/CodeRepos/install/q/t/include/lux/engine/dynamic_library
-- Up-to-date: E:/SyncForder/CodeRepos/install/q/t/include/lux/engine/dynamic_library/visibility.h
-- Up-to-date: E:/SyncForder/CodeRepos/install/q/t/include/lux/engine/flowforge
-- Up-to-date: E:/SyncForder/CodeRepos/install/q/t/include/lux/engine/flowforge/compiler
-- Up-to-date: E:/SyncForder/CodeRepos/install/q/t/include/lux/engine/flowforge/compiler/visibility.h
-- Up-to-date: E:/SyncForder/CodeRepos/install/q/t/include/lux/engine/flowforge/visibility.h
-- Up-to-date: E:/SyncForder/CodeRepos/install/q/t/include/lux/engine/function
-- Up-to-date: E:/SyncForder/CodeRepos/install/q/t/include/lux/engine/function/graph
-- Up-to-date: E:/SyncForder/CodeRepos/install/q/t/include/lux/engine/function/graph/visibility.h
-- Up-to-date: E:/SyncForder/CodeRepos/install/q/t/include/lux/engine/function/render
-- Up-to-date: E:/SyncForder/CodeRepos/install/q/t/include/lux/engine/function/render/standard
-- Up-to-date: E:/SyncForder/CodeRepos/install/q/t/include/lux/engine/function/render/standard/content
-- Up-to-date: E:/SyncForder/CodeRepos/install/q/t/include/lux/engine/function/render/standard/content/visibility.h
-- Up-to-date: E:/SyncForder/CodeRepos/install/q/t/include/lux/engine/function/script
-- Up-to-date: E:/SyncForder/CodeRepos/install/q/t/include/lux/engine/function/script/artifact
-- Up-to-date: E:/SyncForder/CodeRepos/install/q/t/include/lux/engine/function/script/artifact/visibility.h
-- Up-to-date: E:/SyncForder/CodeRepos/install/q/t/include/lux/engine/function/visibility.h
-- Up-to-date: E:/SyncForder/CodeRepos/install/q/t/include/lux/engine/material
-- Up-to-date: E:/SyncForder/CodeRepos/install/q/t/include/lux/engine/material/compiler
-- Up-to-date: E:/SyncForder/CodeRepos/install/q/t/include/lux/engine/material/compiler/visibility.h
-- Up-to-date: E:/SyncForder/CodeRepos/install/q/t/include/lux/engine/material/cooker
-- Up-to-date: E:/SyncForder/CodeRepos/install/q/t/include/lux/engine/material/cooker/visibility.h
-- Up-to-date: E:/SyncForder/CodeRepos/install/q/t/include/lux/engine/material/graph
-- Up-to-date: E:/SyncForder/CodeRepos/install/q/t/include/lux/engine/material/graph/visibility.h
-- Up-to-date: E:/SyncForder/CodeRepos/install/q/t/include/lux/engine/physics2d
-- Up-to-date: E:/SyncForder/CodeRepos/install/q/t/include/lux/engine/physics2d/Physics2DComponents.ecs_schema.hpp
-- Up-to-date: E:/SyncForder/CodeRepos/install/q/t/include/lux/engine/physics2d/Physics2DComponents.ecs_snapshot.hpp
-- Up-to-date: E:/SyncForder/CodeRepos/install/q/t/include/lux/engine/physics2d/Physics2DComponents.type_static_info.hpp
-- Up-to-date: E:/SyncForder/CodeRepos/install/q/t/include/lux/engine/physics2d/visibility.h
-- Up-to-date: E:/SyncForder/CodeRepos/install/q/t/include/lux/engine/process
-- Up-to-date: E:/SyncForder/CodeRepos/install/q/t/include/lux/engine/process/asset_loading
-- Up-to-date: E:/SyncForder/CodeRepos/install/q/t/include/lux/engine/process/asset_loading/visibility.h
-- Up-to-date: E:/SyncForder/CodeRepos/install/q/t/include/lux/engine/process/visibility.h
-- Up-to-date: E:/SyncForder/CodeRepos/install/q/t/include/lux/engine/process/world_loading
-- Up-to-date: E:/SyncForder/CodeRepos/install/q/t/include/lux/engine/process/world_loading/visibility.h
-- Up-to-date: E:/SyncForder/CodeRepos/install/q/t/include/lux/engine/resource
-- Up-to-date: E:/SyncForder/CodeRepos/install/q/t/include/lux/engine/resource/asset
-- Up-to-date: E:/SyncForder/CodeRepos/install/q/t/include/lux/engine/resource/asset/visibility.h
-- Up-to-date: E:/SyncForder/CodeRepos/install/q/t/include/lux/engine/resource/visibility.h
-- Up-to-date: E:/SyncForder/CodeRepos/install/q/t/include/lux/engine/scene
-- Up-to-date: E:/SyncForder/CodeRepos/install/q/t/include/lux/engine/scene/asset
-- Up-to-date: E:/SyncForder/CodeRepos/install/q/t/include/lux/engine/scene/asset/visibility.h
-- Up-to-date: E:/SyncForder/CodeRepos/install/q/t/include/lux/engine/scene/description
-- Up-to-date: E:/SyncForder/CodeRepos/install/q/t/include/lux/engine/scene/description/visibility.h
-- Up-to-date: E:/SyncForder/CodeRepos/install/q/t/include/lux/engine/scene/meta
-- Up-to-date: E:/SyncForder/CodeRepos/install/q/t/include/lux/engine/scene/meta/visibility.h
-- Up-to-date: E:/SyncForder/CodeRepos/install/q/t/include/lux/engine/scene/render
-- Up-to-date: E:/SyncForder/CodeRepos/install/q/t/include/lux/engine/scene/render/visibility.h
-- Up-to-date: E:/SyncForder/CodeRepos/install/q/t/include/lux/engine/scene/script_runtime
-- Up-to-date: E:/SyncForder/CodeRepos/install/q/t/include/lux/engine/scene/script_runtime/visibility.h
-- Up-to-date: E:/SyncForder/CodeRepos/install/q/t/include/lux/engine/scene/visibility.h
-- Up-to-date: E:/SyncForder/CodeRepos/install/q/t/include/lux/engine/scene/world_materialization
-- Up-to-date: E:/SyncForder/CodeRepos/install/q/t/include/lux/engine/scene/world_materialization/visibility.h
-- Up-to-date: E:/SyncForder/CodeRepos/install/q/t/include/lux/engine/serialization
-- Up-to-date: E:/SyncForder/CodeRepos/install/q/t/include/lux/engine/serialization/visibility.h
-- Up-to-date: E:/SyncForder/CodeRepos/install/q/t/include/lux/engine/simulation
-- Up-to-date: E:/SyncForder/CodeRepos/install/q/t/include/lux/engine/simulation/asset
-- Up-to-date: E:/SyncForder/CodeRepos/install/q/t/include/lux/engine/simulation/asset/visibility.h
-- Up-to-date: E:/SyncForder/CodeRepos/install/q/t/include/lux/engine/simulation/composition
-- Up-to-date: E:/SyncForder/CodeRepos/install/q/t/include/lux/engine/simulation/composition/visibility.h
-- Up-to-date: E:/SyncForder/CodeRepos/install/q/t/include/lux/engine/simulation/description
-- Up-to-date: E:/SyncForder/CodeRepos/install/q/t/include/lux/engine/simulation/description/visibility.h
-- Up-to-date: E:/SyncForder/CodeRepos/install/q/t/include/lux/engine/simulation/ecs
-- Up-to-date: E:/SyncForder/CodeRepos/install/q/t/include/lux/engine/simulation/ecs/core
-- Up-to-date: E:/SyncForder/CodeRepos/install/q/t/include/lux/engine/simulation/ecs/core/visibility.h
-- Up-to-date: E:/SyncForder/CodeRepos/install/q/t/include/lux/engine/simulation/ecs/hierarchy
-- Up-to-date: E:/SyncForder/CodeRepos/install/q/t/include/lux/engine/simulation/ecs/hierarchy/visibility.h
-- Up-to-date: E:/SyncForder/CodeRepos/install/q/t/include/lux/engine/simulation/ecs/Parent.ecs_schema.hpp
-- Up-to-date: E:/SyncForder/CodeRepos/install/q/t/include/lux/engine/simulation/ecs/Parent.ecs_snapshot.hpp
-- Up-to-date: E:/SyncForder/CodeRepos/install/q/t/include/lux/engine/simulation/ecs/Parent.type_static_info.hpp
-- Up-to-date: E:/SyncForder/CodeRepos/install/q/t/include/lux/engine/simulation/ecs/schema
-- Up-to-date: E:/SyncForder/CodeRepos/install/q/t/include/lux/engine/simulation/ecs/schema/visibility.h
-- Up-to-date: E:/SyncForder/CodeRepos/install/q/t/include/lux/engine/simulation/ecs/snapshot
-- Up-to-date: E:/SyncForder/CodeRepos/install/q/t/include/lux/engine/simulation/ecs/snapshot/visibility.h
-- Up-to-date: E:/SyncForder/CodeRepos/install/q/t/include/lux/engine/simulation/ecs/transform
-- Up-to-date: E:/SyncForder/CodeRepos/install/q/t/include/lux/engine/simulation/ecs/transform/visibility.h
-- Up-to-date: E:/SyncForder/CodeRepos/install/q/t/include/lux/engine/simulation/ecs/Transform.ecs_schema.hpp
-- Up-to-date: E:/SyncForder/CodeRepos/install/q/t/include/lux/engine/simulation/ecs/Transform.ecs_snapshot.hpp
-- Up-to-date: E:/SyncForder/CodeRepos/install/q/t/include/lux/engine/simulation/ecs/Transform.type_static_info.hpp
-- Up-to-date: E:/SyncForder/CodeRepos/install/q/t/include/lux/engine/simulation/ecs/visual
-- Up-to-date: E:/SyncForder/CodeRepos/install/q/t/include/lux/engine/simulation/ecs/visual/visibility.h
-- Up-to-date: E:/SyncForder/CodeRepos/install/q/t/include/lux/engine/simulation/ecs/Visual.ecs_schema.hpp
-- Up-to-date: E:/SyncForder/CodeRepos/install/q/t/include/lux/engine/simulation/ecs/Visual.ecs_snapshot.hpp
-- Up-to-date: E:/SyncForder/CodeRepos/install/q/t/include/lux/engine/simulation/ecs/Visual.type_static_info.hpp
-- Up-to-date: E:/SyncForder/CodeRepos/install/q/t/include/lux/engine/simulation/scripting
-- Up-to-date: E:/SyncForder/CodeRepos/install/q/t/include/lux/engine/simulation/scripting/cpp_static
-- Up-to-date: E:/SyncForder/CodeRepos/install/q/t/include/lux/engine/simulation/scripting/cpp_static/visibility.h
-- Up-to-date: E:/SyncForder/CodeRepos/install/q/t/include/lux/engine/simulation/scripting/native
-- Up-to-date: E:/SyncForder/CodeRepos/install/q/t/include/lux/engine/simulation/scripting/native/visibility.h
-- Up-to-date: E:/SyncForder/CodeRepos/install/q/t/include/lux/engine/simulation/script_system
-- Up-to-date: E:/SyncForder/CodeRepos/install/q/t/include/lux/engine/simulation/script_system/visibility.h
-- Up-to-date: E:/SyncForder/CodeRepos/install/q/t/include/lux/engine/simulation/system
-- Up-to-date: E:/SyncForder/CodeRepos/install/q/t/include/lux/engine/simulation/system/visibility.h
-- Up-to-date: E:/SyncForder/CodeRepos/install/q/t/include/lux/engine/simulation/transform_system
-- Up-to-date: E:/SyncForder/CodeRepos/install/q/t/include/lux/engine/simulation/transform_system/visibility.h
-- Up-to-date: E:/SyncForder/CodeRepos/install/q/t/include/lux/engine/spatial
-- Up-to-date: E:/SyncForder/CodeRepos/install/q/t/include/lux/engine/spatial/spatial2d
-- Up-to-date: E:/SyncForder/CodeRepos/install/q/t/include/lux/engine/spatial/spatial2d/visibility.h
-- Up-to-date: E:/SyncForder/CodeRepos/install/q/t/include/lux/engine/spatial/spatial3d
-- Up-to-date: E:/SyncForder/CodeRepos/install/q/t/include/lux/engine/spatial/spatial3d/visibility.h
-- Up-to-date: E:/SyncForder/CodeRepos/install/q/t/include/lux/engine/system
-- Up-to-date: E:/SyncForder/CodeRepos/install/q/t/include/lux/engine/system/description
-- Up-to-date: E:/SyncForder/CodeRepos/install/q/t/include/lux/engine/system/description/visibility.h
-- Up-to-date: E:/SyncForder/CodeRepos/install/q/t/include/lux/engine/system/identity
-- Up-to-date: E:/SyncForder/CodeRepos/install/q/t/include/lux/engine/system/identity/visibility.h
-- Up-to-date: E:/SyncForder/CodeRepos/install/q/t/include/lux/engine/task
-- Up-to-date: E:/SyncForder/CodeRepos/install/q/t/include/lux/engine/task/visibility.h
-- Up-to-date: E:/SyncForder/CodeRepos/install/q/t/include/lux/engine/toolchain
-- Up-to-date: E:/SyncForder/CodeRepos/install/q/t/include/lux/engine/toolchain/asset
-- Up-to-date: E:/SyncForder/CodeRepos/install/q/t/include/lux/engine/toolchain/asset/model
-- Up-to-date: E:/SyncForder/CodeRepos/install/q/t/include/lux/engine/toolchain/asset/model/visibility.h
-- Up-to-date: E:/SyncForder/CodeRepos/install/q/t/include/lux/engine/toolchain/asset/shader
-- Up-to-date: E:/SyncForder/CodeRepos/install/q/t/include/lux/engine/toolchain/asset/shader/visibility.h
-- Up-to-date: E:/SyncForder/CodeRepos/install/q/t/include/lux/engine/toolchain/asset/texture
-- Up-to-date: E:/SyncForder/CodeRepos/install/q/t/include/lux/engine/toolchain/asset/texture/visibility.h
-- Up-to-date: E:/SyncForder/CodeRepos/install/q/t/include/lux/engine/world
-- Up-to-date: E:/SyncForder/CodeRepos/install/q/t/include/lux/engine/world/asset
-- Up-to-date: E:/SyncForder/CodeRepos/install/q/t/include/lux/engine/world/asset/visibility.h
-- Up-to-date: E:/SyncForder/CodeRepos/install/q/t/include/lux/engine/world/description
-- Up-to-date: E:/SyncForder/CodeRepos/install/q/t/include/lux/engine/world/description/visibility.h
-- Up-to-date: E:/SyncForder/CodeRepos/install/q/t/include/lux/engine/world/partition
-- Up-to-date: E:/SyncForder/CodeRepos/install/q/t/include/lux/engine/world/partition/visibility.h
-- Up-to-date: E:/SyncForder/CodeRepos/install/q/t/include/lux/engine/world/storage
-- Up-to-date: E:/SyncForder/CodeRepos/install/q/t/include/lux/engine/world/storage/visibility.h
-- Up-to-date: E:/SyncForder/CodeRepos/install/q/t/include/test
-- Installing: E:/SyncForder/CodeRepos/install/q/t/share/lux-engine-simulation/simulation_script/lux-engine-simulation-simulation_script-config-targets.cmake
-- Installing: E:/SyncForder/CodeRepos/install/q/t/share/lux-engine-simulation/simulation_script/lux-engine-simulation-simulation_script-config-targets-relwithdebinfo.cmake
-- Installing: E:/SyncForder/CodeRepos/install/q/t/share/lux-engine-simulation/simulation_script/lux-engine-simulation-simulation_script-import.cmake
-- Installing: E:/SyncForder/CodeRepos/install/q/t/lib/lux_engine_simulation_script.lib
-- Installing: E:/SyncForder/CodeRepos/install/q/t/bin/lux_engine_simulation_script.dll
-- Up-to-date: E:/SyncForder/CodeRepos/install/q/t/include
-- Up-to-date: E:/SyncForder/CodeRepos/install/q/t/include/lux
-- Up-to-date: E:/SyncForder/CodeRepos/install/q/t/include/lux/engine
-- Up-to-date: E:/SyncForder/CodeRepos/install/q/t/include/lux/engine/simulation
-- Up-to-date: E:/SyncForder/CodeRepos/install/q/t/include/lux/engine/simulation/scripting
-- Installing: E:/SyncForder/CodeRepos/install/q/t/include/lux/engine/simulation/scripting/detail
-- Installing: E:/SyncForder/CodeRepos/install/q/t/include/lux/engine/simulation/scripting/detail/BoundedClassStorage.hpp
-- Installing: E:/SyncForder/CodeRepos/install/q/t/include/lux/engine/simulation/scripting/ScriptAbilityInvocation.hpp
-- Installing: E:/SyncForder/CodeRepos/install/q/t/include/lux/engine/simulation/scripting/ScriptApiCapability.hpp
-- Installing: E:/SyncForder/CodeRepos/install/q/t/include/lux/engine/simulation/scripting/ScriptBackend.hpp
-- Installing: E:/SyncForder/CodeRepos/install/q/t/include/lux/engine/simulation/scripting/ScriptContractValidation.hpp
-- Installing: E:/SyncForder/CodeRepos/install/q/t/include/lux/engine/simulation/scripting/ScriptEndpointBridge.hpp
-- Installing: E:/SyncForder/CodeRepos/install/q/t/include/lux/engine/simulation/scripting/ScriptEventSource.hpp
-- Installing: E:/SyncForder/CodeRepos/install/q/t/include/lux/engine/simulation/scripting/ScriptLifecycle.hpp
-- Installing: E:/SyncForder/CodeRepos/install/q/t/include/lux/engine/simulation/scripting/ScriptRuntime.hpp
-- Installing: E:/SyncForder/CodeRepos/install/q/t/include/lux/engine/simulation/scripting/ScriptSignatureCompatibility.hpp
-- Installing: E:/SyncForder/CodeRepos/install/q/t/include/lux/engine/simulation/scripting/ScriptTimeEndpoint.hpp
-- Installing: E:/SyncForder/CodeRepos/install/q/t/share/lux-engine-simulation/simulation_scripting_core/lux-engine-simulation-simulation_scripting_core-config-targets.cmake
-- Installing: E:/SyncForder/CodeRepos/install/q/t/share/lux-engine-simulation/simulation_scripting_core/lux-engine-simulation-simulation_scripting_core-import.cmake
-- Installing: E:/SyncForder/CodeRepos/install/q/t/share/lux-engine-simulation/simulation_script_cpp_static/cmake_scripts/lux_cpp_static_scripts.cmake
-- Up-to-date: E:/SyncForder/CodeRepos/install/q/t/include
-- Up-to-date: E:/SyncForder/CodeRepos/install/q/t/include/lux
-- Up-to-date: E:/SyncForder/CodeRepos/install/q/t/include/lux/engine
-- Up-to-date: E:/SyncForder/CodeRepos/install/q/t/include/lux/engine/simulation
-- Up-to-date: E:/SyncForder/CodeRepos/install/q/t/include/lux/engine/simulation/scripting
-- Up-to-date: E:/SyncForder/CodeRepos/install/q/t/include/lux/engine/simulation/scripting/cpp_static
-- Installing: E:/SyncForder/CodeRepos/install/q/t/include/lux/engine/simulation/scripting/cpp_static/CppStaticScriptBridge.hpp
-- Installing: E:/SyncForder/CodeRepos/install/q/t/include/lux/engine/simulation/scripting/cpp_static/CppStaticScriptContract.hpp
-- Installing: E:/SyncForder/CodeRepos/install/q/t/include/lux/engine/simulation/scripting/cpp_static/ScriptCoroutine.hpp
-- Installing: E:/SyncForder/CodeRepos/install/q/t/include/lux/engine/simulation/scripting/cpp_static/ScriptDelayCoroutine.hpp
-- Up-to-date: E:/SyncForder/CodeRepos/install/q/t/include
-- Up-to-date: E:/SyncForder/CodeRepos/install/q/t/include/lux
-- Up-to-date: E:/SyncForder/CodeRepos/install/q/t/include/lux/engine
-- Up-to-date: E:/SyncForder/CodeRepos/install/q/t/include/lux/engine/core
-- Up-to-date: E:/SyncForder/CodeRepos/install/q/t/include/lux/engine/core/visibility.h
-- Up-to-date: E:/SyncForder/CodeRepos/install/q/t/include/lux/engine/dynamic_library
-- Up-to-date: E:/SyncForder/CodeRepos/install/q/t/include/lux/engine/dynamic_library/visibility.h
-- Up-to-date: E:/SyncForder/CodeRepos/install/q/t/include/lux/engine/flowforge
-- Up-to-date: E:/SyncForder/CodeRepos/install/q/t/include/lux/engine/flowforge/compiler
-- Up-to-date: E:/SyncForder/CodeRepos/install/q/t/include/lux/engine/flowforge/compiler/visibility.h
-- Up-to-date: E:/SyncForder/CodeRepos/install/q/t/include/lux/engine/flowforge/visibility.h
-- Up-to-date: E:/SyncForder/CodeRepos/install/q/t/include/lux/engine/function
-- Up-to-date: E:/SyncForder/CodeRepos/install/q/t/include/lux/engine/function/graph
-- Up-to-date: E:/SyncForder/CodeRepos/install/q/t/include/lux/engine/function/graph/visibility.h
-- Up-to-date: E:/SyncForder/CodeRepos/install/q/t/include/lux/engine/function/render
-- Up-to-date: E:/SyncForder/CodeRepos/install/q/t/include/lux/engine/function/render/standard
-- Up-to-date: E:/SyncForder/CodeRepos/install/q/t/include/lux/engine/function/render/standard/content
-- Up-to-date: E:/SyncForder/CodeRepos/install/q/t/include/lux/engine/function/render/standard/content/visibility.h
-- Up-to-date: E:/SyncForder/CodeRepos/install/q/t/include/lux/engine/function/script
-- Up-to-date: E:/SyncForder/CodeRepos/install/q/t/include/lux/engine/function/script/artifact
-- Up-to-date: E:/SyncForder/CodeRepos/install/q/t/include/lux/engine/function/script/artifact/visibility.h
-- Up-to-date: E:/SyncForder/CodeRepos/install/q/t/include/lux/engine/function/visibility.h
-- Up-to-date: E:/SyncForder/CodeRepos/install/q/t/include/lux/engine/material
-- Up-to-date: E:/SyncForder/CodeRepos/install/q/t/include/lux/engine/material/compiler
-- Up-to-date: E:/SyncForder/CodeRepos/install/q/t/include/lux/engine/material/compiler/visibility.h
-- Up-to-date: E:/SyncForder/CodeRepos/install/q/t/include/lux/engine/material/cooker
-- Up-to-date: E:/SyncForder/CodeRepos/install/q/t/include/lux/engine/material/cooker/visibility.h
-- Up-to-date: E:/SyncForder/CodeRepos/install/q/t/include/lux/engine/material/graph
-- Up-to-date: E:/SyncForder/CodeRepos/install/q/t/include/lux/engine/material/graph/visibility.h
-- Up-to-date: E:/SyncForder/CodeRepos/install/q/t/include/lux/engine/physics2d
-- Up-to-date: E:/SyncForder/CodeRepos/install/q/t/include/lux/engine/physics2d/Physics2DComponents.ecs_schema.hpp
-- Up-to-date: E:/SyncForder/CodeRepos/install/q/t/include/lux/engine/physics2d/Physics2DComponents.ecs_snapshot.hpp
-- Up-to-date: E:/SyncForder/CodeRepos/install/q/t/include/lux/engine/physics2d/Physics2DComponents.type_static_info.hpp
-- Up-to-date: E:/SyncForder/CodeRepos/install/q/t/include/lux/engine/physics2d/visibility.h
-- Up-to-date: E:/SyncForder/CodeRepos/install/q/t/include/lux/engine/process
-- Up-to-date: E:/SyncForder/CodeRepos/install/q/t/include/lux/engine/process/asset_loading
-- Up-to-date: E:/SyncForder/CodeRepos/install/q/t/include/lux/engine/process/asset_loading/visibility.h
-- Up-to-date: E:/SyncForder/CodeRepos/install/q/t/include/lux/engine/process/visibility.h
-- Up-to-date: E:/SyncForder/CodeRepos/install/q/t/include/lux/engine/process/world_loading
-- Up-to-date: E:/SyncForder/CodeRepos/install/q/t/include/lux/engine/process/world_loading/visibility.h
-- Up-to-date: E:/SyncForder/CodeRepos/install/q/t/include/lux/engine/resource
-- Up-to-date: E:/SyncForder/CodeRepos/install/q/t/include/lux/engine/resource/asset
-- Up-to-date: E:/SyncForder/CodeRepos/install/q/t/include/lux/engine/resource/asset/visibility.h
-- Up-to-date: E:/SyncForder/CodeRepos/install/q/t/include/lux/engine/resource/visibility.h
-- Up-to-date: E:/SyncForder/CodeRepos/install/q/t/include/lux/engine/scene
-- Up-to-date: E:/SyncForder/CodeRepos/install/q/t/include/lux/engine/scene/asset
-- Up-to-date: E:/SyncForder/CodeRepos/install/q/t/include/lux/engine/scene/asset/visibility.h
-- Up-to-date: E:/SyncForder/CodeRepos/install/q/t/include/lux/engine/scene/description
-- Up-to-date: E:/SyncForder/CodeRepos/install/q/t/include/lux/engine/scene/description/visibility.h
-- Up-to-date: E:/SyncForder/CodeRepos/install/q/t/include/lux/engine/scene/meta
-- Up-to-date: E:/SyncForder/CodeRepos/install/q/t/include/lux/engine/scene/meta/visibility.h
-- Up-to-date: E:/SyncForder/CodeRepos/install/q/t/include/lux/engine/scene/render
-- Up-to-date: E:/SyncForder/CodeRepos/install/q/t/include/lux/engine/scene/render/visibility.h
-- Up-to-date: E:/SyncForder/CodeRepos/install/q/t/include/lux/engine/scene/script_runtime
-- Up-to-date: E:/SyncForder/CodeRepos/install/q/t/include/lux/engine/scene/script_runtime/visibility.h
-- Up-to-date: E:/SyncForder/CodeRepos/install/q/t/include/lux/engine/scene/visibility.h
-- Up-to-date: E:/SyncForder/CodeRepos/install/q/t/include/lux/engine/scene/world_materialization
-- Up-to-date: E:/SyncForder/CodeRepos/install/q/t/include/lux/engine/scene/world_materialization/visibility.h
-- Up-to-date: E:/SyncForder/CodeRepos/install/q/t/include/lux/engine/serialization
-- Up-to-date: E:/SyncForder/CodeRepos/install/q/t/include/lux/engine/serialization/visibility.h
-- Up-to-date: E:/SyncForder/CodeRepos/install/q/t/include/lux/engine/simulation
-- Up-to-date: E:/SyncForder/CodeRepos/install/q/t/include/lux/engine/simulation/asset
-- Up-to-date: E:/SyncForder/CodeRepos/install/q/t/include/lux/engine/simulation/asset/visibility.h
-- Up-to-date: E:/SyncForder/CodeRepos/install/q/t/include/lux/engine/simulation/composition
-- Up-to-date: E:/SyncForder/CodeRepos/install/q/t/include/lux/engine/simulation/composition/visibility.h
-- Up-to-date: E:/SyncForder/CodeRepos/install/q/t/include/lux/engine/simulation/description
-- Up-to-date: E:/SyncForder/CodeRepos/install/q/t/include/lux/engine/simulation/description/visibility.h
-- Up-to-date: E:/SyncForder/CodeRepos/install/q/t/include/lux/engine/simulation/ecs
-- Up-to-date: E:/SyncForder/CodeRepos/install/q/t/include/lux/engine/simulation/ecs/core
-- Up-to-date: E:/SyncForder/CodeRepos/install/q/t/include/lux/engine/simulation/ecs/core/visibility.h
-- Up-to-date: E:/SyncForder/CodeRepos/install/q/t/include/lux/engine/simulation/ecs/hierarchy
-- Up-to-date: E:/SyncForder/CodeRepos/install/q/t/include/lux/engine/simulation/ecs/hierarchy/visibility.h
-- Up-to-date: E:/SyncForder/CodeRepos/install/q/t/include/lux/engine/simulation/ecs/Parent.ecs_schema.hpp
-- Up-to-date: E:/SyncForder/CodeRepos/install/q/t/include/lux/engine/simulation/ecs/Parent.ecs_snapshot.hpp
-- Up-to-date: E:/SyncForder/CodeRepos/install/q/t/include/lux/engine/simulation/ecs/Parent.type_static_info.hpp
-- Up-to-date: E:/SyncForder/CodeRepos/install/q/t/include/lux/engine/simulation/ecs/schema
-- Up-to-date: E:/SyncForder/CodeRepos/install/q/t/include/lux/engine/simulation/ecs/schema/visibility.h
-- Up-to-date: E:/SyncForder/CodeRepos/install/q/t/include/lux/engine/simulation/ecs/snapshot
-- Up-to-date: E:/SyncForder/CodeRepos/install/q/t/include/lux/engine/simulation/ecs/snapshot/visibility.h
-- Up-to-date: E:/SyncForder/CodeRepos/install/q/t/include/lux/engine/simulation/ecs/transform
-- Up-to-date: E:/SyncForder/CodeRepos/install/q/t/include/lux/engine/simulation/ecs/transform/visibility.h
-- Up-to-date: E:/SyncForder/CodeRepos/install/q/t/include/lux/engine/simulation/ecs/Transform.ecs_schema.hpp
-- Up-to-date: E:/SyncForder/CodeRepos/install/q/t/include/lux/engine/simulation/ecs/Transform.ecs_snapshot.hpp
-- Up-to-date: E:/SyncForder/CodeRepos/install/q/t/include/lux/engine/simulation/ecs/Transform.type_static_info.hpp
-- Up-to-date: E:/SyncForder/CodeRepos/install/q/t/include/lux/engine/simulation/ecs/visual
-- Up-to-date: E:/SyncForder/CodeRepos/install/q/t/include/lux/engine/simulation/ecs/visual/visibility.h
-- Up-to-date: E:/SyncForder/CodeRepos/install/q/t/include/lux/engine/simulation/ecs/Visual.ecs_schema.hpp
-- Up-to-date: E:/SyncForder/CodeRepos/install/q/t/include/lux/engine/simulation/ecs/Visual.ecs_snapshot.hpp
-- Up-to-date: E:/SyncForder/CodeRepos/install/q/t/include/lux/engine/simulation/ecs/Visual.type_static_info.hpp
-- Up-to-date: E:/SyncForder/CodeRepos/install/q/t/include/lux/engine/simulation/scripting
-- Up-to-date: E:/SyncForder/CodeRepos/install/q/t/include/lux/engine/simulation/scripting/cpp_static
-- Up-to-date: E:/SyncForder/CodeRepos/install/q/t/include/lux/engine/simulation/scripting/cpp_static/visibility.h
-- Up-to-date: E:/SyncForder/CodeRepos/install/q/t/include/lux/engine/simulation/scripting/native
-- Up-to-date: E:/SyncForder/CodeRepos/install/q/t/include/lux/engine/simulation/scripting/native/visibility.h
-- Up-to-date: E:/SyncForder/CodeRepos/install/q/t/include/lux/engine/simulation/script_system
-- Up-to-date: E:/SyncForder/CodeRepos/install/q/t/include/lux/engine/simulation/script_system/visibility.h
-- Up-to-date: E:/SyncForder/CodeRepos/install/q/t/include/lux/engine/simulation/system
-- Up-to-date: E:/SyncForder/CodeRepos/install/q/t/include/lux/engine/simulation/system/visibility.h
-- Up-to-date: E:/SyncForder/CodeRepos/install/q/t/include/lux/engine/simulation/transform_system
-- Up-to-date: E:/SyncForder/CodeRepos/install/q/t/include/lux/engine/simulation/transform_system/visibility.h
-- Up-to-date: E:/SyncForder/CodeRepos/install/q/t/include/lux/engine/spatial
-- Up-to-date: E:/SyncForder/CodeRepos/install/q/t/include/lux/engine/spatial/spatial2d
-- Up-to-date: E:/SyncForder/CodeRepos/install/q/t/include/lux/engine/spatial/spatial2d/visibility.h
-- Up-to-date: E:/SyncForder/CodeRepos/install/q/t/include/lux/engine/spatial/spatial3d
-- Up-to-date: E:/SyncForder/CodeRepos/install/q/t/include/lux/engine/spatial/spatial3d/visibility.h
-- Up-to-date: E:/SyncForder/CodeRepos/install/q/t/include/lux/engine/system
-- Up-to-date: E:/SyncForder/CodeRepos/install/q/t/include/lux/engine/system/description
-- Up-to-date: E:/SyncForder/CodeRepos/install/q/t/include/lux/engine/system/description/visibility.h
-- Up-to-date: E:/SyncForder/CodeRepos/install/q/t/include/lux/engine/system/identity
-- Up-to-date: E:/SyncForder/CodeRepos/install/q/t/include/lux/engine/system/identity/visibility.h
-- Up-to-date: E:/SyncForder/CodeRepos/install/q/t/include/lux/engine/task
-- Up-to-date: E:/SyncForder/CodeRepos/install/q/t/include/lux/engine/task/visibility.h
-- Up-to-date: E:/SyncForder/CodeRepos/install/q/t/include/lux/engine/toolchain
-- Up-to-date: E:/SyncForder/CodeRepos/install/q/t/include/lux/engine/toolchain/asset
-- Up-to-date: E:/SyncForder/CodeRepos/install/q/t/include/lux/engine/toolchain/asset/model
-- Up-to-date: E:/SyncForder/CodeRepos/install/q/t/include/lux/engine/toolchain/asset/model/visibility.h
-- Up-to-date: E:/SyncForder/CodeRepos/install/q/t/include/lux/engine/toolchain/asset/shader
-- Up-to-date: E:/SyncForder/CodeRepos/install/q/t/include/lux/engine/toolchain/asset/shader/visibility.h
-- Up-to-date: E:/SyncForder/CodeRepos/install/q/t/include/lux/engine/toolchain/asset/texture
-- Up-to-date: E:/SyncForder/CodeRepos/install/q/t/include/lux/engine/toolchain/asset/texture/visibility.h
-- Up-to-date: E:/SyncForder/CodeRepos/install/q/t/include/lux/engine/world
-- Up-to-date: E:/SyncForder/CodeRepos/install/q/t/include/lux/engine/world/asset
-- Up-to-date: E:/SyncForder/CodeRepos/install/q/t/include/lux/engine/world/asset/visibility.h
-- Up-to-date: E:/SyncForder/CodeRepos/install/q/t/include/lux/engine/world/description
-- Up-to-date: E:/SyncForder/CodeRepos/install/q/t/include/lux/engine/world/description/visibility.h
-- Up-to-date: E:/SyncForder/CodeRepos/install/q/t/include/lux/engine/world/partition
-- Up-to-date: E:/SyncForder/CodeRepos/install/q/t/include/lux/engine/world/partition/visibility.h
-- Up-to-date: E:/SyncForder/CodeRepos/install/q/t/include/lux/engine/world/storage
-- Up-to-date: E:/SyncForder/CodeRepos/install/q/t/include/lux/engine/world/storage/visibility.h
-- Up-to-date: E:/SyncForder/CodeRepos/install/q/t/include/test
-- Installing: E:/SyncForder/CodeRepos/install/q/t/share/lux-engine-simulation/simulation_script_cpp_static/lux-engine-simulation-simulation_script_cpp_static-config-targets.cmake
-- Installing: E:/SyncForder/CodeRepos/install/q/t/share/lux-engine-simulation/simulation_script_cpp_static/lux-engine-simulation-simulation_script_cpp_static-config-targets-relwithdebinfo.cmake
-- Installing: E:/SyncForder/CodeRepos/install/q/t/share/lux-engine-simulation/simulation_script_cpp_static/lux-engine-simulation-simulation_script_cpp_static-import.cmake
-- Installing: E:/SyncForder/CodeRepos/install/q/t/lib/lux_engine_simulation_script_cpp_static.lib
-- Installing: E:/SyncForder/CodeRepos/install/q/t/bin/lux_engine_simulation_script_cpp_static.dll
-- Up-to-date: E:/SyncForder/CodeRepos/install/q/t/include
-- Up-to-date: E:/SyncForder/CodeRepos/install/q/t/include/lux
-- Up-to-date: E:/SyncForder/CodeRepos/install/q/t/include/lux/engine
-- Up-to-date: E:/SyncForder/CodeRepos/install/q/t/include/lux/engine/simulation
-- Installing: E:/SyncForder/CodeRepos/install/q/t/include/lux/engine/simulation/TransformSystem.hpp
-- Up-to-date: E:/SyncForder/CodeRepos/install/q/t/include
-- Up-to-date: E:/SyncForder/CodeRepos/install/q/t/include/lux
-- Up-to-date: E:/SyncForder/CodeRepos/install/q/t/include/lux/engine
-- Up-to-date: E:/SyncForder/CodeRepos/install/q/t/include/lux/engine/core
-- Up-to-date: E:/SyncForder/CodeRepos/install/q/t/include/lux/engine/core/visibility.h
-- Up-to-date: E:/SyncForder/CodeRepos/install/q/t/include/lux/engine/dynamic_library
-- Up-to-date: E:/SyncForder/CodeRepos/install/q/t/include/lux/engine/dynamic_library/visibility.h
-- Up-to-date: E:/SyncForder/CodeRepos/install/q/t/include/lux/engine/flowforge
-- Up-to-date: E:/SyncForder/CodeRepos/install/q/t/include/lux/engine/flowforge/compiler
-- Up-to-date: E:/SyncForder/CodeRepos/install/q/t/include/lux/engine/flowforge/compiler/visibility.h
-- Up-to-date: E:/SyncForder/CodeRepos/install/q/t/include/lux/engine/flowforge/visibility.h
-- Up-to-date: E:/SyncForder/CodeRepos/install/q/t/include/lux/engine/function
-- Up-to-date: E:/SyncForder/CodeRepos/install/q/t/include/lux/engine/function/graph
-- Up-to-date: E:/SyncForder/CodeRepos/install/q/t/include/lux/engine/function/graph/visibility.h
-- Up-to-date: E:/SyncForder/CodeRepos/install/q/t/include/lux/engine/function/render
-- Up-to-date: E:/SyncForder/CodeRepos/install/q/t/include/lux/engine/function/render/standard
-- Up-to-date: E:/SyncForder/CodeRepos/install/q/t/include/lux/engine/function/render/standard/content
-- Up-to-date: E:/SyncForder/CodeRepos/install/q/t/include/lux/engine/function/render/standard/content/visibility.h
-- Up-to-date: E:/SyncForder/CodeRepos/install/q/t/include/lux/engine/function/script
-- Up-to-date: E:/SyncForder/CodeRepos/install/q/t/include/lux/engine/function/script/artifact
-- Up-to-date: E:/SyncForder/CodeRepos/install/q/t/include/lux/engine/function/script/artifact/visibility.h
-- Up-to-date: E:/SyncForder/CodeRepos/install/q/t/include/lux/engine/function/visibility.h
-- Up-to-date: E:/SyncForder/CodeRepos/install/q/t/include/lux/engine/material
-- Up-to-date: E:/SyncForder/CodeRepos/install/q/t/include/lux/engine/material/compiler
-- Up-to-date: E:/SyncForder/CodeRepos/install/q/t/include/lux/engine/material/compiler/visibility.h
-- Up-to-date: E:/SyncForder/CodeRepos/install/q/t/include/lux/engine/material/cooker
-- Up-to-date: E:/SyncForder/CodeRepos/install/q/t/include/lux/engine/material/cooker/visibility.h
-- Up-to-date: E:/SyncForder/CodeRepos/install/q/t/include/lux/engine/material/graph
-- Up-to-date: E:/SyncForder/CodeRepos/install/q/t/include/lux/engine/material/graph/visibility.h
-- Up-to-date: E:/SyncForder/CodeRepos/install/q/t/include/lux/engine/physics2d
-- Up-to-date: E:/SyncForder/CodeRepos/install/q/t/include/lux/engine/physics2d/Physics2DComponents.ecs_schema.hpp
-- Up-to-date: E:/SyncForder/CodeRepos/install/q/t/include/lux/engine/physics2d/Physics2DComponents.ecs_snapshot.hpp
-- Up-to-date: E:/SyncForder/CodeRepos/install/q/t/include/lux/engine/physics2d/Physics2DComponents.type_static_info.hpp
-- Up-to-date: E:/SyncForder/CodeRepos/install/q/t/include/lux/engine/physics2d/visibility.h
-- Up-to-date: E:/SyncForder/CodeRepos/install/q/t/include/lux/engine/process
-- Up-to-date: E:/SyncForder/CodeRepos/install/q/t/include/lux/engine/process/asset_loading
-- Up-to-date: E:/SyncForder/CodeRepos/install/q/t/include/lux/engine/process/asset_loading/visibility.h
-- Up-to-date: E:/SyncForder/CodeRepos/install/q/t/include/lux/engine/process/visibility.h
-- Up-to-date: E:/SyncForder/CodeRepos/install/q/t/include/lux/engine/process/world_loading
-- Up-to-date: E:/SyncForder/CodeRepos/install/q/t/include/lux/engine/process/world_loading/visibility.h
-- Up-to-date: E:/SyncForder/CodeRepos/install/q/t/include/lux/engine/resource
-- Up-to-date: E:/SyncForder/CodeRepos/install/q/t/include/lux/engine/resource/asset
-- Up-to-date: E:/SyncForder/CodeRepos/install/q/t/include/lux/engine/resource/asset/visibility.h
-- Up-to-date: E:/SyncForder/CodeRepos/install/q/t/include/lux/engine/resource/visibility.h
-- Up-to-date: E:/SyncForder/CodeRepos/install/q/t/include/lux/engine/scene
-- Up-to-date: E:/SyncForder/CodeRepos/install/q/t/include/lux/engine/scene/asset
-- Up-to-date: E:/SyncForder/CodeRepos/install/q/t/include/lux/engine/scene/asset/visibility.h
-- Up-to-date: E:/SyncForder/CodeRepos/install/q/t/include/lux/engine/scene/description
-- Up-to-date: E:/SyncForder/CodeRepos/install/q/t/include/lux/engine/scene/description/visibility.h
-- Up-to-date: E:/SyncForder/CodeRepos/install/q/t/include/lux/engine/scene/meta
-- Up-to-date: E:/SyncForder/CodeRepos/install/q/t/include/lux/engine/scene/meta/visibility.h
-- Up-to-date: E:/SyncForder/CodeRepos/install/q/t/include/lux/engine/scene/render
-- Up-to-date: E:/SyncForder/CodeRepos/install/q/t/include/lux/engine/scene/render/visibility.h
-- Up-to-date: E:/SyncForder/CodeRepos/install/q/t/include/lux/engine/scene/script_runtime
-- Up-to-date: E:/SyncForder/CodeRepos/install/q/t/include/lux/engine/scene/script_runtime/visibility.h
-- Up-to-date: E:/SyncForder/CodeRepos/install/q/t/include/lux/engine/scene/visibility.h
-- Up-to-date: E:/SyncForder/CodeRepos/install/q/t/include/lux/engine/scene/world_materialization
-- Up-to-date: E:/SyncForder/CodeRepos/install/q/t/include/lux/engine/scene/world_materialization/visibility.h
-- Up-to-date: E:/SyncForder/CodeRepos/install/q/t/include/lux/engine/serialization
-- Up-to-date: E:/SyncForder/CodeRepos/install/q/t/include/lux/engine/serialization/visibility.h
-- Up-to-date: E:/SyncForder/CodeRepos/install/q/t/include/lux/engine/simulation
-- Up-to-date: E:/SyncForder/CodeRepos/install/q/t/include/lux/engine/simulation/asset
-- Up-to-date: E:/SyncForder/CodeRepos/install/q/t/include/lux/engine/simulation/asset/visibility.h
-- Up-to-date: E:/SyncForder/CodeRepos/install/q/t/include/lux/engine/simulation/composition
-- Up-to-date: E:/SyncForder/CodeRepos/install/q/t/include/lux/engine/simulation/composition/visibility.h
-- Up-to-date: E:/SyncForder/CodeRepos/install/q/t/include/lux/engine/simulation/description
-- Up-to-date: E:/SyncForder/CodeRepos/install/q/t/include/lux/engine/simulation/description/visibility.h
-- Up-to-date: E:/SyncForder/CodeRepos/install/q/t/include/lux/engine/simulation/ecs
-- Up-to-date: E:/SyncForder/CodeRepos/install/q/t/include/lux/engine/simulation/ecs/core
-- Up-to-date: E:/SyncForder/CodeRepos/install/q/t/include/lux/engine/simulation/ecs/core/visibility.h
-- Up-to-date: E:/SyncForder/CodeRepos/install/q/t/include/lux/engine/simulation/ecs/hierarchy
-- Up-to-date: E:/SyncForder/CodeRepos/install/q/t/include/lux/engine/simulation/ecs/hierarchy/visibility.h
-- Up-to-date: E:/SyncForder/CodeRepos/install/q/t/include/lux/engine/simulation/ecs/Parent.ecs_schema.hpp
-- Up-to-date: E:/SyncForder/CodeRepos/install/q/t/include/lux/engine/simulation/ecs/Parent.ecs_snapshot.hpp
-- Up-to-date: E:/SyncForder/CodeRepos/install/q/t/include/lux/engine/simulation/ecs/Parent.type_static_info.hpp
-- Up-to-date: E:/SyncForder/CodeRepos/install/q/t/include/lux/engine/simulation/ecs/schema
-- Up-to-date: E:/SyncForder/CodeRepos/install/q/t/include/lux/engine/simulation/ecs/schema/visibility.h
-- Up-to-date: E:/SyncForder/CodeRepos/install/q/t/include/lux/engine/simulation/ecs/snapshot
-- Up-to-date: E:/SyncForder/CodeRepos/install/q/t/include/lux/engine/simulation/ecs/snapshot/visibility.h
-- Up-to-date: E:/SyncForder/CodeRepos/install/q/t/include/lux/engine/simulation/ecs/transform
-- Up-to-date: E:/SyncForder/CodeRepos/install/q/t/include/lux/engine/simulation/ecs/transform/visibility.h
-- Up-to-date: E:/SyncForder/CodeRepos/install/q/t/include/lux/engine/simulation/ecs/Transform.ecs_schema.hpp
-- Up-to-date: E:/SyncForder/CodeRepos/install/q/t/include/lux/engine/simulation/ecs/Transform.ecs_snapshot.hpp
-- Up-to-date: E:/SyncForder/CodeRepos/install/q/t/include/lux/engine/simulation/ecs/Transform.type_static_info.hpp
-- Up-to-date: E:/SyncForder/CodeRepos/install/q/t/include/lux/engine/simulation/ecs/visual
-- Up-to-date: E:/SyncForder/CodeRepos/install/q/t/include/lux/engine/simulation/ecs/visual/visibility.h
-- Up-to-date: E:/SyncForder/CodeRepos/install/q/t/include/lux/engine/simulation/ecs/Visual.ecs_schema.hpp
-- Up-to-date: E:/SyncForder/CodeRepos/install/q/t/include/lux/engine/simulation/ecs/Visual.ecs_snapshot.hpp
-- Up-to-date: E:/SyncForder/CodeRepos/install/q/t/include/lux/engine/simulation/ecs/Visual.type_static_info.hpp
-- Up-to-date: E:/SyncForder/CodeRepos/install/q/t/include/lux/engine/simulation/scripting
-- Up-to-date: E:/SyncForder/CodeRepos/install/q/t/include/lux/engine/simulation/scripting/cpp_static
-- Up-to-date: E:/SyncForder/CodeRepos/install/q/t/include/lux/engine/simulation/scripting/cpp_static/visibility.h
-- Up-to-date: E:/SyncForder/CodeRepos/install/q/t/include/lux/engine/simulation/scripting/native
-- Up-to-date: E:/SyncForder/CodeRepos/install/q/t/include/lux/engine/simulation/scripting/native/visibility.h
-- Up-to-date: E:/SyncForder/CodeRepos/install/q/t/include/lux/engine/simulation/script_system
-- Up-to-date: E:/SyncForder/CodeRepos/install/q/t/include/lux/engine/simulation/script_system/visibility.h
-- Up-to-date: E:/SyncForder/CodeRepos/install/q/t/include/lux/engine/simulation/system
-- Up-to-date: E:/SyncForder/CodeRepos/install/q/t/include/lux/engine/simulation/system/visibility.h
-- Up-to-date: E:/SyncForder/CodeRepos/install/q/t/include/lux/engine/simulation/transform_system
-- Up-to-date: E:/SyncForder/CodeRepos/install/q/t/include/lux/engine/simulation/transform_system/visibility.h
-- Up-to-date: E:/SyncForder/CodeRepos/install/q/t/include/lux/engine/spatial
-- Up-to-date: E:/SyncForder/CodeRepos/install/q/t/include/lux/engine/spatial/spatial2d
-- Up-to-date: E:/SyncForder/CodeRepos/install/q/t/include/lux/engine/spatial/spatial2d/visibility.h
-- Up-to-date: E:/SyncForder/CodeRepos/install/q/t/include/lux/engine/spatial/spatial3d
-- Up-to-date: E:/SyncForder/CodeRepos/install/q/t/include/lux/engine/spatial/spatial3d/visibility.h
-- Up-to-date: E:/SyncForder/CodeRepos/install/q/t/include/lux/engine/system
-- Up-to-date: E:/SyncForder/CodeRepos/install/q/t/include/lux/engine/system/description
-- Up-to-date: E:/SyncForder/CodeRepos/install/q/t/include/lux/engine/system/description/visibility.h
-- Up-to-date: E:/SyncForder/CodeRepos/install/q/t/include/lux/engine/system/identity
-- Up-to-date: E:/SyncForder/CodeRepos/install/q/t/include/lux/engine/system/identity/visibility.h
-- Up-to-date: E:/SyncForder/CodeRepos/install/q/t/include/lux/engine/task
-- Up-to-date: E:/SyncForder/CodeRepos/install/q/t/include/lux/engine/task/visibility.h
-- Up-to-date: E:/SyncForder/CodeRepos/install/q/t/include/lux/engine/toolchain
-- Up-to-date: E:/SyncForder/CodeRepos/install/q/t/include/lux/engine/toolchain/asset
-- Up-to-date: E:/SyncForder/CodeRepos/install/q/t/include/lux/engine/toolchain/asset/model
-- Up-to-date: E:/SyncForder/CodeRepos/install/q/t/include/lux/engine/toolchain/asset/model/visibility.h
-- Up-to-date: E:/SyncForder/CodeRepos/install/q/t/include/lux/engine/toolchain/asset/shader
-- Up-to-date: E:/SyncForder/CodeRepos/install/q/t/include/lux/engine/toolchain/asset/shader/visibility.h
-- Up-to-date: E:/SyncForder/CodeRepos/install/q/t/include/lux/engine/toolchain/asset/texture
-- Up-to-date: E:/SyncForder/CodeRepos/install/q/t/include/lux/engine/toolchain/asset/texture/visibility.h
-- Up-to-date: E:/SyncForder/CodeRepos/install/q/t/include/lux/engine/world
-- Up-to-date: E:/SyncForder/CodeRepos/install/q/t/include/lux/engine/world/asset
-- Up-to-date: E:/SyncForder/CodeRepos/install/q/t/include/lux/engine/world/asset/visibility.h
-- Up-to-date: E:/SyncForder/CodeRepos/install/q/t/include/lux/engine/world/description
-- Up-to-date: E:/SyncForder/CodeRepos/install/q/t/include/lux/engine/world/description/visibility.h
-- Up-to-date: E:/SyncForder/CodeRepos/install/q/t/include/lux/engine/world/partition
-- Up-to-date: E:/SyncForder/CodeRepos/install/q/t/include/lux/engine/world/partition/visibility.h
-- Up-to-date: E:/SyncForder/CodeRepos/install/q/t/include/lux/engine/world/storage
-- Up-to-date: E:/SyncForder/CodeRepos/install/q/t/include/lux/engine/world/storage/visibility.h
-- Up-to-date: E:/SyncForder/CodeRepos/install/q/t/include/test
-- Installing: E:/SyncForder/CodeRepos/install/q/t/share/lux-engine-simulation/transform_system/lux-engine-simulation-transform_system-config-targets.cmake
-- Installing: E:/SyncForder/CodeRepos/install/q/t/share/lux-engine-simulation/transform_system/lux-engine-simulation-transform_system-config-targets-relwithdebinfo.cmake
-- Installing: E:/SyncForder/CodeRepos/install/q/t/share/lux-engine-simulation/transform_system/lux-engine-simulation-transform_system-import.cmake
-- Installing: E:/SyncForder/CodeRepos/install/q/t/lib/lux_engine_simulation_transform_system.lib
-- Installing: E:/SyncForder/CodeRepos/install/q/t/bin/lux_engine_simulation_transform_system.dll
-- Up-to-date: E:/SyncForder/CodeRepos/install/q/t/include
-- Up-to-date: E:/SyncForder/CodeRepos/install/q/t/include/lux
-- Up-to-date: E:/SyncForder/CodeRepos/install/q/t/include/lux/engine
-- Up-to-date: E:/SyncForder/CodeRepos/install/q/t/include/lux/engine/simulation
-- Up-to-date: E:/SyncForder/CodeRepos/install/q/t/include/lux/engine/simulation/scripting
-- Up-to-date: E:/SyncForder/CodeRepos/install/q/t/include/lux/engine/simulation/scripting/native
-- Installing: E:/SyncForder/CodeRepos/install/q/t/include/lux/engine/simulation/scripting/native/NativeScriptAbilityProjection.hpp
-- Installing: E:/SyncForder/CodeRepos/install/q/t/include/lux/engine/simulation/scripting/native/NativeScriptBackend.hpp
-- Up-to-date: E:/SyncForder/CodeRepos/install/q/t/include
-- Up-to-date: E:/SyncForder/CodeRepos/install/q/t/include/lux
-- Up-to-date: E:/SyncForder/CodeRepos/install/q/t/include/lux/engine
-- Up-to-date: E:/SyncForder/CodeRepos/install/q/t/include/lux/engine/core
-- Up-to-date: E:/SyncForder/CodeRepos/install/q/t/include/lux/engine/core/visibility.h
-- Up-to-date: E:/SyncForder/CodeRepos/install/q/t/include/lux/engine/dynamic_library
-- Up-to-date: E:/SyncForder/CodeRepos/install/q/t/include/lux/engine/dynamic_library/visibility.h
-- Up-to-date: E:/SyncForder/CodeRepos/install/q/t/include/lux/engine/flowforge
-- Up-to-date: E:/SyncForder/CodeRepos/install/q/t/include/lux/engine/flowforge/compiler
-- Up-to-date: E:/SyncForder/CodeRepos/install/q/t/include/lux/engine/flowforge/compiler/visibility.h
-- Up-to-date: E:/SyncForder/CodeRepos/install/q/t/include/lux/engine/flowforge/visibility.h
-- Up-to-date: E:/SyncForder/CodeRepos/install/q/t/include/lux/engine/function
-- Up-to-date: E:/SyncForder/CodeRepos/install/q/t/include/lux/engine/function/graph
-- Up-to-date: E:/SyncForder/CodeRepos/install/q/t/include/lux/engine/function/graph/visibility.h
-- Up-to-date: E:/SyncForder/CodeRepos/install/q/t/include/lux/engine/function/render
-- Up-to-date: E:/SyncForder/CodeRepos/install/q/t/include/lux/engine/function/render/standard
-- Up-to-date: E:/SyncForder/CodeRepos/install/q/t/include/lux/engine/function/render/standard/content
-- Up-to-date: E:/SyncForder/CodeRepos/install/q/t/include/lux/engine/function/render/standard/content/visibility.h
-- Up-to-date: E:/SyncForder/CodeRepos/install/q/t/include/lux/engine/function/script
-- Up-to-date: E:/SyncForder/CodeRepos/install/q/t/include/lux/engine/function/script/artifact
-- Up-to-date: E:/SyncForder/CodeRepos/install/q/t/include/lux/engine/function/script/artifact/visibility.h
-- Up-to-date: E:/SyncForder/CodeRepos/install/q/t/include/lux/engine/function/visibility.h
-- Up-to-date: E:/SyncForder/CodeRepos/install/q/t/include/lux/engine/material
-- Up-to-date: E:/SyncForder/CodeRepos/install/q/t/include/lux/engine/material/compiler
-- Up-to-date: E:/SyncForder/CodeRepos/install/q/t/include/lux/engine/material/compiler/visibility.h
-- Up-to-date: E:/SyncForder/CodeRepos/install/q/t/include/lux/engine/material/cooker
-- Up-to-date: E:/SyncForder/CodeRepos/install/q/t/include/lux/engine/material/cooker/visibility.h
-- Up-to-date: E:/SyncForder/CodeRepos/install/q/t/include/lux/engine/material/graph
-- Up-to-date: E:/SyncForder/CodeRepos/install/q/t/include/lux/engine/material/graph/visibility.h
-- Up-to-date: E:/SyncForder/CodeRepos/install/q/t/include/lux/engine/physics2d
-- Up-to-date: E:/SyncForder/CodeRepos/install/q/t/include/lux/engine/physics2d/Physics2DComponents.ecs_schema.hpp
-- Up-to-date: E:/SyncForder/CodeRepos/install/q/t/include/lux/engine/physics2d/Physics2DComponents.ecs_snapshot.hpp
-- Up-to-date: E:/SyncForder/CodeRepos/install/q/t/include/lux/engine/physics2d/Physics2DComponents.type_static_info.hpp
-- Up-to-date: E:/SyncForder/CodeRepos/install/q/t/include/lux/engine/physics2d/visibility.h
-- Up-to-date: E:/SyncForder/CodeRepos/install/q/t/include/lux/engine/process
-- Up-to-date: E:/SyncForder/CodeRepos/install/q/t/include/lux/engine/process/asset_loading
-- Up-to-date: E:/SyncForder/CodeRepos/install/q/t/include/lux/engine/process/asset_loading/visibility.h
-- Up-to-date: E:/SyncForder/CodeRepos/install/q/t/include/lux/engine/process/visibility.h
-- Up-to-date: E:/SyncForder/CodeRepos/install/q/t/include/lux/engine/process/world_loading
-- Up-to-date: E:/SyncForder/CodeRepos/install/q/t/include/lux/engine/process/world_loading/visibility.h
-- Up-to-date: E:/SyncForder/CodeRepos/install/q/t/include/lux/engine/resource
-- Up-to-date: E:/SyncForder/CodeRepos/install/q/t/include/lux/engine/resource/asset
-- Up-to-date: E:/SyncForder/CodeRepos/install/q/t/include/lux/engine/resource/asset/visibility.h
-- Up-to-date: E:/SyncForder/CodeRepos/install/q/t/include/lux/engine/resource/visibility.h
-- Up-to-date: E:/SyncForder/CodeRepos/install/q/t/include/lux/engine/scene
-- Up-to-date: E:/SyncForder/CodeRepos/install/q/t/include/lux/engine/scene/asset
-- Up-to-date: E:/SyncForder/CodeRepos/install/q/t/include/lux/engine/scene/asset/visibility.h
-- Up-to-date: E:/SyncForder/CodeRepos/install/q/t/include/lux/engine/scene/description
-- Up-to-date: E:/SyncForder/CodeRepos/install/q/t/include/lux/engine/scene/description/visibility.h
-- Up-to-date: E:/SyncForder/CodeRepos/install/q/t/include/lux/engine/scene/meta
-- Up-to-date: E:/SyncForder/CodeRepos/install/q/t/include/lux/engine/scene/meta/visibility.h
-- Up-to-date: E:/SyncForder/CodeRepos/install/q/t/include/lux/engine/scene/render
-- Up-to-date: E:/SyncForder/CodeRepos/install/q/t/include/lux/engine/scene/render/visibility.h
-- Up-to-date: E:/SyncForder/CodeRepos/install/q/t/include/lux/engine/scene/script_runtime
-- Up-to-date: E:/SyncForder/CodeRepos/install/q/t/include/lux/engine/scene/script_runtime/visibility.h
-- Up-to-date: E:/SyncForder/CodeRepos/install/q/t/include/lux/engine/scene/visibility.h
-- Up-to-date: E:/SyncForder/CodeRepos/install/q/t/include/lux/engine/scene/world_materialization
-- Up-to-date: E:/SyncForder/CodeRepos/install/q/t/include/lux/engine/scene/world_materialization/visibility.h
-- Up-to-date: E:/SyncForder/CodeRepos/install/q/t/include/lux/engine/serialization
-- Up-to-date: E:/SyncForder/CodeRepos/install/q/t/include/lux/engine/serialization/visibility.h
-- Up-to-date: E:/SyncForder/CodeRepos/install/q/t/include/lux/engine/simulation
-- Up-to-date: E:/SyncForder/CodeRepos/install/q/t/include/lux/engine/simulation/asset
-- Up-to-date: E:/SyncForder/CodeRepos/install/q/t/include/lux/engine/simulation/asset/visibility.h
-- Up-to-date: E:/SyncForder/CodeRepos/install/q/t/include/lux/engine/simulation/composition
-- Up-to-date: E:/SyncForder/CodeRepos/install/q/t/include/lux/engine/simulation/composition/visibility.h
-- Up-to-date: E:/SyncForder/CodeRepos/install/q/t/include/lux/engine/simulation/description
-- Up-to-date: E:/SyncForder/CodeRepos/install/q/t/include/lux/engine/simulation/description/visibility.h
-- Up-to-date: E:/SyncForder/CodeRepos/install/q/t/include/lux/engine/simulation/ecs
-- Up-to-date: E:/SyncForder/CodeRepos/install/q/t/include/lux/engine/simulation/ecs/core
-- Up-to-date: E:/SyncForder/CodeRepos/install/q/t/include/lux/engine/simulation/ecs/core/visibility.h
-- Up-to-date: E:/SyncForder/CodeRepos/install/q/t/include/lux/engine/simulation/ecs/hierarchy
-- Up-to-date: E:/SyncForder/CodeRepos/install/q/t/include/lux/engine/simulation/ecs/hierarchy/visibility.h
-- Up-to-date: E:/SyncForder/CodeRepos/install/q/t/include/lux/engine/simulation/ecs/Parent.ecs_schema.hpp
-- Up-to-date: E:/SyncForder/CodeRepos/install/q/t/include/lux/engine/simulation/ecs/Parent.ecs_snapshot.hpp
-- Up-to-date: E:/SyncForder/CodeRepos/install/q/t/include/lux/engine/simulation/ecs/Parent.type_static_info.hpp
-- Up-to-date: E:/SyncForder/CodeRepos/install/q/t/include/lux/engine/simulation/ecs/schema
-- Up-to-date: E:/SyncForder/CodeRepos/install/q/t/include/lux/engine/simulation/ecs/schema/visibility.h
-- Up-to-date: E:/SyncForder/CodeRepos/install/q/t/include/lux/engine/simulation/ecs/snapshot
-- Up-to-date: E:/SyncForder/CodeRepos/install/q/t/include/lux/engine/simulation/ecs/snapshot/visibility.h
-- Up-to-date: E:/SyncForder/CodeRepos/install/q/t/include/lux/engine/simulation/ecs/transform
-- Up-to-date: E:/SyncForder/CodeRepos/install/q/t/include/lux/engine/simulation/ecs/transform/visibility.h
-- Up-to-date: E:/SyncForder/CodeRepos/install/q/t/include/lux/engine/simulation/ecs/Transform.ecs_schema.hpp
-- Up-to-date: E:/SyncForder/CodeRepos/install/q/t/include/lux/engine/simulation/ecs/Transform.ecs_snapshot.hpp
-- Up-to-date: E:/SyncForder/CodeRepos/install/q/t/include/lux/engine/simulation/ecs/Transform.type_static_info.hpp
-- Up-to-date: E:/SyncForder/CodeRepos/install/q/t/include/lux/engine/simulation/ecs/visual
-- Up-to-date: E:/SyncForder/CodeRepos/install/q/t/include/lux/engine/simulation/ecs/visual/visibility.h
-- Up-to-date: E:/SyncForder/CodeRepos/install/q/t/include/lux/engine/simulation/ecs/Visual.ecs_schema.hpp
-- Up-to-date: E:/SyncForder/CodeRepos/install/q/t/include/lux/engine/simulation/ecs/Visual.ecs_snapshot.hpp
-- Up-to-date: E:/SyncForder/CodeRepos/install/q/t/include/lux/engine/simulation/ecs/Visual.type_static_info.hpp
-- Up-to-date: E:/SyncForder/CodeRepos/install/q/t/include/lux/engine/simulation/scripting
-- Up-to-date: E:/SyncForder/CodeRepos/install/q/t/include/lux/engine/simulation/scripting/cpp_static
-- Up-to-date: E:/SyncForder/CodeRepos/install/q/t/include/lux/engine/simulation/scripting/cpp_static/visibility.h
-- Up-to-date: E:/SyncForder/CodeRepos/install/q/t/include/lux/engine/simulation/scripting/native
-- Up-to-date: E:/SyncForder/CodeRepos/install/q/t/include/lux/engine/simulation/scripting/native/visibility.h
-- Up-to-date: E:/SyncForder/CodeRepos/install/q/t/include/lux/engine/simulation/script_system
-- Up-to-date: E:/SyncForder/CodeRepos/install/q/t/include/lux/engine/simulation/script_system/visibility.h
-- Up-to-date: E:/SyncForder/CodeRepos/install/q/t/include/lux/engine/simulation/system
-- Up-to-date: E:/SyncForder/CodeRepos/install/q/t/include/lux/engine/simulation/system/visibility.h
-- Up-to-date: E:/SyncForder/CodeRepos/install/q/t/include/lux/engine/simulation/transform_system
-- Up-to-date: E:/SyncForder/CodeRepos/install/q/t/include/lux/engine/simulation/transform_system/visibility.h
-- Up-to-date: E:/SyncForder/CodeRepos/install/q/t/include/lux/engine/spatial
-- Up-to-date: E:/SyncForder/CodeRepos/install/q/t/include/lux/engine/spatial/spatial2d
-- Up-to-date: E:/SyncForder/CodeRepos/install/q/t/include/lux/engine/spatial/spatial2d/visibility.h
-- Up-to-date: E:/SyncForder/CodeRepos/install/q/t/include/lux/engine/spatial/spatial3d
-- Up-to-date: E:/SyncForder/CodeRepos/install/q/t/include/lux/engine/spatial/spatial3d/visibility.h
-- Up-to-date: E:/SyncForder/CodeRepos/install/q/t/include/lux/engine/system
-- Up-to-date: E:/SyncForder/CodeRepos/install/q/t/include/lux/engine/system/description
-- Up-to-date: E:/SyncForder/CodeRepos/install/q/t/include/lux/engine/system/description/visibility.h
-- Up-to-date: E:/SyncForder/CodeRepos/install/q/t/include/lux/engine/system/identity
-- Up-to-date: E:/SyncForder/CodeRepos/install/q/t/include/lux/engine/system/identity/visibility.h
-- Up-to-date: E:/SyncForder/CodeRepos/install/q/t/include/lux/engine/task
-- Up-to-date: E:/SyncForder/CodeRepos/install/q/t/include/lux/engine/task/visibility.h
-- Up-to-date: E:/SyncForder/CodeRepos/install/q/t/include/lux/engine/toolchain
-- Up-to-date: E:/SyncForder/CodeRepos/install/q/t/include/lux/engine/toolchain/asset
-- Up-to-date: E:/SyncForder/CodeRepos/install/q/t/include/lux/engine/toolchain/asset/model
-- Up-to-date: E:/SyncForder/CodeRepos/install/q/t/include/lux/engine/toolchain/asset/model/visibility.h
-- Up-to-date: E:/SyncForder/CodeRepos/install/q/t/include/lux/engine/toolchain/asset/shader
-- Up-to-date: E:/SyncForder/CodeRepos/install/q/t/include/lux/engine/toolchain/asset/shader/visibility.h
-- Up-to-date: E:/SyncForder/CodeRepos/install/q/t/include/lux/engine/toolchain/asset/texture
-- Up-to-date: E:/SyncForder/CodeRepos/install/q/t/include/lux/engine/toolchain/asset/texture/visibility.h
-- Up-to-date: E:/SyncForder/CodeRepos/install/q/t/include/lux/engine/world
-- Up-to-date: E:/SyncForder/CodeRepos/install/q/t/include/lux/engine/world/asset
-- Up-to-date: E:/SyncForder/CodeRepos/install/q/t/include/lux/engine/world/asset/visibility.h
-- Up-to-date: E:/SyncForder/CodeRepos/install/q/t/include/lux/engine/world/description
-- Up-to-date: E:/SyncForder/CodeRepos/install/q/t/include/lux/engine/world/description/visibility.h
-- Up-to-date: E:/SyncForder/CodeRepos/install/q/t/include/lux/engine/world/partition
-- Up-to-date: E:/SyncForder/CodeRepos/install/q/t/include/lux/engine/world/partition/visibility.h
-- Up-to-date: E:/SyncForder/CodeRepos/install/q/t/include/lux/engine/world/storage
-- Up-to-date: E:/SyncForder/CodeRepos/install/q/t/include/lux/engine/world/storage/visibility.h
-- Up-to-date: E:/SyncForder/CodeRepos/install/q/t/include/test
-- Installing: E:/SyncForder/CodeRepos/install/q/t/share/lux-engine-simulation/simulation_script_native/lux-engine-simulation-simulation_script_native-config-targets.cmake
-- Installing: E:/SyncForder/CodeRepos/install/q/t/share/lux-engine-simulation/simulation_script_native/lux-engine-simulation-simulation_script_native-config-targets-relwithdebinfo.cmake
-- Installing: E:/SyncForder/CodeRepos/install/q/t/share/lux-engine-simulation/simulation_script_native/lux-engine-simulation-simulation_script_native-import.cmake
-- Installing: E:/SyncForder/CodeRepos/install/q/t/lib/lux_engine_simulation_script_native.lib
-- Installing: E:/SyncForder/CodeRepos/install/q/t/bin/lux_engine_simulation_script_native.dll
-- Installing: E:/SyncForder/CodeRepos/install/q/t/share/lux-engine-simulation/lux-engine-simulation-config.cmake
-- Installing: E:/SyncForder/CodeRepos/install/q/t/share/lux-engine-simulation/lux-engine-simulation-config-version.cmake
-- Installing: E:/SyncForder/CodeRepos/install/q/t/share/lux-engine-simulation/lux-engine-simulation-available-components.cmake
-- Up-to-date: E:/SyncForder/CodeRepos/install/q/t/include
-- Up-to-date: E:/SyncForder/CodeRepos/install/q/t/include/lux
-- Up-to-date: E:/SyncForder/CodeRepos/install/q/t/include/lux/engine
-- Up-to-date: E:/SyncForder/CodeRepos/install/q/t/include/lux/engine/process
-- Installing: E:/SyncForder/CodeRepos/install/q/t/include/lux/engine/process/ExecutionRuntime.hpp
-- Installing: E:/SyncForder/CodeRepos/install/q/t/include/lux/engine/process/PortSender.hpp
-- Installing: E:/SyncForder/CodeRepos/install/q/t/include/lux/engine/process/TaskScope.hpp
-- Installing: E:/SyncForder/CodeRepos/install/q/t/include/lux/engine/process/Timer.hpp
-- Up-to-date: E:/SyncForder/CodeRepos/install/q/t/include
-- Up-to-date: E:/SyncForder/CodeRepos/install/q/t/include/lux
-- Up-to-date: E:/SyncForder/CodeRepos/install/q/t/include/lux/engine
-- Up-to-date: E:/SyncForder/CodeRepos/install/q/t/include/lux/engine/core
-- Up-to-date: E:/SyncForder/CodeRepos/install/q/t/include/lux/engine/core/visibility.h
-- Up-to-date: E:/SyncForder/CodeRepos/install/q/t/include/lux/engine/dynamic_library
-- Up-to-date: E:/SyncForder/CodeRepos/install/q/t/include/lux/engine/dynamic_library/visibility.h
-- Up-to-date: E:/SyncForder/CodeRepos/install/q/t/include/lux/engine/flowforge
-- Up-to-date: E:/SyncForder/CodeRepos/install/q/t/include/lux/engine/flowforge/compiler
-- Up-to-date: E:/SyncForder/CodeRepos/install/q/t/include/lux/engine/flowforge/compiler/visibility.h
-- Up-to-date: E:/SyncForder/CodeRepos/install/q/t/include/lux/engine/flowforge/visibility.h
-- Up-to-date: E:/SyncForder/CodeRepos/install/q/t/include/lux/engine/function
-- Up-to-date: E:/SyncForder/CodeRepos/install/q/t/include/lux/engine/function/graph
-- Up-to-date: E:/SyncForder/CodeRepos/install/q/t/include/lux/engine/function/graph/visibility.h
-- Up-to-date: E:/SyncForder/CodeRepos/install/q/t/include/lux/engine/function/render
-- Up-to-date: E:/SyncForder/CodeRepos/install/q/t/include/lux/engine/function/render/standard
-- Up-to-date: E:/SyncForder/CodeRepos/install/q/t/include/lux/engine/function/render/standard/content
-- Up-to-date: E:/SyncForder/CodeRepos/install/q/t/include/lux/engine/function/render/standard/content/visibility.h
-- Up-to-date: E:/SyncForder/CodeRepos/install/q/t/include/lux/engine/function/script
-- Up-to-date: E:/SyncForder/CodeRepos/install/q/t/include/lux/engine/function/script/artifact
-- Up-to-date: E:/SyncForder/CodeRepos/install/q/t/include/lux/engine/function/script/artifact/visibility.h
-- Up-to-date: E:/SyncForder/CodeRepos/install/q/t/include/lux/engine/function/visibility.h
-- Up-to-date: E:/SyncForder/CodeRepos/install/q/t/include/lux/engine/material
-- Up-to-date: E:/SyncForder/CodeRepos/install/q/t/include/lux/engine/material/compiler
-- Up-to-date: E:/SyncForder/CodeRepos/install/q/t/include/lux/engine/material/compiler/visibility.h
-- Up-to-date: E:/SyncForder/CodeRepos/install/q/t/include/lux/engine/material/cooker
-- Up-to-date: E:/SyncForder/CodeRepos/install/q/t/include/lux/engine/material/cooker/visibility.h
-- Up-to-date: E:/SyncForder/CodeRepos/install/q/t/include/lux/engine/material/graph
-- Up-to-date: E:/SyncForder/CodeRepos/install/q/t/include/lux/engine/material/graph/visibility.h
-- Up-to-date: E:/SyncForder/CodeRepos/install/q/t/include/lux/engine/physics2d
-- Up-to-date: E:/SyncForder/CodeRepos/install/q/t/include/lux/engine/physics2d/Physics2DComponents.ecs_schema.hpp
-- Up-to-date: E:/SyncForder/CodeRepos/install/q/t/include/lux/engine/physics2d/Physics2DComponents.ecs_snapshot.hpp
-- Up-to-date: E:/SyncForder/CodeRepos/install/q/t/include/lux/engine/physics2d/Physics2DComponents.type_static_info.hpp
-- Up-to-date: E:/SyncForder/CodeRepos/install/q/t/include/lux/engine/physics2d/visibility.h
-- Up-to-date: E:/SyncForder/CodeRepos/install/q/t/include/lux/engine/process
-- Up-to-date: E:/SyncForder/CodeRepos/install/q/t/include/lux/engine/process/asset_loading
-- Up-to-date: E:/SyncForder/CodeRepos/install/q/t/include/lux/engine/process/asset_loading/visibility.h
-- Up-to-date: E:/SyncForder/CodeRepos/install/q/t/include/lux/engine/process/visibility.h
-- Up-to-date: E:/SyncForder/CodeRepos/install/q/t/include/lux/engine/process/world_loading
-- Up-to-date: E:/SyncForder/CodeRepos/install/q/t/include/lux/engine/process/world_loading/visibility.h
-- Up-to-date: E:/SyncForder/CodeRepos/install/q/t/include/lux/engine/resource
-- Up-to-date: E:/SyncForder/CodeRepos/install/q/t/include/lux/engine/resource/asset
-- Up-to-date: E:/SyncForder/CodeRepos/install/q/t/include/lux/engine/resource/asset/visibility.h
-- Up-to-date: E:/SyncForder/CodeRepos/install/q/t/include/lux/engine/resource/visibility.h
-- Up-to-date: E:/SyncForder/CodeRepos/install/q/t/include/lux/engine/scene
-- Up-to-date: E:/SyncForder/CodeRepos/install/q/t/include/lux/engine/scene/asset
-- Up-to-date: E:/SyncForder/CodeRepos/install/q/t/include/lux/engine/scene/asset/visibility.h
-- Up-to-date: E:/SyncForder/CodeRepos/install/q/t/include/lux/engine/scene/description
-- Up-to-date: E:/SyncForder/CodeRepos/install/q/t/include/lux/engine/scene/description/visibility.h
-- Up-to-date: E:/SyncForder/CodeRepos/install/q/t/include/lux/engine/scene/meta
-- Up-to-date: E:/SyncForder/CodeRepos/install/q/t/include/lux/engine/scene/meta/visibility.h
-- Up-to-date: E:/SyncForder/CodeRepos/install/q/t/include/lux/engine/scene/render
-- Up-to-date: E:/SyncForder/CodeRepos/install/q/t/include/lux/engine/scene/render/visibility.h
-- Up-to-date: E:/SyncForder/CodeRepos/install/q/t/include/lux/engine/scene/script_runtime
-- Up-to-date: E:/SyncForder/CodeRepos/install/q/t/include/lux/engine/scene/script_runtime/visibility.h
-- Up-to-date: E:/SyncForder/CodeRepos/install/q/t/include/lux/engine/scene/visibility.h
-- Up-to-date: E:/SyncForder/CodeRepos/install/q/t/include/lux/engine/scene/world_materialization
-- Up-to-date: E:/SyncForder/CodeRepos/install/q/t/include/lux/engine/scene/world_materialization/visibility.h
-- Up-to-date: E:/SyncForder/CodeRepos/install/q/t/include/lux/engine/serialization
-- Up-to-date: E:/SyncForder/CodeRepos/install/q/t/include/lux/engine/serialization/visibility.h
-- Up-to-date: E:/SyncForder/CodeRepos/install/q/t/include/lux/engine/simulation
-- Up-to-date: E:/SyncForder/CodeRepos/install/q/t/include/lux/engine/simulation/asset
-- Up-to-date: E:/SyncForder/CodeRepos/install/q/t/include/lux/engine/simulation/asset/visibility.h
-- Up-to-date: E:/SyncForder/CodeRepos/install/q/t/include/lux/engine/simulation/composition
-- Up-to-date: E:/SyncForder/CodeRepos/install/q/t/include/lux/engine/simulation/composition/visibility.h
-- Up-to-date: E:/SyncForder/CodeRepos/install/q/t/include/lux/engine/simulation/description
-- Up-to-date: E:/SyncForder/CodeRepos/install/q/t/include/lux/engine/simulation/description/visibility.h
-- Up-to-date: E:/SyncForder/CodeRepos/install/q/t/include/lux/engine/simulation/ecs
-- Up-to-date: E:/SyncForder/CodeRepos/install/q/t/include/lux/engine/simulation/ecs/core
-- Up-to-date: E:/SyncForder/CodeRepos/install/q/t/include/lux/engine/simulation/ecs/core/visibility.h
-- Up-to-date: E:/SyncForder/CodeRepos/install/q/t/include/lux/engine/simulation/ecs/hierarchy
-- Up-to-date: E:/SyncForder/CodeRepos/install/q/t/include/lux/engine/simulation/ecs/hierarchy/visibility.h
-- Up-to-date: E:/SyncForder/CodeRepos/install/q/t/include/lux/engine/simulation/ecs/Parent.ecs_schema.hpp
-- Up-to-date: E:/SyncForder/CodeRepos/install/q/t/include/lux/engine/simulation/ecs/Parent.ecs_snapshot.hpp
-- Up-to-date: E:/SyncForder/CodeRepos/install/q/t/include/lux/engine/simulation/ecs/Parent.type_static_info.hpp
-- Up-to-date: E:/SyncForder/CodeRepos/install/q/t/include/lux/engine/simulation/ecs/schema
-- Up-to-date: E:/SyncForder/CodeRepos/install/q/t/include/lux/engine/simulation/ecs/schema/visibility.h
-- Up-to-date: E:/SyncForder/CodeRepos/install/q/t/include/lux/engine/simulation/ecs/snapshot
-- Up-to-date: E:/SyncForder/CodeRepos/install/q/t/include/lux/engine/simulation/ecs/snapshot/visibility.h
-- Up-to-date: E:/SyncForder/CodeRepos/install/q/t/include/lux/engine/simulation/ecs/transform
-- Up-to-date: E:/SyncForder/CodeRepos/install/q/t/include/lux/engine/simulation/ecs/transform/visibility.h
-- Up-to-date: E:/SyncForder/CodeRepos/install/q/t/include/lux/engine/simulation/ecs/Transform.ecs_schema.hpp
-- Up-to-date: E:/SyncForder/CodeRepos/install/q/t/include/lux/engine/simulation/ecs/Transform.ecs_snapshot.hpp
-- Up-to-date: E:/SyncForder/CodeRepos/install/q/t/include/lux/engine/simulation/ecs/Transform.type_static_info.hpp
-- Up-to-date: E:/SyncForder/CodeRepos/install/q/t/include/lux/engine/simulation/ecs/visual
-- Up-to-date: E:/SyncForder/CodeRepos/install/q/t/include/lux/engine/simulation/ecs/visual/visibility.h
-- Up-to-date: E:/SyncForder/CodeRepos/install/q/t/include/lux/engine/simulation/ecs/Visual.ecs_schema.hpp
-- Up-to-date: E:/SyncForder/CodeRepos/install/q/t/include/lux/engine/simulation/ecs/Visual.ecs_snapshot.hpp
-- Up-to-date: E:/SyncForder/CodeRepos/install/q/t/include/lux/engine/simulation/ecs/Visual.type_static_info.hpp
-- Up-to-date: E:/SyncForder/CodeRepos/install/q/t/include/lux/engine/simulation/scripting
-- Up-to-date: E:/SyncForder/CodeRepos/install/q/t/include/lux/engine/simulation/scripting/cpp_static
-- Up-to-date: E:/SyncForder/CodeRepos/install/q/t/include/lux/engine/simulation/scripting/cpp_static/visibility.h
-- Up-to-date: E:/SyncForder/CodeRepos/install/q/t/include/lux/engine/simulation/scripting/native
-- Up-to-date: E:/SyncForder/CodeRepos/install/q/t/include/lux/engine/simulation/scripting/native/visibility.h
-- Up-to-date: E:/SyncForder/CodeRepos/install/q/t/include/lux/engine/simulation/script_system
-- Up-to-date: E:/SyncForder/CodeRepos/install/q/t/include/lux/engine/simulation/script_system/visibility.h
-- Up-to-date: E:/SyncForder/CodeRepos/install/q/t/include/lux/engine/simulation/system
-- Up-to-date: E:/SyncForder/CodeRepos/install/q/t/include/lux/engine/simulation/system/visibility.h
-- Up-to-date: E:/SyncForder/CodeRepos/install/q/t/include/lux/engine/simulation/transform_system
-- Up-to-date: E:/SyncForder/CodeRepos/install/q/t/include/lux/engine/simulation/transform_system/visibility.h
-- Up-to-date: E:/SyncForder/CodeRepos/install/q/t/include/lux/engine/spatial
-- Up-to-date: E:/SyncForder/CodeRepos/install/q/t/include/lux/engine/spatial/spatial2d
-- Up-to-date: E:/SyncForder/CodeRepos/install/q/t/include/lux/engine/spatial/spatial2d/visibility.h
-- Up-to-date: E:/SyncForder/CodeRepos/install/q/t/include/lux/engine/spatial/spatial3d
-- Up-to-date: E:/SyncForder/CodeRepos/install/q/t/include/lux/engine/spatial/spatial3d/visibility.h
-- Up-to-date: E:/SyncForder/CodeRepos/install/q/t/include/lux/engine/system
-- Up-to-date: E:/SyncForder/CodeRepos/install/q/t/include/lux/engine/system/description
-- Up-to-date: E:/SyncForder/CodeRepos/install/q/t/include/lux/engine/system/description/visibility.h
-- Up-to-date: E:/SyncForder/CodeRepos/install/q/t/include/lux/engine/system/identity
-- Up-to-date: E:/SyncForder/CodeRepos/install/q/t/include/lux/engine/system/identity/visibility.h
-- Up-to-date: E:/SyncForder/CodeRepos/install/q/t/include/lux/engine/task
-- Up-to-date: E:/SyncForder/CodeRepos/install/q/t/include/lux/engine/task/visibility.h
-- Up-to-date: E:/SyncForder/CodeRepos/install/q/t/include/lux/engine/toolchain
-- Up-to-date: E:/SyncForder/CodeRepos/install/q/t/include/lux/engine/toolchain/asset
-- Up-to-date: E:/SyncForder/CodeRepos/install/q/t/include/lux/engine/toolchain/asset/model
-- Up-to-date: E:/SyncForder/CodeRepos/install/q/t/include/lux/engine/toolchain/asset/model/visibility.h
-- Up-to-date: E:/SyncForder/CodeRepos/install/q/t/include/lux/engine/toolchain/asset/shader
-- Up-to-date: E:/SyncForder/CodeRepos/install/q/t/include/lux/engine/toolchain/asset/shader/visibility.h
-- Up-to-date: E:/SyncForder/CodeRepos/install/q/t/include/lux/engine/toolchain/asset/texture
-- Up-to-date: E:/SyncForder/CodeRepos/install/q/t/include/lux/engine/toolchain/asset/texture/visibility.h
-- Up-to-date: E:/SyncForder/CodeRepos/install/q/t/include/lux/engine/world
-- Up-to-date: E:/SyncForder/CodeRepos/install/q/t/include/lux/engine/world/asset
-- Up-to-date: E:/SyncForder/CodeRepos/install/q/t/include/lux/engine/world/asset/visibility.h
-- Up-to-date: E:/SyncForder/CodeRepos/install/q/t/include/lux/engine/world/description
-- Up-to-date: E:/SyncForder/CodeRepos/install/q/t/include/lux/engine/world/description/visibility.h
-- Up-to-date: E:/SyncForder/CodeRepos/install/q/t/include/lux/engine/world/partition
-- Up-to-date: E:/SyncForder/CodeRepos/install/q/t/include/lux/engine/world/partition/visibility.h
-- Up-to-date: E:/SyncForder/CodeRepos/install/q/t/include/lux/engine/world/storage
-- Up-to-date: E:/SyncForder/CodeRepos/install/q/t/include/lux/engine/world/storage/visibility.h
-- Up-to-date: E:/SyncForder/CodeRepos/install/q/t/include/test
-- Installing: E:/SyncForder/CodeRepos/install/q/t/share/lux-engine-process-execution/process_execution/lux-engine-process-execution-process_execution-config-targets.cmake
-- Installing: E:/SyncForder/CodeRepos/install/q/t/share/lux-engine-process-execution/process_execution/lux-engine-process-execution-process_execution-config-targets-relwithdebinfo.cmake
-- Installing: E:/SyncForder/CodeRepos/install/q/t/share/lux-engine-process-execution/process_execution/lux-engine-process-execution-process_execution-import.cmake
-- Installing: E:/SyncForder/CodeRepos/install/q/t/lib/lux_engine_process_execution.lib
-- Installing: E:/SyncForder/CodeRepos/install/q/t/bin/lux_engine_process_execution.dll
-- Installing: E:/SyncForder/CodeRepos/install/q/t/share/lux-engine-process-execution/lux-engine-process-execution-config.cmake
-- Installing: E:/SyncForder/CodeRepos/install/q/t/share/lux-engine-process-execution/lux-engine-process-execution-config-version.cmake
-- Installing: E:/SyncForder/CodeRepos/install/q/t/share/lux-engine-process-execution/lux-engine-process-execution-available-components.cmake
-- Up-to-date: E:/SyncForder/CodeRepos/install/q/t/include
-- Up-to-date: E:/SyncForder/CodeRepos/install/q/t/include/lux
-- Up-to-date: E:/SyncForder/CodeRepos/install/q/t/include/lux/engine
-- Up-to-date: E:/SyncForder/CodeRepos/install/q/t/include/lux/engine/process
-- Up-to-date: E:/SyncForder/CodeRepos/install/q/t/include/lux/engine/process/world_loading
-- Installing: E:/SyncForder/CodeRepos/install/q/t/include/lux/engine/process/world_loading/WorldPartitionLoadSender.hpp
-- Installing: E:/SyncForder/CodeRepos/install/q/t/include/lux/engine/process/world_loading/WorldStorageSource.hpp
-- Up-to-date: E:/SyncForder/CodeRepos/install/q/t/include
-- Up-to-date: E:/SyncForder/CodeRepos/install/q/t/include/lux
-- Up-to-date: E:/SyncForder/CodeRepos/install/q/t/include/lux/engine
-- Up-to-date: E:/SyncForder/CodeRepos/install/q/t/include/lux/engine/core
-- Up-to-date: E:/SyncForder/CodeRepos/install/q/t/include/lux/engine/core/visibility.h
-- Up-to-date: E:/SyncForder/CodeRepos/install/q/t/include/lux/engine/dynamic_library
-- Up-to-date: E:/SyncForder/CodeRepos/install/q/t/include/lux/engine/dynamic_library/visibility.h
-- Up-to-date: E:/SyncForder/CodeRepos/install/q/t/include/lux/engine/flowforge
-- Up-to-date: E:/SyncForder/CodeRepos/install/q/t/include/lux/engine/flowforge/compiler
-- Up-to-date: E:/SyncForder/CodeRepos/install/q/t/include/lux/engine/flowforge/compiler/visibility.h
-- Up-to-date: E:/SyncForder/CodeRepos/install/q/t/include/lux/engine/flowforge/visibility.h
-- Up-to-date: E:/SyncForder/CodeRepos/install/q/t/include/lux/engine/function
-- Up-to-date: E:/SyncForder/CodeRepos/install/q/t/include/lux/engine/function/graph
-- Up-to-date: E:/SyncForder/CodeRepos/install/q/t/include/lux/engine/function/graph/visibility.h
-- Up-to-date: E:/SyncForder/CodeRepos/install/q/t/include/lux/engine/function/render
-- Up-to-date: E:/SyncForder/CodeRepos/install/q/t/include/lux/engine/function/render/standard
-- Up-to-date: E:/SyncForder/CodeRepos/install/q/t/include/lux/engine/function/render/standard/content
-- Up-to-date: E:/SyncForder/CodeRepos/install/q/t/include/lux/engine/function/render/standard/content/visibility.h
-- Up-to-date: E:/SyncForder/CodeRepos/install/q/t/include/lux/engine/function/script
-- Up-to-date: E:/SyncForder/CodeRepos/install/q/t/include/lux/engine/function/script/artifact
-- Up-to-date: E:/SyncForder/CodeRepos/install/q/t/include/lux/engine/function/script/artifact/visibility.h
-- Up-to-date: E:/SyncForder/CodeRepos/install/q/t/include/lux/engine/function/visibility.h
-- Up-to-date: E:/SyncForder/CodeRepos/install/q/t/include/lux/engine/material
-- Up-to-date: E:/SyncForder/CodeRepos/install/q/t/include/lux/engine/material/compiler
-- Up-to-date: E:/SyncForder/CodeRepos/install/q/t/include/lux/engine/material/compiler/visibility.h
-- Up-to-date: E:/SyncForder/CodeRepos/install/q/t/include/lux/engine/material/cooker
-- Up-to-date: E:/SyncForder/CodeRepos/install/q/t/include/lux/engine/material/cooker/visibility.h
-- Up-to-date: E:/SyncForder/CodeRepos/install/q/t/include/lux/engine/material/graph
-- Up-to-date: E:/SyncForder/CodeRepos/install/q/t/include/lux/engine/material/graph/visibility.h
-- Up-to-date: E:/SyncForder/CodeRepos/install/q/t/include/lux/engine/physics2d
-- Up-to-date: E:/SyncForder/CodeRepos/install/q/t/include/lux/engine/physics2d/Physics2DComponents.ecs_schema.hpp
-- Up-to-date: E:/SyncForder/CodeRepos/install/q/t/include/lux/engine/physics2d/Physics2DComponents.ecs_snapshot.hpp
-- Up-to-date: E:/SyncForder/CodeRepos/install/q/t/include/lux/engine/physics2d/Physics2DComponents.type_static_info.hpp
-- Up-to-date: E:/SyncForder/CodeRepos/install/q/t/include/lux/engine/physics2d/visibility.h
-- Up-to-date: E:/SyncForder/CodeRepos/install/q/t/include/lux/engine/process
-- Up-to-date: E:/SyncForder/CodeRepos/install/q/t/include/lux/engine/process/asset_loading
-- Up-to-date: E:/SyncForder/CodeRepos/install/q/t/include/lux/engine/process/asset_loading/visibility.h
-- Up-to-date: E:/SyncForder/CodeRepos/install/q/t/include/lux/engine/process/visibility.h
-- Up-to-date: E:/SyncForder/CodeRepos/install/q/t/include/lux/engine/process/world_loading
-- Up-to-date: E:/SyncForder/CodeRepos/install/q/t/include/lux/engine/process/world_loading/visibility.h
-- Up-to-date: E:/SyncForder/CodeRepos/install/q/t/include/lux/engine/resource
-- Up-to-date: E:/SyncForder/CodeRepos/install/q/t/include/lux/engine/resource/asset
-- Up-to-date: E:/SyncForder/CodeRepos/install/q/t/include/lux/engine/resource/asset/visibility.h
-- Up-to-date: E:/SyncForder/CodeRepos/install/q/t/include/lux/engine/resource/visibility.h
-- Up-to-date: E:/SyncForder/CodeRepos/install/q/t/include/lux/engine/scene
-- Up-to-date: E:/SyncForder/CodeRepos/install/q/t/include/lux/engine/scene/asset
-- Up-to-date: E:/SyncForder/CodeRepos/install/q/t/include/lux/engine/scene/asset/visibility.h
-- Up-to-date: E:/SyncForder/CodeRepos/install/q/t/include/lux/engine/scene/description
-- Up-to-date: E:/SyncForder/CodeRepos/install/q/t/include/lux/engine/scene/description/visibility.h
-- Up-to-date: E:/SyncForder/CodeRepos/install/q/t/include/lux/engine/scene/meta
-- Up-to-date: E:/SyncForder/CodeRepos/install/q/t/include/lux/engine/scene/meta/visibility.h
-- Up-to-date: E:/SyncForder/CodeRepos/install/q/t/include/lux/engine/scene/render
-- Up-to-date: E:/SyncForder/CodeRepos/install/q/t/include/lux/engine/scene/render/visibility.h
-- Up-to-date: E:/SyncForder/CodeRepos/install/q/t/include/lux/engine/scene/script_runtime
-- Up-to-date: E:/SyncForder/CodeRepos/install/q/t/include/lux/engine/scene/script_runtime/visibility.h
-- Up-to-date: E:/SyncForder/CodeRepos/install/q/t/include/lux/engine/scene/visibility.h
-- Up-to-date: E:/SyncForder/CodeRepos/install/q/t/include/lux/engine/scene/world_materialization
-- Up-to-date: E:/SyncForder/CodeRepos/install/q/t/include/lux/engine/scene/world_materialization/visibility.h
-- Up-to-date: E:/SyncForder/CodeRepos/install/q/t/include/lux/engine/serialization
-- Up-to-date: E:/SyncForder/CodeRepos/install/q/t/include/lux/engine/serialization/visibility.h
-- Up-to-date: E:/SyncForder/CodeRepos/install/q/t/include/lux/engine/simulation
-- Up-to-date: E:/SyncForder/CodeRepos/install/q/t/include/lux/engine/simulation/asset
-- Up-to-date: E:/SyncForder/CodeRepos/install/q/t/include/lux/engine/simulation/asset/visibility.h
-- Up-to-date: E:/SyncForder/CodeRepos/install/q/t/include/lux/engine/simulation/composition
-- Up-to-date: E:/SyncForder/CodeRepos/install/q/t/include/lux/engine/simulation/composition/visibility.h
-- Up-to-date: E:/SyncForder/CodeRepos/install/q/t/include/lux/engine/simulation/description
-- Up-to-date: E:/SyncForder/CodeRepos/install/q/t/include/lux/engine/simulation/description/visibility.h
-- Up-to-date: E:/SyncForder/CodeRepos/install/q/t/include/lux/engine/simulation/ecs
-- Up-to-date: E:/SyncForder/CodeRepos/install/q/t/include/lux/engine/simulation/ecs/core
-- Up-to-date: E:/SyncForder/CodeRepos/install/q/t/include/lux/engine/simulation/ecs/core/visibility.h
-- Up-to-date: E:/SyncForder/CodeRepos/install/q/t/include/lux/engine/simulation/ecs/hierarchy
-- Up-to-date: E:/SyncForder/CodeRepos/install/q/t/include/lux/engine/simulation/ecs/hierarchy/visibility.h
-- Up-to-date: E:/SyncForder/CodeRepos/install/q/t/include/lux/engine/simulation/ecs/Parent.ecs_schema.hpp
-- Up-to-date: E:/SyncForder/CodeRepos/install/q/t/include/lux/engine/simulation/ecs/Parent.ecs_snapshot.hpp
-- Up-to-date: E:/SyncForder/CodeRepos/install/q/t/include/lux/engine/simulation/ecs/Parent.type_static_info.hpp
-- Up-to-date: E:/SyncForder/CodeRepos/install/q/t/include/lux/engine/simulation/ecs/schema
-- Up-to-date: E:/SyncForder/CodeRepos/install/q/t/include/lux/engine/simulation/ecs/schema/visibility.h
-- Up-to-date: E:/SyncForder/CodeRepos/install/q/t/include/lux/engine/simulation/ecs/snapshot
-- Up-to-date: E:/SyncForder/CodeRepos/install/q/t/include/lux/engine/simulation/ecs/snapshot/visibility.h
-- Up-to-date: E:/SyncForder/CodeRepos/install/q/t/include/lux/engine/simulation/ecs/transform
-- Up-to-date: E:/SyncForder/CodeRepos/install/q/t/include/lux/engine/simulation/ecs/transform/visibility.h
-- Up-to-date: E:/SyncForder/CodeRepos/install/q/t/include/lux/engine/simulation/ecs/Transform.ecs_schema.hpp
-- Up-to-date: E:/SyncForder/CodeRepos/install/q/t/include/lux/engine/simulation/ecs/Transform.ecs_snapshot.hpp
-- Up-to-date: E:/SyncForder/CodeRepos/install/q/t/include/lux/engine/simulation/ecs/Transform.type_static_info.hpp
-- Up-to-date: E:/SyncForder/CodeRepos/install/q/t/include/lux/engine/simulation/ecs/visual
-- Up-to-date: E:/SyncForder/CodeRepos/install/q/t/include/lux/engine/simulation/ecs/visual/visibility.h
-- Up-to-date: E:/SyncForder/CodeRepos/install/q/t/include/lux/engine/simulation/ecs/Visual.ecs_schema.hpp
-- Up-to-date: E:/SyncForder/CodeRepos/install/q/t/include/lux/engine/simulation/ecs/Visual.ecs_snapshot.hpp
-- Up-to-date: E:/SyncForder/CodeRepos/install/q/t/include/lux/engine/simulation/ecs/Visual.type_static_info.hpp
-- Up-to-date: E:/SyncForder/CodeRepos/install/q/t/include/lux/engine/simulation/scripting
-- Up-to-date: E:/SyncForder/CodeRepos/install/q/t/include/lux/engine/simulation/scripting/cpp_static
-- Up-to-date: E:/SyncForder/CodeRepos/install/q/t/include/lux/engine/simulation/scripting/cpp_static/visibility.h
-- Up-to-date: E:/SyncForder/CodeRepos/install/q/t/include/lux/engine/simulation/scripting/native
-- Up-to-date: E:/SyncForder/CodeRepos/install/q/t/include/lux/engine/simulation/scripting/native/visibility.h
-- Up-to-date: E:/SyncForder/CodeRepos/install/q/t/include/lux/engine/simulation/script_system
-- Up-to-date: E:/SyncForder/CodeRepos/install/q/t/include/lux/engine/simulation/script_system/visibility.h
-- Up-to-date: E:/SyncForder/CodeRepos/install/q/t/include/lux/engine/simulation/system
-- Up-to-date: E:/SyncForder/CodeRepos/install/q/t/include/lux/engine/simulation/system/visibility.h
-- Up-to-date: E:/SyncForder/CodeRepos/install/q/t/include/lux/engine/simulation/transform_system
-- Up-to-date: E:/SyncForder/CodeRepos/install/q/t/include/lux/engine/simulation/transform_system/visibility.h
-- Up-to-date: E:/SyncForder/CodeRepos/install/q/t/include/lux/engine/spatial
-- Up-to-date: E:/SyncForder/CodeRepos/install/q/t/include/lux/engine/spatial/spatial2d
-- Up-to-date: E:/SyncForder/CodeRepos/install/q/t/include/lux/engine/spatial/spatial2d/visibility.h
-- Up-to-date: E:/SyncForder/CodeRepos/install/q/t/include/lux/engine/spatial/spatial3d
-- Up-to-date: E:/SyncForder/CodeRepos/install/q/t/include/lux/engine/spatial/spatial3d/visibility.h
-- Up-to-date: E:/SyncForder/CodeRepos/install/q/t/include/lux/engine/system
-- Up-to-date: E:/SyncForder/CodeRepos/install/q/t/include/lux/engine/system/description
-- Up-to-date: E:/SyncForder/CodeRepos/install/q/t/include/lux/engine/system/description/visibility.h
-- Up-to-date: E:/SyncForder/CodeRepos/install/q/t/include/lux/engine/system/identity
-- Up-to-date: E:/SyncForder/CodeRepos/install/q/t/include/lux/engine/system/identity/visibility.h
-- Up-to-date: E:/SyncForder/CodeRepos/install/q/t/include/lux/engine/task
-- Up-to-date: E:/SyncForder/CodeRepos/install/q/t/include/lux/engine/task/visibility.h
-- Up-to-date: E:/SyncForder/CodeRepos/install/q/t/include/lux/engine/toolchain
-- Up-to-date: E:/SyncForder/CodeRepos/install/q/t/include/lux/engine/toolchain/asset
-- Up-to-date: E:/SyncForder/CodeRepos/install/q/t/include/lux/engine/toolchain/asset/model
-- Up-to-date: E:/SyncForder/CodeRepos/install/q/t/include/lux/engine/toolchain/asset/model/visibility.h
-- Up-to-date: E:/SyncForder/CodeRepos/install/q/t/include/lux/engine/toolchain/asset/shader
-- Up-to-date: E:/SyncForder/CodeRepos/install/q/t/include/lux/engine/toolchain/asset/shader/visibility.h
-- Up-to-date: E:/SyncForder/CodeRepos/install/q/t/include/lux/engine/toolchain/asset/texture
-- Up-to-date: E:/SyncForder/CodeRepos/install/q/t/include/lux/engine/toolchain/asset/texture/visibility.h
-- Up-to-date: E:/SyncForder/CodeRepos/install/q/t/include/lux/engine/world
-- Up-to-date: E:/SyncForder/CodeRepos/install/q/t/include/lux/engine/world/asset
-- Up-to-date: E:/SyncForder/CodeRepos/install/q/t/include/lux/engine/world/asset/visibility.h
-- Up-to-date: E:/SyncForder/CodeRepos/install/q/t/include/lux/engine/world/description
-- Up-to-date: E:/SyncForder/CodeRepos/install/q/t/include/lux/engine/world/description/visibility.h
-- Up-to-date: E:/SyncForder/CodeRepos/install/q/t/include/lux/engine/world/partition
-- Up-to-date: E:/SyncForder/CodeRepos/install/q/t/include/lux/engine/world/partition/visibility.h
-- Up-to-date: E:/SyncForder/CodeRepos/install/q/t/include/lux/engine/world/storage
-- Up-to-date: E:/SyncForder/CodeRepos/install/q/t/include/lux/engine/world/storage/visibility.h
-- Up-to-date: E:/SyncForder/CodeRepos/install/q/t/include/test
-- Installing: E:/SyncForder/CodeRepos/install/q/t/share/lux-engine-process-world-loading/process_world_loading/lux-engine-process-world-loading-process_world_loading-config-targets.cmake
-- Installing: E:/SyncForder/CodeRepos/install/q/t/share/lux-engine-process-world-loading/process_world_loading/lux-engine-process-world-loading-process_world_loading-config-targets-relwithdebinfo.cmake
-- Installing: E:/SyncForder/CodeRepos/install/q/t/share/lux-engine-process-world-loading/process_world_loading/lux-engine-process-world-loading-process_world_loading-import.cmake
-- Installing: E:/SyncForder/CodeRepos/install/q/t/lib/lux_engine_process_world_loading.lib
-- Installing: E:/SyncForder/CodeRepos/install/q/t/bin/lux_engine_process_world_loading.dll
-- Installing: E:/SyncForder/CodeRepos/install/q/t/share/lux-engine-process-world-loading/lux-engine-process-world-loading-config.cmake
-- Installing: E:/SyncForder/CodeRepos/install/q/t/share/lux-engine-process-world-loading/lux-engine-process-world-loading-config-version.cmake
-- Installing: E:/SyncForder/CodeRepos/install/q/t/share/lux-engine-process-world-loading/lux-engine-process-world-loading-available-components.cmake
-- Up-to-date: E:/SyncForder/CodeRepos/install/q/t/include
-- Up-to-date: E:/SyncForder/CodeRepos/install/q/t/include/lux
-- Up-to-date: E:/SyncForder/CodeRepos/install/q/t/include/lux/engine
-- Up-to-date: E:/SyncForder/CodeRepos/install/q/t/include/lux/engine/process
-- Up-to-date: E:/SyncForder/CodeRepos/install/q/t/include/lux/engine/process/asset_loading
-- Installing: E:/SyncForder/CodeRepos/install/q/t/include/lux/engine/process/asset_loading/AssetLoadSender.hpp
-- Installing: E:/SyncForder/CodeRepos/install/q/t/include/lux/engine/process/asset_loading/VfsAssetReadEndpoint.hpp
-- Up-to-date: E:/SyncForder/CodeRepos/install/q/t/include
-- Up-to-date: E:/SyncForder/CodeRepos/install/q/t/include/lux
-- Up-to-date: E:/SyncForder/CodeRepos/install/q/t/include/lux/engine
-- Up-to-date: E:/SyncForder/CodeRepos/install/q/t/include/lux/engine/core
-- Up-to-date: E:/SyncForder/CodeRepos/install/q/t/include/lux/engine/core/visibility.h
-- Up-to-date: E:/SyncForder/CodeRepos/install/q/t/include/lux/engine/dynamic_library
-- Up-to-date: E:/SyncForder/CodeRepos/install/q/t/include/lux/engine/dynamic_library/visibility.h
-- Up-to-date: E:/SyncForder/CodeRepos/install/q/t/include/lux/engine/flowforge
-- Up-to-date: E:/SyncForder/CodeRepos/install/q/t/include/lux/engine/flowforge/compiler
-- Up-to-date: E:/SyncForder/CodeRepos/install/q/t/include/lux/engine/flowforge/compiler/visibility.h
-- Up-to-date: E:/SyncForder/CodeRepos/install/q/t/include/lux/engine/flowforge/visibility.h
-- Up-to-date: E:/SyncForder/CodeRepos/install/q/t/include/lux/engine/function
-- Up-to-date: E:/SyncForder/CodeRepos/install/q/t/include/lux/engine/function/graph
-- Up-to-date: E:/SyncForder/CodeRepos/install/q/t/include/lux/engine/function/graph/visibility.h
-- Up-to-date: E:/SyncForder/CodeRepos/install/q/t/include/lux/engine/function/render
-- Up-to-date: E:/SyncForder/CodeRepos/install/q/t/include/lux/engine/function/render/standard
-- Up-to-date: E:/SyncForder/CodeRepos/install/q/t/include/lux/engine/function/render/standard/content
-- Up-to-date: E:/SyncForder/CodeRepos/install/q/t/include/lux/engine/function/render/standard/content/visibility.h
-- Up-to-date: E:/SyncForder/CodeRepos/install/q/t/include/lux/engine/function/script
-- Up-to-date: E:/SyncForder/CodeRepos/install/q/t/include/lux/engine/function/script/artifact
-- Up-to-date: E:/SyncForder/CodeRepos/install/q/t/include/lux/engine/function/script/artifact/visibility.h
-- Up-to-date: E:/SyncForder/CodeRepos/install/q/t/include/lux/engine/function/visibility.h
-- Up-to-date: E:/SyncForder/CodeRepos/install/q/t/include/lux/engine/material
-- Up-to-date: E:/SyncForder/CodeRepos/install/q/t/include/lux/engine/material/compiler
-- Up-to-date: E:/SyncForder/CodeRepos/install/q/t/include/lux/engine/material/compiler/visibility.h
-- Up-to-date: E:/SyncForder/CodeRepos/install/q/t/include/lux/engine/material/cooker
-- Up-to-date: E:/SyncForder/CodeRepos/install/q/t/include/lux/engine/material/cooker/visibility.h
-- Up-to-date: E:/SyncForder/CodeRepos/install/q/t/include/lux/engine/material/graph
-- Up-to-date: E:/SyncForder/CodeRepos/install/q/t/include/lux/engine/material/graph/visibility.h
-- Up-to-date: E:/SyncForder/CodeRepos/install/q/t/include/lux/engine/physics2d
-- Up-to-date: E:/SyncForder/CodeRepos/install/q/t/include/lux/engine/physics2d/Physics2DComponents.ecs_schema.hpp
-- Up-to-date: E:/SyncForder/CodeRepos/install/q/t/include/lux/engine/physics2d/Physics2DComponents.ecs_snapshot.hpp
-- Up-to-date: E:/SyncForder/CodeRepos/install/q/t/include/lux/engine/physics2d/Physics2DComponents.type_static_info.hpp
-- Up-to-date: E:/SyncForder/CodeRepos/install/q/t/include/lux/engine/physics2d/visibility.h
-- Up-to-date: E:/SyncForder/CodeRepos/install/q/t/include/lux/engine/process
-- Up-to-date: E:/SyncForder/CodeRepos/install/q/t/include/lux/engine/process/asset_loading
-- Up-to-date: E:/SyncForder/CodeRepos/install/q/t/include/lux/engine/process/asset_loading/visibility.h
-- Up-to-date: E:/SyncForder/CodeRepos/install/q/t/include/lux/engine/process/visibility.h
-- Up-to-date: E:/SyncForder/CodeRepos/install/q/t/include/lux/engine/process/world_loading
-- Up-to-date: E:/SyncForder/CodeRepos/install/q/t/include/lux/engine/process/world_loading/visibility.h
-- Up-to-date: E:/SyncForder/CodeRepos/install/q/t/include/lux/engine/resource
-- Up-to-date: E:/SyncForder/CodeRepos/install/q/t/include/lux/engine/resource/asset
-- Up-to-date: E:/SyncForder/CodeRepos/install/q/t/include/lux/engine/resource/asset/visibility.h
-- Up-to-date: E:/SyncForder/CodeRepos/install/q/t/include/lux/engine/resource/visibility.h
-- Up-to-date: E:/SyncForder/CodeRepos/install/q/t/include/lux/engine/scene
-- Up-to-date: E:/SyncForder/CodeRepos/install/q/t/include/lux/engine/scene/asset
-- Up-to-date: E:/SyncForder/CodeRepos/install/q/t/include/lux/engine/scene/asset/visibility.h
-- Up-to-date: E:/SyncForder/CodeRepos/install/q/t/include/lux/engine/scene/description
-- Up-to-date: E:/SyncForder/CodeRepos/install/q/t/include/lux/engine/scene/description/visibility.h
-- Up-to-date: E:/SyncForder/CodeRepos/install/q/t/include/lux/engine/scene/meta
-- Up-to-date: E:/SyncForder/CodeRepos/install/q/t/include/lux/engine/scene/meta/visibility.h
-- Up-to-date: E:/SyncForder/CodeRepos/install/q/t/include/lux/engine/scene/render
-- Up-to-date: E:/SyncForder/CodeRepos/install/q/t/include/lux/engine/scene/render/visibility.h
-- Up-to-date: E:/SyncForder/CodeRepos/install/q/t/include/lux/engine/scene/script_runtime
-- Up-to-date: E:/SyncForder/CodeRepos/install/q/t/include/lux/engine/scene/script_runtime/visibility.h
-- Up-to-date: E:/SyncForder/CodeRepos/install/q/t/include/lux/engine/scene/visibility.h
-- Up-to-date: E:/SyncForder/CodeRepos/install/q/t/include/lux/engine/scene/world_materialization
-- Up-to-date: E:/SyncForder/CodeRepos/install/q/t/include/lux/engine/scene/world_materialization/visibility.h
-- Up-to-date: E:/SyncForder/CodeRepos/install/q/t/include/lux/engine/serialization
-- Up-to-date: E:/SyncForder/CodeRepos/install/q/t/include/lux/engine/serialization/visibility.h
-- Up-to-date: E:/SyncForder/CodeRepos/install/q/t/include/lux/engine/simulation
-- Up-to-date: E:/SyncForder/CodeRepos/install/q/t/include/lux/engine/simulation/asset
-- Up-to-date: E:/SyncForder/CodeRepos/install/q/t/include/lux/engine/simulation/asset/visibility.h
-- Up-to-date: E:/SyncForder/CodeRepos/install/q/t/include/lux/engine/simulation/composition
-- Up-to-date: E:/SyncForder/CodeRepos/install/q/t/include/lux/engine/simulation/composition/visibility.h
-- Up-to-date: E:/SyncForder/CodeRepos/install/q/t/include/lux/engine/simulation/description
-- Up-to-date: E:/SyncForder/CodeRepos/install/q/t/include/lux/engine/simulation/description/visibility.h
-- Up-to-date: E:/SyncForder/CodeRepos/install/q/t/include/lux/engine/simulation/ecs
-- Up-to-date: E:/SyncForder/CodeRepos/install/q/t/include/lux/engine/simulation/ecs/core
-- Up-to-date: E:/SyncForder/CodeRepos/install/q/t/include/lux/engine/simulation/ecs/core/visibility.h
-- Up-to-date: E:/SyncForder/CodeRepos/install/q/t/include/lux/engine/simulation/ecs/hierarchy
-- Up-to-date: E:/SyncForder/CodeRepos/install/q/t/include/lux/engine/simulation/ecs/hierarchy/visibility.h
-- Up-to-date: E:/SyncForder/CodeRepos/install/q/t/include/lux/engine/simulation/ecs/Parent.ecs_schema.hpp
-- Up-to-date: E:/SyncForder/CodeRepos/install/q/t/include/lux/engine/simulation/ecs/Parent.ecs_snapshot.hpp
-- Up-to-date: E:/SyncForder/CodeRepos/install/q/t/include/lux/engine/simulation/ecs/Parent.type_static_info.hpp
-- Up-to-date: E:/SyncForder/CodeRepos/install/q/t/include/lux/engine/simulation/ecs/schema
-- Up-to-date: E:/SyncForder/CodeRepos/install/q/t/include/lux/engine/simulation/ecs/schema/visibility.h
-- Up-to-date: E:/SyncForder/CodeRepos/install/q/t/include/lux/engine/simulation/ecs/snapshot
-- Up-to-date: E:/SyncForder/CodeRepos/install/q/t/include/lux/engine/simulation/ecs/snapshot/visibility.h
-- Up-to-date: E:/SyncForder/CodeRepos/install/q/t/include/lux/engine/simulation/ecs/transform
-- Up-to-date: E:/SyncForder/CodeRepos/install/q/t/include/lux/engine/simulation/ecs/transform/visibility.h
-- Up-to-date: E:/SyncForder/CodeRepos/install/q/t/include/lux/engine/simulation/ecs/Transform.ecs_schema.hpp
-- Up-to-date: E:/SyncForder/CodeRepos/install/q/t/include/lux/engine/simulation/ecs/Transform.ecs_snapshot.hpp
-- Up-to-date: E:/SyncForder/CodeRepos/install/q/t/include/lux/engine/simulation/ecs/Transform.type_static_info.hpp
-- Up-to-date: E:/SyncForder/CodeRepos/install/q/t/include/lux/engine/simulation/ecs/visual
-- Up-to-date: E:/SyncForder/CodeRepos/install/q/t/include/lux/engine/simulation/ecs/visual/visibility.h
-- Up-to-date: E:/SyncForder/CodeRepos/install/q/t/include/lux/engine/simulation/ecs/Visual.ecs_schema.hpp
-- Up-to-date: E:/SyncForder/CodeRepos/install/q/t/include/lux/engine/simulation/ecs/Visual.ecs_snapshot.hpp
-- Up-to-date: E:/SyncForder/CodeRepos/install/q/t/include/lux/engine/simulation/ecs/Visual.type_static_info.hpp
-- Up-to-date: E:/SyncForder/CodeRepos/install/q/t/include/lux/engine/simulation/scripting
-- Up-to-date: E:/SyncForder/CodeRepos/install/q/t/include/lux/engine/simulation/scripting/cpp_static
-- Up-to-date: E:/SyncForder/CodeRepos/install/q/t/include/lux/engine/simulation/scripting/cpp_static/visibility.h
-- Up-to-date: E:/SyncForder/CodeRepos/install/q/t/include/lux/engine/simulation/scripting/native
-- Up-to-date: E:/SyncForder/CodeRepos/install/q/t/include/lux/engine/simulation/scripting/native/visibility.h
-- Up-to-date: E:/SyncForder/CodeRepos/install/q/t/include/lux/engine/simulation/script_system
-- Up-to-date: E:/SyncForder/CodeRepos/install/q/t/include/lux/engine/simulation/script_system/visibility.h
-- Up-to-date: E:/SyncForder/CodeRepos/install/q/t/include/lux/engine/simulation/system
-- Up-to-date: E:/SyncForder/CodeRepos/install/q/t/include/lux/engine/simulation/system/visibility.h
-- Up-to-date: E:/SyncForder/CodeRepos/install/q/t/include/lux/engine/simulation/transform_system
-- Up-to-date: E:/SyncForder/CodeRepos/install/q/t/include/lux/engine/simulation/transform_system/visibility.h
-- Up-to-date: E:/SyncForder/CodeRepos/install/q/t/include/lux/engine/spatial
-- Up-to-date: E:/SyncForder/CodeRepos/install/q/t/include/lux/engine/spatial/spatial2d
-- Up-to-date: E:/SyncForder/CodeRepos/install/q/t/include/lux/engine/spatial/spatial2d/visibility.h
-- Up-to-date: E:/SyncForder/CodeRepos/install/q/t/include/lux/engine/spatial/spatial3d
-- Up-to-date: E:/SyncForder/CodeRepos/install/q/t/include/lux/engine/spatial/spatial3d/visibility.h
-- Up-to-date: E:/SyncForder/CodeRepos/install/q/t/include/lux/engine/system
-- Up-to-date: E:/SyncForder/CodeRepos/install/q/t/include/lux/engine/system/description
-- Up-to-date: E:/SyncForder/CodeRepos/install/q/t/include/lux/engine/system/description/visibility.h
-- Up-to-date: E:/SyncForder/CodeRepos/install/q/t/include/lux/engine/system/identity
-- Up-to-date: E:/SyncForder/CodeRepos/install/q/t/include/lux/engine/system/identity/visibility.h
-- Up-to-date: E:/SyncForder/CodeRepos/install/q/t/include/lux/engine/task
-- Up-to-date: E:/SyncForder/CodeRepos/install/q/t/include/lux/engine/task/visibility.h
-- Up-to-date: E:/SyncForder/CodeRepos/install/q/t/include/lux/engine/toolchain
-- Up-to-date: E:/SyncForder/CodeRepos/install/q/t/include/lux/engine/toolchain/asset
-- Up-to-date: E:/SyncForder/CodeRepos/install/q/t/include/lux/engine/toolchain/asset/model
-- Up-to-date: E:/SyncForder/CodeRepos/install/q/t/include/lux/engine/toolchain/asset/model/visibility.h
-- Up-to-date: E:/SyncForder/CodeRepos/install/q/t/include/lux/engine/toolchain/asset/shader
-- Up-to-date: E:/SyncForder/CodeRepos/install/q/t/include/lux/engine/toolchain/asset/shader/visibility.h
-- Up-to-date: E:/SyncForder/CodeRepos/install/q/t/include/lux/engine/toolchain/asset/texture
-- Up-to-date: E:/SyncForder/CodeRepos/install/q/t/include/lux/engine/toolchain/asset/texture/visibility.h
-- Up-to-date: E:/SyncForder/CodeRepos/install/q/t/include/lux/engine/world
-- Up-to-date: E:/SyncForder/CodeRepos/install/q/t/include/lux/engine/world/asset
-- Up-to-date: E:/SyncForder/CodeRepos/install/q/t/include/lux/engine/world/asset/visibility.h
-- Up-to-date: E:/SyncForder/CodeRepos/install/q/t/include/lux/engine/world/description
-- Up-to-date: E:/SyncForder/CodeRepos/install/q/t/include/lux/engine/world/description/visibility.h
-- Up-to-date: E:/SyncForder/CodeRepos/install/q/t/include/lux/engine/world/partition
-- Up-to-date: E:/SyncForder/CodeRepos/install/q/t/include/lux/engine/world/partition/visibility.h
-- Up-to-date: E:/SyncForder/CodeRepos/install/q/t/include/lux/engine/world/storage
-- Up-to-date: E:/SyncForder/CodeRepos/install/q/t/include/lux/engine/world/storage/visibility.h
-- Up-to-date: E:/SyncForder/CodeRepos/install/q/t/include/test
-- Installing: E:/SyncForder/CodeRepos/install/q/t/share/lux-engine-process-asset-loading/process_asset_loading/lux-engine-process-asset-loading-process_asset_loading-config-targets.cmake
-- Installing: E:/SyncForder/CodeRepos/install/q/t/share/lux-engine-process-asset-loading/process_asset_loading/lux-engine-process-asset-loading-process_asset_loading-config-targets-relwithdebinfo.cmake
-- Installing: E:/SyncForder/CodeRepos/install/q/t/share/lux-engine-process-asset-loading/process_asset_loading/lux-engine-process-asset-loading-process_asset_loading-import.cmake
-- Installing: E:/SyncForder/CodeRepos/install/q/t/lib/lux_engine_process_asset_loading.lib
-- Installing: E:/SyncForder/CodeRepos/install/q/t/bin/lux_engine_process_asset_loading.dll
-- Installing: E:/SyncForder/CodeRepos/install/q/t/share/lux-engine-process-asset-loading/lux-engine-process-asset-loading-config.cmake
-- Installing: E:/SyncForder/CodeRepos/install/q/t/share/lux-engine-process-asset-loading/lux-engine-process-asset-loading-config-version.cmake
-- Installing: E:/SyncForder/CodeRepos/install/q/t/share/lux-engine-process-asset-loading/lux-engine-process-asset-loading-available-components.cmake
-- Up-to-date: E:/SyncForder/CodeRepos/install/q/t/include
-- Up-to-date: E:/SyncForder/CodeRepos/install/q/t/include/lux
-- Up-to-date: E:/SyncForder/CodeRepos/install/q/t/include/lux/engine
-- Up-to-date: E:/SyncForder/CodeRepos/install/q/t/include/lux/engine/scene
-- Installing: E:/SyncForder/CodeRepos/install/q/t/include/lux/engine/scene/SceneDescription.hpp
-- Installing: E:/SyncForder/CodeRepos/install/q/t/include/lux/engine/scene/SceneDescriptionBuilder.hpp
-- Up-to-date: E:/SyncForder/CodeRepos/install/q/t/include
-- Up-to-date: E:/SyncForder/CodeRepos/install/q/t/include/lux
-- Up-to-date: E:/SyncForder/CodeRepos/install/q/t/include/lux/engine
-- Up-to-date: E:/SyncForder/CodeRepos/install/q/t/include/lux/engine/core
-- Up-to-date: E:/SyncForder/CodeRepos/install/q/t/include/lux/engine/core/visibility.h
-- Up-to-date: E:/SyncForder/CodeRepos/install/q/t/include/lux/engine/dynamic_library
-- Up-to-date: E:/SyncForder/CodeRepos/install/q/t/include/lux/engine/dynamic_library/visibility.h
-- Up-to-date: E:/SyncForder/CodeRepos/install/q/t/include/lux/engine/flowforge
-- Up-to-date: E:/SyncForder/CodeRepos/install/q/t/include/lux/engine/flowforge/compiler
-- Up-to-date: E:/SyncForder/CodeRepos/install/q/t/include/lux/engine/flowforge/compiler/visibility.h
-- Up-to-date: E:/SyncForder/CodeRepos/install/q/t/include/lux/engine/flowforge/visibility.h
-- Up-to-date: E:/SyncForder/CodeRepos/install/q/t/include/lux/engine/function
-- Up-to-date: E:/SyncForder/CodeRepos/install/q/t/include/lux/engine/function/graph
-- Up-to-date: E:/SyncForder/CodeRepos/install/q/t/include/lux/engine/function/graph/visibility.h
-- Up-to-date: E:/SyncForder/CodeRepos/install/q/t/include/lux/engine/function/render
-- Up-to-date: E:/SyncForder/CodeRepos/install/q/t/include/lux/engine/function/render/standard
-- Up-to-date: E:/SyncForder/CodeRepos/install/q/t/include/lux/engine/function/render/standard/content
-- Up-to-date: E:/SyncForder/CodeRepos/install/q/t/include/lux/engine/function/render/standard/content/visibility.h
-- Up-to-date: E:/SyncForder/CodeRepos/install/q/t/include/lux/engine/function/script
-- Up-to-date: E:/SyncForder/CodeRepos/install/q/t/include/lux/engine/function/script/artifact
-- Up-to-date: E:/SyncForder/CodeRepos/install/q/t/include/lux/engine/function/script/artifact/visibility.h
-- Up-to-date: E:/SyncForder/CodeRepos/install/q/t/include/lux/engine/function/visibility.h
-- Up-to-date: E:/SyncForder/CodeRepos/install/q/t/include/lux/engine/material
-- Up-to-date: E:/SyncForder/CodeRepos/install/q/t/include/lux/engine/material/compiler
-- Up-to-date: E:/SyncForder/CodeRepos/install/q/t/include/lux/engine/material/compiler/visibility.h
-- Up-to-date: E:/SyncForder/CodeRepos/install/q/t/include/lux/engine/material/cooker
-- Up-to-date: E:/SyncForder/CodeRepos/install/q/t/include/lux/engine/material/cooker/visibility.h
-- Up-to-date: E:/SyncForder/CodeRepos/install/q/t/include/lux/engine/material/graph
-- Up-to-date: E:/SyncForder/CodeRepos/install/q/t/include/lux/engine/material/graph/visibility.h
-- Up-to-date: E:/SyncForder/CodeRepos/install/q/t/include/lux/engine/physics2d
-- Up-to-date: E:/SyncForder/CodeRepos/install/q/t/include/lux/engine/physics2d/Physics2DComponents.ecs_schema.hpp
-- Up-to-date: E:/SyncForder/CodeRepos/install/q/t/include/lux/engine/physics2d/Physics2DComponents.ecs_snapshot.hpp
-- Up-to-date: E:/SyncForder/CodeRepos/install/q/t/include/lux/engine/physics2d/Physics2DComponents.type_static_info.hpp
-- Up-to-date: E:/SyncForder/CodeRepos/install/q/t/include/lux/engine/physics2d/visibility.h
-- Up-to-date: E:/SyncForder/CodeRepos/install/q/t/include/lux/engine/process
-- Up-to-date: E:/SyncForder/CodeRepos/install/q/t/include/lux/engine/process/asset_loading
-- Up-to-date: E:/SyncForder/CodeRepos/install/q/t/include/lux/engine/process/asset_loading/visibility.h
-- Up-to-date: E:/SyncForder/CodeRepos/install/q/t/include/lux/engine/process/visibility.h
-- Up-to-date: E:/SyncForder/CodeRepos/install/q/t/include/lux/engine/process/world_loading
-- Up-to-date: E:/SyncForder/CodeRepos/install/q/t/include/lux/engine/process/world_loading/visibility.h
-- Up-to-date: E:/SyncForder/CodeRepos/install/q/t/include/lux/engine/resource
-- Up-to-date: E:/SyncForder/CodeRepos/install/q/t/include/lux/engine/resource/asset
-- Up-to-date: E:/SyncForder/CodeRepos/install/q/t/include/lux/engine/resource/asset/visibility.h
-- Up-to-date: E:/SyncForder/CodeRepos/install/q/t/include/lux/engine/resource/visibility.h
-- Up-to-date: E:/SyncForder/CodeRepos/install/q/t/include/lux/engine/scene
-- Up-to-date: E:/SyncForder/CodeRepos/install/q/t/include/lux/engine/scene/asset
-- Up-to-date: E:/SyncForder/CodeRepos/install/q/t/include/lux/engine/scene/asset/visibility.h
-- Up-to-date: E:/SyncForder/CodeRepos/install/q/t/include/lux/engine/scene/description
-- Up-to-date: E:/SyncForder/CodeRepos/install/q/t/include/lux/engine/scene/description/visibility.h
-- Up-to-date: E:/SyncForder/CodeRepos/install/q/t/include/lux/engine/scene/meta
-- Up-to-date: E:/SyncForder/CodeRepos/install/q/t/include/lux/engine/scene/meta/visibility.h
-- Up-to-date: E:/SyncForder/CodeRepos/install/q/t/include/lux/engine/scene/render
-- Up-to-date: E:/SyncForder/CodeRepos/install/q/t/include/lux/engine/scene/render/visibility.h
-- Up-to-date: E:/SyncForder/CodeRepos/install/q/t/include/lux/engine/scene/script_runtime
-- Up-to-date: E:/SyncForder/CodeRepos/install/q/t/include/lux/engine/scene/script_runtime/visibility.h
-- Up-to-date: E:/SyncForder/CodeRepos/install/q/t/include/lux/engine/scene/visibility.h
-- Up-to-date: E:/SyncForder/CodeRepos/install/q/t/include/lux/engine/scene/world_materialization
-- Up-to-date: E:/SyncForder/CodeRepos/install/q/t/include/lux/engine/scene/world_materialization/visibility.h
-- Up-to-date: E:/SyncForder/CodeRepos/install/q/t/include/lux/engine/serialization
-- Up-to-date: E:/SyncForder/CodeRepos/install/q/t/include/lux/engine/serialization/visibility.h
-- Up-to-date: E:/SyncForder/CodeRepos/install/q/t/include/lux/engine/simulation
-- Up-to-date: E:/SyncForder/CodeRepos/install/q/t/include/lux/engine/simulation/asset
-- Up-to-date: E:/SyncForder/CodeRepos/install/q/t/include/lux/engine/simulation/asset/visibility.h
-- Up-to-date: E:/SyncForder/CodeRepos/install/q/t/include/lux/engine/simulation/composition
-- Up-to-date: E:/SyncForder/CodeRepos/install/q/t/include/lux/engine/simulation/composition/visibility.h
-- Up-to-date: E:/SyncForder/CodeRepos/install/q/t/include/lux/engine/simulation/description
-- Up-to-date: E:/SyncForder/CodeRepos/install/q/t/include/lux/engine/simulation/description/visibility.h
-- Up-to-date: E:/SyncForder/CodeRepos/install/q/t/include/lux/engine/simulation/ecs
-- Up-to-date: E:/SyncForder/CodeRepos/install/q/t/include/lux/engine/simulation/ecs/core
-- Up-to-date: E:/SyncForder/CodeRepos/install/q/t/include/lux/engine/simulation/ecs/core/visibility.h
-- Up-to-date: E:/SyncForder/CodeRepos/install/q/t/include/lux/engine/simulation/ecs/hierarchy
-- Up-to-date: E:/SyncForder/CodeRepos/install/q/t/include/lux/engine/simulation/ecs/hierarchy/visibility.h
-- Up-to-date: E:/SyncForder/CodeRepos/install/q/t/include/lux/engine/simulation/ecs/Parent.ecs_schema.hpp
-- Up-to-date: E:/SyncForder/CodeRepos/install/q/t/include/lux/engine/simulation/ecs/Parent.ecs_snapshot.hpp
-- Up-to-date: E:/SyncForder/CodeRepos/install/q/t/include/lux/engine/simulation/ecs/Parent.type_static_info.hpp
-- Up-to-date: E:/SyncForder/CodeRepos/install/q/t/include/lux/engine/simulation/ecs/schema
-- Up-to-date: E:/SyncForder/CodeRepos/install/q/t/include/lux/engine/simulation/ecs/schema/visibility.h
-- Up-to-date: E:/SyncForder/CodeRepos/install/q/t/include/lux/engine/simulation/ecs/snapshot
-- Up-to-date: E:/SyncForder/CodeRepos/install/q/t/include/lux/engine/simulation/ecs/snapshot/visibility.h
-- Up-to-date: E:/SyncForder/CodeRepos/install/q/t/include/lux/engine/simulation/ecs/transform
-- Up-to-date: E:/SyncForder/CodeRepos/install/q/t/include/lux/engine/simulation/ecs/transform/visibility.h
-- Up-to-date: E:/SyncForder/CodeRepos/install/q/t/include/lux/engine/simulation/ecs/Transform.ecs_schema.hpp
-- Up-to-date: E:/SyncForder/CodeRepos/install/q/t/include/lux/engine/simulation/ecs/Transform.ecs_snapshot.hpp
-- Up-to-date: E:/SyncForder/CodeRepos/install/q/t/include/lux/engine/simulation/ecs/Transform.type_static_info.hpp
-- Up-to-date: E:/SyncForder/CodeRepos/install/q/t/include/lux/engine/simulation/ecs/visual
-- Up-to-date: E:/SyncForder/CodeRepos/install/q/t/include/lux/engine/simulation/ecs/visual/visibility.h
-- Up-to-date: E:/SyncForder/CodeRepos/install/q/t/include/lux/engine/simulation/ecs/Visual.ecs_schema.hpp
-- Up-to-date: E:/SyncForder/CodeRepos/install/q/t/include/lux/engine/simulation/ecs/Visual.ecs_snapshot.hpp
-- Up-to-date: E:/SyncForder/CodeRepos/install/q/t/include/lux/engine/simulation/ecs/Visual.type_static_info.hpp
-- Up-to-date: E:/SyncForder/CodeRepos/install/q/t/include/lux/engine/simulation/scripting
-- Up-to-date: E:/SyncForder/CodeRepos/install/q/t/include/lux/engine/simulation/scripting/cpp_static
-- Up-to-date: E:/SyncForder/CodeRepos/install/q/t/include/lux/engine/simulation/scripting/cpp_static/visibility.h
-- Up-to-date: E:/SyncForder/CodeRepos/install/q/t/include/lux/engine/simulation/scripting/native
-- Up-to-date: E:/SyncForder/CodeRepos/install/q/t/include/lux/engine/simulation/scripting/native/visibility.h
-- Up-to-date: E:/SyncForder/CodeRepos/install/q/t/include/lux/engine/simulation/script_system
-- Up-to-date: E:/SyncForder/CodeRepos/install/q/t/include/lux/engine/simulation/script_system/visibility.h
-- Up-to-date: E:/SyncForder/CodeRepos/install/q/t/include/lux/engine/simulation/system
-- Up-to-date: E:/SyncForder/CodeRepos/install/q/t/include/lux/engine/simulation/system/visibility.h
-- Up-to-date: E:/SyncForder/CodeRepos/install/q/t/include/lux/engine/simulation/transform_system
-- Up-to-date: E:/SyncForder/CodeRepos/install/q/t/include/lux/engine/simulation/transform_system/visibility.h
-- Up-to-date: E:/SyncForder/CodeRepos/install/q/t/include/lux/engine/spatial
-- Up-to-date: E:/SyncForder/CodeRepos/install/q/t/include/lux/engine/spatial/spatial2d
-- Up-to-date: E:/SyncForder/CodeRepos/install/q/t/include/lux/engine/spatial/spatial2d/visibility.h
-- Up-to-date: E:/SyncForder/CodeRepos/install/q/t/include/lux/engine/spatial/spatial3d
-- Up-to-date: E:/SyncForder/CodeRepos/install/q/t/include/lux/engine/spatial/spatial3d/visibility.h
-- Up-to-date: E:/SyncForder/CodeRepos/install/q/t/include/lux/engine/system
-- Up-to-date: E:/SyncForder/CodeRepos/install/q/t/include/lux/engine/system/description
-- Up-to-date: E:/SyncForder/CodeRepos/install/q/t/include/lux/engine/system/description/visibility.h
-- Up-to-date: E:/SyncForder/CodeRepos/install/q/t/include/lux/engine/system/identity
-- Up-to-date: E:/SyncForder/CodeRepos/install/q/t/include/lux/engine/system/identity/visibility.h
-- Up-to-date: E:/SyncForder/CodeRepos/install/q/t/include/lux/engine/task
-- Up-to-date: E:/SyncForder/CodeRepos/install/q/t/include/lux/engine/task/visibility.h
-- Up-to-date: E:/SyncForder/CodeRepos/install/q/t/include/lux/engine/toolchain
-- Up-to-date: E:/SyncForder/CodeRepos/install/q/t/include/lux/engine/toolchain/asset
-- Up-to-date: E:/SyncForder/CodeRepos/install/q/t/include/lux/engine/toolchain/asset/model
-- Up-to-date: E:/SyncForder/CodeRepos/install/q/t/include/lux/engine/toolchain/asset/model/visibility.h
-- Up-to-date: E:/SyncForder/CodeRepos/install/q/t/include/lux/engine/toolchain/asset/shader
-- Up-to-date: E:/SyncForder/CodeRepos/install/q/t/include/lux/engine/toolchain/asset/shader/visibility.h
-- Up-to-date: E:/SyncForder/CodeRepos/install/q/t/include/lux/engine/toolchain/asset/texture
-- Up-to-date: E:/SyncForder/CodeRepos/install/q/t/include/lux/engine/toolchain/asset/texture/visibility.h
-- Up-to-date: E:/SyncForder/CodeRepos/install/q/t/include/lux/engine/world
-- Up-to-date: E:/SyncForder/CodeRepos/install/q/t/include/lux/engine/world/asset
-- Up-to-date: E:/SyncForder/CodeRepos/install/q/t/include/lux/engine/world/asset/visibility.h
-- Up-to-date: E:/SyncForder/CodeRepos/install/q/t/include/lux/engine/world/description
-- Up-to-date: E:/SyncForder/CodeRepos/install/q/t/include/lux/engine/world/description/visibility.h
-- Up-to-date: E:/SyncForder/CodeRepos/install/q/t/include/lux/engine/world/partition
-- Up-to-date: E:/SyncForder/CodeRepos/install/q/t/include/lux/engine/world/partition/visibility.h
-- Up-to-date: E:/SyncForder/CodeRepos/install/q/t/include/lux/engine/world/storage
-- Up-to-date: E:/SyncForder/CodeRepos/install/q/t/include/lux/engine/world/storage/visibility.h
-- Up-to-date: E:/SyncForder/CodeRepos/install/q/t/include/test
-- Installing: E:/SyncForder/CodeRepos/install/q/t/share/lux-engine-scene-description/scene_description/lux-engine-scene-description-scene_description-config-targets.cmake
-- Installing: E:/SyncForder/CodeRepos/install/q/t/share/lux-engine-scene-description/scene_description/lux-engine-scene-description-scene_description-config-targets-relwithdebinfo.cmake
-- Installing: E:/SyncForder/CodeRepos/install/q/t/share/lux-engine-scene-description/scene_description/lux-engine-scene-description-scene_description-import.cmake
-- Installing: E:/SyncForder/CodeRepos/install/q/t/lib/lux_engine_scene_description.lib
-- Installing: E:/SyncForder/CodeRepos/install/q/t/bin/lux_engine_scene_description.dll
-- Installing: E:/SyncForder/CodeRepos/install/q/t/share/lux-engine-scene-description/lux-engine-scene-description-config.cmake
-- Installing: E:/SyncForder/CodeRepos/install/q/t/share/lux-engine-scene-description/lux-engine-scene-description-config-version.cmake
-- Installing: E:/SyncForder/CodeRepos/install/q/t/share/lux-engine-scene-description/lux-engine-scene-description-available-components.cmake
-- Up-to-date: E:/SyncForder/CodeRepos/install/q/t/include
-- Up-to-date: E:/SyncForder/CodeRepos/install/q/t/include/lux
-- Up-to-date: E:/SyncForder/CodeRepos/install/q/t/include/lux/engine
-- Up-to-date: E:/SyncForder/CodeRepos/install/q/t/include/lux/engine/scene
-- Installing: E:/SyncForder/CodeRepos/install/q/t/include/lux/engine/scene/SceneCapabilityProvider.hpp
-- Installing: E:/SyncForder/CodeRepos/install/q/t/include/lux/engine/scene/SceneSystem.hpp
-- Installing: E:/SyncForder/CodeRepos/install/q/t/include/lux/engine/scene/SceneSystemRegistration.hpp
-- Installing: E:/SyncForder/CodeRepos/install/q/t/share/lux-engine-scene-system/scene_system/lux-engine-scene-system-scene_system-config-targets.cmake
-- Installing: E:/SyncForder/CodeRepos/install/q/t/share/lux-engine-scene-system/scene_system/lux-engine-scene-system-scene_system-import.cmake
-- Installing: E:/SyncForder/CodeRepos/install/q/t/share/lux-engine-scene-system/lux-engine-scene-system-config.cmake
-- Installing: E:/SyncForder/CodeRepos/install/q/t/share/lux-engine-scene-system/lux-engine-scene-system-config-version.cmake
-- Installing: E:/SyncForder/CodeRepos/install/q/t/share/lux-engine-scene-system/lux-engine-scene-system-available-components.cmake
-- Up-to-date: E:/SyncForder/CodeRepos/install/q/t/include
-- Up-to-date: E:/SyncForder/CodeRepos/install/q/t/include/lux
-- Up-to-date: E:/SyncForder/CodeRepos/install/q/t/include/lux/engine
-- Up-to-date: E:/SyncForder/CodeRepos/install/q/t/include/lux/engine/scene
-- Installing: E:/SyncForder/CodeRepos/install/q/t/include/lux/engine/scene/RenderFeatureMeta.hpp
-- Installing: E:/SyncForder/CodeRepos/install/q/t/include/lux/engine/scene/RenderFeatureSceneBinding.hpp
-- Installing: E:/SyncForder/CodeRepos/install/q/t/include/lux/engine/scene/SceneMetaManager.hpp
-- Up-to-date: E:/SyncForder/CodeRepos/install/q/t/include
-- Up-to-date: E:/SyncForder/CodeRepos/install/q/t/include/lux
-- Up-to-date: E:/SyncForder/CodeRepos/install/q/t/include/lux/engine
-- Up-to-date: E:/SyncForder/CodeRepos/install/q/t/include/lux/engine/core
-- Up-to-date: E:/SyncForder/CodeRepos/install/q/t/include/lux/engine/core/visibility.h
-- Up-to-date: E:/SyncForder/CodeRepos/install/q/t/include/lux/engine/dynamic_library
-- Up-to-date: E:/SyncForder/CodeRepos/install/q/t/include/lux/engine/dynamic_library/visibility.h
-- Up-to-date: E:/SyncForder/CodeRepos/install/q/t/include/lux/engine/flowforge
-- Up-to-date: E:/SyncForder/CodeRepos/install/q/t/include/lux/engine/flowforge/compiler
-- Up-to-date: E:/SyncForder/CodeRepos/install/q/t/include/lux/engine/flowforge/compiler/visibility.h
-- Up-to-date: E:/SyncForder/CodeRepos/install/q/t/include/lux/engine/flowforge/visibility.h
-- Up-to-date: E:/SyncForder/CodeRepos/install/q/t/include/lux/engine/function
-- Up-to-date: E:/SyncForder/CodeRepos/install/q/t/include/lux/engine/function/graph
-- Up-to-date: E:/SyncForder/CodeRepos/install/q/t/include/lux/engine/function/graph/visibility.h
-- Up-to-date: E:/SyncForder/CodeRepos/install/q/t/include/lux/engine/function/render
-- Up-to-date: E:/SyncForder/CodeRepos/install/q/t/include/lux/engine/function/render/standard
-- Up-to-date: E:/SyncForder/CodeRepos/install/q/t/include/lux/engine/function/render/standard/content
-- Up-to-date: E:/SyncForder/CodeRepos/install/q/t/include/lux/engine/function/render/standard/content/visibility.h
-- Up-to-date: E:/SyncForder/CodeRepos/install/q/t/include/lux/engine/function/script
-- Up-to-date: E:/SyncForder/CodeRepos/install/q/t/include/lux/engine/function/script/artifact
-- Up-to-date: E:/SyncForder/CodeRepos/install/q/t/include/lux/engine/function/script/artifact/visibility.h
-- Up-to-date: E:/SyncForder/CodeRepos/install/q/t/include/lux/engine/function/visibility.h
-- Up-to-date: E:/SyncForder/CodeRepos/install/q/t/include/lux/engine/material
-- Up-to-date: E:/SyncForder/CodeRepos/install/q/t/include/lux/engine/material/compiler
-- Up-to-date: E:/SyncForder/CodeRepos/install/q/t/include/lux/engine/material/compiler/visibility.h
-- Up-to-date: E:/SyncForder/CodeRepos/install/q/t/include/lux/engine/material/cooker
-- Up-to-date: E:/SyncForder/CodeRepos/install/q/t/include/lux/engine/material/cooker/visibility.h
-- Up-to-date: E:/SyncForder/CodeRepos/install/q/t/include/lux/engine/material/graph
-- Up-to-date: E:/SyncForder/CodeRepos/install/q/t/include/lux/engine/material/graph/visibility.h
-- Up-to-date: E:/SyncForder/CodeRepos/install/q/t/include/lux/engine/physics2d
-- Up-to-date: E:/SyncForder/CodeRepos/install/q/t/include/lux/engine/physics2d/Physics2DComponents.ecs_schema.hpp
-- Up-to-date: E:/SyncForder/CodeRepos/install/q/t/include/lux/engine/physics2d/Physics2DComponents.ecs_snapshot.hpp
-- Up-to-date: E:/SyncForder/CodeRepos/install/q/t/include/lux/engine/physics2d/Physics2DComponents.type_static_info.hpp
-- Up-to-date: E:/SyncForder/CodeRepos/install/q/t/include/lux/engine/physics2d/visibility.h
-- Up-to-date: E:/SyncForder/CodeRepos/install/q/t/include/lux/engine/process
-- Up-to-date: E:/SyncForder/CodeRepos/install/q/t/include/lux/engine/process/asset_loading
-- Up-to-date: E:/SyncForder/CodeRepos/install/q/t/include/lux/engine/process/asset_loading/visibility.h
-- Up-to-date: E:/SyncForder/CodeRepos/install/q/t/include/lux/engine/process/visibility.h
-- Up-to-date: E:/SyncForder/CodeRepos/install/q/t/include/lux/engine/process/world_loading
-- Up-to-date: E:/SyncForder/CodeRepos/install/q/t/include/lux/engine/process/world_loading/visibility.h
-- Up-to-date: E:/SyncForder/CodeRepos/install/q/t/include/lux/engine/resource
-- Up-to-date: E:/SyncForder/CodeRepos/install/q/t/include/lux/engine/resource/asset
-- Up-to-date: E:/SyncForder/CodeRepos/install/q/t/include/lux/engine/resource/asset/visibility.h
-- Up-to-date: E:/SyncForder/CodeRepos/install/q/t/include/lux/engine/resource/visibility.h
-- Up-to-date: E:/SyncForder/CodeRepos/install/q/t/include/lux/engine/scene
-- Up-to-date: E:/SyncForder/CodeRepos/install/q/t/include/lux/engine/scene/asset
-- Up-to-date: E:/SyncForder/CodeRepos/install/q/t/include/lux/engine/scene/asset/visibility.h
-- Up-to-date: E:/SyncForder/CodeRepos/install/q/t/include/lux/engine/scene/description
-- Up-to-date: E:/SyncForder/CodeRepos/install/q/t/include/lux/engine/scene/description/visibility.h
-- Up-to-date: E:/SyncForder/CodeRepos/install/q/t/include/lux/engine/scene/meta
-- Up-to-date: E:/SyncForder/CodeRepos/install/q/t/include/lux/engine/scene/meta/visibility.h
-- Up-to-date: E:/SyncForder/CodeRepos/install/q/t/include/lux/engine/scene/render
-- Up-to-date: E:/SyncForder/CodeRepos/install/q/t/include/lux/engine/scene/render/visibility.h
-- Up-to-date: E:/SyncForder/CodeRepos/install/q/t/include/lux/engine/scene/script_runtime
-- Up-to-date: E:/SyncForder/CodeRepos/install/q/t/include/lux/engine/scene/script_runtime/visibility.h
-- Up-to-date: E:/SyncForder/CodeRepos/install/q/t/include/lux/engine/scene/visibility.h
-- Up-to-date: E:/SyncForder/CodeRepos/install/q/t/include/lux/engine/scene/world_materialization
-- Up-to-date: E:/SyncForder/CodeRepos/install/q/t/include/lux/engine/scene/world_materialization/visibility.h
-- Up-to-date: E:/SyncForder/CodeRepos/install/q/t/include/lux/engine/serialization
-- Up-to-date: E:/SyncForder/CodeRepos/install/q/t/include/lux/engine/serialization/visibility.h
-- Up-to-date: E:/SyncForder/CodeRepos/install/q/t/include/lux/engine/simulation
-- Up-to-date: E:/SyncForder/CodeRepos/install/q/t/include/lux/engine/simulation/asset
-- Up-to-date: E:/SyncForder/CodeRepos/install/q/t/include/lux/engine/simulation/asset/visibility.h
-- Up-to-date: E:/SyncForder/CodeRepos/install/q/t/include/lux/engine/simulation/composition
-- Up-to-date: E:/SyncForder/CodeRepos/install/q/t/include/lux/engine/simulation/composition/visibility.h
-- Up-to-date: E:/SyncForder/CodeRepos/install/q/t/include/lux/engine/simulation/description
-- Up-to-date: E:/SyncForder/CodeRepos/install/q/t/include/lux/engine/simulation/description/visibility.h
-- Up-to-date: E:/SyncForder/CodeRepos/install/q/t/include/lux/engine/simulation/ecs
-- Up-to-date: E:/SyncForder/CodeRepos/install/q/t/include/lux/engine/simulation/ecs/core
-- Up-to-date: E:/SyncForder/CodeRepos/install/q/t/include/lux/engine/simulation/ecs/core/visibility.h
-- Up-to-date: E:/SyncForder/CodeRepos/install/q/t/include/lux/engine/simulation/ecs/hierarchy
-- Up-to-date: E:/SyncForder/CodeRepos/install/q/t/include/lux/engine/simulation/ecs/hierarchy/visibility.h
-- Up-to-date: E:/SyncForder/CodeRepos/install/q/t/include/lux/engine/simulation/ecs/Parent.ecs_schema.hpp
-- Up-to-date: E:/SyncForder/CodeRepos/install/q/t/include/lux/engine/simulation/ecs/Parent.ecs_snapshot.hpp
-- Up-to-date: E:/SyncForder/CodeRepos/install/q/t/include/lux/engine/simulation/ecs/Parent.type_static_info.hpp
-- Up-to-date: E:/SyncForder/CodeRepos/install/q/t/include/lux/engine/simulation/ecs/schema
-- Up-to-date: E:/SyncForder/CodeRepos/install/q/t/include/lux/engine/simulation/ecs/schema/visibility.h
-- Up-to-date: E:/SyncForder/CodeRepos/install/q/t/include/lux/engine/simulation/ecs/snapshot
-- Up-to-date: E:/SyncForder/CodeRepos/install/q/t/include/lux/engine/simulation/ecs/snapshot/visibility.h
-- Up-to-date: E:/SyncForder/CodeRepos/install/q/t/include/lux/engine/simulation/ecs/transform
-- Up-to-date: E:/SyncForder/CodeRepos/install/q/t/include/lux/engine/simulation/ecs/transform/visibility.h
-- Up-to-date: E:/SyncForder/CodeRepos/install/q/t/include/lux/engine/simulation/ecs/Transform.ecs_schema.hpp
-- Up-to-date: E:/SyncForder/CodeRepos/install/q/t/include/lux/engine/simulation/ecs/Transform.ecs_snapshot.hpp
-- Up-to-date: E:/SyncForder/CodeRepos/install/q/t/include/lux/engine/simulation/ecs/Transform.type_static_info.hpp
-- Up-to-date: E:/SyncForder/CodeRepos/install/q/t/include/lux/engine/simulation/ecs/visual
-- Up-to-date: E:/SyncForder/CodeRepos/install/q/t/include/lux/engine/simulation/ecs/visual/visibility.h
-- Up-to-date: E:/SyncForder/CodeRepos/install/q/t/include/lux/engine/simulation/ecs/Visual.ecs_schema.hpp
-- Up-to-date: E:/SyncForder/CodeRepos/install/q/t/include/lux/engine/simulation/ecs/Visual.ecs_snapshot.hpp
-- Up-to-date: E:/SyncForder/CodeRepos/install/q/t/include/lux/engine/simulation/ecs/Visual.type_static_info.hpp
-- Up-to-date: E:/SyncForder/CodeRepos/install/q/t/include/lux/engine/simulation/scripting
-- Up-to-date: E:/SyncForder/CodeRepos/install/q/t/include/lux/engine/simulation/scripting/cpp_static
-- Up-to-date: E:/SyncForder/CodeRepos/install/q/t/include/lux/engine/simulation/scripting/cpp_static/visibility.h
-- Up-to-date: E:/SyncForder/CodeRepos/install/q/t/include/lux/engine/simulation/scripting/native
-- Up-to-date: E:/SyncForder/CodeRepos/install/q/t/include/lux/engine/simulation/scripting/native/visibility.h
-- Up-to-date: E:/SyncForder/CodeRepos/install/q/t/include/lux/engine/simulation/script_system
-- Up-to-date: E:/SyncForder/CodeRepos/install/q/t/include/lux/engine/simulation/script_system/visibility.h
-- Up-to-date: E:/SyncForder/CodeRepos/install/q/t/include/lux/engine/simulation/system
-- Up-to-date: E:/SyncForder/CodeRepos/install/q/t/include/lux/engine/simulation/system/visibility.h
-- Up-to-date: E:/SyncForder/CodeRepos/install/q/t/include/lux/engine/simulation/transform_system
-- Up-to-date: E:/SyncForder/CodeRepos/install/q/t/include/lux/engine/simulation/transform_system/visibility.h
-- Up-to-date: E:/SyncForder/CodeRepos/install/q/t/include/lux/engine/spatial
-- Up-to-date: E:/SyncForder/CodeRepos/install/q/t/include/lux/engine/spatial/spatial2d
-- Up-to-date: E:/SyncForder/CodeRepos/install/q/t/include/lux/engine/spatial/spatial2d/visibility.h
-- Up-to-date: E:/SyncForder/CodeRepos/install/q/t/include/lux/engine/spatial/spatial3d
-- Up-to-date: E:/SyncForder/CodeRepos/install/q/t/include/lux/engine/spatial/spatial3d/visibility.h
-- Up-to-date: E:/SyncForder/CodeRepos/install/q/t/include/lux/engine/system
-- Up-to-date: E:/SyncForder/CodeRepos/install/q/t/include/lux/engine/system/description
-- Up-to-date: E:/SyncForder/CodeRepos/install/q/t/include/lux/engine/system/description/visibility.h
-- Up-to-date: E:/SyncForder/CodeRepos/install/q/t/include/lux/engine/system/identity
-- Up-to-date: E:/SyncForder/CodeRepos/install/q/t/include/lux/engine/system/identity/visibility.h
-- Up-to-date: E:/SyncForder/CodeRepos/install/q/t/include/lux/engine/task
-- Up-to-date: E:/SyncForder/CodeRepos/install/q/t/include/lux/engine/task/visibility.h
-- Up-to-date: E:/SyncForder/CodeRepos/install/q/t/include/lux/engine/toolchain
-- Up-to-date: E:/SyncForder/CodeRepos/install/q/t/include/lux/engine/toolchain/asset
-- Up-to-date: E:/SyncForder/CodeRepos/install/q/t/include/lux/engine/toolchain/asset/model
-- Up-to-date: E:/SyncForder/CodeRepos/install/q/t/include/lux/engine/toolchain/asset/model/visibility.h
-- Up-to-date: E:/SyncForder/CodeRepos/install/q/t/include/lux/engine/toolchain/asset/shader
-- Up-to-date: E:/SyncForder/CodeRepos/install/q/t/include/lux/engine/toolchain/asset/shader/visibility.h
-- Up-to-date: E:/SyncForder/CodeRepos/install/q/t/include/lux/engine/toolchain/asset/texture
-- Up-to-date: E:/SyncForder/CodeRepos/install/q/t/include/lux/engine/toolchain/asset/texture/visibility.h
-- Up-to-date: E:/SyncForder/CodeRepos/install/q/t/include/lux/engine/world
-- Up-to-date: E:/SyncForder/CodeRepos/install/q/t/include/lux/engine/world/asset
-- Up-to-date: E:/SyncForder/CodeRepos/install/q/t/include/lux/engine/world/asset/visibility.h
-- Up-to-date: E:/SyncForder/CodeRepos/install/q/t/include/lux/engine/world/description
-- Up-to-date: E:/SyncForder/CodeRepos/install/q/t/include/lux/engine/world/description/visibility.h
-- Up-to-date: E:/SyncForder/CodeRepos/install/q/t/include/lux/engine/world/partition
-- Up-to-date: E:/SyncForder/CodeRepos/install/q/t/include/lux/engine/world/partition/visibility.h
-- Up-to-date: E:/SyncForder/CodeRepos/install/q/t/include/lux/engine/world/storage
-- Up-to-date: E:/SyncForder/CodeRepos/install/q/t/include/lux/engine/world/storage/visibility.h
-- Up-to-date: E:/SyncForder/CodeRepos/install/q/t/include/test
-- Installing: E:/SyncForder/CodeRepos/install/q/t/share/lux-engine-scene-meta/scene_meta/lux-engine-scene-meta-scene_meta-config-targets.cmake
-- Installing: E:/SyncForder/CodeRepos/install/q/t/share/lux-engine-scene-meta/scene_meta/lux-engine-scene-meta-scene_meta-config-targets-relwithdebinfo.cmake
-- Installing: E:/SyncForder/CodeRepos/install/q/t/share/lux-engine-scene-meta/scene_meta/lux-engine-scene-meta-scene_meta-import.cmake
-- Installing: E:/SyncForder/CodeRepos/install/q/t/lib/lux_engine_scene_meta.lib
-- Installing: E:/SyncForder/CodeRepos/install/q/t/bin/lux_engine_scene_meta.dll
-- Installing: E:/SyncForder/CodeRepos/install/q/t/share/lux-engine-scene-meta/lux-engine-scene-meta-config.cmake
-- Installing: E:/SyncForder/CodeRepos/install/q/t/share/lux-engine-scene-meta/lux-engine-scene-meta-config-version.cmake
-- Installing: E:/SyncForder/CodeRepos/install/q/t/share/lux-engine-scene-meta/lux-engine-scene-meta-available-components.cmake
-- Up-to-date: E:/SyncForder/CodeRepos/install/q/t/include
-- Up-to-date: E:/SyncForder/CodeRepos/install/q/t/include/lux
-- Up-to-date: E:/SyncForder/CodeRepos/install/q/t/include/lux/engine
-- Up-to-date: E:/SyncForder/CodeRepos/install/q/t/include/lux/engine/scene
-- Installing: E:/SyncForder/CodeRepos/install/q/t/include/lux/engine/scene/Scene.hpp
-- Installing: E:/SyncForder/CodeRepos/install/q/t/include/lux/engine/scene/SceneBuilder.hpp
-- Up-to-date: E:/SyncForder/CodeRepos/install/q/t/include
-- Up-to-date: E:/SyncForder/CodeRepos/install/q/t/include/lux
-- Up-to-date: E:/SyncForder/CodeRepos/install/q/t/include/lux/engine
-- Up-to-date: E:/SyncForder/CodeRepos/install/q/t/include/lux/engine/core
-- Up-to-date: E:/SyncForder/CodeRepos/install/q/t/include/lux/engine/core/visibility.h
-- Up-to-date: E:/SyncForder/CodeRepos/install/q/t/include/lux/engine/dynamic_library
-- Up-to-date: E:/SyncForder/CodeRepos/install/q/t/include/lux/engine/dynamic_library/visibility.h
-- Up-to-date: E:/SyncForder/CodeRepos/install/q/t/include/lux/engine/flowforge
-- Up-to-date: E:/SyncForder/CodeRepos/install/q/t/include/lux/engine/flowforge/compiler
-- Up-to-date: E:/SyncForder/CodeRepos/install/q/t/include/lux/engine/flowforge/compiler/visibility.h
-- Up-to-date: E:/SyncForder/CodeRepos/install/q/t/include/lux/engine/flowforge/visibility.h
-- Up-to-date: E:/SyncForder/CodeRepos/install/q/t/include/lux/engine/function
-- Up-to-date: E:/SyncForder/CodeRepos/install/q/t/include/lux/engine/function/graph
-- Up-to-date: E:/SyncForder/CodeRepos/install/q/t/include/lux/engine/function/graph/visibility.h
-- Up-to-date: E:/SyncForder/CodeRepos/install/q/t/include/lux/engine/function/render
-- Up-to-date: E:/SyncForder/CodeRepos/install/q/t/include/lux/engine/function/render/standard
-- Up-to-date: E:/SyncForder/CodeRepos/install/q/t/include/lux/engine/function/render/standard/content
-- Up-to-date: E:/SyncForder/CodeRepos/install/q/t/include/lux/engine/function/render/standard/content/visibility.h
-- Up-to-date: E:/SyncForder/CodeRepos/install/q/t/include/lux/engine/function/script
-- Up-to-date: E:/SyncForder/CodeRepos/install/q/t/include/lux/engine/function/script/artifact
-- Up-to-date: E:/SyncForder/CodeRepos/install/q/t/include/lux/engine/function/script/artifact/visibility.h
-- Up-to-date: E:/SyncForder/CodeRepos/install/q/t/include/lux/engine/function/visibility.h
-- Up-to-date: E:/SyncForder/CodeRepos/install/q/t/include/lux/engine/material
-- Up-to-date: E:/SyncForder/CodeRepos/install/q/t/include/lux/engine/material/compiler
-- Up-to-date: E:/SyncForder/CodeRepos/install/q/t/include/lux/engine/material/compiler/visibility.h
-- Up-to-date: E:/SyncForder/CodeRepos/install/q/t/include/lux/engine/material/cooker
-- Up-to-date: E:/SyncForder/CodeRepos/install/q/t/include/lux/engine/material/cooker/visibility.h
-- Up-to-date: E:/SyncForder/CodeRepos/install/q/t/include/lux/engine/material/graph
-- Up-to-date: E:/SyncForder/CodeRepos/install/q/t/include/lux/engine/material/graph/visibility.h
-- Up-to-date: E:/SyncForder/CodeRepos/install/q/t/include/lux/engine/physics2d
-- Up-to-date: E:/SyncForder/CodeRepos/install/q/t/include/lux/engine/physics2d/Physics2DComponents.ecs_schema.hpp
-- Up-to-date: E:/SyncForder/CodeRepos/install/q/t/include/lux/engine/physics2d/Physics2DComponents.ecs_snapshot.hpp
-- Up-to-date: E:/SyncForder/CodeRepos/install/q/t/include/lux/engine/physics2d/Physics2DComponents.type_static_info.hpp
-- Up-to-date: E:/SyncForder/CodeRepos/install/q/t/include/lux/engine/physics2d/visibility.h
-- Up-to-date: E:/SyncForder/CodeRepos/install/q/t/include/lux/engine/process
-- Up-to-date: E:/SyncForder/CodeRepos/install/q/t/include/lux/engine/process/asset_loading
-- Up-to-date: E:/SyncForder/CodeRepos/install/q/t/include/lux/engine/process/asset_loading/visibility.h
-- Up-to-date: E:/SyncForder/CodeRepos/install/q/t/include/lux/engine/process/visibility.h
-- Up-to-date: E:/SyncForder/CodeRepos/install/q/t/include/lux/engine/process/world_loading
-- Up-to-date: E:/SyncForder/CodeRepos/install/q/t/include/lux/engine/process/world_loading/visibility.h
-- Up-to-date: E:/SyncForder/CodeRepos/install/q/t/include/lux/engine/resource
-- Up-to-date: E:/SyncForder/CodeRepos/install/q/t/include/lux/engine/resource/asset
-- Up-to-date: E:/SyncForder/CodeRepos/install/q/t/include/lux/engine/resource/asset/visibility.h
-- Up-to-date: E:/SyncForder/CodeRepos/install/q/t/include/lux/engine/resource/visibility.h
-- Up-to-date: E:/SyncForder/CodeRepos/install/q/t/include/lux/engine/scene
-- Up-to-date: E:/SyncForder/CodeRepos/install/q/t/include/lux/engine/scene/asset
-- Up-to-date: E:/SyncForder/CodeRepos/install/q/t/include/lux/engine/scene/asset/visibility.h
-- Up-to-date: E:/SyncForder/CodeRepos/install/q/t/include/lux/engine/scene/description
-- Up-to-date: E:/SyncForder/CodeRepos/install/q/t/include/lux/engine/scene/description/visibility.h
-- Up-to-date: E:/SyncForder/CodeRepos/install/q/t/include/lux/engine/scene/meta
-- Up-to-date: E:/SyncForder/CodeRepos/install/q/t/include/lux/engine/scene/meta/visibility.h
-- Up-to-date: E:/SyncForder/CodeRepos/install/q/t/include/lux/engine/scene/render
-- Up-to-date: E:/SyncForder/CodeRepos/install/q/t/include/lux/engine/scene/render/visibility.h
-- Up-to-date: E:/SyncForder/CodeRepos/install/q/t/include/lux/engine/scene/script_runtime
-- Up-to-date: E:/SyncForder/CodeRepos/install/q/t/include/lux/engine/scene/script_runtime/visibility.h
-- Up-to-date: E:/SyncForder/CodeRepos/install/q/t/include/lux/engine/scene/visibility.h
-- Up-to-date: E:/SyncForder/CodeRepos/install/q/t/include/lux/engine/scene/world_materialization
-- Up-to-date: E:/SyncForder/CodeRepos/install/q/t/include/lux/engine/scene/world_materialization/visibility.h
-- Up-to-date: E:/SyncForder/CodeRepos/install/q/t/include/lux/engine/serialization
-- Up-to-date: E:/SyncForder/CodeRepos/install/q/t/include/lux/engine/serialization/visibility.h
-- Up-to-date: E:/SyncForder/CodeRepos/install/q/t/include/lux/engine/simulation
-- Up-to-date: E:/SyncForder/CodeRepos/install/q/t/include/lux/engine/simulation/asset
-- Up-to-date: E:/SyncForder/CodeRepos/install/q/t/include/lux/engine/simulation/asset/visibility.h
-- Up-to-date: E:/SyncForder/CodeRepos/install/q/t/include/lux/engine/simulation/composition
-- Up-to-date: E:/SyncForder/CodeRepos/install/q/t/include/lux/engine/simulation/composition/visibility.h
-- Up-to-date: E:/SyncForder/CodeRepos/install/q/t/include/lux/engine/simulation/description
-- Up-to-date: E:/SyncForder/CodeRepos/install/q/t/include/lux/engine/simulation/description/visibility.h
-- Up-to-date: E:/SyncForder/CodeRepos/install/q/t/include/lux/engine/simulation/ecs
-- Up-to-date: E:/SyncForder/CodeRepos/install/q/t/include/lux/engine/simulation/ecs/core
-- Up-to-date: E:/SyncForder/CodeRepos/install/q/t/include/lux/engine/simulation/ecs/core/visibility.h
-- Up-to-date: E:/SyncForder/CodeRepos/install/q/t/include/lux/engine/simulation/ecs/hierarchy
-- Up-to-date: E:/SyncForder/CodeRepos/install/q/t/include/lux/engine/simulation/ecs/hierarchy/visibility.h
-- Up-to-date: E:/SyncForder/CodeRepos/install/q/t/include/lux/engine/simulation/ecs/Parent.ecs_schema.hpp
-- Up-to-date: E:/SyncForder/CodeRepos/install/q/t/include/lux/engine/simulation/ecs/Parent.ecs_snapshot.hpp
-- Up-to-date: E:/SyncForder/CodeRepos/install/q/t/include/lux/engine/simulation/ecs/Parent.type_static_info.hpp
-- Up-to-date: E:/SyncForder/CodeRepos/install/q/t/include/lux/engine/simulation/ecs/schema
-- Up-to-date: E:/SyncForder/CodeRepos/install/q/t/include/lux/engine/simulation/ecs/schema/visibility.h
-- Up-to-date: E:/SyncForder/CodeRepos/install/q/t/include/lux/engine/simulation/ecs/snapshot
-- Up-to-date: E:/SyncForder/CodeRepos/install/q/t/include/lux/engine/simulation/ecs/snapshot/visibility.h
-- Up-to-date: E:/SyncForder/CodeRepos/install/q/t/include/lux/engine/simulation/ecs/transform
-- Up-to-date: E:/SyncForder/CodeRepos/install/q/t/include/lux/engine/simulation/ecs/transform/visibility.h
-- Up-to-date: E:/SyncForder/CodeRepos/install/q/t/include/lux/engine/simulation/ecs/Transform.ecs_schema.hpp
-- Up-to-date: E:/SyncForder/CodeRepos/install/q/t/include/lux/engine/simulation/ecs/Transform.ecs_snapshot.hpp
-- Up-to-date: E:/SyncForder/CodeRepos/install/q/t/include/lux/engine/simulation/ecs/Transform.type_static_info.hpp
-- Up-to-date: E:/SyncForder/CodeRepos/install/q/t/include/lux/engine/simulation/ecs/visual
-- Up-to-date: E:/SyncForder/CodeRepos/install/q/t/include/lux/engine/simulation/ecs/visual/visibility.h
-- Up-to-date: E:/SyncForder/CodeRepos/install/q/t/include/lux/engine/simulation/ecs/Visual.ecs_schema.hpp
-- Up-to-date: E:/SyncForder/CodeRepos/install/q/t/include/lux/engine/simulation/ecs/Visual.ecs_snapshot.hpp
-- Up-to-date: E:/SyncForder/CodeRepos/install/q/t/include/lux/engine/simulation/ecs/Visual.type_static_info.hpp
-- Up-to-date: E:/SyncForder/CodeRepos/install/q/t/include/lux/engine/simulation/scripting
-- Up-to-date: E:/SyncForder/CodeRepos/install/q/t/include/lux/engine/simulation/scripting/cpp_static
-- Up-to-date: E:/SyncForder/CodeRepos/install/q/t/include/lux/engine/simulation/scripting/cpp_static/visibility.h
-- Up-to-date: E:/SyncForder/CodeRepos/install/q/t/include/lux/engine/simulation/scripting/native
-- Up-to-date: E:/SyncForder/CodeRepos/install/q/t/include/lux/engine/simulation/scripting/native/visibility.h
-- Up-to-date: E:/SyncForder/CodeRepos/install/q/t/include/lux/engine/simulation/script_system
-- Up-to-date: E:/SyncForder/CodeRepos/install/q/t/include/lux/engine/simulation/script_system/visibility.h
-- Up-to-date: E:/SyncForder/CodeRepos/install/q/t/include/lux/engine/simulation/system
-- Up-to-date: E:/SyncForder/CodeRepos/install/q/t/include/lux/engine/simulation/system/visibility.h
-- Up-to-date: E:/SyncForder/CodeRepos/install/q/t/include/lux/engine/simulation/transform_system
-- Up-to-date: E:/SyncForder/CodeRepos/install/q/t/include/lux/engine/simulation/transform_system/visibility.h
-- Up-to-date: E:/SyncForder/CodeRepos/install/q/t/include/lux/engine/spatial
-- Up-to-date: E:/SyncForder/CodeRepos/install/q/t/include/lux/engine/spatial/spatial2d
-- Up-to-date: E:/SyncForder/CodeRepos/install/q/t/include/lux/engine/spatial/spatial2d/visibility.h
-- Up-to-date: E:/SyncForder/CodeRepos/install/q/t/include/lux/engine/spatial/spatial3d
-- Up-to-date: E:/SyncForder/CodeRepos/install/q/t/include/lux/engine/spatial/spatial3d/visibility.h
-- Up-to-date: E:/SyncForder/CodeRepos/install/q/t/include/lux/engine/system
-- Up-to-date: E:/SyncForder/CodeRepos/install/q/t/include/lux/engine/system/description
-- Up-to-date: E:/SyncForder/CodeRepos/install/q/t/include/lux/engine/system/description/visibility.h
-- Up-to-date: E:/SyncForder/CodeRepos/install/q/t/include/lux/engine/system/identity
-- Up-to-date: E:/SyncForder/CodeRepos/install/q/t/include/lux/engine/system/identity/visibility.h
-- Up-to-date: E:/SyncForder/CodeRepos/install/q/t/include/lux/engine/task
-- Up-to-date: E:/SyncForder/CodeRepos/install/q/t/include/lux/engine/task/visibility.h
-- Up-to-date: E:/SyncForder/CodeRepos/install/q/t/include/lux/engine/toolchain
-- Up-to-date: E:/SyncForder/CodeRepos/install/q/t/include/lux/engine/toolchain/asset
-- Up-to-date: E:/SyncForder/CodeRepos/install/q/t/include/lux/engine/toolchain/asset/model
-- Up-to-date: E:/SyncForder/CodeRepos/install/q/t/include/lux/engine/toolchain/asset/model/visibility.h
-- Up-to-date: E:/SyncForder/CodeRepos/install/q/t/include/lux/engine/toolchain/asset/shader
-- Up-to-date: E:/SyncForder/CodeRepos/install/q/t/include/lux/engine/toolchain/asset/shader/visibility.h
-- Up-to-date: E:/SyncForder/CodeRepos/install/q/t/include/lux/engine/toolchain/asset/texture
-- Up-to-date: E:/SyncForder/CodeRepos/install/q/t/include/lux/engine/toolchain/asset/texture/visibility.h
-- Up-to-date: E:/SyncForder/CodeRepos/install/q/t/include/lux/engine/world
-- Up-to-date: E:/SyncForder/CodeRepos/install/q/t/include/lux/engine/world/asset
-- Up-to-date: E:/SyncForder/CodeRepos/install/q/t/include/lux/engine/world/asset/visibility.h
-- Up-to-date: E:/SyncForder/CodeRepos/install/q/t/include/lux/engine/world/description
-- Up-to-date: E:/SyncForder/CodeRepos/install/q/t/include/lux/engine/world/description/visibility.h
-- Up-to-date: E:/SyncForder/CodeRepos/install/q/t/include/lux/engine/world/partition
-- Up-to-date: E:/SyncForder/CodeRepos/install/q/t/include/lux/engine/world/partition/visibility.h
-- Up-to-date: E:/SyncForder/CodeRepos/install/q/t/include/lux/engine/world/storage
-- Up-to-date: E:/SyncForder/CodeRepos/install/q/t/include/lux/engine/world/storage/visibility.h
-- Up-to-date: E:/SyncForder/CodeRepos/install/q/t/include/test
-- Installing: E:/SyncForder/CodeRepos/install/q/t/share/lux-engine-scene/scene_composition/lux-engine-scene-scene_composition-config-targets.cmake
-- Installing: E:/SyncForder/CodeRepos/install/q/t/share/lux-engine-scene/scene_composition/lux-engine-scene-scene_composition-config-targets-relwithdebinfo.cmake
-- Installing: E:/SyncForder/CodeRepos/install/q/t/share/lux-engine-scene/scene_composition/lux-engine-scene-scene_composition-import.cmake
-- Installing: E:/SyncForder/CodeRepos/install/q/t/lib/lux_engine_scene_composition.lib
-- Installing: E:/SyncForder/CodeRepos/install/q/t/bin/lux_engine_scene_composition.dll
-- Installing: E:/SyncForder/CodeRepos/install/q/t/share/lux-engine-scene/lux-engine-scene-config.cmake
-- Installing: E:/SyncForder/CodeRepos/install/q/t/share/lux-engine-scene/lux-engine-scene-config-version.cmake
-- Installing: E:/SyncForder/CodeRepos/install/q/t/share/lux-engine-scene/lux-engine-scene-available-components.cmake
-- Up-to-date: E:/SyncForder/CodeRepos/install/q/t/include
-- Up-to-date: E:/SyncForder/CodeRepos/install/q/t/include/lux
-- Up-to-date: E:/SyncForder/CodeRepos/install/q/t/include/lux/engine
-- Up-to-date: E:/SyncForder/CodeRepos/install/q/t/include/lux/engine/scene
-- Installing: E:/SyncForder/CodeRepos/install/q/t/include/lux/engine/scene/SceneAssetCodec.hpp
-- Up-to-date: E:/SyncForder/CodeRepos/install/q/t/include
-- Up-to-date: E:/SyncForder/CodeRepos/install/q/t/include/lux
-- Up-to-date: E:/SyncForder/CodeRepos/install/q/t/include/lux/engine
-- Up-to-date: E:/SyncForder/CodeRepos/install/q/t/include/lux/engine/core
-- Up-to-date: E:/SyncForder/CodeRepos/install/q/t/include/lux/engine/core/visibility.h
-- Up-to-date: E:/SyncForder/CodeRepos/install/q/t/include/lux/engine/dynamic_library
-- Up-to-date: E:/SyncForder/CodeRepos/install/q/t/include/lux/engine/dynamic_library/visibility.h
-- Up-to-date: E:/SyncForder/CodeRepos/install/q/t/include/lux/engine/flowforge
-- Up-to-date: E:/SyncForder/CodeRepos/install/q/t/include/lux/engine/flowforge/compiler
-- Up-to-date: E:/SyncForder/CodeRepos/install/q/t/include/lux/engine/flowforge/compiler/visibility.h
-- Up-to-date: E:/SyncForder/CodeRepos/install/q/t/include/lux/engine/flowforge/visibility.h
-- Up-to-date: E:/SyncForder/CodeRepos/install/q/t/include/lux/engine/function
-- Up-to-date: E:/SyncForder/CodeRepos/install/q/t/include/lux/engine/function/graph
-- Up-to-date: E:/SyncForder/CodeRepos/install/q/t/include/lux/engine/function/graph/visibility.h
-- Up-to-date: E:/SyncForder/CodeRepos/install/q/t/include/lux/engine/function/render
-- Up-to-date: E:/SyncForder/CodeRepos/install/q/t/include/lux/engine/function/render/standard
-- Up-to-date: E:/SyncForder/CodeRepos/install/q/t/include/lux/engine/function/render/standard/content
-- Up-to-date: E:/SyncForder/CodeRepos/install/q/t/include/lux/engine/function/render/standard/content/visibility.h
-- Up-to-date: E:/SyncForder/CodeRepos/install/q/t/include/lux/engine/function/script
-- Up-to-date: E:/SyncForder/CodeRepos/install/q/t/include/lux/engine/function/script/artifact
-- Up-to-date: E:/SyncForder/CodeRepos/install/q/t/include/lux/engine/function/script/artifact/visibility.h
-- Up-to-date: E:/SyncForder/CodeRepos/install/q/t/include/lux/engine/function/visibility.h
-- Up-to-date: E:/SyncForder/CodeRepos/install/q/t/include/lux/engine/material
-- Up-to-date: E:/SyncForder/CodeRepos/install/q/t/include/lux/engine/material/compiler
-- Up-to-date: E:/SyncForder/CodeRepos/install/q/t/include/lux/engine/material/compiler/visibility.h
-- Up-to-date: E:/SyncForder/CodeRepos/install/q/t/include/lux/engine/material/cooker
-- Up-to-date: E:/SyncForder/CodeRepos/install/q/t/include/lux/engine/material/cooker/visibility.h
-- Up-to-date: E:/SyncForder/CodeRepos/install/q/t/include/lux/engine/material/graph
-- Up-to-date: E:/SyncForder/CodeRepos/install/q/t/include/lux/engine/material/graph/visibility.h
-- Up-to-date: E:/SyncForder/CodeRepos/install/q/t/include/lux/engine/physics2d
-- Up-to-date: E:/SyncForder/CodeRepos/install/q/t/include/lux/engine/physics2d/Physics2DComponents.ecs_schema.hpp
-- Up-to-date: E:/SyncForder/CodeRepos/install/q/t/include/lux/engine/physics2d/Physics2DComponents.ecs_snapshot.hpp
-- Up-to-date: E:/SyncForder/CodeRepos/install/q/t/include/lux/engine/physics2d/Physics2DComponents.type_static_info.hpp
-- Up-to-date: E:/SyncForder/CodeRepos/install/q/t/include/lux/engine/physics2d/visibility.h
-- Up-to-date: E:/SyncForder/CodeRepos/install/q/t/include/lux/engine/process
-- Up-to-date: E:/SyncForder/CodeRepos/install/q/t/include/lux/engine/process/asset_loading
-- Up-to-date: E:/SyncForder/CodeRepos/install/q/t/include/lux/engine/process/asset_loading/visibility.h
-- Up-to-date: E:/SyncForder/CodeRepos/install/q/t/include/lux/engine/process/visibility.h
-- Up-to-date: E:/SyncForder/CodeRepos/install/q/t/include/lux/engine/process/world_loading
-- Up-to-date: E:/SyncForder/CodeRepos/install/q/t/include/lux/engine/process/world_loading/visibility.h
-- Up-to-date: E:/SyncForder/CodeRepos/install/q/t/include/lux/engine/resource
-- Up-to-date: E:/SyncForder/CodeRepos/install/q/t/include/lux/engine/resource/asset
-- Up-to-date: E:/SyncForder/CodeRepos/install/q/t/include/lux/engine/resource/asset/visibility.h
-- Up-to-date: E:/SyncForder/CodeRepos/install/q/t/include/lux/engine/resource/visibility.h
-- Up-to-date: E:/SyncForder/CodeRepos/install/q/t/include/lux/engine/scene
-- Up-to-date: E:/SyncForder/CodeRepos/install/q/t/include/lux/engine/scene/asset
-- Up-to-date: E:/SyncForder/CodeRepos/install/q/t/include/lux/engine/scene/asset/visibility.h
-- Up-to-date: E:/SyncForder/CodeRepos/install/q/t/include/lux/engine/scene/description
-- Up-to-date: E:/SyncForder/CodeRepos/install/q/t/include/lux/engine/scene/description/visibility.h
-- Up-to-date: E:/SyncForder/CodeRepos/install/q/t/include/lux/engine/scene/meta
-- Up-to-date: E:/SyncForder/CodeRepos/install/q/t/include/lux/engine/scene/meta/visibility.h
-- Up-to-date: E:/SyncForder/CodeRepos/install/q/t/include/lux/engine/scene/render
-- Up-to-date: E:/SyncForder/CodeRepos/install/q/t/include/lux/engine/scene/render/visibility.h
-- Up-to-date: E:/SyncForder/CodeRepos/install/q/t/include/lux/engine/scene/script_runtime
-- Up-to-date: E:/SyncForder/CodeRepos/install/q/t/include/lux/engine/scene/script_runtime/visibility.h
-- Up-to-date: E:/SyncForder/CodeRepos/install/q/t/include/lux/engine/scene/visibility.h
-- Up-to-date: E:/SyncForder/CodeRepos/install/q/t/include/lux/engine/scene/world_materialization
-- Up-to-date: E:/SyncForder/CodeRepos/install/q/t/include/lux/engine/scene/world_materialization/visibility.h
-- Up-to-date: E:/SyncForder/CodeRepos/install/q/t/include/lux/engine/serialization
-- Up-to-date: E:/SyncForder/CodeRepos/install/q/t/include/lux/engine/serialization/visibility.h
-- Up-to-date: E:/SyncForder/CodeRepos/install/q/t/include/lux/engine/simulation
-- Up-to-date: E:/SyncForder/CodeRepos/install/q/t/include/lux/engine/simulation/asset
-- Up-to-date: E:/SyncForder/CodeRepos/install/q/t/include/lux/engine/simulation/asset/visibility.h
-- Up-to-date: E:/SyncForder/CodeRepos/install/q/t/include/lux/engine/simulation/composition
-- Up-to-date: E:/SyncForder/CodeRepos/install/q/t/include/lux/engine/simulation/composition/visibility.h
-- Up-to-date: E:/SyncForder/CodeRepos/install/q/t/include/lux/engine/simulation/description
-- Up-to-date: E:/SyncForder/CodeRepos/install/q/t/include/lux/engine/simulation/description/visibility.h
-- Up-to-date: E:/SyncForder/CodeRepos/install/q/t/include/lux/engine/simulation/ecs
-- Up-to-date: E:/SyncForder/CodeRepos/install/q/t/include/lux/engine/simulation/ecs/core
-- Up-to-date: E:/SyncForder/CodeRepos/install/q/t/include/lux/engine/simulation/ecs/core/visibility.h
-- Up-to-date: E:/SyncForder/CodeRepos/install/q/t/include/lux/engine/simulation/ecs/hierarchy
-- Up-to-date: E:/SyncForder/CodeRepos/install/q/t/include/lux/engine/simulation/ecs/hierarchy/visibility.h
-- Up-to-date: E:/SyncForder/CodeRepos/install/q/t/include/lux/engine/simulation/ecs/Parent.ecs_schema.hpp
-- Up-to-date: E:/SyncForder/CodeRepos/install/q/t/include/lux/engine/simulation/ecs/Parent.ecs_snapshot.hpp
-- Up-to-date: E:/SyncForder/CodeRepos/install/q/t/include/lux/engine/simulation/ecs/Parent.type_static_info.hpp
-- Up-to-date: E:/SyncForder/CodeRepos/install/q/t/include/lux/engine/simulation/ecs/schema
-- Up-to-date: E:/SyncForder/CodeRepos/install/q/t/include/lux/engine/simulation/ecs/schema/visibility.h
-- Up-to-date: E:/SyncForder/CodeRepos/install/q/t/include/lux/engine/simulation/ecs/snapshot
-- Up-to-date: E:/SyncForder/CodeRepos/install/q/t/include/lux/engine/simulation/ecs/snapshot/visibility.h
-- Up-to-date: E:/SyncForder/CodeRepos/install/q/t/include/lux/engine/simulation/ecs/transform
-- Up-to-date: E:/SyncForder/CodeRepos/install/q/t/include/lux/engine/simulation/ecs/transform/visibility.h
-- Up-to-date: E:/SyncForder/CodeRepos/install/q/t/include/lux/engine/simulation/ecs/Transform.ecs_schema.hpp
-- Up-to-date: E:/SyncForder/CodeRepos/install/q/t/include/lux/engine/simulation/ecs/Transform.ecs_snapshot.hpp
-- Up-to-date: E:/SyncForder/CodeRepos/install/q/t/include/lux/engine/simulation/ecs/Transform.type_static_info.hpp
-- Up-to-date: E:/SyncForder/CodeRepos/install/q/t/include/lux/engine/simulation/ecs/visual
-- Up-to-date: E:/SyncForder/CodeRepos/install/q/t/include/lux/engine/simulation/ecs/visual/visibility.h
-- Up-to-date: E:/SyncForder/CodeRepos/install/q/t/include/lux/engine/simulation/ecs/Visual.ecs_schema.hpp
-- Up-to-date: E:/SyncForder/CodeRepos/install/q/t/include/lux/engine/simulation/ecs/Visual.ecs_snapshot.hpp
-- Up-to-date: E:/SyncForder/CodeRepos/install/q/t/include/lux/engine/simulation/ecs/Visual.type_static_info.hpp
-- Up-to-date: E:/SyncForder/CodeRepos/install/q/t/include/lux/engine/simulation/scripting
-- Up-to-date: E:/SyncForder/CodeRepos/install/q/t/include/lux/engine/simulation/scripting/cpp_static
-- Up-to-date: E:/SyncForder/CodeRepos/install/q/t/include/lux/engine/simulation/scripting/cpp_static/visibility.h
-- Up-to-date: E:/SyncForder/CodeRepos/install/q/t/include/lux/engine/simulation/scripting/native
-- Up-to-date: E:/SyncForder/CodeRepos/install/q/t/include/lux/engine/simulation/scripting/native/visibility.h
-- Up-to-date: E:/SyncForder/CodeRepos/install/q/t/include/lux/engine/simulation/script_system
-- Up-to-date: E:/SyncForder/CodeRepos/install/q/t/include/lux/engine/simulation/script_system/visibility.h
-- Up-to-date: E:/SyncForder/CodeRepos/install/q/t/include/lux/engine/simulation/system
-- Up-to-date: E:/SyncForder/CodeRepos/install/q/t/include/lux/engine/simulation/system/visibility.h
-- Up-to-date: E:/SyncForder/CodeRepos/install/q/t/include/lux/engine/simulation/transform_system
-- Up-to-date: E:/SyncForder/CodeRepos/install/q/t/include/lux/engine/simulation/transform_system/visibility.h
-- Up-to-date: E:/SyncForder/CodeRepos/install/q/t/include/lux/engine/spatial
-- Up-to-date: E:/SyncForder/CodeRepos/install/q/t/include/lux/engine/spatial/spatial2d
-- Up-to-date: E:/SyncForder/CodeRepos/install/q/t/include/lux/engine/spatial/spatial2d/visibility.h
-- Up-to-date: E:/SyncForder/CodeRepos/install/q/t/include/lux/engine/spatial/spatial3d
-- Up-to-date: E:/SyncForder/CodeRepos/install/q/t/include/lux/engine/spatial/spatial3d/visibility.h
-- Up-to-date: E:/SyncForder/CodeRepos/install/q/t/include/lux/engine/system
-- Up-to-date: E:/SyncForder/CodeRepos/install/q/t/include/lux/engine/system/description
-- Up-to-date: E:/SyncForder/CodeRepos/install/q/t/include/lux/engine/system/description/visibility.h
-- Up-to-date: E:/SyncForder/CodeRepos/install/q/t/include/lux/engine/system/identity
-- Up-to-date: E:/SyncForder/CodeRepos/install/q/t/include/lux/engine/system/identity/visibility.h
-- Up-to-date: E:/SyncForder/CodeRepos/install/q/t/include/lux/engine/task
-- Up-to-date: E:/SyncForder/CodeRepos/install/q/t/include/lux/engine/task/visibility.h
-- Up-to-date: E:/SyncForder/CodeRepos/install/q/t/include/lux/engine/toolchain
-- Up-to-date: E:/SyncForder/CodeRepos/install/q/t/include/lux/engine/toolchain/asset
-- Up-to-date: E:/SyncForder/CodeRepos/install/q/t/include/lux/engine/toolchain/asset/model
-- Up-to-date: E:/SyncForder/CodeRepos/install/q/t/include/lux/engine/toolchain/asset/model/visibility.h
-- Up-to-date: E:/SyncForder/CodeRepos/install/q/t/include/lux/engine/toolchain/asset/shader
-- Up-to-date: E:/SyncForder/CodeRepos/install/q/t/include/lux/engine/toolchain/asset/shader/visibility.h
-- Up-to-date: E:/SyncForder/CodeRepos/install/q/t/include/lux/engine/toolchain/asset/texture
-- Up-to-date: E:/SyncForder/CodeRepos/install/q/t/include/lux/engine/toolchain/asset/texture/visibility.h
-- Up-to-date: E:/SyncForder/CodeRepos/install/q/t/include/lux/engine/world
-- Up-to-date: E:/SyncForder/CodeRepos/install/q/t/include/lux/engine/world/asset
-- Up-to-date: E:/SyncForder/CodeRepos/install/q/t/include/lux/engine/world/asset/visibility.h
-- Up-to-date: E:/SyncForder/CodeRepos/install/q/t/include/lux/engine/world/description
-- Up-to-date: E:/SyncForder/CodeRepos/install/q/t/include/lux/engine/world/description/visibility.h
-- Up-to-date: E:/SyncForder/CodeRepos/install/q/t/include/lux/engine/world/partition
-- Up-to-date: E:/SyncForder/CodeRepos/install/q/t/include/lux/engine/world/partition/visibility.h
-- Up-to-date: E:/SyncForder/CodeRepos/install/q/t/include/lux/engine/world/storage
-- Up-to-date: E:/SyncForder/CodeRepos/install/q/t/include/lux/engine/world/storage/visibility.h
-- Up-to-date: E:/SyncForder/CodeRepos/install/q/t/include/test
-- Installing: E:/SyncForder/CodeRepos/install/q/t/share/lux-engine-scene-asset/scene_asset/lux-engine-scene-asset-scene_asset-config-targets.cmake
-- Installing: E:/SyncForder/CodeRepos/install/q/t/share/lux-engine-scene-asset/scene_asset/lux-engine-scene-asset-scene_asset-config-targets-relwithdebinfo.cmake
-- Installing: E:/SyncForder/CodeRepos/install/q/t/share/lux-engine-scene-asset/scene_asset/lux-engine-scene-asset-scene_asset-import.cmake
-- Installing: E:/SyncForder/CodeRepos/install/q/t/lib/lux_engine_scene_asset.lib
-- Installing: E:/SyncForder/CodeRepos/install/q/t/bin/lux_engine_scene_asset.dll
-- Installing: E:/SyncForder/CodeRepos/install/q/t/share/lux-engine-scene-asset/lux-engine-scene-asset-config.cmake
-- Installing: E:/SyncForder/CodeRepos/install/q/t/share/lux-engine-scene-asset/lux-engine-scene-asset-config-version.cmake
-- Installing: E:/SyncForder/CodeRepos/install/q/t/share/lux-engine-scene-asset/lux-engine-scene-asset-available-components.cmake
-- Up-to-date: E:/SyncForder/CodeRepos/install/q/t/include
-- Up-to-date: E:/SyncForder/CodeRepos/install/q/t/include/lux
-- Up-to-date: E:/SyncForder/CodeRepos/install/q/t/include/lux/engine
-- Up-to-date: E:/SyncForder/CodeRepos/install/q/t/include/lux/engine/scene
-- Installing: E:/SyncForder/CodeRepos/install/q/t/include/lux/engine/scene/LatestSpscExchange.hpp
-- Installing: E:/SyncForder/CodeRepos/install/q/t/share/lux-engine-scene-presentation/scene_presentation/lux-engine-scene-presentation-scene_presentation-config-targets.cmake
-- Installing: E:/SyncForder/CodeRepos/install/q/t/share/lux-engine-scene-presentation/scene_presentation/lux-engine-scene-presentation-scene_presentation-import.cmake
-- Installing: E:/SyncForder/CodeRepos/install/q/t/share/lux-engine-scene-presentation/lux-engine-scene-presentation-config.cmake
-- Installing: E:/SyncForder/CodeRepos/install/q/t/share/lux-engine-scene-presentation/lux-engine-scene-presentation-config-version.cmake
-- Installing: E:/SyncForder/CodeRepos/install/q/t/share/lux-engine-scene-presentation/lux-engine-scene-presentation-available-components.cmake
-- Up-to-date: E:/SyncForder/CodeRepos/install/q/t/include
-- Up-to-date: E:/SyncForder/CodeRepos/install/q/t/include/lux
-- Up-to-date: E:/SyncForder/CodeRepos/install/q/t/include/lux/engine
-- Up-to-date: E:/SyncForder/CodeRepos/install/q/t/include/lux/engine/scene
-- Installing: E:/SyncForder/CodeRepos/install/q/t/include/lux/engine/scene/WorldMaterializer.hpp
-- Up-to-date: E:/SyncForder/CodeRepos/install/q/t/include
-- Up-to-date: E:/SyncForder/CodeRepos/install/q/t/include/lux
-- Up-to-date: E:/SyncForder/CodeRepos/install/q/t/include/lux/engine
-- Up-to-date: E:/SyncForder/CodeRepos/install/q/t/include/lux/engine/core
-- Up-to-date: E:/SyncForder/CodeRepos/install/q/t/include/lux/engine/core/visibility.h
-- Up-to-date: E:/SyncForder/CodeRepos/install/q/t/include/lux/engine/dynamic_library
-- Up-to-date: E:/SyncForder/CodeRepos/install/q/t/include/lux/engine/dynamic_library/visibility.h
-- Up-to-date: E:/SyncForder/CodeRepos/install/q/t/include/lux/engine/flowforge
-- Up-to-date: E:/SyncForder/CodeRepos/install/q/t/include/lux/engine/flowforge/compiler
-- Up-to-date: E:/SyncForder/CodeRepos/install/q/t/include/lux/engine/flowforge/compiler/visibility.h
-- Up-to-date: E:/SyncForder/CodeRepos/install/q/t/include/lux/engine/flowforge/visibility.h
-- Up-to-date: E:/SyncForder/CodeRepos/install/q/t/include/lux/engine/function
-- Up-to-date: E:/SyncForder/CodeRepos/install/q/t/include/lux/engine/function/graph
-- Up-to-date: E:/SyncForder/CodeRepos/install/q/t/include/lux/engine/function/graph/visibility.h
-- Up-to-date: E:/SyncForder/CodeRepos/install/q/t/include/lux/engine/function/render
-- Up-to-date: E:/SyncForder/CodeRepos/install/q/t/include/lux/engine/function/render/standard
-- Up-to-date: E:/SyncForder/CodeRepos/install/q/t/include/lux/engine/function/render/standard/content
-- Up-to-date: E:/SyncForder/CodeRepos/install/q/t/include/lux/engine/function/render/standard/content/visibility.h
-- Up-to-date: E:/SyncForder/CodeRepos/install/q/t/include/lux/engine/function/script
-- Up-to-date: E:/SyncForder/CodeRepos/install/q/t/include/lux/engine/function/script/artifact
-- Up-to-date: E:/SyncForder/CodeRepos/install/q/t/include/lux/engine/function/script/artifact/visibility.h
-- Up-to-date: E:/SyncForder/CodeRepos/install/q/t/include/lux/engine/function/visibility.h
-- Up-to-date: E:/SyncForder/CodeRepos/install/q/t/include/lux/engine/material
-- Up-to-date: E:/SyncForder/CodeRepos/install/q/t/include/lux/engine/material/compiler
-- Up-to-date: E:/SyncForder/CodeRepos/install/q/t/include/lux/engine/material/compiler/visibility.h
-- Up-to-date: E:/SyncForder/CodeRepos/install/q/t/include/lux/engine/material/cooker
-- Up-to-date: E:/SyncForder/CodeRepos/install/q/t/include/lux/engine/material/cooker/visibility.h
-- Up-to-date: E:/SyncForder/CodeRepos/install/q/t/include/lux/engine/material/graph
-- Up-to-date: E:/SyncForder/CodeRepos/install/q/t/include/lux/engine/material/graph/visibility.h
-- Up-to-date: E:/SyncForder/CodeRepos/install/q/t/include/lux/engine/physics2d
-- Up-to-date: E:/SyncForder/CodeRepos/install/q/t/include/lux/engine/physics2d/Physics2DComponents.ecs_schema.hpp
-- Up-to-date: E:/SyncForder/CodeRepos/install/q/t/include/lux/engine/physics2d/Physics2DComponents.ecs_snapshot.hpp
-- Up-to-date: E:/SyncForder/CodeRepos/install/q/t/include/lux/engine/physics2d/Physics2DComponents.type_static_info.hpp
-- Up-to-date: E:/SyncForder/CodeRepos/install/q/t/include/lux/engine/physics2d/visibility.h
-- Up-to-date: E:/SyncForder/CodeRepos/install/q/t/include/lux/engine/process
-- Up-to-date: E:/SyncForder/CodeRepos/install/q/t/include/lux/engine/process/asset_loading
-- Up-to-date: E:/SyncForder/CodeRepos/install/q/t/include/lux/engine/process/asset_loading/visibility.h
-- Up-to-date: E:/SyncForder/CodeRepos/install/q/t/include/lux/engine/process/visibility.h
-- Up-to-date: E:/SyncForder/CodeRepos/install/q/t/include/lux/engine/process/world_loading
-- Up-to-date: E:/SyncForder/CodeRepos/install/q/t/include/lux/engine/process/world_loading/visibility.h
-- Up-to-date: E:/SyncForder/CodeRepos/install/q/t/include/lux/engine/resource
-- Up-to-date: E:/SyncForder/CodeRepos/install/q/t/include/lux/engine/resource/asset
-- Up-to-date: E:/SyncForder/CodeRepos/install/q/t/include/lux/engine/resource/asset/visibility.h
-- Up-to-date: E:/SyncForder/CodeRepos/install/q/t/include/lux/engine/resource/visibility.h
-- Up-to-date: E:/SyncForder/CodeRepos/install/q/t/include/lux/engine/scene
-- Up-to-date: E:/SyncForder/CodeRepos/install/q/t/include/lux/engine/scene/asset
-- Up-to-date: E:/SyncForder/CodeRepos/install/q/t/include/lux/engine/scene/asset/visibility.h
-- Up-to-date: E:/SyncForder/CodeRepos/install/q/t/include/lux/engine/scene/description
-- Up-to-date: E:/SyncForder/CodeRepos/install/q/t/include/lux/engine/scene/description/visibility.h
-- Up-to-date: E:/SyncForder/CodeRepos/install/q/t/include/lux/engine/scene/meta
-- Up-to-date: E:/SyncForder/CodeRepos/install/q/t/include/lux/engine/scene/meta/visibility.h
-- Up-to-date: E:/SyncForder/CodeRepos/install/q/t/include/lux/engine/scene/render
-- Up-to-date: E:/SyncForder/CodeRepos/install/q/t/include/lux/engine/scene/render/visibility.h
-- Up-to-date: E:/SyncForder/CodeRepos/install/q/t/include/lux/engine/scene/script_runtime
-- Up-to-date: E:/SyncForder/CodeRepos/install/q/t/include/lux/engine/scene/script_runtime/visibility.h
-- Up-to-date: E:/SyncForder/CodeRepos/install/q/t/include/lux/engine/scene/visibility.h
-- Up-to-date: E:/SyncForder/CodeRepos/install/q/t/include/lux/engine/scene/world_materialization
-- Up-to-date: E:/SyncForder/CodeRepos/install/q/t/include/lux/engine/scene/world_materialization/visibility.h
-- Up-to-date: E:/SyncForder/CodeRepos/install/q/t/include/lux/engine/serialization
-- Up-to-date: E:/SyncForder/CodeRepos/install/q/t/include/lux/engine/serialization/visibility.h
-- Up-to-date: E:/SyncForder/CodeRepos/install/q/t/include/lux/engine/simulation
-- Up-to-date: E:/SyncForder/CodeRepos/install/q/t/include/lux/engine/simulation/asset
-- Up-to-date: E:/SyncForder/CodeRepos/install/q/t/include/lux/engine/simulation/asset/visibility.h
-- Up-to-date: E:/SyncForder/CodeRepos/install/q/t/include/lux/engine/simulation/composition
-- Up-to-date: E:/SyncForder/CodeRepos/install/q/t/include/lux/engine/simulation/composition/visibility.h
-- Up-to-date: E:/SyncForder/CodeRepos/install/q/t/include/lux/engine/simulation/description
-- Up-to-date: E:/SyncForder/CodeRepos/install/q/t/include/lux/engine/simulation/description/visibility.h
-- Up-to-date: E:/SyncForder/CodeRepos/install/q/t/include/lux/engine/simulation/ecs
-- Up-to-date: E:/SyncForder/CodeRepos/install/q/t/include/lux/engine/simulation/ecs/core
-- Up-to-date: E:/SyncForder/CodeRepos/install/q/t/include/lux/engine/simulation/ecs/core/visibility.h
-- Up-to-date: E:/SyncForder/CodeRepos/install/q/t/include/lux/engine/simulation/ecs/hierarchy
-- Up-to-date: E:/SyncForder/CodeRepos/install/q/t/include/lux/engine/simulation/ecs/hierarchy/visibility.h
-- Up-to-date: E:/SyncForder/CodeRepos/install/q/t/include/lux/engine/simulation/ecs/Parent.ecs_schema.hpp
-- Up-to-date: E:/SyncForder/CodeRepos/install/q/t/include/lux/engine/simulation/ecs/Parent.ecs_snapshot.hpp
-- Up-to-date: E:/SyncForder/CodeRepos/install/q/t/include/lux/engine/simulation/ecs/Parent.type_static_info.hpp
-- Up-to-date: E:/SyncForder/CodeRepos/install/q/t/include/lux/engine/simulation/ecs/schema
-- Up-to-date: E:/SyncForder/CodeRepos/install/q/t/include/lux/engine/simulation/ecs/schema/visibility.h
-- Up-to-date: E:/SyncForder/CodeRepos/install/q/t/include/lux/engine/simulation/ecs/snapshot
-- Up-to-date: E:/SyncForder/CodeRepos/install/q/t/include/lux/engine/simulation/ecs/snapshot/visibility.h
-- Up-to-date: E:/SyncForder/CodeRepos/install/q/t/include/lux/engine/simulation/ecs/transform
-- Up-to-date: E:/SyncForder/CodeRepos/install/q/t/include/lux/engine/simulation/ecs/transform/visibility.h
-- Up-to-date: E:/SyncForder/CodeRepos/install/q/t/include/lux/engine/simulation/ecs/Transform.ecs_schema.hpp
-- Up-to-date: E:/SyncForder/CodeRepos/install/q/t/include/lux/engine/simulation/ecs/Transform.ecs_snapshot.hpp
-- Up-to-date: E:/SyncForder/CodeRepos/install/q/t/include/lux/engine/simulation/ecs/Transform.type_static_info.hpp
-- Up-to-date: E:/SyncForder/CodeRepos/install/q/t/include/lux/engine/simulation/ecs/visual
-- Up-to-date: E:/SyncForder/CodeRepos/install/q/t/include/lux/engine/simulation/ecs/visual/visibility.h
-- Up-to-date: E:/SyncForder/CodeRepos/install/q/t/include/lux/engine/simulation/ecs/Visual.ecs_schema.hpp
-- Up-to-date: E:/SyncForder/CodeRepos/install/q/t/include/lux/engine/simulation/ecs/Visual.ecs_snapshot.hpp
-- Up-to-date: E:/SyncForder/CodeRepos/install/q/t/include/lux/engine/simulation/ecs/Visual.type_static_info.hpp
-- Up-to-date: E:/SyncForder/CodeRepos/install/q/t/include/lux/engine/simulation/scripting
-- Up-to-date: E:/SyncForder/CodeRepos/install/q/t/include/lux/engine/simulation/scripting/cpp_static
-- Up-to-date: E:/SyncForder/CodeRepos/install/q/t/include/lux/engine/simulation/scripting/cpp_static/visibility.h
-- Up-to-date: E:/SyncForder/CodeRepos/install/q/t/include/lux/engine/simulation/scripting/native
-- Up-to-date: E:/SyncForder/CodeRepos/install/q/t/include/lux/engine/simulation/scripting/native/visibility.h
-- Up-to-date: E:/SyncForder/CodeRepos/install/q/t/include/lux/engine/simulation/script_system
-- Up-to-date: E:/SyncForder/CodeRepos/install/q/t/include/lux/engine/simulation/script_system/visibility.h
-- Up-to-date: E:/SyncForder/CodeRepos/install/q/t/include/lux/engine/simulation/system
-- Up-to-date: E:/SyncForder/CodeRepos/install/q/t/include/lux/engine/simulation/system/visibility.h
-- Up-to-date: E:/SyncForder/CodeRepos/install/q/t/include/lux/engine/simulation/transform_system
-- Up-to-date: E:/SyncForder/CodeRepos/install/q/t/include/lux/engine/simulation/transform_system/visibility.h
-- Up-to-date: E:/SyncForder/CodeRepos/install/q/t/include/lux/engine/spatial
-- Up-to-date: E:/SyncForder/CodeRepos/install/q/t/include/lux/engine/spatial/spatial2d
-- Up-to-date: E:/SyncForder/CodeRepos/install/q/t/include/lux/engine/spatial/spatial2d/visibility.h
-- Up-to-date: E:/SyncForder/CodeRepos/install/q/t/include/lux/engine/spatial/spatial3d
-- Up-to-date: E:/SyncForder/CodeRepos/install/q/t/include/lux/engine/spatial/spatial3d/visibility.h
-- Up-to-date: E:/SyncForder/CodeRepos/install/q/t/include/lux/engine/system
-- Up-to-date: E:/SyncForder/CodeRepos/install/q/t/include/lux/engine/system/description
-- Up-to-date: E:/SyncForder/CodeRepos/install/q/t/include/lux/engine/system/description/visibility.h
-- Up-to-date: E:/SyncForder/CodeRepos/install/q/t/include/lux/engine/system/identity
-- Up-to-date: E:/SyncForder/CodeRepos/install/q/t/include/lux/engine/system/identity/visibility.h
-- Up-to-date: E:/SyncForder/CodeRepos/install/q/t/include/lux/engine/task
-- Up-to-date: E:/SyncForder/CodeRepos/install/q/t/include/lux/engine/task/visibility.h
-- Up-to-date: E:/SyncForder/CodeRepos/install/q/t/include/lux/engine/toolchain
-- Up-to-date: E:/SyncForder/CodeRepos/install/q/t/include/lux/engine/toolchain/asset
-- Up-to-date: E:/SyncForder/CodeRepos/install/q/t/include/lux/engine/toolchain/asset/model
-- Up-to-date: E:/SyncForder/CodeRepos/install/q/t/include/lux/engine/toolchain/asset/model/visibility.h
-- Up-to-date: E:/SyncForder/CodeRepos/install/q/t/include/lux/engine/toolchain/asset/shader
-- Up-to-date: E:/SyncForder/CodeRepos/install/q/t/include/lux/engine/toolchain/asset/shader/visibility.h
-- Up-to-date: E:/SyncForder/CodeRepos/install/q/t/include/lux/engine/toolchain/asset/texture
-- Up-to-date: E:/SyncForder/CodeRepos/install/q/t/include/lux/engine/toolchain/asset/texture/visibility.h
-- Up-to-date: E:/SyncForder/CodeRepos/install/q/t/include/lux/engine/world
-- Up-to-date: E:/SyncForder/CodeRepos/install/q/t/include/lux/engine/world/asset
-- Up-to-date: E:/SyncForder/CodeRepos/install/q/t/include/lux/engine/world/asset/visibility.h
-- Up-to-date: E:/SyncForder/CodeRepos/install/q/t/include/lux/engine/world/description
-- Up-to-date: E:/SyncForder/CodeRepos/install/q/t/include/lux/engine/world/description/visibility.h
-- Up-to-date: E:/SyncForder/CodeRepos/install/q/t/include/lux/engine/world/partition
-- Up-to-date: E:/SyncForder/CodeRepos/install/q/t/include/lux/engine/world/partition/visibility.h
-- Up-to-date: E:/SyncForder/CodeRepos/install/q/t/include/lux/engine/world/storage
-- Up-to-date: E:/SyncForder/CodeRepos/install/q/t/include/lux/engine/world/storage/visibility.h
-- Up-to-date: E:/SyncForder/CodeRepos/install/q/t/include/test
-- Installing: E:/SyncForder/CodeRepos/install/q/t/share/lux-engine-scene-world-materialization/scene_world_materialization/lux-engine-scene-world-materialization-scene_world_materialization-config-targets.cmake
-- Installing: E:/SyncForder/CodeRepos/install/q/t/share/lux-engine-scene-world-materialization/scene_world_materialization/lux-engine-scene-world-materialization-scene_world_materialization-config-targets-relwithdebinfo.cmake
-- Installing: E:/SyncForder/CodeRepos/install/q/t/share/lux-engine-scene-world-materialization/scene_world_materialization/lux-engine-scene-world-materialization-scene_world_materialization-import.cmake
-- Installing: E:/SyncForder/CodeRepos/install/q/t/lib/lux_engine_scene_world_materialization.lib
-- Installing: E:/SyncForder/CodeRepos/install/q/t/bin/lux_engine_scene_world_materialization.dll
-- Installing: E:/SyncForder/CodeRepos/install/q/t/share/lux-engine-scene-world-materialization/lux-engine-scene-world-materialization-config.cmake
-- Installing: E:/SyncForder/CodeRepos/install/q/t/share/lux-engine-scene-world-materialization/lux-engine-scene-world-materialization-config-version.cmake
-- Installing: E:/SyncForder/CodeRepos/install/q/t/share/lux-engine-scene-world-materialization/lux-engine-scene-world-materialization-available-components.cmake
-- Up-to-date: E:/SyncForder/CodeRepos/install/q/t/include
-- Up-to-date: E:/SyncForder/CodeRepos/install/q/t/include/lux
-- Up-to-date: E:/SyncForder/CodeRepos/install/q/t/include/lux/engine
-- Up-to-date: E:/SyncForder/CodeRepos/install/q/t/include/lux/engine/scene
-- Installing: E:/SyncForder/CodeRepos/install/q/t/include/lux/engine/scene/ScriptRuntimeSystem.hpp
-- Up-to-date: E:/SyncForder/CodeRepos/install/q/t/include
-- Up-to-date: E:/SyncForder/CodeRepos/install/q/t/include/lux
-- Up-to-date: E:/SyncForder/CodeRepos/install/q/t/include/lux/engine
-- Up-to-date: E:/SyncForder/CodeRepos/install/q/t/include/lux/engine/core
-- Up-to-date: E:/SyncForder/CodeRepos/install/q/t/include/lux/engine/core/visibility.h
-- Up-to-date: E:/SyncForder/CodeRepos/install/q/t/include/lux/engine/dynamic_library
-- Up-to-date: E:/SyncForder/CodeRepos/install/q/t/include/lux/engine/dynamic_library/visibility.h
-- Up-to-date: E:/SyncForder/CodeRepos/install/q/t/include/lux/engine/flowforge
-- Up-to-date: E:/SyncForder/CodeRepos/install/q/t/include/lux/engine/flowforge/compiler
-- Up-to-date: E:/SyncForder/CodeRepos/install/q/t/include/lux/engine/flowforge/compiler/visibility.h
-- Up-to-date: E:/SyncForder/CodeRepos/install/q/t/include/lux/engine/flowforge/visibility.h
-- Up-to-date: E:/SyncForder/CodeRepos/install/q/t/include/lux/engine/function
-- Up-to-date: E:/SyncForder/CodeRepos/install/q/t/include/lux/engine/function/graph
-- Up-to-date: E:/SyncForder/CodeRepos/install/q/t/include/lux/engine/function/graph/visibility.h
-- Up-to-date: E:/SyncForder/CodeRepos/install/q/t/include/lux/engine/function/render
-- Up-to-date: E:/SyncForder/CodeRepos/install/q/t/include/lux/engine/function/render/standard
-- Up-to-date: E:/SyncForder/CodeRepos/install/q/t/include/lux/engine/function/render/standard/content
-- Up-to-date: E:/SyncForder/CodeRepos/install/q/t/include/lux/engine/function/render/standard/content/visibility.h
-- Up-to-date: E:/SyncForder/CodeRepos/install/q/t/include/lux/engine/function/script
-- Up-to-date: E:/SyncForder/CodeRepos/install/q/t/include/lux/engine/function/script/artifact
-- Up-to-date: E:/SyncForder/CodeRepos/install/q/t/include/lux/engine/function/script/artifact/visibility.h
-- Up-to-date: E:/SyncForder/CodeRepos/install/q/t/include/lux/engine/function/visibility.h
-- Up-to-date: E:/SyncForder/CodeRepos/install/q/t/include/lux/engine/material
-- Up-to-date: E:/SyncForder/CodeRepos/install/q/t/include/lux/engine/material/compiler
-- Up-to-date: E:/SyncForder/CodeRepos/install/q/t/include/lux/engine/material/compiler/visibility.h
-- Up-to-date: E:/SyncForder/CodeRepos/install/q/t/include/lux/engine/material/cooker
-- Up-to-date: E:/SyncForder/CodeRepos/install/q/t/include/lux/engine/material/cooker/visibility.h
-- Up-to-date: E:/SyncForder/CodeRepos/install/q/t/include/lux/engine/material/graph
-- Up-to-date: E:/SyncForder/CodeRepos/install/q/t/include/lux/engine/material/graph/visibility.h
-- Up-to-date: E:/SyncForder/CodeRepos/install/q/t/include/lux/engine/physics2d
-- Up-to-date: E:/SyncForder/CodeRepos/install/q/t/include/lux/engine/physics2d/Physics2DComponents.ecs_schema.hpp
-- Up-to-date: E:/SyncForder/CodeRepos/install/q/t/include/lux/engine/physics2d/Physics2DComponents.ecs_snapshot.hpp
-- Up-to-date: E:/SyncForder/CodeRepos/install/q/t/include/lux/engine/physics2d/Physics2DComponents.type_static_info.hpp
-- Up-to-date: E:/SyncForder/CodeRepos/install/q/t/include/lux/engine/physics2d/visibility.h
-- Up-to-date: E:/SyncForder/CodeRepos/install/q/t/include/lux/engine/process
-- Up-to-date: E:/SyncForder/CodeRepos/install/q/t/include/lux/engine/process/asset_loading
-- Up-to-date: E:/SyncForder/CodeRepos/install/q/t/include/lux/engine/process/asset_loading/visibility.h
-- Up-to-date: E:/SyncForder/CodeRepos/install/q/t/include/lux/engine/process/visibility.h
-- Up-to-date: E:/SyncForder/CodeRepos/install/q/t/include/lux/engine/process/world_loading
-- Up-to-date: E:/SyncForder/CodeRepos/install/q/t/include/lux/engine/process/world_loading/visibility.h
-- Up-to-date: E:/SyncForder/CodeRepos/install/q/t/include/lux/engine/resource
-- Up-to-date: E:/SyncForder/CodeRepos/install/q/t/include/lux/engine/resource/asset
-- Up-to-date: E:/SyncForder/CodeRepos/install/q/t/include/lux/engine/resource/asset/visibility.h
-- Up-to-date: E:/SyncForder/CodeRepos/install/q/t/include/lux/engine/resource/visibility.h
-- Up-to-date: E:/SyncForder/CodeRepos/install/q/t/include/lux/engine/scene
-- Up-to-date: E:/SyncForder/CodeRepos/install/q/t/include/lux/engine/scene/asset
-- Up-to-date: E:/SyncForder/CodeRepos/install/q/t/include/lux/engine/scene/asset/visibility.h
-- Up-to-date: E:/SyncForder/CodeRepos/install/q/t/include/lux/engine/scene/description
-- Up-to-date: E:/SyncForder/CodeRepos/install/q/t/include/lux/engine/scene/description/visibility.h
-- Up-to-date: E:/SyncForder/CodeRepos/install/q/t/include/lux/engine/scene/meta
-- Up-to-date: E:/SyncForder/CodeRepos/install/q/t/include/lux/engine/scene/meta/visibility.h
-- Up-to-date: E:/SyncForder/CodeRepos/install/q/t/include/lux/engine/scene/render
-- Up-to-date: E:/SyncForder/CodeRepos/install/q/t/include/lux/engine/scene/render/visibility.h
-- Up-to-date: E:/SyncForder/CodeRepos/install/q/t/include/lux/engine/scene/script_runtime
-- Up-to-date: E:/SyncForder/CodeRepos/install/q/t/include/lux/engine/scene/script_runtime/visibility.h
-- Up-to-date: E:/SyncForder/CodeRepos/install/q/t/include/lux/engine/scene/visibility.h
-- Up-to-date: E:/SyncForder/CodeRepos/install/q/t/include/lux/engine/scene/world_materialization
-- Up-to-date: E:/SyncForder/CodeRepos/install/q/t/include/lux/engine/scene/world_materialization/visibility.h
-- Up-to-date: E:/SyncForder/CodeRepos/install/q/t/include/lux/engine/serialization
-- Up-to-date: E:/SyncForder/CodeRepos/install/q/t/include/lux/engine/serialization/visibility.h
-- Up-to-date: E:/SyncForder/CodeRepos/install/q/t/include/lux/engine/simulation
-- Up-to-date: E:/SyncForder/CodeRepos/install/q/t/include/lux/engine/simulation/asset
-- Up-to-date: E:/SyncForder/CodeRepos/install/q/t/include/lux/engine/simulation/asset/visibility.h
-- Up-to-date: E:/SyncForder/CodeRepos/install/q/t/include/lux/engine/simulation/composition
-- Up-to-date: E:/SyncForder/CodeRepos/install/q/t/include/lux/engine/simulation/composition/visibility.h
-- Up-to-date: E:/SyncForder/CodeRepos/install/q/t/include/lux/engine/simulation/description
-- Up-to-date: E:/SyncForder/CodeRepos/install/q/t/include/lux/engine/simulation/description/visibility.h
-- Up-to-date: E:/SyncForder/CodeRepos/install/q/t/include/lux/engine/simulation/ecs
-- Up-to-date: E:/SyncForder/CodeRepos/install/q/t/include/lux/engine/simulation/ecs/core
-- Up-to-date: E:/SyncForder/CodeRepos/install/q/t/include/lux/engine/simulation/ecs/core/visibility.h
-- Up-to-date: E:/SyncForder/CodeRepos/install/q/t/include/lux/engine/simulation/ecs/hierarchy
-- Up-to-date: E:/SyncForder/CodeRepos/install/q/t/include/lux/engine/simulation/ecs/hierarchy/visibility.h
-- Up-to-date: E:/SyncForder/CodeRepos/install/q/t/include/lux/engine/simulation/ecs/Parent.ecs_schema.hpp
-- Up-to-date: E:/SyncForder/CodeRepos/install/q/t/include/lux/engine/simulation/ecs/Parent.ecs_snapshot.hpp
-- Up-to-date: E:/SyncForder/CodeRepos/install/q/t/include/lux/engine/simulation/ecs/Parent.type_static_info.hpp
-- Up-to-date: E:/SyncForder/CodeRepos/install/q/t/include/lux/engine/simulation/ecs/schema
-- Up-to-date: E:/SyncForder/CodeRepos/install/q/t/include/lux/engine/simulation/ecs/schema/visibility.h
-- Up-to-date: E:/SyncForder/CodeRepos/install/q/t/include/lux/engine/simulation/ecs/snapshot
-- Up-to-date: E:/SyncForder/CodeRepos/install/q/t/include/lux/engine/simulation/ecs/snapshot/visibility.h
-- Up-to-date: E:/SyncForder/CodeRepos/install/q/t/include/lux/engine/simulation/ecs/transform
-- Up-to-date: E:/SyncForder/CodeRepos/install/q/t/include/lux/engine/simulation/ecs/transform/visibility.h
-- Up-to-date: E:/SyncForder/CodeRepos/install/q/t/include/lux/engine/simulation/ecs/Transform.ecs_schema.hpp
-- Up-to-date: E:/SyncForder/CodeRepos/install/q/t/include/lux/engine/simulation/ecs/Transform.ecs_snapshot.hpp
-- Up-to-date: E:/SyncForder/CodeRepos/install/q/t/include/lux/engine/simulation/ecs/Transform.type_static_info.hpp
-- Up-to-date: E:/SyncForder/CodeRepos/install/q/t/include/lux/engine/simulation/ecs/visual
-- Up-to-date: E:/SyncForder/CodeRepos/install/q/t/include/lux/engine/simulation/ecs/visual/visibility.h
-- Up-to-date: E:/SyncForder/CodeRepos/install/q/t/include/lux/engine/simulation/ecs/Visual.ecs_schema.hpp
-- Up-to-date: E:/SyncForder/CodeRepos/install/q/t/include/lux/engine/simulation/ecs/Visual.ecs_snapshot.hpp
-- Up-to-date: E:/SyncForder/CodeRepos/install/q/t/include/lux/engine/simulation/ecs/Visual.type_static_info.hpp
-- Up-to-date: E:/SyncForder/CodeRepos/install/q/t/include/lux/engine/simulation/scripting
-- Up-to-date: E:/SyncForder/CodeRepos/install/q/t/include/lux/engine/simulation/scripting/cpp_static
-- Up-to-date: E:/SyncForder/CodeRepos/install/q/t/include/lux/engine/simulation/scripting/cpp_static/visibility.h
-- Up-to-date: E:/SyncForder/CodeRepos/install/q/t/include/lux/engine/simulation/scripting/native
-- Up-to-date: E:/SyncForder/CodeRepos/install/q/t/include/lux/engine/simulation/scripting/native/visibility.h
-- Up-to-date: E:/SyncForder/CodeRepos/install/q/t/include/lux/engine/simulation/script_system
-- Up-to-date: E:/SyncForder/CodeRepos/install/q/t/include/lux/engine/simulation/script_system/visibility.h
-- Up-to-date: E:/SyncForder/CodeRepos/install/q/t/include/lux/engine/simulation/system
-- Up-to-date: E:/SyncForder/CodeRepos/install/q/t/include/lux/engine/simulation/system/visibility.h
-- Up-to-date: E:/SyncForder/CodeRepos/install/q/t/include/lux/engine/simulation/transform_system
-- Up-to-date: E:/SyncForder/CodeRepos/install/q/t/include/lux/engine/simulation/transform_system/visibility.h
-- Up-to-date: E:/SyncForder/CodeRepos/install/q/t/include/lux/engine/spatial
-- Up-to-date: E:/SyncForder/CodeRepos/install/q/t/include/lux/engine/spatial/spatial2d
-- Up-to-date: E:/SyncForder/CodeRepos/install/q/t/include/lux/engine/spatial/spatial2d/visibility.h
-- Up-to-date: E:/SyncForder/CodeRepos/install/q/t/include/lux/engine/spatial/spatial3d
-- Up-to-date: E:/SyncForder/CodeRepos/install/q/t/include/lux/engine/spatial/spatial3d/visibility.h
-- Up-to-date: E:/SyncForder/CodeRepos/install/q/t/include/lux/engine/system
-- Up-to-date: E:/SyncForder/CodeRepos/install/q/t/include/lux/engine/system/description
-- Up-to-date: E:/SyncForder/CodeRepos/install/q/t/include/lux/engine/system/description/visibility.h
-- Up-to-date: E:/SyncForder/CodeRepos/install/q/t/include/lux/engine/system/identity
-- Up-to-date: E:/SyncForder/CodeRepos/install/q/t/include/lux/engine/system/identity/visibility.h
-- Up-to-date: E:/SyncForder/CodeRepos/install/q/t/include/lux/engine/task
-- Up-to-date: E:/SyncForder/CodeRepos/install/q/t/include/lux/engine/task/visibility.h
-- Up-to-date: E:/SyncForder/CodeRepos/install/q/t/include/lux/engine/toolchain
-- Up-to-date: E:/SyncForder/CodeRepos/install/q/t/include/lux/engine/toolchain/asset
-- Up-to-date: E:/SyncForder/CodeRepos/install/q/t/include/lux/engine/toolchain/asset/model
-- Up-to-date: E:/SyncForder/CodeRepos/install/q/t/include/lux/engine/toolchain/asset/model/visibility.h
-- Up-to-date: E:/SyncForder/CodeRepos/install/q/t/include/lux/engine/toolchain/asset/shader
-- Up-to-date: E:/SyncForder/CodeRepos/install/q/t/include/lux/engine/toolchain/asset/shader/visibility.h
-- Up-to-date: E:/SyncForder/CodeRepos/install/q/t/include/lux/engine/toolchain/asset/texture
-- Up-to-date: E:/SyncForder/CodeRepos/install/q/t/include/lux/engine/toolchain/asset/texture/visibility.h
-- Up-to-date: E:/SyncForder/CodeRepos/install/q/t/include/lux/engine/world
-- Up-to-date: E:/SyncForder/CodeRepos/install/q/t/include/lux/engine/world/asset
-- Up-to-date: E:/SyncForder/CodeRepos/install/q/t/include/lux/engine/world/asset/visibility.h
-- Up-to-date: E:/SyncForder/CodeRepos/install/q/t/include/lux/engine/world/description
-- Up-to-date: E:/SyncForder/CodeRepos/install/q/t/include/lux/engine/world/description/visibility.h
-- Up-to-date: E:/SyncForder/CodeRepos/install/q/t/include/lux/engine/world/partition
-- Up-to-date: E:/SyncForder/CodeRepos/install/q/t/include/lux/engine/world/partition/visibility.h
-- Up-to-date: E:/SyncForder/CodeRepos/install/q/t/include/lux/engine/world/storage
-- Up-to-date: E:/SyncForder/CodeRepos/install/q/t/include/lux/engine/world/storage/visibility.h
-- Up-to-date: E:/SyncForder/CodeRepos/install/q/t/include/test
-- Installing: E:/SyncForder/CodeRepos/install/q/t/share/lux-engine-scene-script-runtime/scene_script_runtime/lux-engine-scene-script-runtime-scene_script_runtime-config-targets.cmake
-- Installing: E:/SyncForder/CodeRepos/install/q/t/share/lux-engine-scene-script-runtime/scene_script_runtime/lux-engine-scene-script-runtime-scene_script_runtime-config-targets-relwithdebinfo.cmake
-- Installing: E:/SyncForder/CodeRepos/install/q/t/share/lux-engine-scene-script-runtime/scene_script_runtime/lux-engine-scene-script-runtime-scene_script_runtime-import.cmake
-- Installing: E:/SyncForder/CodeRepos/install/q/t/lib/lux_engine_scene_script_runtime.lib
-- Installing: E:/SyncForder/CodeRepos/install/q/t/bin/lux_engine_scene_script_runtime.dll
-- Installing: E:/SyncForder/CodeRepos/install/q/t/share/lux-engine-scene-script-runtime/lux-engine-scene-script-runtime-config.cmake
-- Installing: E:/SyncForder/CodeRepos/install/q/t/share/lux-engine-scene-script-runtime/lux-engine-scene-script-runtime-config-version.cmake
-- Installing: E:/SyncForder/CodeRepos/install/q/t/share/lux-engine-scene-script-runtime/lux-engine-scene-script-runtime-available-components.cmake
-- Up-to-date: E:/SyncForder/CodeRepos/install/q/t/include
-- Up-to-date: E:/SyncForder/CodeRepos/install/q/t/include/lux
-- Up-to-date: E:/SyncForder/CodeRepos/install/q/t/include/lux/engine
-- Up-to-date: E:/SyncForder/CodeRepos/install/q/t/include/lux/engine/scene
-- Installing: E:/SyncForder/CodeRepos/install/q/t/include/lux/engine/scene/Builtin3DRenderIntegration.hpp
-- Installing: E:/SyncForder/CodeRepos/install/q/t/include/lux/engine/scene/RenderRuntime.hpp
-- Installing: E:/SyncForder/CodeRepos/install/q/t/include/lux/engine/scene/RenderSyncPipeline.hpp
-- Installing: E:/SyncForder/CodeRepos/install/q/t/include/lux/engine/scene/RenderSyncStage.hpp
-- Installing: E:/SyncForder/CodeRepos/install/q/t/include/lux/engine/scene/RenderSystem.hpp
-- Installing: E:/SyncForder/CodeRepos/install/q/t/include/lux/engine/scene/RenderSystemConfiguration.hpp
-- Installing: E:/SyncForder/CodeRepos/install/q/t/include/lux/engine/scene/ResolvedMeshResources.hpp
-- Installing: E:/SyncForder/CodeRepos/install/q/t/include/lux/engine/scene/SceneRenderSchema.hpp
-- Up-to-date: E:/SyncForder/CodeRepos/install/q/t/include
-- Up-to-date: E:/SyncForder/CodeRepos/install/q/t/include/lux
-- Up-to-date: E:/SyncForder/CodeRepos/install/q/t/include/lux/engine
-- Up-to-date: E:/SyncForder/CodeRepos/install/q/t/include/lux/engine/core
-- Up-to-date: E:/SyncForder/CodeRepos/install/q/t/include/lux/engine/core/visibility.h
-- Up-to-date: E:/SyncForder/CodeRepos/install/q/t/include/lux/engine/dynamic_library
-- Up-to-date: E:/SyncForder/CodeRepos/install/q/t/include/lux/engine/dynamic_library/visibility.h
-- Up-to-date: E:/SyncForder/CodeRepos/install/q/t/include/lux/engine/flowforge
-- Up-to-date: E:/SyncForder/CodeRepos/install/q/t/include/lux/engine/flowforge/compiler
-- Up-to-date: E:/SyncForder/CodeRepos/install/q/t/include/lux/engine/flowforge/compiler/visibility.h
-- Up-to-date: E:/SyncForder/CodeRepos/install/q/t/include/lux/engine/flowforge/visibility.h
-- Up-to-date: E:/SyncForder/CodeRepos/install/q/t/include/lux/engine/function
-- Up-to-date: E:/SyncForder/CodeRepos/install/q/t/include/lux/engine/function/graph
-- Up-to-date: E:/SyncForder/CodeRepos/install/q/t/include/lux/engine/function/graph/visibility.h
-- Up-to-date: E:/SyncForder/CodeRepos/install/q/t/include/lux/engine/function/render
-- Up-to-date: E:/SyncForder/CodeRepos/install/q/t/include/lux/engine/function/render/standard
-- Up-to-date: E:/SyncForder/CodeRepos/install/q/t/include/lux/engine/function/render/standard/content
-- Up-to-date: E:/SyncForder/CodeRepos/install/q/t/include/lux/engine/function/render/standard/content/visibility.h
-- Up-to-date: E:/SyncForder/CodeRepos/install/q/t/include/lux/engine/function/script
-- Up-to-date: E:/SyncForder/CodeRepos/install/q/t/include/lux/engine/function/script/artifact
-- Up-to-date: E:/SyncForder/CodeRepos/install/q/t/include/lux/engine/function/script/artifact/visibility.h
-- Up-to-date: E:/SyncForder/CodeRepos/install/q/t/include/lux/engine/function/visibility.h
-- Up-to-date: E:/SyncForder/CodeRepos/install/q/t/include/lux/engine/material
-- Up-to-date: E:/SyncForder/CodeRepos/install/q/t/include/lux/engine/material/compiler
-- Up-to-date: E:/SyncForder/CodeRepos/install/q/t/include/lux/engine/material/compiler/visibility.h
-- Up-to-date: E:/SyncForder/CodeRepos/install/q/t/include/lux/engine/material/cooker
-- Up-to-date: E:/SyncForder/CodeRepos/install/q/t/include/lux/engine/material/cooker/visibility.h
-- Up-to-date: E:/SyncForder/CodeRepos/install/q/t/include/lux/engine/material/graph
-- Up-to-date: E:/SyncForder/CodeRepos/install/q/t/include/lux/engine/material/graph/visibility.h
-- Up-to-date: E:/SyncForder/CodeRepos/install/q/t/include/lux/engine/physics2d
-- Up-to-date: E:/SyncForder/CodeRepos/install/q/t/include/lux/engine/physics2d/Physics2DComponents.ecs_schema.hpp
-- Up-to-date: E:/SyncForder/CodeRepos/install/q/t/include/lux/engine/physics2d/Physics2DComponents.ecs_snapshot.hpp
-- Up-to-date: E:/SyncForder/CodeRepos/install/q/t/include/lux/engine/physics2d/Physics2DComponents.type_static_info.hpp
-- Up-to-date: E:/SyncForder/CodeRepos/install/q/t/include/lux/engine/physics2d/visibility.h
-- Up-to-date: E:/SyncForder/CodeRepos/install/q/t/include/lux/engine/process
-- Up-to-date: E:/SyncForder/CodeRepos/install/q/t/include/lux/engine/process/asset_loading
-- Up-to-date: E:/SyncForder/CodeRepos/install/q/t/include/lux/engine/process/asset_loading/visibility.h
-- Up-to-date: E:/SyncForder/CodeRepos/install/q/t/include/lux/engine/process/visibility.h
-- Up-to-date: E:/SyncForder/CodeRepos/install/q/t/include/lux/engine/process/world_loading
-- Up-to-date: E:/SyncForder/CodeRepos/install/q/t/include/lux/engine/process/world_loading/visibility.h
-- Up-to-date: E:/SyncForder/CodeRepos/install/q/t/include/lux/engine/resource
-- Up-to-date: E:/SyncForder/CodeRepos/install/q/t/include/lux/engine/resource/asset
-- Up-to-date: E:/SyncForder/CodeRepos/install/q/t/include/lux/engine/resource/asset/visibility.h
-- Up-to-date: E:/SyncForder/CodeRepos/install/q/t/include/lux/engine/resource/visibility.h
-- Up-to-date: E:/SyncForder/CodeRepos/install/q/t/include/lux/engine/scene
-- Up-to-date: E:/SyncForder/CodeRepos/install/q/t/include/lux/engine/scene/asset
-- Up-to-date: E:/SyncForder/CodeRepos/install/q/t/include/lux/engine/scene/asset/visibility.h
-- Up-to-date: E:/SyncForder/CodeRepos/install/q/t/include/lux/engine/scene/description
-- Up-to-date: E:/SyncForder/CodeRepos/install/q/t/include/lux/engine/scene/description/visibility.h
-- Up-to-date: E:/SyncForder/CodeRepos/install/q/t/include/lux/engine/scene/meta
-- Up-to-date: E:/SyncForder/CodeRepos/install/q/t/include/lux/engine/scene/meta/visibility.h
-- Up-to-date: E:/SyncForder/CodeRepos/install/q/t/include/lux/engine/scene/render
-- Up-to-date: E:/SyncForder/CodeRepos/install/q/t/include/lux/engine/scene/render/visibility.h
-- Up-to-date: E:/SyncForder/CodeRepos/install/q/t/include/lux/engine/scene/script_runtime
-- Up-to-date: E:/SyncForder/CodeRepos/install/q/t/include/lux/engine/scene/script_runtime/visibility.h
-- Up-to-date: E:/SyncForder/CodeRepos/install/q/t/include/lux/engine/scene/visibility.h
-- Up-to-date: E:/SyncForder/CodeRepos/install/q/t/include/lux/engine/scene/world_materialization
-- Up-to-date: E:/SyncForder/CodeRepos/install/q/t/include/lux/engine/scene/world_materialization/visibility.h
-- Up-to-date: E:/SyncForder/CodeRepos/install/q/t/include/lux/engine/serialization
-- Up-to-date: E:/SyncForder/CodeRepos/install/q/t/include/lux/engine/serialization/visibility.h
-- Up-to-date: E:/SyncForder/CodeRepos/install/q/t/include/lux/engine/simulation
-- Up-to-date: E:/SyncForder/CodeRepos/install/q/t/include/lux/engine/simulation/asset
-- Up-to-date: E:/SyncForder/CodeRepos/install/q/t/include/lux/engine/simulation/asset/visibility.h
-- Up-to-date: E:/SyncForder/CodeRepos/install/q/t/include/lux/engine/simulation/composition
-- Up-to-date: E:/SyncForder/CodeRepos/install/q/t/include/lux/engine/simulation/composition/visibility.h
-- Up-to-date: E:/SyncForder/CodeRepos/install/q/t/include/lux/engine/simulation/description
-- Up-to-date: E:/SyncForder/CodeRepos/install/q/t/include/lux/engine/simulation/description/visibility.h
-- Up-to-date: E:/SyncForder/CodeRepos/install/q/t/include/lux/engine/simulation/ecs
-- Up-to-date: E:/SyncForder/CodeRepos/install/q/t/include/lux/engine/simulation/ecs/core
-- Up-to-date: E:/SyncForder/CodeRepos/install/q/t/include/lux/engine/simulation/ecs/core/visibility.h
-- Up-to-date: E:/SyncForder/CodeRepos/install/q/t/include/lux/engine/simulation/ecs/hierarchy
-- Up-to-date: E:/SyncForder/CodeRepos/install/q/t/include/lux/engine/simulation/ecs/hierarchy/visibility.h
-- Up-to-date: E:/SyncForder/CodeRepos/install/q/t/include/lux/engine/simulation/ecs/Parent.ecs_schema.hpp
-- Up-to-date: E:/SyncForder/CodeRepos/install/q/t/include/lux/engine/simulation/ecs/Parent.ecs_snapshot.hpp
-- Up-to-date: E:/SyncForder/CodeRepos/install/q/t/include/lux/engine/simulation/ecs/Parent.type_static_info.hpp
-- Up-to-date: E:/SyncForder/CodeRepos/install/q/t/include/lux/engine/simulation/ecs/schema
-- Up-to-date: E:/SyncForder/CodeRepos/install/q/t/include/lux/engine/simulation/ecs/schema/visibility.h
-- Up-to-date: E:/SyncForder/CodeRepos/install/q/t/include/lux/engine/simulation/ecs/snapshot
-- Up-to-date: E:/SyncForder/CodeRepos/install/q/t/include/lux/engine/simulation/ecs/snapshot/visibility.h
-- Up-to-date: E:/SyncForder/CodeRepos/install/q/t/include/lux/engine/simulation/ecs/transform
-- Up-to-date: E:/SyncForder/CodeRepos/install/q/t/include/lux/engine/simulation/ecs/transform/visibility.h
-- Up-to-date: E:/SyncForder/CodeRepos/install/q/t/include/lux/engine/simulation/ecs/Transform.ecs_schema.hpp
-- Up-to-date: E:/SyncForder/CodeRepos/install/q/t/include/lux/engine/simulation/ecs/Transform.ecs_snapshot.hpp
-- Up-to-date: E:/SyncForder/CodeRepos/install/q/t/include/lux/engine/simulation/ecs/Transform.type_static_info.hpp
-- Up-to-date: E:/SyncForder/CodeRepos/install/q/t/include/lux/engine/simulation/ecs/visual
-- Up-to-date: E:/SyncForder/CodeRepos/install/q/t/include/lux/engine/simulation/ecs/visual/visibility.h
-- Up-to-date: E:/SyncForder/CodeRepos/install/q/t/include/lux/engine/simulation/ecs/Visual.ecs_schema.hpp
-- Up-to-date: E:/SyncForder/CodeRepos/install/q/t/include/lux/engine/simulation/ecs/Visual.ecs_snapshot.hpp
-- Up-to-date: E:/SyncForder/CodeRepos/install/q/t/include/lux/engine/simulation/ecs/Visual.type_static_info.hpp
-- Up-to-date: E:/SyncForder/CodeRepos/install/q/t/include/lux/engine/simulation/scripting
-- Up-to-date: E:/SyncForder/CodeRepos/install/q/t/include/lux/engine/simulation/scripting/cpp_static
-- Up-to-date: E:/SyncForder/CodeRepos/install/q/t/include/lux/engine/simulation/scripting/cpp_static/visibility.h
-- Up-to-date: E:/SyncForder/CodeRepos/install/q/t/include/lux/engine/simulation/scripting/native
-- Up-to-date: E:/SyncForder/CodeRepos/install/q/t/include/lux/engine/simulation/scripting/native/visibility.h
-- Up-to-date: E:/SyncForder/CodeRepos/install/q/t/include/lux/engine/simulation/script_system
-- Up-to-date: E:/SyncForder/CodeRepos/install/q/t/include/lux/engine/simulation/script_system/visibility.h
-- Up-to-date: E:/SyncForder/CodeRepos/install/q/t/include/lux/engine/simulation/system
-- Up-to-date: E:/SyncForder/CodeRepos/install/q/t/include/lux/engine/simulation/system/visibility.h
-- Up-to-date: E:/SyncForder/CodeRepos/install/q/t/include/lux/engine/simulation/transform_system
-- Up-to-date: E:/SyncForder/CodeRepos/install/q/t/include/lux/engine/simulation/transform_system/visibility.h
-- Up-to-date: E:/SyncForder/CodeRepos/install/q/t/include/lux/engine/spatial
-- Up-to-date: E:/SyncForder/CodeRepos/install/q/t/include/lux/engine/spatial/spatial2d
-- Up-to-date: E:/SyncForder/CodeRepos/install/q/t/include/lux/engine/spatial/spatial2d/visibility.h
-- Up-to-date: E:/SyncForder/CodeRepos/install/q/t/include/lux/engine/spatial/spatial3d
-- Up-to-date: E:/SyncForder/CodeRepos/install/q/t/include/lux/engine/spatial/spatial3d/visibility.h
-- Up-to-date: E:/SyncForder/CodeRepos/install/q/t/include/lux/engine/system
-- Up-to-date: E:/SyncForder/CodeRepos/install/q/t/include/lux/engine/system/description
-- Up-to-date: E:/SyncForder/CodeRepos/install/q/t/include/lux/engine/system/description/visibility.h
-- Up-to-date: E:/SyncForder/CodeRepos/install/q/t/include/lux/engine/system/identity
-- Up-to-date: E:/SyncForder/CodeRepos/install/q/t/include/lux/engine/system/identity/visibility.h
-- Up-to-date: E:/SyncForder/CodeRepos/install/q/t/include/lux/engine/task
-- Up-to-date: E:/SyncForder/CodeRepos/install/q/t/include/lux/engine/task/visibility.h
-- Up-to-date: E:/SyncForder/CodeRepos/install/q/t/include/lux/engine/toolchain
-- Up-to-date: E:/SyncForder/CodeRepos/install/q/t/include/lux/engine/toolchain/asset
-- Up-to-date: E:/SyncForder/CodeRepos/install/q/t/include/lux/engine/toolchain/asset/model
-- Up-to-date: E:/SyncForder/CodeRepos/install/q/t/include/lux/engine/toolchain/asset/model/visibility.h
-- Up-to-date: E:/SyncForder/CodeRepos/install/q/t/include/lux/engine/toolchain/asset/shader
-- Up-to-date: E:/SyncForder/CodeRepos/install/q/t/include/lux/engine/toolchain/asset/shader/visibility.h
-- Up-to-date: E:/SyncForder/CodeRepos/install/q/t/include/lux/engine/toolchain/asset/texture
-- Up-to-date: E:/SyncForder/CodeRepos/install/q/t/include/lux/engine/toolchain/asset/texture/visibility.h
-- Up-to-date: E:/SyncForder/CodeRepos/install/q/t/include/lux/engine/world
-- Up-to-date: E:/SyncForder/CodeRepos/install/q/t/include/lux/engine/world/asset
-- Up-to-date: E:/SyncForder/CodeRepos/install/q/t/include/lux/engine/world/asset/visibility.h
-- Up-to-date: E:/SyncForder/CodeRepos/install/q/t/include/lux/engine/world/description
-- Up-to-date: E:/SyncForder/CodeRepos/install/q/t/include/lux/engine/world/description/visibility.h
-- Up-to-date: E:/SyncForder/CodeRepos/install/q/t/include/lux/engine/world/partition
-- Up-to-date: E:/SyncForder/CodeRepos/install/q/t/include/lux/engine/world/partition/visibility.h
-- Up-to-date: E:/SyncForder/CodeRepos/install/q/t/include/lux/engine/world/storage
-- Up-to-date: E:/SyncForder/CodeRepos/install/q/t/include/lux/engine/world/storage/visibility.h
-- Up-to-date: E:/SyncForder/CodeRepos/install/q/t/include/test
-- Installing: E:/SyncForder/CodeRepos/install/q/t/share/lux-engine-scene-render/scene_render/lux-engine-scene-render-scene_render-config-targets.cmake
-- Installing: E:/SyncForder/CodeRepos/install/q/t/share/lux-engine-scene-render/scene_render/lux-engine-scene-render-scene_render-config-targets-relwithdebinfo.cmake
-- Installing: E:/SyncForder/CodeRepos/install/q/t/share/lux-engine-scene-render/scene_render/lux-engine-scene-render-scene_render-import.cmake
-- Installing: E:/SyncForder/CodeRepos/install/q/t/lib/lux_engine_scene_render.lib
-- Installing: E:/SyncForder/CodeRepos/install/q/t/bin/lux_engine_scene_render.dll
-- Up-to-date: E:/SyncForder/CodeRepos/install/q/t/include
-- Up-to-date: E:/SyncForder/CodeRepos/install/q/t/include/lux
-- Up-to-date: E:/SyncForder/CodeRepos/install/q/t/include/lux/engine
-- Up-to-date: E:/SyncForder/CodeRepos/install/q/t/include/lux/engine/scene
-- Up-to-date: E:/SyncForder/CodeRepos/install/q/t/include/lux/engine/scene/Builtin3DRenderIntegration.hpp
-- Up-to-date: E:/SyncForder/CodeRepos/install/q/t/include/lux/engine/scene/RenderRuntime.hpp
-- Up-to-date: E:/SyncForder/CodeRepos/install/q/t/include/lux/engine/scene/RenderSyncPipeline.hpp
-- Up-to-date: E:/SyncForder/CodeRepos/install/q/t/include/lux/engine/scene/RenderSyncStage.hpp
-- Up-to-date: E:/SyncForder/CodeRepos/install/q/t/include/lux/engine/scene/RenderSystem.hpp
-- Up-to-date: E:/SyncForder/CodeRepos/install/q/t/include/lux/engine/scene/RenderSystemConfiguration.hpp
-- Up-to-date: E:/SyncForder/CodeRepos/install/q/t/include/lux/engine/scene/ResolvedMeshResources.hpp
-- Up-to-date: E:/SyncForder/CodeRepos/install/q/t/include/lux/engine/scene/SceneRenderSchema.hpp
-- Up-to-date: E:/SyncForder/CodeRepos/install/q/t/include
-- Up-to-date: E:/SyncForder/CodeRepos/install/q/t/include/lux
-- Up-to-date: E:/SyncForder/CodeRepos/install/q/t/include/lux/engine
-- Up-to-date: E:/SyncForder/CodeRepos/install/q/t/include/lux/engine/core
-- Up-to-date: E:/SyncForder/CodeRepos/install/q/t/include/lux/engine/core/visibility.h
-- Up-to-date: E:/SyncForder/CodeRepos/install/q/t/include/lux/engine/dynamic_library
-- Up-to-date: E:/SyncForder/CodeRepos/install/q/t/include/lux/engine/dynamic_library/visibility.h
-- Up-to-date: E:/SyncForder/CodeRepos/install/q/t/include/lux/engine/flowforge
-- Up-to-date: E:/SyncForder/CodeRepos/install/q/t/include/lux/engine/flowforge/compiler
-- Up-to-date: E:/SyncForder/CodeRepos/install/q/t/include/lux/engine/flowforge/compiler/visibility.h
-- Up-to-date: E:/SyncForder/CodeRepos/install/q/t/include/lux/engine/flowforge/visibility.h
-- Up-to-date: E:/SyncForder/CodeRepos/install/q/t/include/lux/engine/function
-- Up-to-date: E:/SyncForder/CodeRepos/install/q/t/include/lux/engine/function/graph
-- Up-to-date: E:/SyncForder/CodeRepos/install/q/t/include/lux/engine/function/graph/visibility.h
-- Up-to-date: E:/SyncForder/CodeRepos/install/q/t/include/lux/engine/function/render
-- Up-to-date: E:/SyncForder/CodeRepos/install/q/t/include/lux/engine/function/render/standard
-- Up-to-date: E:/SyncForder/CodeRepos/install/q/t/include/lux/engine/function/render/standard/content
-- Up-to-date: E:/SyncForder/CodeRepos/install/q/t/include/lux/engine/function/render/standard/content/visibility.h
-- Up-to-date: E:/SyncForder/CodeRepos/install/q/t/include/lux/engine/function/script
-- Up-to-date: E:/SyncForder/CodeRepos/install/q/t/include/lux/engine/function/script/artifact
-- Up-to-date: E:/SyncForder/CodeRepos/install/q/t/include/lux/engine/function/script/artifact/visibility.h
-- Up-to-date: E:/SyncForder/CodeRepos/install/q/t/include/lux/engine/function/visibility.h
-- Up-to-date: E:/SyncForder/CodeRepos/install/q/t/include/lux/engine/material
-- Up-to-date: E:/SyncForder/CodeRepos/install/q/t/include/lux/engine/material/compiler
-- Up-to-date: E:/SyncForder/CodeRepos/install/q/t/include/lux/engine/material/compiler/visibility.h
-- Up-to-date: E:/SyncForder/CodeRepos/install/q/t/include/lux/engine/material/cooker
-- Up-to-date: E:/SyncForder/CodeRepos/install/q/t/include/lux/engine/material/cooker/visibility.h
-- Up-to-date: E:/SyncForder/CodeRepos/install/q/t/include/lux/engine/material/graph
-- Up-to-date: E:/SyncForder/CodeRepos/install/q/t/include/lux/engine/material/graph/visibility.h
-- Up-to-date: E:/SyncForder/CodeRepos/install/q/t/include/lux/engine/physics2d
-- Up-to-date: E:/SyncForder/CodeRepos/install/q/t/include/lux/engine/physics2d/Physics2DComponents.ecs_schema.hpp
-- Up-to-date: E:/SyncForder/CodeRepos/install/q/t/include/lux/engine/physics2d/Physics2DComponents.ecs_snapshot.hpp
-- Up-to-date: E:/SyncForder/CodeRepos/install/q/t/include/lux/engine/physics2d/Physics2DComponents.type_static_info.hpp
-- Up-to-date: E:/SyncForder/CodeRepos/install/q/t/include/lux/engine/physics2d/visibility.h
-- Up-to-date: E:/SyncForder/CodeRepos/install/q/t/include/lux/engine/process
-- Up-to-date: E:/SyncForder/CodeRepos/install/q/t/include/lux/engine/process/asset_loading
-- Up-to-date: E:/SyncForder/CodeRepos/install/q/t/include/lux/engine/process/asset_loading/visibility.h
-- Up-to-date: E:/SyncForder/CodeRepos/install/q/t/include/lux/engine/process/visibility.h
-- Up-to-date: E:/SyncForder/CodeRepos/install/q/t/include/lux/engine/process/world_loading
-- Up-to-date: E:/SyncForder/CodeRepos/install/q/t/include/lux/engine/process/world_loading/visibility.h
-- Up-to-date: E:/SyncForder/CodeRepos/install/q/t/include/lux/engine/resource
-- Up-to-date: E:/SyncForder/CodeRepos/install/q/t/include/lux/engine/resource/asset
-- Up-to-date: E:/SyncForder/CodeRepos/install/q/t/include/lux/engine/resource/asset/visibility.h
-- Up-to-date: E:/SyncForder/CodeRepos/install/q/t/include/lux/engine/resource/visibility.h
-- Up-to-date: E:/SyncForder/CodeRepos/install/q/t/include/lux/engine/scene
-- Up-to-date: E:/SyncForder/CodeRepos/install/q/t/include/lux/engine/scene/asset
-- Up-to-date: E:/SyncForder/CodeRepos/install/q/t/include/lux/engine/scene/asset/visibility.h
-- Up-to-date: E:/SyncForder/CodeRepos/install/q/t/include/lux/engine/scene/description
-- Up-to-date: E:/SyncForder/CodeRepos/install/q/t/include/lux/engine/scene/description/visibility.h
-- Up-to-date: E:/SyncForder/CodeRepos/install/q/t/include/lux/engine/scene/meta
-- Up-to-date: E:/SyncForder/CodeRepos/install/q/t/include/lux/engine/scene/meta/visibility.h
-- Up-to-date: E:/SyncForder/CodeRepos/install/q/t/include/lux/engine/scene/render
-- Up-to-date: E:/SyncForder/CodeRepos/install/q/t/include/lux/engine/scene/render/visibility.h
-- Up-to-date: E:/SyncForder/CodeRepos/install/q/t/include/lux/engine/scene/script_runtime
-- Up-to-date: E:/SyncForder/CodeRepos/install/q/t/include/lux/engine/scene/script_runtime/visibility.h
-- Up-to-date: E:/SyncForder/CodeRepos/install/q/t/include/lux/engine/scene/visibility.h
-- Up-to-date: E:/SyncForder/CodeRepos/install/q/t/include/lux/engine/scene/world_materialization
-- Up-to-date: E:/SyncForder/CodeRepos/install/q/t/include/lux/engine/scene/world_materialization/visibility.h
-- Up-to-date: E:/SyncForder/CodeRepos/install/q/t/include/lux/engine/serialization
-- Up-to-date: E:/SyncForder/CodeRepos/install/q/t/include/lux/engine/serialization/visibility.h
-- Up-to-date: E:/SyncForder/CodeRepos/install/q/t/include/lux/engine/simulation
-- Up-to-date: E:/SyncForder/CodeRepos/install/q/t/include/lux/engine/simulation/asset
-- Up-to-date: E:/SyncForder/CodeRepos/install/q/t/include/lux/engine/simulation/asset/visibility.h
-- Up-to-date: E:/SyncForder/CodeRepos/install/q/t/include/lux/engine/simulation/composition
-- Up-to-date: E:/SyncForder/CodeRepos/install/q/t/include/lux/engine/simulation/composition/visibility.h
-- Up-to-date: E:/SyncForder/CodeRepos/install/q/t/include/lux/engine/simulation/description
-- Up-to-date: E:/SyncForder/CodeRepos/install/q/t/include/lux/engine/simulation/description/visibility.h
-- Up-to-date: E:/SyncForder/CodeRepos/install/q/t/include/lux/engine/simulation/ecs
-- Up-to-date: E:/SyncForder/CodeRepos/install/q/t/include/lux/engine/simulation/ecs/core
-- Up-to-date: E:/SyncForder/CodeRepos/install/q/t/include/lux/engine/simulation/ecs/core/visibility.h
-- Up-to-date: E:/SyncForder/CodeRepos/install/q/t/include/lux/engine/simulation/ecs/hierarchy
-- Up-to-date: E:/SyncForder/CodeRepos/install/q/t/include/lux/engine/simulation/ecs/hierarchy/visibility.h
-- Up-to-date: E:/SyncForder/CodeRepos/install/q/t/include/lux/engine/simulation/ecs/Parent.ecs_schema.hpp
-- Up-to-date: E:/SyncForder/CodeRepos/install/q/t/include/lux/engine/simulation/ecs/Parent.ecs_snapshot.hpp
-- Up-to-date: E:/SyncForder/CodeRepos/install/q/t/include/lux/engine/simulation/ecs/Parent.type_static_info.hpp
-- Up-to-date: E:/SyncForder/CodeRepos/install/q/t/include/lux/engine/simulation/ecs/schema
-- Up-to-date: E:/SyncForder/CodeRepos/install/q/t/include/lux/engine/simulation/ecs/schema/visibility.h
-- Up-to-date: E:/SyncForder/CodeRepos/install/q/t/include/lux/engine/simulation/ecs/snapshot
-- Up-to-date: E:/SyncForder/CodeRepos/install/q/t/include/lux/engine/simulation/ecs/snapshot/visibility.h
-- Up-to-date: E:/SyncForder/CodeRepos/install/q/t/include/lux/engine/simulation/ecs/transform
-- Up-to-date: E:/SyncForder/CodeRepos/install/q/t/include/lux/engine/simulation/ecs/transform/visibility.h
-- Up-to-date: E:/SyncForder/CodeRepos/install/q/t/include/lux/engine/simulation/ecs/Transform.ecs_schema.hpp
-- Up-to-date: E:/SyncForder/CodeRepos/install/q/t/include/lux/engine/simulation/ecs/Transform.ecs_snapshot.hpp
-- Up-to-date: E:/SyncForder/CodeRepos/install/q/t/include/lux/engine/simulation/ecs/Transform.type_static_info.hpp
-- Up-to-date: E:/SyncForder/CodeRepos/install/q/t/include/lux/engine/simulation/ecs/visual
-- Up-to-date: E:/SyncForder/CodeRepos/install/q/t/include/lux/engine/simulation/ecs/visual/visibility.h
-- Up-to-date: E:/SyncForder/CodeRepos/install/q/t/include/lux/engine/simulation/ecs/Visual.ecs_schema.hpp
-- Up-to-date: E:/SyncForder/CodeRepos/install/q/t/include/lux/engine/simulation/ecs/Visual.ecs_snapshot.hpp
-- Up-to-date: E:/SyncForder/CodeRepos/install/q/t/include/lux/engine/simulation/ecs/Visual.type_static_info.hpp
-- Up-to-date: E:/SyncForder/CodeRepos/install/q/t/include/lux/engine/simulation/scripting
-- Up-to-date: E:/SyncForder/CodeRepos/install/q/t/include/lux/engine/simulation/scripting/cpp_static
-- Up-to-date: E:/SyncForder/CodeRepos/install/q/t/include/lux/engine/simulation/scripting/cpp_static/visibility.h
-- Up-to-date: E:/SyncForder/CodeRepos/install/q/t/include/lux/engine/simulation/scripting/native
-- Up-to-date: E:/SyncForder/CodeRepos/install/q/t/include/lux/engine/simulation/scripting/native/visibility.h
-- Up-to-date: E:/SyncForder/CodeRepos/install/q/t/include/lux/engine/simulation/script_system
-- Up-to-date: E:/SyncForder/CodeRepos/install/q/t/include/lux/engine/simulation/script_system/visibility.h
-- Up-to-date: E:/SyncForder/CodeRepos/install/q/t/include/lux/engine/simulation/system
-- Up-to-date: E:/SyncForder/CodeRepos/install/q/t/include/lux/engine/simulation/system/visibility.h
-- Up-to-date: E:/SyncForder/CodeRepos/install/q/t/include/lux/engine/simulation/transform_system
-- Up-to-date: E:/SyncForder/CodeRepos/install/q/t/include/lux/engine/simulation/transform_system/visibility.h
-- Up-to-date: E:/SyncForder/CodeRepos/install/q/t/include/lux/engine/spatial
-- Up-to-date: E:/SyncForder/CodeRepos/install/q/t/include/lux/engine/spatial/spatial2d
-- Up-to-date: E:/SyncForder/CodeRepos/install/q/t/include/lux/engine/spatial/spatial2d/visibility.h
-- Up-to-date: E:/SyncForder/CodeRepos/install/q/t/include/lux/engine/spatial/spatial3d
-- Up-to-date: E:/SyncForder/CodeRepos/install/q/t/include/lux/engine/spatial/spatial3d/visibility.h
-- Up-to-date: E:/SyncForder/CodeRepos/install/q/t/include/lux/engine/system
-- Up-to-date: E:/SyncForder/CodeRepos/install/q/t/include/lux/engine/system/description
-- Up-to-date: E:/SyncForder/CodeRepos/install/q/t/include/lux/engine/system/description/visibility.h
-- Up-to-date: E:/SyncForder/CodeRepos/install/q/t/include/lux/engine/system/identity
-- Up-to-date: E:/SyncForder/CodeRepos/install/q/t/include/lux/engine/system/identity/visibility.h
-- Up-to-date: E:/SyncForder/CodeRepos/install/q/t/include/lux/engine/task
-- Up-to-date: E:/SyncForder/CodeRepos/install/q/t/include/lux/engine/task/visibility.h
-- Up-to-date: E:/SyncForder/CodeRepos/install/q/t/include/lux/engine/toolchain
-- Up-to-date: E:/SyncForder/CodeRepos/install/q/t/include/lux/engine/toolchain/asset
-- Up-to-date: E:/SyncForder/CodeRepos/install/q/t/include/lux/engine/toolchain/asset/model
-- Up-to-date: E:/SyncForder/CodeRepos/install/q/t/include/lux/engine/toolchain/asset/model/visibility.h
-- Up-to-date: E:/SyncForder/CodeRepos/install/q/t/include/lux/engine/toolchain/asset/shader
-- Up-to-date: E:/SyncForder/CodeRepos/install/q/t/include/lux/engine/toolchain/asset/shader/visibility.h
-- Up-to-date: E:/SyncForder/CodeRepos/install/q/t/include/lux/engine/toolchain/asset/texture
-- Up-to-date: E:/SyncForder/CodeRepos/install/q/t/include/lux/engine/toolchain/asset/texture/visibility.h
-- Up-to-date: E:/SyncForder/CodeRepos/install/q/t/include/lux/engine/world
-- Up-to-date: E:/SyncForder/CodeRepos/install/q/t/include/lux/engine/world/asset
-- Up-to-date: E:/SyncForder/CodeRepos/install/q/t/include/lux/engine/world/asset/visibility.h
-- Up-to-date: E:/SyncForder/CodeRepos/install/q/t/include/lux/engine/world/description
-- Up-to-date: E:/SyncForder/CodeRepos/install/q/t/include/lux/engine/world/description/visibility.h
-- Up-to-date: E:/SyncForder/CodeRepos/install/q/t/include/lux/engine/world/partition
-- Up-to-date: E:/SyncForder/CodeRepos/install/q/t/include/lux/engine/world/partition/visibility.h
-- Up-to-date: E:/SyncForder/CodeRepos/install/q/t/include/lux/engine/world/storage
-- Up-to-date: E:/SyncForder/CodeRepos/install/q/t/include/lux/engine/world/storage/visibility.h
-- Up-to-date: E:/SyncForder/CodeRepos/install/q/t/include/test
-- Installing: E:/SyncForder/CodeRepos/install/q/t/share/lux-engine-scene-render/scene_render_meta/lux-engine-scene-render-scene_render_meta-config-targets.cmake
-- Installing: E:/SyncForder/CodeRepos/install/q/t/share/lux-engine-scene-render/scene_render_meta/lux-engine-scene-render-scene_render_meta-config-targets-relwithdebinfo.cmake
-- Installing: E:/SyncForder/CodeRepos/install/q/t/share/lux-engine-scene-render/scene_render_meta/lux-engine-scene-render-scene_render_meta-import.cmake
-- Installing: E:/SyncForder/CodeRepos/install/q/t/lib/lux_engine_scene_render_meta.lib
-- Installing: E:/SyncForder/CodeRepos/install/q/t/bin/lux_engine_scene_render_meta.dll
-- Installing: E:/SyncForder/CodeRepos/install/q/t/share/lux-engine-scene-render/lux-engine-scene-render-config.cmake
-- Installing: E:/SyncForder/CodeRepos/install/q/t/share/lux-engine-scene-render/lux-engine-scene-render-config-version.cmake
-- Installing: E:/SyncForder/CodeRepos/install/q/t/share/lux-engine-scene-render/lux-engine-scene-render-available-components.cmake
-- Installing: E:/SyncForder/CodeRepos/install/q/t/share/lux-engine-toolchain/lua_script_packager/cmake_scripts/package_lua_script.py
-- Installing: E:/SyncForder/CodeRepos/install/q/t/share/lux-engine-toolchain/lua_script_packager/cmake_scripts/lux_package_lua_script.cmake
CMake Error at E:/SyncForder/CodeRepos/build/RelWithDebInfo/q/t/engine/toolchain/lua/cmake_install.cmake:60 (file):
  file INSTALL cannot find
  "E:/SyncForder/CodeRepos/lux-engine-v3q/engine/toolchain/lua/include": File
  exists.
Call Stack (most recent call first):
  E:/SyncForder/CodeRepos/build/RelWithDebInfo/q/t/engine/toolchain/cmake_install.cmake:37 (include)
  E:/SyncForder/CodeRepos/build/RelWithDebInfo/q/t/engine/cmake_install.cmake:52 (include)
  E:/SyncForder/CodeRepos/build/RelWithDebInfo/q/t/cmake_install.cmake:42 (include)


