"path","sha256"
".github/recovery/next.patch.gz.b64.part-00","56FF9A485F84354C4E1E82926F3F15571AA49D9DFAA980506823B3EF679F1399"
".github/recovery/next.patch.gz.b64.part-02","13E9B60D9B47C689150426D3618870F8D7983925CF93A7CD3958C157C6398EC0"
".github/recovery/next.patch.gz.b64.part-03","69078102980D4D369370443D86D2E5FF8006A411BC4BB4B3C5A61ECCAEC3C75C"
".github/workflows/architecture-recovery.yml","50E41DA589CEFCAA04D343EFA6C9FA1CA1513AF88463CA855474D6F2572BFC93"
".github/workflows/deb.yml","B01F6A20777E63947CD95BD474C6248BDA83148811EB355C9EB06A4EC6E1C72A"
".gitignore","D8BABEEF606B22F44BAC235A738B38AAF08873391A67F6F580ABC3CACBF6EEAE"
".internal/ADR-20260830_Asset_Residency_Barrier_A_Review.md","6FB7E1069D499D7BA217F587DF1E988D70A9CA7B18858514C6B70E4CF0EADD25"
".internal/ADR-20260830_CPU_Typed_Asset_Lifecycle_Gate.md","2F02D09BBA9D36049A8AEAE1732AC9E20A521D874C8919B1C0A879CF6D4CB891"
".internal/ADR-20260830_L1_Domain_Partition_Process_Workflows.md","208FF5036DCCBC60CD2CEE2F6F4A463E5248EB216973A585AB1BCA1A7111E5A5"
".internal/ADR-20260830_Model_Description_Relationship_Semantics.md","701A910AB449B624306DE3AAE996381737AD0659F3E80AF7FE5A139C5F3ADC12"
".internal/ADR-20260830_Resource_Semantic_Layering_Review.md","3753B6866D950837D6AB274CD5542B174052EBB3D713084F4F424BED25BBD809"
".internal/ADR-20260830_Simulation_One_Primary_Task_Evidence.md","6DDDDB51081A987CE126ED8B3CD42A019690E6FFCF2018C7517C18FA16B9F2B8"
".internal/ADR-20260830_Spatial_Runtime_Index_Adoption_Gate.md","D1AF707FD4503B66110165E706BBD14A49F0735C716D9BA9FBE9B7F6CFB7ECCA"
".internal/ADR-20260830_Typed_Asset_Framework.md","6648FB30B90F029B1ABF2F1E9E4156AD09488DE8C13AE48A30A55AF93313730A"
".internal/ADR-20260831_L1_L3_Render_Lane.md","4B6ED0EB530C06276F9AE6824ED81A497466F0227557AFDA8358CD6C29411370"
".internal/ADR-20260901_L1_L3_System_Foundation_Convergence.md","8FEDEC1A8C7934F17DC2A511CD1D38C2D489013CCBD0D86D12CC5C6FA74E8EB0"
".internal/ADR-20260901_L3_Scene_System_Meta_Convergence.md","9A80EEF698122F7C9129F10359BA0BA17867EC7B619279FAA42F1380A419309E"
".internal/ADR-20260901_L4_Toolchain_Convergence.md","4BF0AF6C9609066CE9F4F2F80D699FFAE6346816134B952D7F17280C41899A8E"
".internal/Run-HookClosurePerformance.ps1","DB7FACCA09009AAF63906DA1DF8355161A9A464634A6C2BBD77F1E58CD6CE67A"
".internal/Run-HookClosureStress.ps1","9902BB2B4CA7987C00CA762170D7B4FEB0A9EE741BF01635B8970C891A68A970"
".internal/Summarize-HookClosurePerformance.ps1","29369C5E5C9FC4AED8CAFE1A9440EE73E35531B8AA0C9057A91023F607E6D8DD"
".internal/UNFINISHED-WORK.md","3A064CCE9C8FA3D7CC64AC3A5814A9935F108C0A3C72642AF285C81D045C91DA"
".internal/directory-target-product-architecture.md","6AF3C19388C2A7EB829429A96D6D6696C5721EBF195081F0D05509A0C0C794DE"
".internal/editor-er1/CAMERA-PROTOCOL-INCIDENT.zh-CN.md","94841D0B1738F11D91359CC788F853653CA9AFFAF92FB5D9D1E2B147EB74C398"
".internal/editor-er1/HEAP-INCIDENT.zh-CN.md","072089FA911A2F24E88ED5E52E4D4A197E21CD1E7365B0E26D1687F54A1D90DA"
".internal/editor-er1/WORK_LOG.zh-CN.md","E986F99C2F4AC09B3F6186A50E8169FE349669FAFD5349EE60089D63F81C6AD1"
".internal/editor-er1/acceptance-results.csv","F812801BCFC115CC56D476E25A61611929E3D313AAC7FBAC10878FA046C049A7"
".internal/editor-er1/cost-summary.csv","1AA64A362F4F567593F204DD6072A4598E8DF7058E1130ABF71523964E70A620"
".internal/editor-er1/implementation-report.zh-CN.md","2C22C46E80B68FD80E264896C520D25C3D937AB420802EA2099214D2C97786AB"
".internal/editor-er1/input-audit.json","498CC39CA8C9172BCF6C20752CFC638DF22A19C72EEE96E576B256C866739CC8"
".internal/editor-er1/migration-status.csv","0A78134298E6FDA47ACCB1870E9AB741DA619F541B460A2E96EFCF68FBD93DDC"
".internal/editor-er1/ownership-map.csv","1DDDFB143CBE3C86B50434946ED17D932185C09501264502067F8BF227F5CCA7"
".internal/editor-er1/qualification-manifest.json","6AC0BF3822010D8664072D5125A7C0D0514B6C133EA93D8EB77A30FFEB64BDD0"
".internal/editor-er1/source-binding.csv","07A275C67E87845DBB61444692B6B13B8A5C59DE4589B1FEBB07D318A0833C65"
".internal/editor-er1/source-files.sha256.csv","11DE34185C2E0BE7B86E29173E4D2913A84E0F60247E849430B2B5D64F8B501F"
".internal/editor-er1/workbench-capability-retention.csv","79F06D228BECEA34E9C763EFA81718131314E8F26A9AF567F5FB67308CBB4930"
".internal/evidence/editor/editing/ed1/.gitattributes","3732899A28D0DCADDBF7D419ABF338C987D229405976AD515CE16F7762172DDF"
".internal/evidence/editor/editing/ed1/ACCEPTANCE.csv","CBD4B4DCA7E549BBCADE8F2AD5EC0BE4337C7D34851DA532FE922FA813113808"
".internal/evidence/editor/editing/ed1/D01-D20.md","60EEB5E80B6AC62B6AA12F7F4C9C9B172A619FB6F9B4BEF44C2E0F7225AE57DE"
".internal/evidence/editor/editing/ed1/DOCUMENT_CHECKS.json","C87799CA919FC0E83AB2B2BA5BBA297BF4C99878DC04E07F5C0A837221A74728"
".internal/evidence/editor/editing/ed1/MANIFEST.json","143F69545010139D1F7F45E5034BFE4FC743711B07E70C0C65CA905AAB6AD64F"
".internal/evidence/editor/editing/ed1/README.md","41A47FB3E70C3E837911A4577FF48A8C96C6B88B68EAEDB16FBA933CCEA0AF81"
".internal/evidence/editor/editing/ed1/SHA256SUMS","4991F710A1E9A0BCFF84129FC2046B76FFDD44194C0E9C5E59EF7EEA4D37652D"
".internal/evidence/editor/editing/ed1/SOURCE_REGISTER.json","7456E12DBD6595DEC9DE50CB46D92C9AEDEC83629FE8199E64E319198104D09C"
".internal/evidence/editor/editing/ed1/acceptance-results.csv","10F2C4220E17BDDEB9218203910EB495B759EB06220F271C7BB50B3C2A70F026"
".internal/evidence/editor/editing/ed1/change-stat.txt","F995530EA27FC70D2F07CE338B45671DF278E267E2FC36C09EA7091AF0E687C8"
".internal/evidence/editor/editing/ed1/cost-samples.csv","19230DDA75643BE32DCCC6AA962CD03D772390D68A6632B6AC3AE4AAFABA9F89"
".internal/evidence/editor/editing/ed1/cost-summary.csv","F3379577E72DA930DB94D824821932679D306BD89671AA44F81BEE85AC5E8D15"
".internal/evidence/editor/editing/ed1/dependency-identities.json","4730C8A0FA55F8461C0F97854B16A6F25EF5151D95C4C7BAAC693BD412F1FF1E"
".internal/evidence/editor/editing/ed1/design-input.zip","984AFA3CA17712E4834D4AEDA8994A3B3474A2581764382697E2821ACCBF0E5A"
".internal/evidence/editor/editing/ed1/iteration-results.json","A9DAB7E215F914B33106214D99EEED4338683987CC3EE869750283CD55787544"
".internal/evidence/editor/editing/ed1/protected-files.json","7F9D5A834E79B944D712E6E9D1F52154350C49E68FAB333CB72F2A4D467A5E94"
".internal/evidence/editor/editing/ed1/qualification.json","6399F003CE1E0B5D07C443A05956E6FCBA89A93C28A319ABFAA91C854A374932"
".internal/evidence/editor/editing/ed1/raw-evidence.zip","0E0991F07B2E26D4187FBC049C6BB7001F1DD25B2463D6600185D469296CCD7F"
".internal/evidence/editor/editing/ed1/sdk-consumer-identities.json","1BF00806743F4D340F08BA563E36CD39860386008E0C67EB96CD3755568D7730"
".internal/evidence/s6-test-pruning/developer-ctest.txt","B3E65E4DF72D940BF7D01EDBEB330C87146DDD2EE8EBA60E70A189E1AF719DBA"
".internal/evidence/s6-test-pruning/removed-developer.csv","40804B086124E372B09E9FA710AF52F019387F3C745541DD1AA7CCE5477347C1"
".internal/evidence/s6-test-pruning/retained-developer.csv","9EDB394C0D0588624F49C9F2A6A88D9B8D325FB944C7ECF9302EBE10B2950D67"
".internal/evidence/s6-test-pruning/toolchain-ctest.txt","34D4E2CEBB16C2370ED1F19C0643312E978DC873714D5036426F5EEE1DF92F21"
".internal/evidence/s6-v3-checkpoint/.gitattributes","4538CE95D2C8E59005FA9F87C29F01F65FC9FBF5CB2F69B8408BD1FAA1F8F5F1"
".internal/evidence/s6-v3-checkpoint/cxx-first-clean-ctest.log","922B7F1DFDBC94F534FA2E2C09739566DAD2C13ACAB9B7DA5C44D9A80D03DCCF"
".internal/evidence/s6-v3-checkpoint/developer-ctest.log","6C13C213646A46D844ACA042E9BA13234ECA0C5E72CA82CEDDE55E76BCF21483"
".internal/evidence/s6-v3-checkpoint/developer-noop.log","7716162F3CD3B99CF3B8A8DD6DECF324E08C7E941AAE7E730BABA5E4FC8C075B"
".internal/evidence/s6-v3-checkpoint/follow-up-hashes.json","771CBFB262EFFAD3184E74223A2616C3D86F12D7E09F9147E772F071E1867FA4"
".internal/evidence/s6-v3-checkpoint/initial-matrix.json","EC82E9628A8F62B7FB36EC4756AAA5D94C274500AB38AA69815E61D554493E31"
".internal/evidence/s6-v3-checkpoint/installed-developer.log","E2A33B914288993458A50CA43D94A411A62E7FA99895A5F816988A83384036C8"
".internal/evidence/s6-v3-checkpoint/installed-toolchain.log","79C874F5085FCEAA31CDCB252159B31F0284F1CD82BFE3055FE9932106392118"
".internal/evidence/s6-v3-checkpoint/manifest.json","F31E7F9BFE02CE41526BED6696F3EFF46AF2D8FD9E125AF1E5BAC8E2704F32F8"
".internal/evidence/s6-v3-checkpoint/relocation-failure.log","3160CEE77920BBF595A8CD2BAD3183DA45B30B6A1059168E8F59043C292B6F8E"
".internal/evidence/s6-v3-checkpoint/relocation-paths.txt","11CAA141FCCBCAD00AB7A1B2D5A2CB55A63F490F0AD0042634C22199E144B325"
".internal/evidence/s6-v3-checkpoint/source-architecture.log","E3B0C44298FC1C149AFBF4C8996FB92427AE41E4649B934CA495991B7852B855"
".internal/evidence/s6-v3-checkpoint/source-style.log","8557BF6AFD012CDC0BA4C27CA1C9F726505F490D3360EEA21B2B06392FA48F99"
".internal/evidence/s6-v3-checkpoint/toolchain-fixed-ctest.log","E21400AB7984683A544A16BAB1906568F9E05D8864CAAFC5B7E21BB30ED0106F"
".internal/evidence/s6-v3-checkpoint/toolchain-fixed-install.log","47600D1D2AD95614339C08FC79B5B92371B348B6519D65CD2E1FEC1D9CD7DF29"
".internal/evidence/s6-v3-checkpoint/toolchain-fixed-noop.log","7716162F3CD3B99CF3B8A8DD6DECF324E08C7E941AAE7E730BABA5E4FC8C075B"
".internal/evidence/s6-v3-checkpoint/toolchain-original-ctest.log","D329D6F58B34328C99906689521B640F3B8E945B85C0BC1DFFD32D42DC5F1238"
".internal/evidence/s6-v3-checkpoint/toolchain-original-install-failure.log","BC604241ACBF4D6D8EF7FA0780D61895970CE3D5CDC0BE9B7111B97C0BD98BA4"
".internal/evidence/s6-v3-checkpoint/tracked.log","226465CDCDD895D48061BE5D14BFC108117ED892B059E1ECDF2FD13A7FA9CF5C"
".internal/evidence/s6-v3-cleanup/approved-inventory.json","CA45155BD5DD12EE6B5FFF1A68CB7F2717E0CB1B5973C73AC7CACEB767FCA040"
".internal/evidence/s6-v3-cleanup/results.json","47D70E76D0DD98DF2F41E05E162C9A68538922940407135A9F1FD5DA3601099D"
".internal/evidence/script/sr2/README.md","DA3ED815F212387F3F75A67FD25715BDC120434D35C75748FD2EE0D8D0A8B190"
".internal/evidence/script/sr2/SHA256SUMS.txt","307E2148943C24DD82C925B56A8F8C12E0235AFF526A87ABDF823D01BFBE11F9"
".internal/evidence/script/sr2/SR2-raw-evidence.zip","B80EEF0639B910DB42545DD71794F2BE8F6F9DDD3DAD0E7F87CCCF0BB0A31DEB"
".internal/evidence/script/sr2/identity.json","CFAD31534CB3AEDB6C3B2E2D144A8C434F8183A18BD83B0F6E6F566106806644"
".internal/evidence/script/sr2/raw-files.json","7B937DC12C0E44A2453EE7EE757ABAFC54C8FFB93A21A70EE1F4F90A41515573"
".internal/evidence/script/sr2/remote-verification.json","E463A656241A89934BAE79B09F5AD903552FEFE892AC41F13577F3F6C7363362"
".internal/evidence/script/sr3-cost/README.md","0F38384722203403034B5BD7251BDA9B6C0A351A26185F4ADA0B37E61D0C6A51"
".internal/evidence/script/sr3-cost/final/SHA256SUMS","882553FE5E6103CF6790680A6363B9DC9C68CD8B193FCF5590AE630B15DAD958"
".internal/evidence/script/sr3-cost/final/SR3-raw-evidence.zip","CB3D49CD184F5D4137FE519877A69AE92E0D8C56971C44FD3305C22E72E2D098"
".internal/evidence/script/sr3-cost/final/identity.json","1ADE54DBB35D47E188936D60A728FE313C31E9FAF6259F356E408AAAD3782183"
".internal/evidence/script/sr3-cost/final/installed-link-closure.json","21A693D1BE9D18A459E24908D6B389870F69B3596100F0832EFBFC3C4C6BAC06"
".internal/evidence/script/sr3-cost/final/raw-files.json","8B4567896E09F90A993009B27A98CADB6D53EFBC62178733FA77925D156D1DEC"
".internal/evidence/script/sr3-cost/investigation/SHA256SUMS","BF203FDD712B65FBFF174FE449481462665DCAB24DE0DA1F580811177461505B"
".internal/evidence/script/sr3-cost/investigation/SR3-raw-evidence.zip","E6A489A5E73FE5F5DE7C4D2A108CE5F9E83F17CCF9E395C0229920AB9228345B"
".internal/evidence/script/sr3-cost/investigation/identity.json","D3C53E57865ECF779143F2C3FEC38C23553A9815504E107945C5023C6A7CDDBF"
".internal/evidence/script/sr3-cost/investigation/installed-link-closure.json","3D0AC7C339337EA8A78958962FAC6DCCAE6ADD5ACE8C649AAD70F7EA797B4A90"
".internal/evidence/script/sr3-cost/investigation/raw-files.json","5FED9820E4FFFD2EAEF7692B1FDD83F1AEFC73BCE5EAF14E5FE8EEE211594EEC"
".internal/evidence/script/sr3-cost/remote-fetch.log","DAB481F6A208796BD4C9740C6D5014B4A530DCE3FC06D1E778B0A41D7894919F"
".internal/evidence/script/sr3-cost/remote-verification.json","98BBD75703EFDD43CF4C24D7891D5DB00E9E6A2C873E7A56A506E9E343291918"
".internal/evidence/script/sr3-event/README.md","063549DAF343A389EC5FEBDF818F8EC728B394ECB626D2E30746A1A040AD7C71"
".internal/evidence/script/sr3-event/final/SHA256SUMS","82DBA2283906682E53001222B2C44977AEC4F66F2797FD45647E5240F953ED55"
".internal/evidence/script/sr3-event/final/SR3-raw-evidence.zip","AB214C1BA9A416F3C0984F2B4E4E2A508C8FDD0061EDE74ABEAD38DEEA461537"
".internal/evidence/script/sr3-event/final/identity.json","CF605C1F3C98FAD1794299A9B66A52A9F44CFAED9A79247878225367A0BDD942"
".internal/evidence/script/sr3-event/final/installed-link-closure.json","3475C8FFA6C9AEB49D50C19120875E589BF56287FD33A0EBFF0ACA620308EC0D"
".internal/evidence/script/sr3-event/final/raw-files.json","427BA0866377B81A4266FD9775AC1F2A5CCE7A683351A7B4E995271D41D88960"
".internal/evidence/script/sr3-event/one-page.csv","F9B873F20B16EA245EFF51B412C9732314507544203540E9409A2D2DF8864969"
".internal/evidence/script/sr3-event/one-page.json","D9C3D75F4FA007A55729D0C938F4255E8B69919AD8CBBCD7ADF0A9E16BDA2DA5"
".internal/evidence/script/sr3-event/remote-verification.json","E35E50A3D7F08CFB688713630366D163CAACD8BDC24839E0CFFB19127A13F816"
".internal/evidence/script/sr3-gate/README.md","3DF24CE86F367F15CBE12B12144248F0670BDD60B2420AB78569A115A2D05EFD"
".internal/evidence/script/sr3-gate/SHA256SUMS.txt","C5FFA2D05C17BB94F70C4F36CE576F4C27BF050846A9F3BBA500252222E26138"
".internal/evidence/script/sr3-gate/SR2-correction-evidence.zip","DBC3794A6BEADE51549E312D8C288A1B31462F53160B453D9F216D4C6DD963AC"
".internal/evidence/script/sr3-gate/files.json","2DA200E20867BC8ABC30D74902ED8E37F77803F267E812FB1120B997DB15C619"
".internal/evidence/script/sr3/README.md","681F0C4927C7E55F9753E9B24618E73F0577EB292BDC114CC0CCF4B9206046BA"
".internal/evidence/script/sr3/final/SHA256SUMS","29AE9164263777C7AA6A45BEE487B04E2C3EB0FB2537A1C1CFAC26671D2E8747"
".internal/evidence/script/sr3/final/SR3-raw-evidence.zip","4FB6BB7CE42DE5A78C818D9BF4832D786CED31C57569C9431F0B11A08E721A71"
".internal/evidence/script/sr3/final/additional-checks.json","849254C9B422FDB7AABF5DDFC9A2834B90981CFAAA3EAB4639729BF19C3ADFA8"
".internal/evidence/script/sr3/final/identity.json","B2BB78902DBB1F0C5F12EAE5C94F2D7E0880D7C5B66355E5399C1DEB4F8E11D7"
".internal/evidence/script/sr3/final/installed-link-closure.json","B6107B8A0DF47EE473857332885D134619B428A83E1F05AFB8306FA1CCF89AA0"
".internal/evidence/script/sr3/final/raw-files.json","2FB23EA34D23FE943AC578E71B782599698B86BD9F8908B3D3F847350F6A28FC"
".internal/evidence/script/sr3/final/results.json","35F53A2CC9D0761988ED2E6A4A39964EB6159E63A28BBA6DF2746A8F69175E22"
".internal/evidence/script/sr3/iterations/SHA256SUMS","E54F13496DFE81294FC99D38610065845870AC7DB536A224E61940E26657D77E"
".internal/evidence/script/sr3/iterations/SR3-raw-evidence.zip","74F7E0180BE1EFC02C6060839E8F83EA58900ADE14BA61EBA881391F4E9FE0EF"
".internal/evidence/script/sr3/iterations/identity.json","F22B72D682FA310B018F55A8C39EA94F0102D123F8FEE40BC2616A3747D3F7F4"
".internal/evidence/script/sr3/iterations/installed-link-closure.json","B6107B8A0DF47EE473857332885D134619B428A83E1F05AFB8306FA1CCF89AA0"
".internal/evidence/script/sr3/iterations/raw-files.json","7C2CA2303B54BAC28DF7C0584CE406305BB1E997F2D4DB26C884E7AC5E174F13"
".internal/evidence/script/sr3/remote-verification.json","89DCE5A3144C9A58E833BE8A0C0A26CBEEC5EBA991085F94D4C1EFB334C5CAAE"
".internal/evidence/script/sr4/README.md","02C1F1AB3224BCB429227B14115BC60EC52E3A9212AC828F337C2336AE86E7C8"
".internal/evidence/script/sr4/final/SHA256SUMS","24975F21EB2335352B58A2EC83A7E3017734AFA9C0F8110141310C119B720B41"
".internal/evidence/script/sr4/final/SR4-raw-evidence.zip","68F84E711E9AB8DBD52A54D8D294B79E6FF876A299049865C337297594DB17E7"
".internal/evidence/script/sr4/final/identity.json","7AB697F1CECD11269BC4A50FDBF1DACC61D794DD9FD6482B2007194C007656B8"
".internal/evidence/script/sr4/final/installed-link-closure.json","51847E1642B9E49EDCF21EC470AEBC7AEF8EB2E4CB13D2146C10E82C9260E42D"
".internal/evidence/script/sr4/final/raw-files.json","B380796CFCA222D068A18C2538E9D50421FD9E9C59142AE60E6FF66C1026EDD4"
".internal/evidence/script/sr4/one-page.csv","8954BBBAFCCDB04DB0273FF386D316FF29A7C5BB4FE956CF52AAE18CB1A3AB6A"
".internal/evidence/script/sr4/one-page.json","7B2A2417933BE84158DC842E7385BC14EB9C34DC4D93ED3D50E769A0721E6132"
".internal/evidence/script/sr4/remote-fetch.log","6004BC40EE1EE1E8C192C05E756002F17F673C763B3CB3EEEF63B509EF2097A4"
".internal/evidence/script/sr4/remote-verification.json","EEC6FC275A3376A517D369774E2047C358B16633815FA2A708D2174FE237C8AF"
".internal/evidence/script/sr4/verify-remote.py","EC19426C63493D2F349E643D282873586F6743B7BC83DCE6A4C685AA15DD17B9"
".internal/l1-l3-baseline-cleanup-and-topology-convergence-plan-2026-09-01.md","0FE3036A734B0F9C52EF58C4AAD506C1425B249EB0D9926FDD7862FEC5863E89"
".internal/l1-l3-final-convergence-evidence-2026-09-01.md","4801F6B9FF71BBAC7F7AF176C4BAA0DE02843747D64460C2DD69D1E6F2C99DD8"
".internal/l1-l3-final-convergence.md","D011540B52FCA7FBAC79D44AE52CC7DE584A715733F0F7887DDFF6F247F056E6"
".internal/l1-l3-post-cleanup-baseline-before-2026-09-01.md","55E0B3B1B7B467730996FBE3768649F696F3AF7FB60BEBFB00E73BB51730A118"
".internal/l1-l3-post-cleanup-convergence.md","E4109FCA489CF8CB743B28FD37F0F97E4C73B3630EA4B8E93DB4D13BC4C65CEB"
".internal/l1-l3-post-cleanup-evidence-2026-09-01.md","D23E5BFC81EB3F04BD06974AF20F8B977417B1B32F570193D8EC5F3AD3A7B9DB"
".internal/l4-toolchain-before-2026-09-01.md","98ED68277C9703671F420B1921CE9AD6F6EACEF2216B409C0FDC3C04FF6764A4"
".internal/l4-toolchain-convergence-evidence-2026-09-01.md","3B3BDF617C85E81E75425797DCE20B9BD7E2F126C5E6D55EF78E8DFBBA3082A5"
".internal/l4-toolchain-convergence-implementation-spec-2026-09-01.md","13391DE2A1FBBF21441AD2759DE44B20FC4D971EBD95C5A97215CBD7947A9721"
".internal/l4-toolchain-convergence.md","046FC6940E3AFCC62C64B92AD046B44C7616AEB279831933A29FFC0CF0D5E373"
".internal/l5-v2-foundation-evidence-2026-09-02.md","9153C23A598FD98476C9ABC28E82C567D66903242753744CA74E8CD9E6196447"
".internal/l5-v2-foundation-hotfix-evidence-2026-09-02.md","2511CDAF743C9B97AD79D3973ECCD7A81BFD39846BDC96841BC9D6D016D9BBC6"
".internal/l5-v3-script-hook-migration-inventory-2026-09-05.md","C5E26606B4F80C58089C763F4956976D0E7DC29B68C355487B1469F74D44D831"
".internal/l5-v3-script-pb0-performance-baseline-2026-09-03.md","77A2F26E211C35ADD396E158B66F17FE80EB713D873F704FA99CC31BDA5AAFF3"
".internal/l5-v3-script-pb1-flowforge-performance-baseline-2026-09-03.md","E77501CA4F1E1E4677C1BD7C09035A1BCC0B211060EAB76A58E1B727CDCE2C8F"
".internal/l5-v3-script-pb2-lua-performance-baseline-2026-09-03.md","6AAA59F850DC96811C59CC6A1614D218914E88FA8E9D2E30ABED7AEEA94FC391"
".internal/l5-v3-script-pb2p-lua-portability-performance-2026-09-03.md","4DCB44BB3140AA97306E82D92BF85497D738959B577880FF4EA79796EB671FD8"
".internal/l5-v3-script-pb3-complete-performance-baseline-2026-09-04.md","76CC208DE16817C18F1D0B319BC845EA1CD3DF27FBABEA58914408322F6A7C57"
".internal/l5-v3-script-pb3-event-language-subset-performance-2026-09-04.md","143E2E8F67CC40754F0950D1EB1EE886DB07A822328A97429A886BAEE1CEB298"
".internal/l5-v3-script-s1-qualification-evidence-2026-09-02.md","C311600B26DC3D19A93FDAAC31550452AB11F7D1809F89717C96FB34F3943773"
".internal/l5-v3-script-s15-hardening-qualification-evidence-2026-09-02.md","A93208F71ADB4535C49A131C00F3A4507E7573518D6E9E9C565B2874672A5B65"
".internal/l5-v3-script-s15-qualification-evidence-2026-09-02.md","10AF726AFAEC9D8A068CC91D5E2C8A978BCE2DB3CE02EA2E414EA0E907FE4052"
".internal/l5-v3-script-s2-time-qualification-evidence-2026-09-02.md","580807C4226E1FFFBD29168F199477B5DA9E37A093283FE718343BD8BAB1B711"
".internal/l5-v3-script-s25-object-lifecycle-qualification-evidence-2026-09-03.md","A09776B723A68D31D24A2EA662081E68ACC635AD67DE900EF21A7CE80E56ACD9"
".internal/l5-v3-script-s3-flowforge-coroutine-qualification-evidence-2026-09-03.md","6F68EA96E9B88E142FEBE5D5720A632CCD87407476BE9DD6027A78712A304556"
".internal/l5-v3-script-s3-hardening-qualification-evidence-2026-09-03.md","B9398ED39E21082F3C88B35B3228BEE93496C9B7841A0FECBA9F8DEB899ECAB1"
".internal/l5-v3-script-s4-lua-coroutine-qualification-evidence-2026-09-03.md","AB8C6AA7232A1D0F312B90D474747B47D02B4E48F3914439290513E26EF52F5E"
".internal/l5-v3-script-s4p-lua-portability-qualification-evidence-2026-09-03.md","7186E104E6B0A9C462234F70C95096CC1843F4E4D0C63F5BDE6B1A5D4CF8D0F4"
".internal/l5-v3-script-s5-closure-qualification-evidence-2026-09-04.md","11BF8CF7289AB8A5E8B8DDE1093BA9475FD45765CE472CF5B5EF8CEAC1486371"
".internal/l5-v3-script-s5-final-qualification-evidence-2026-09-04.md","DADEC1294B5F45E794FFA3CA6E34CC8F694DC3907606B843CF415A2BF3E3AED7"
".internal/l5-v3-script-s50-event-await-qualification-evidence-2026-09-03.md","AEF8DB0B1B05B6EB365A4CB539790C977EA35EFB19EDC27353229DCE11D34CE3"
".internal/l5-v3-script-s6-codegen-closure-worklog.md","A0572DCC17BAC5B2FF6A6CAFA1E24494C5F621A076274F0D33B6A0B2CE9AE27E"
".internal/l5-v3-script-s6-deep-optimization-worklog.md","AA9A2C1ABA0361A3AC421B81FE94A917C68FF1B715578D4D3311F24910F91F83"
".internal/l5-v3-script-s6-dependency-audit-2026-09-04.md","AB0D6E70480B3103B9C8480A9E1E08A8E61F16CD91ADF638EA431BB27FA0925F"
".internal/l5-v3-script-s6-final-closure-candidate-evidence-2026-09-04.md","00EE4CA26A29FABB45BBB8A277A6E47C4F53FB0B7E49F5A1D17210DE8E098639"
".internal/l5-v3-script-s6-final-dependency-audit-2026-09-04.md","C61C6B2E9EEE416AC66D7B71181125CE3B8DDBFD260E77F43618428A227FCD6F"
".internal/l5-v3-script-s6-final-performance-closure-2026-09-04.md","FBA3D8CE53638915ECD610BFDA2567C0D057F251D5A624A3183E75D5C35BC303"
".internal/l5-v3-script-s6-framework-freeze-qualification-evidence-2026-09-04.md","187FA32CDAEB3F8917A4C9DBC06C968EF88FB7822D2808C168C46876D677FE26"
".internal/l5-v3-script-s6-hook-channel-performance-2026-09-05.md","E51AB26CDE7C5BBB99D6945B1D8CDF3F45CEA97FDA4E24760A544617E26FFE6C"
".internal/l5-v3-script-s6-hook-channel-qualification-evidence-2026-09-05.md","6FB8A4393D533077C950EB516A51E19AAB52D637D19D6CCC98B402D30B0634DD"
".internal/l5-v3-script-s6-performance-baseline-2026-09-04.md","46BECEB72AAA26B44C531B36508F1430F56265F1DE5F91D4A08CFAB3627761EB"
".internal/l5-v3-script-s6-v3-implementation-checkpoint-2026-09-06.md","0F398044E4F93D109A717667F239FD8558C95BD6CB99A871B095E05FA079B560"
".internal/l5-v3-ui-inspector-presentation-final-closure-evidence-2026-09-02.md","C4D14353194892F01E0AD116BBFBD066F6B0827C8103955C08A9E9A46D2CB0E1"
".internal/lux-engine-l0-l3-baseline-v3.1/00-l0-l3-master-implementation-plan.zh-CN.md","0579AF52DF98DF8C44C305172EF5F15A89E6BA96A8CB599605BCFF6CD7D93D0B"
".internal/lux-engine-l0-l3-baseline-v3.1/01-l0-taskgraph-dependency-list-prerequisite.zh-CN.md","2D4328496461B75D82C304134634D50F34468D74FD6EA494782C904B1B2A41A4"
".internal/lux-engine-l0-l3-baseline-v3.1/02-world-description-v2-storage-implementation-spec.zh-CN.md","24760373304E4D1A4A2D8BE7D896B6A481F5668C9E845E2EA8F52B5A593598D4"
".internal/lux-engine-l0-l3-baseline-v3.1/03-ecs-double-precision-component-decode-prerequisite.zh-CN.md","7AFE4637B490C00810CB10A68E74AA1A29DEBC315A2EF5818E88B33FE824FE90"
".internal/lux-engine-l0-l3-baseline-v3.1/04-simulation-system-registry-runtime-implementation-spec.zh-CN.md","2F8A2D5A5F01904B62E1373BA6C52C4376789FC7140607D4C044FDC0185109BC"
".internal/lux-engine-l0-l3-baseline-v3.1/05-scene-core-description-runtime-composition-spec.zh-CN.md","464F6189F71D03495B157BD7CA2886B2040104F3774444831664DBC4E1F88E19"
".internal/lux-engine-l0-l3-baseline-v3.1/06-scene-runtime-world-process-materialization-spec.zh-CN.md","24C68F18719DF2E8135A0D023AAD35B3BB1665492AFBFE63116C19F59C37B1BE"
".internal/lux-engine-l0-l3-baseline-v3.1/07-system-luxobject-streaming-resource-protocol.zh-CN.md","740BB1C606A594EF64F6CF85274DC968DB9E34EF83F979CDD58546AAB8398D40"
".internal/lux-engine-l0-l3-baseline-v3.1/08-engine-asset-residency-design-hold.zh-CN.md","1BA6DB534786CFB1D68F9153C60C7797D653838909A18A281CBEA5B41BD6638A"
".internal/lux-engine-l0-l3-baseline-v3.1/09-runtime-execution-lanes-presentation-render-contract.zh-CN.md","4AD5166ACAA361BF209ED15D087490714D30D7EFAF27A8B0B77D6DD7FA3043B0"
".internal/lux-engine-l0-l3-baseline-v3.1/10-topology-cmake-architecture-gates.zh-CN.md","09DD291028D9606E0CAD2DFE7DD699C9D1EC4ED92411B8316AD6973EE6054053"
".internal/lux-engine-l0-l3-baseline-v3.1/11-architecture-probes-3d-2d-pixel-robot.zh-CN.md","C5A4F64D73665E7E78A0E726ABDB322D06A5B4B97D638E543F78BD7D919CF4BF"
".internal/lux-engine-l0-l3-baseline-v3.1/12-p1-backlog.zh-CN.md","EC067F0705DF096932AA8522509E24E5F336688E31676638627C6A7ED0EE6B07"
".internal/lux-engine-l0-l3-baseline-v3.1/ARCHITECTURE-GAPS.md","B531A1FCE6948CE136E9F08F20660CCC50BB15F6CE4EB20C723A12CEB4BDB31C"
".internal/lux-engine-l0-l3-baseline-v3.1/MANIFEST.md","C1E4439343D45325FCE3956800C50DB74355798CE1CE8A4D627532F910562E07"
".internal/lux-engine-l0-l3-baseline-v3.1/README.md","F05E03ABEE2315CD1B716B61211483FF69427C539F0689D95269DC2ABE60C5DE"
".internal/lux-engine-l0-l3-baseline-v3.1/REPOSITORY-ERRATA.md","74D0AAC58A39B81031976D2D33ED2121B79C8C3AEFF2D4CFD7E1B9403C068F3E"
".internal/lux-engine-l0-l3-baseline-v3.1/evidence/asset-lifetime-barrier-a.md","27218BD0851E43C8AF1633AC90BE95F600FCE68A8750547D770AE587B51208F9"
".internal/lux-engine-l0-l3-baseline-v3.1/evidence/jolt-l1-qualification.md","B8DD5B32A90555FD5D6ABFC6AC2BF0AE9C8FEE523690F6C89AC5AD915454AB0C"
".internal/lux-engine-l0-l3-baseline-v3.1/evidence/l1-l3-render-lane-qualification.md","22F17AA50213F4C2C02F6C14E5E3C9F4A20F51E197CDD4FD3011A0D3311EE80C"
".internal/lux-engine-l0-l3-baseline-v3.1/evidence/l1-l3-runtime-foundation-before.md","B46BC6C23BD74CCD28174ACBC4C96DE2EA851591EA7E3B873F3EB9775BF95CD8"
".internal/lux-engine-l0-l3-baseline-v3.1/evidence/l1-l3-runtime-foundation-qualification.md","DF1BBC3E1F9CB83F99E197E60859EFD9B1C81C986991E884BE02277E73347C6F"
".internal/lux-engine-l0-l3-baseline-v3.1/evidence/large-3d-scene-performance-2026-08-31.md","C9350936E1B1F7C7EF6705B2E1B1809413B7F621ACBE3D2B35E543FC4E1C6A2D"
".internal/lux-engine-l0-l3-baseline-v3.1/evidence/phase-00-before.md","BCB80121189DCDBBDC620842B8D77304393DC99E333C3E89D4F56DA6F59DD8A4"
".internal/lux-engine-l0-l3-baseline-v3.1/evidence/phase-02-03.md","6379A0FC4C58C352DF3F84CDF86F31AE687AFF87DF559CB3EE4008F3FE0BE6A2"
".internal/lux-engine-l0-l3-baseline-v3.1/evidence/phase-04.md","EE7DE73956049E8D62AE3918B0B07BE96357875A610EAD60B69F86E542E64869"
".internal/lux-engine-l0-l3-baseline-v3.1/evidence/phase-08-1-hardening-plan.md","4939C37C1B9970C9423B3A6AAE6E306BED3CCAD1D3108F12902CA05350C3E9A2"
".internal/lux-engine-l0-l3-baseline-v3.1/evidence/phase-08-1-qualification.md","A1385A749936A1C959F47F7B7ABA96491D931C59EACAA88F98E09CFE30027AD1"
".internal/lux-engine-l0-l3-baseline-v3.1/evidence/phase-10-barrier-b.md","EB8CA7DBAE0E70BDF8E18B7C8A29806359E886B7FDB82D423B5D5ED289215F07"
".internal/lux-engine-l0-l3-baseline-v3.1/evidence/render-extraction-pre-freeze-closure.md","40CD6ED5634971C8799C754D9DC002DDBBA912AD019A581DE6B110E0136B8AA2"
".internal/lux-engine-l0-l3-baseline-v3.1/evidence/render-lane-qualification.md","F223427A0C5D49670DB8B6DB95CF99E34041D63BFEF08343B34B9829DD6DE2BD"
".internal/lux-engine-l0-l3-baseline-v3.1/evidence/resource-model-toolchain-qualification.md","F4BEF4B9E4487DA4546C0A572D4EC8E41EE3391C05A83E0FAEACFAE83A0DA7D4"
".internal/lux-engine-l0-l3-baseline-v3.1/evidence/spatial3d-preloaded-qualification.md","EEF896213D3C525C30BB4CD370A3C82E3981B0E66584E3EB6042161B4FF872D1"
".internal/lux-engine-l0-l3-baseline-v3.1/evidence/typed-asset-before.md","296CEDA2B325646F6B07C92E1B7682C24B09ECB70BF7FE8B5E995830082A9C65"
".internal/lux-engine-l0-l3-baseline-v3.1/evidence/typed-asset-transform-qualification.md","EFBFDC6F68FE5344A20ABD2E8572283F15ECAEC29E690E2505F8C3A3321CFA87"
".internal/pre-l5-foundation-hardening-evidence-2026-09-01.md","15324BFA7B896AD43E3C8A51463489DF3B8699C9AF60B6396749F28FF33B645B"
".internal/pre-l5-foundation-hardening-plan-2026-09-01.md","3EB5CE26F70ACDEB62C1B852D30C0CF87BE7DD9C9286BEEDD594274901A537F9"
".internal/s6-test-pruning-2026-09-06.md","06C197667E0C9C43B4F953C41F53CA909B51044B62BCDD7E0336191354FD4167"
".internal/s6-v3-resumption-state.md","6141DD30AA015477EAF913703C882CD2DBCDBBA9468F41B7D5BE47A26DB4364C"
".internal/script-system-sr1-design-2026-09-06.zh-CN.md","8E2F2F165C7897C100620435F9A1F2E75EEA627C823136ABCAB1E49B3E6A952F"
".internal/script-system-sr3-cost-closeout-2026-09-07.zh-CN.md","49AF76D17C6618F71D9B9912E864229DA7276CB80228F1639DCD3A4CACEA493E"
".internal/script-system-sr3-event-closeout-2026-09-07.zh-CN.md","76DC708A73496B09D3ACDF918A4029B10B6C068C2C2E24E91EC1FE761D5C419C"
".internal/script-system-sr4-closeout-2026-09-07.zh-CN.md","98B83D9C2CCBC8CEBA2CF146C1589A2221435A3CD1D50128E1158B3E2400C551"
".internal/script-system-sr4-implementation-2026-09-07.zh-CN.md","6A4770294FD1910AB588DC1F41DDC266D37BBC16202CC344FAACE9A76FAD1660"
".internal/workspace-consolidation-2026-09-07.md","C0939630048BF1FE9A75F60123C973FD9FD4252D6F6837B00130BC3A7397A837"
"AGENTS.md","47E1A05D6E8763DB635D908F15E4441CC8BA3DA2D15F2E721C36659CD62BDEFD"
"CMakeLists.txt","B7A1C0E15BA602F76A962AAB26E2A1B251C5763D69E057D3B0936F6D13B24047"
"bootstrap/lux-manifest.json","625567A84C9D2F0387AD35123F80B88503E86889E7BF246FA4B0BFA830BC6B6A"
"bootstrap/lux_build.android.json","71C25D4DA4F77106994D62B22CFAC583ED6B3A876B01A682B8D48D71EB359683"
"bootstrap/lux_build.host.json","2E686C7F7EDE0EED4724035897B6726CFC98EEF6965101D071DEA14A4E420E2E"
"bootstrap/setup.py","C5235454D0D55010519F6A3AAD35A00BFC7E786165BEEDF845A0AD630837BBFF"
"cmake/ArchiveScriptBuilds.ps1","FB9902A0E554018E0F1B7C7D0D69B5204A492AC9B53646C69C51F4E25DCA21F7"
"cmake/BuildScriptEventBenchmark.py","D631E8644A4A8807D1305164A273FF62E112854C1E82C41FA13F314DA85C7CB2"
"cmake/CollectProductBaseline.ps1","5577119B6301541AD35827CB24CF6BC078AFC900B289B2B2515E18F6BCED5238"
"cmake/CollectScriptSR3Evidence.py","97D7065193DFE084E9F468C89303FAD4EC7F1DFB0B6E7712348F46BCDF73B325"
"cmake/ExpectProcessFailure.cmake","381149E722112A12400938DDDF9E1CCAB0A869124B5103A67BD334BDD93B6072"
"cmake/ExpectTargetCompileFailure.cmake","CEED54AF7CACD9111322272A19DF04927DE4EE40D9F6E2A9C105D6414D907B11"
"cmake/FindLuaJIT.cmake","4C72B20F6C6F0865A66BEA2BC2E51EE13AE0DB823CFBCD9EB5EB9FFD7D70B30D"
"cmake/HostTools.cmake","EEF4E5F4E26BBBB2FBDD0EB7B9774E24A14D26562CE555E21032683949021078"
"cmake/ModuleLayout.cmake","E09BF644067BF71EF6320C464849DF1CCF198348A92A0A16032C7CE9FDC8736D"
"cmake/RunEditorEditingQualification.ps1","9CED6725A231E33F86489F1C9C11881F08D256C6F05FB8978F115035DDF50ECC"
"cmake/RunEditorEr1CostPairs.ps1","4944A7ABAFF8F8F68469581A4C1CDFFB4023DF9D4C3330A8468434F3CCDFA137"
"cmake/RunEditorEr1Qualification.ps1","F135822041C526CEF8EAC34E09F0515B29E5324B9BFC36BE8679250B2E583997"
"cmake/RunScriptHookClosureConsumers.ps1","3058D001EE7151F135E1D9B94E1BC932A3C07EDAB45932DF817CF1FABA748B59"
"cmake/RunScriptHookClosureQualification.ps1","09CED424842DCDE7EBE111EC3BFAFC70C198A856D9E64ECAC3CB3778660C54DA"
"cmake/RunScriptSR2FlowAllocations.py","471F31C894B4A91E7F1CAB2A585EAB6F690F864EEBC11608CD1BFCE2880A2277"
"cmake/RunScriptSR2Measurements.py","08CD13D8071B4B254346BFEDD30D7A1C46D5BC2E0157231D0A88AE56033B7EFA"
"cmake/RunScriptSR2Probes.py","CB9E5F34EB611D61769085DA104CAD120107E985E0B61ABC25FBC67E0D200AA6"
"cmake/RunScriptSR3Scale.py","822BC24A0587FC6AB76EDA17B35EBC9E7232A10D62170E342CB6CF89FA27C96B"
"cmake/RunScriptSR3Validation.ps1","AABD28CB03415C902626A02E9A9C6285C16639F7DF68DEAA559C6D48055C4F1B"
"cmake/RunScriptV3Consumers.ps1","BFFE4C24E2D030AB6BB83F14A78CB1E53034FDDB76AE42A56BE42B2536DBE1EB"
"cmake/RunScriptV3Measurements.ps1","E37546E34EB543A5B3A4A13D7D5CACA600DE1D8316E697E100EB246C98E77FE0"
"cmake/RunScriptV3Qualification.ps1","FBC8BA6B49EC6F6484A89669D8E426BD6AD63DD6D4EE0F9B9AB4721DCBCEC748"
"cmake/RunScriptV3Supplemental.ps1","5BB92ECA8396EA982234174DDA27C3068FA3EA4E3250F8922EEFFD8CCF880508"
"cmake/SampleScriptHotPath.py","31ADC3795B6A0B50A414A554A1AB80608A0AFB7E5D7FDCAD18297F5ABC8051FC"
"cmake/SummarizeScriptCost.py","52117E93F752CAEAF0A8F617247AD7EC718E05E0908C2DD75A50B8AC7B83743A"
"cmake/SummarizeScriptV3Measurements.py","B9134EB2E168278E6BC1291825BA742328088BBE38DAF2B5BA171CFEC244664A"
"cmake/TargetArchitecture.cmake","D9A31C3E8D0ABB002EFB5827B3C747CB4A82408E90BECC31E71CBB68C5867EF0"
"cmake/TargetPlatform.cmake","4B21477006279950EE97E45092934FC0C4D2F762DDB9CEB7D4F32CD72F35102D"
"cmake/TestEditorArchitectureEr1.cmake","2576F0784A911A82901AC06BD5855A55D9168B02B02FCFD8367096319A656F89"
"cmake/ValidateEditorArchitectureEr1.cmake","87445EBD50F12D66AD1CFD2D22B2449BEDF070E9D3843897891BC26EBE493585"
"cmake/ValidateEditorEditing.cmake","733E56AECB55900D2F583B93F73AEB5D38D2A5C72AB7ED98D18097C45F06B530"
"cmake/ValidateInstalledArchitecture.cmake","347C4F2CF9D9D5F566103786EC1C772F3229261D68CB1D71FFA82D341C89322F"
"cmake/ValidateSourceArchitecture.cmake","698333979C50EC23A36CB841EB01AB4EE1B3A3692B6862CA4132DA7CDEB478BF"
"cmake/ValidateSourceStyle.cmake","1056D08A32EB88AD72D43A518C0EE5F33C20FC2124EA9978CDAB558FC19CA7B5"
"cmake/ValidateTrackedSnapshot.cmake","DB260A81C769820A5502FC7BD690EE8C05354309928D5EEBC2A1297D4634BEAC"
"cmake/VerifyEditorDiagnosticIsolation.ps1","3DC9EC4A721E706EB8910A5E6F6F28B4EEBC2BE423CDAEBB7FA147D2F3532A8D"
"cmake/VerifyEditorInstalledModules.ps1","EAA934FCC7D23728A37103D9184153D868E822D2324F4753093E1513807277AD"
"cmake/VerifyEditorSceneReaderRegeneration.py","DBAD68CEBBC6E8E5E178B389C440F3F8D840FADC6A3978D6A9AD5DADDB4B2858"
"cmake/WriteRuntimeDependencyInventory.cmake","FA7F5D5AA3BCA10E8E2A4F7C5452297E25EE84DCA35DADDE66E5F7AE9BCDA4C4"
"cmake/diagnostics/EditorAddressChecks.cmake","DC3BD93C3A2E3B35D8412EE7FD63C682420DFF067B3C3719EFBD46B1E3BC4643"
"cmake/diagnostics/EditorAllocationDiagnostics.cpp","8475C8EB23B04D6F7469BDEC11E286316603121FC01DBE566D85FD6CADBC2060"
"cmake/installed-consumers/core-task/CMakeLists.txt","022A7777C3C49491CBF730DADA1046CD176F3765A3DBCE03F174FE32DBC17F05"
"cmake/installed-consumers/core-task/main.cpp","033093F7A8033F4283CE0AFA409DDA492FD51FCED60E7B3A6D429C5AFFC82F90"
"cmake/installed-consumers/cpp-coroutine-script/CMakeLists.txt","3AA41D6750CC6AA5475EB7999784984455236EC6A44A1B7E84A204A05B4C1415"
"cmake/installed-consumers/cpp-coroutine-script/ConsumerBehavior.hpp","81433D17926EFCD80F5728F548BD87D70B26C308A6961AC8E212AF91682D00B5"
"cmake/installed-consumers/cpp-coroutine-script/ConsumerDomain.hpp","94286087F77AEA56BF0B38C890D74E2C50B08B078D5A4CCB7308617CFF289D90"
"cmake/installed-consumers/cpp-coroutine-script/EventSchemaWriter.cpp","99DF78F22617DFAC50EB4B62ADE8A9D7CD3CD274626605EC14178F3875E1D878"
"cmake/installed-consumers/cpp-coroutine-script/behavior.symbols.json","48FDAAD2C4D732E848EBA23FB753336F72268E893655D2063F01EE2D6A132F08"
"cmake/installed-consumers/cpp-coroutine-script/main.cpp","A34D0891F967F8390A233654A7023950447FA3481507C94415C617F884D385F6"
"cmake/installed-consumers/cpp-generated-script/Behavior.hpp","7D2087701FA092B914D5783D53983F69BD5D85BED20C4F5B8A5A4146992721F0"
"cmake/installed-consumers/cpp-generated-script/CMakeLists.txt","9CA2CC04384E061F99F768313A00420E48DF14F7EED9D713F757988813674657"
"cmake/installed-consumers/cpp-generated-script/RunIncrementalClosure.cmake","232B87C02C1BBE8CCBC4FD5F83323D805DC77E93F4ACE62D373467E21E49CFC2"
"cmake/installed-consumers/cpp-generated-script/behavior.symbols.json","207E2B20017CCFD3E083589A9FA5D7467D174618A6D458091C750228D4DE359A"
"cmake/installed-consumers/cpp-generated-script/main.cpp","5A9083FD106B3976EC9436A7B7A2AB60F1A3D18E53653EEC3D526FECC653BDDD"
"cmake/installed-consumers/dedicated-scene/CMakeLists.txt","1909A5DDD760DEA585916F0A2B1918521EAB47C1F5CC501F24F6A5A10CF980D2"
"cmake/installed-consumers/dedicated-scene/main.cpp","9369DD147F7CEF187686D1A5B37FB4F8D6D59F2239E425580D967738F00162F3"
"cmake/installed-consumers/editor-editing/CMakeLists.txt","F778C6CA8F93A11F5DB0E5B5FF4EC917510B4D0ACFEB7A50F02545BE8B538FB5"
"cmake/installed-consumers/editor-editing/Consumer.hpp","0178A97016489921064FC05422F6857B688D0730D81983207F25D381D315C049"
"cmake/installed-consumers/editor-editing/Context.cpp","7D4A85AA025E578D6613C891399F26875A15C5C8DD5C418BFB7E38C081782A79"
"cmake/installed-consumers/editor-editing/Records.cpp","4E95CCD1A1030767DB77BDCA0D5F4E178B2BE256465CFC98C26B68EEBD790E66"
"cmake/installed-consumers/editor-editing/Text.cpp","234865756FAB761B69CFF10FA1F00425F443AD4FCA120B025A05755BF582B8E1"
"cmake/installed-consumers/editor-editing/main.cpp","999824C9A98FC8DC868BF86A5CC66889AC47BC1E5998CAC253CF02D6E2769729"
"cmake/installed-consumers/editor-scene-readers/CMakeLists.txt","F32043AA7161AF471AD375B156F1DF8FEBF9D7553E25154E29FCA1046A52B77E"
"cmake/installed-consumers/editor-scene-readers/Plugin.cpp","6DBCDC097F5F4F95D282311C45C5608FEDE1DFBEEE453DDFF09EDA1795F77191"
"cmake/installed-consumers/editor-scene-readers/PluginApi.hpp","063AE497D5ECA0D3B4793270191F16850587242E8D3139CC7C52B154C051011F"
"cmake/installed-consumers/editor-scene-readers/PluginComponent.hpp","40611672DC2E567AF37DFBD865DACD871A614138371F82D355F06EBDC127260F"
"cmake/installed-consumers/editor-scene-readers/main.cpp","8917F4D805D44F7888DF95B1771502EF598CEEEFBE8D766D6C5B8B87B2904C51"
"cmake/installed-consumers/editor-scene/CMakeLists.txt","FEFC66526172AE2EA98BF94E7E3C72BFB48F7BE0788C2D4EF3AFD9CCBCDA67F9"
"cmake/installed-consumers/editor-scene/main.cpp","9817C0EB6E9B925D9AA571E6211FF76E879D91AE16E758BEDFC67CA829D841C4"
"cmake/installed-consumers/editor-tooling/CMakeLists.txt","7A0E83AA46331D61ECAE21029AAE864965F85000219FAF1ABE1F5FE105E9CBBA"
"cmake/installed-consumers/editor-tooling/DLLTool.cpp","BD80672D324335470C21965F590C8D4194431655872B468894FB0B555C8D569E"
"cmake/installed-consumers/editor-tooling/Tool.hpp","71EE9F3F8A08A96AEF47A815D5B74D7C28614D62E5DD790B8BBA23C6553AE778"
"cmake/installed-consumers/editor-tooling/main.cpp","EA8FF567E1DD701340E46D5DD3043CC3AEA7F5458EFFE8D33249107FB82FB6B2"
"cmake/installed-consumers/editor-ui/CMakeLists.txt","80879AD5D3B0380701D00B408F6E98AB34701407BBBBDD8C6C1FCBCA40A00D5B"
"cmake/installed-consumers/editor-ui/main.cpp","23182D038BECDAFF90974A50FF52DEB6CAC7A345024B025E9EA6590605476FB3"
"cmake/installed-consumers/flowforge-compiler/CMakeLists.txt","B7E6CB1F7A1F10C31D00BA6F043D05C695609181F918DABDE022DCE14D1AB288"
"cmake/installed-consumers/flowforge-compiler/main.cpp","DA7927A75E3B3A7D5414E90581A5DA67BFCB2DFC38229E7A36A36CC7512DA250"
"cmake/installed-consumers/flowforge-model/CMakeLists.txt","A21E915D1AEB7B5914D268FD610C1503BA91D868BF7C404382CFD0FAF2B55165"
"cmake/installed-consumers/flowforge-model/main.cpp","B2B0C30E6AA65501E42A180527442C978289A3531955245AE9ABA7AF6653B5D6"
"cmake/installed-consumers/lua-script-packager/CMakeLists.txt","A049ECF5361BB408AE8CF97F3BF019EED35185121EE7AA5165B120C6D69C4B7F"
"cmake/installed-consumers/lua-script-packager/EventSchemaWriter.cpp","0B1556AA1B79AFDE4860BC6E3C0B0CA9CD070A59B4166C3E5545C6AFF55F71B3"
"cmake/installed-consumers/lua-script-packager/InventoryAbility.cpp","112BF76971D7360BF19F0B5E793DDDCA67E9F5FCAAF65AC262D097B6F991C4A9"
"cmake/installed-consumers/lua-script-packager/InventoryAbility.hpp","2BA3B37465EFC74133C2C027235FFC9900D84027C06BA7134897ACDACA1BA088"
"cmake/installed-consumers/lua-script-packager/InventoryModel.hpp","AE4224399B13C21E5CE371B7868171909E8CFDA9F766597E707E3F6A1C366323"
"cmake/installed-consumers/lua-script-packager/inventory.lua","3F4249BD24806CEF16D996FE84CFB8FD3DAADC66D72DA08F6F3F40A4CF52B4BD"
"cmake/installed-consumers/lua-script-packager/inventory.symbols.json","77401F10FD6FF56BC99A439E2E787E7CA9B3B3C30B7CA5A1815435316843508E"
"cmake/installed-consumers/lua-script-packager/main.cpp","FF1F3117821346C140EEB8FAAA1CD360BCB2F228C11A1A517B31EB5E09D815F5"
"cmake/installed-consumers/physics2d-script/CMakeLists.txt","B7414EAED79F0E2FB3620A0B400B3C987FE0CC17FF0B8599060D14411AD2C540"
"cmake/installed-consumers/physics2d-script/SchemaDeclaration.cpp","069FF0AF82ED34AA1088C3085F799A9A34B37DB36758E2706E41B159FE0A21CA"
"cmake/installed-consumers/physics2d-script/main.cpp","28B49A725CCEEE9C4BEF231D952BF26D59CEEBF24DDC097A4C9A81D23F86BFFB"
"cmake/installed-consumers/physics2d-script/physics.lua","B3498550240E6CE47CB4F847DC76B02DBA6532046A159465F500BA0F6126114A"
"cmake/installed-consumers/physics2d-script/physics.symbols.json","E81DB804C4A7F3BAC8B85D1CB04B07C3C519AA767EA8701FDAAC2F2108940CB7"
"cmake/installed-consumers/process-execution/CMakeLists.txt","24AF971653AA283499981D401BFFA0AD0CBD4F563C47413B9C8B8C95BE0D939F"
"cmake/installed-consumers/process-execution/main.cpp","1A5B1FC9C968F71BD2086D5A6D6DBE2C34D9E8454E169F277901FD0224B50632"
"cmake/installed-consumers/scene-script-runtime/CMakeLists.txt","F328439FC5A13083842182DFB18B67C339D2503923D00E95E33974170D686D80"
"cmake/installed-consumers/scene-script-runtime/main.cpp","E00CE14318574B54AAA9D2F9ECF28AA9ACD9F9E9280F457535F1D8E0A006BFBE"
"cmake/installed-consumers/script-ability-codegen/CMakeLists.txt","066C955C82CCE39265689368C31B1FBF5B4DBB1E2396BBC798949ED4AC46E805"
"cmake/installed-consumers/script-ability-codegen/InventoryAbility.hpp","9F392E3AC6D0C1C63082ACF33268481607A488DFBF08772E1029561ACE5AF013"
"cmake/installed-consumers/script-ability-codegen/main.cpp","DB5E0D68A8C346CC9D9E41AEB2DBA88C511C53558C9C9D851661AA41374A4228"
"cmake/installed-consumers/script-ability-ipo/CMakeLists.txt","C2681742A6AE1C5213E01121E10F3BD6EE190A88E644883D81F17D3361036451"
"cmake/installed-consumers/script-ability-ipo/TinyAbility.hpp","5F6F278D4FD3B33D469CAF0C82F0CF126F1DDB64527244BD2358705BAF54341F"
"cmake/installed-consumers/script-ability-ipo/main.cpp","1D109DB9F1CDD54843D2C0AEA2E2950E251CE0E939A76CA945C6A6A5278D4660"
"cmake/installed-consumers/script-authoring/Behavior.hpp","EA2A079A668108046F1BA6B38FDEC70A0B5C0B4A930D680518D415A71B91B087"
"cmake/installed-consumers/script-authoring/CMakeLists.txt","484F3FF98A54C6F9E717E81F2254FB812480FB1425A21845B5AFBD430EBB739F"
"cmake/installed-consumers/script-authoring/CounterAbility.cpp","50BA5BE03FE11FE4894726167D5A639EFD9C52D3CDF556630040124EDE7C76C4"
"cmake/installed-consumers/script-authoring/CounterAbility.hpp","04DBF496E4C51A60710AD65B987C6DFFF4ABF19DBEB392FACD89F6146D03A0F3"
"cmake/installed-consumers/script-authoring/GraphWriter.cpp","09A0829AF9E1A0792CDFC6206DB41756C9BE77A33A1E27DC3A48451BE95C3241"
"cmake/installed-consumers/script-authoring/RunRenameClosure.cmake","A8A51A397E354FB27959D0A63F5C945E33B17EDF19D4D5298E5ECF10DBA5D3C7"
"cmake/installed-consumers/script-authoring/behavior.lua","61D137FE3C22F350B6C860FB59E79A963CF21761A2594A85720E421375A534A2"
"cmake/installed-consumers/script-authoring/cpp.symbols.json","C5999BE9C3C5C8B64E368C7E7EABF434F8967EDD06845846C4EEE14107C51919"
"cmake/installed-consumers/script-authoring/lua.symbols.json","E7283333A37C389672620867E532D08D26B86FDAA47556A5845060527BEEF251"
"cmake/installed-consumers/script-authoring/main.cpp","5099F3BF9D107D1AE7060FF383B1232092D21BF5D5B6BF7D68753F176E2B45EE"
"cmake/installed-consumers/script-description/CMakeLists.txt","DE4A39DBD6945355FE09D899700C7493372CF4AF554EAF67215B0C6FF19B2774"
"cmake/installed-consumers/script-description/main.cpp","54F683EB2781E6E655B7CD1D04B5B38CCE4702A1817709E3EE32011D1B60815A"
"cmake/installed-consumers/script-runtime-input/CMakeLists.txt","491E65D75CA78415A28492DEEB1228D03879FABBABB1618B31BF5545775DA600"
"cmake/installed-consumers/script-runtime-input/main.cpp","EC3A2E96CDF6A35B240AF2A001EF4DCC35835A1AC210F39148C9C2F549A3D7B0"
"cmake/installed-consumers/script-static-ability-specialization/CMakeLists.txt","FEE7C72BE59FE903936390FCC9CA63BCA6C38A7555E17549F9D45BE07D29D0E3"
"cmake/installed-consumers/script-static-ability-specialization/StaticAbility.hpp","0F25A0A1ED6299D0D8C814C86E934B1EF359DB6B0A66C7DE818A42BC187E0C8E"
"cmake/installed-consumers/script-static-ability-specialization/main.cpp","769D250D06DBD246F6CDDD17E855CE52AD4181674241106FB77F4970646C2B05"
"cmake/installed-consumers/sdk-relocation/CMakeLists.txt","31EE49E30A38BA1DFC418E4D04235AD38503191ECC95494FE8C0A9A5DCBA2B3A"
"cmake/installed-consumers/simulation-composition/CMakeLists.txt","5CE7D173ABC0C4C8369D6014EE4A471AC4FE681C15DDC25FD7EC02FEB27D1DD7"
"cmake/installed-consumers/simulation-composition/main.cpp","91DD5B998B16C3479B892FEFF2C31064673EC1190CE53B042C2275C17A2976AE"
"cmake/installed-consumers/simulation-system/CMakeLists.txt","BB4A1BFDBB1B26951C8E81A147FA038B968D62DADBF778C959B70508D3E1D9BA"
"cmake/installed-consumers/simulation-system/main.cpp","19C4CBE520469E1B1D6F0BD827E09E7ECF42CC0C9B1195712178C725551B9947"
"cmake/installed-consumers/system-event-await-runtime/CMakeLists.txt","42BC56DFC6B1C3FD08792ED823B9DE319C0573C9783F32B49D68AC24BCD4F6BD"
"cmake/installed-consumers/system-event-await-runtime/main.cpp","01FC4476FEDFEEEF597FEDD7405867EABDBE644B63FB55635AA4B5E14340319A"
"cmake/installed-consumers/system-hook-script-binding/CMakeLists.txt","FCC219D8CF7D169CC1DD55B2093473B34D6A4931CED7094D85826FB3E6BCC268"
"cmake/installed-consumers/system-hook-script-binding/ConsumerBehavior.hpp","B1CA663E66CC805867AD43BCFDB38F953D3A636A72C6D1F8F5667150A12DD59F"
"cmake/installed-consumers/system-hook-script-binding/InventoryAbility.hpp","E55B8B3205468EE8302FA500FECA6D37ADA23FB1C8F6AD5824CD9C402AAA5190"
"cmake/installed-consumers/system-hook-script-binding/behavior.symbols.json","10E5A5E628C60AA387713DBA42210A170AE4F122E878372325FE939E9DC88700"
"cmake/installed-consumers/system-hook-script-binding/main.cpp","44FBF6CF8228738B1BB92658038034AB4FD5175DBF618928263EE51DDD32B963"
"cmake/tests/architecture-layer-probe/CMakeLists.txt","4C465615750EFB2089DCF3CEDC882AC45558C570CAC44B8AC783EEC715199EE7"
"cmake/triplets/arm64-android.cmake","C16FA958CC699D4F7EBF4F90A9EDD4ABC870B84B916ACAAD2FF0E8AA6E6E098B"
"cmake/vcpkg-ports/joltphysics/portfile.cmake","14FDE0BF4FB10384DB59AC3B34E3F61C61EE71FE11CE50D9B5E776D284AB6498"
"cmake/vcpkg-ports/joltphysics/vcpkg.json","09048C62A55C08A33FC6CDDF1CEA3984658826789612C91FD8A4DBF1860A909E"
"doc/l1-entity-behavior-method-binding-quality-closure-refactor-spec-rev3.zh-CN.md","E5B2C5DE40B65EAD67E96DDDD42FAE715F78ED5F244DDB1105C2CD63788E916C"
"doc/l1-entity-behavior-method-binding-quality-closure-refactor-spec.zh-CN.md","C025B80AB42CBBBDAC2D181ED0555FC9ED974534CBA217EB05092CBEDB2E2149"
"doc/l1-script-hook-event-performance-closure-spec.zh-CN.md","1F65F5F4F7EB0DBEC90F6FDFC5805EE3D89B4F4BD11C0B84B57EF0B0240FAE41"
"doc/l1-script-system-hookpoint-flowforge-refactor-spec.zh-CN.md","1BB9CEEF077FD8CB3AC139883CBC42DDDC538621857DDE09DE2AC78FFA049D6F"
"doc/l1-simulation-final-refactor-implementation-spec.zh-CN.md","3550535D3A465690CFCDE8EFC94F54C696D4A78DB3440671397CCE0A8E2BA988"
"doc/l1-simulation-final-refactor-verification-2026-08-27.zh-CN.md","4267726E1EA504FA5B5C2E1FCD6BF59C278AFD52A2C056F4453CD906997FA83F"
"doc/l1-system-hook-script-binding-final-implementation-spec.zh-CN.md","D984B4B33522B838C658CAF8F5B72727AD3ADCC058B37E0B7590F3F62128715B"
"doc/lux-cxx-improvement-proposal.zh-CN.md","8FEEC59BB476A5605BD44B42FF57916EC2D6A8E78A9714018322EF34CC5B9977"
"doc/lux-engine-topology-flowforge-node-editor-exception-policy-implementation.zh-CN.md","328968571A4730349C69859025969A67D1791757C41E6A4FBF03F6B6C8E5A8A7"
"doc/lux-engine-topology-flowforge-node-editor-exception-policy-verification-2026-08-28.zh-CN.md","970625B0DDCA68A4772F49FD6AD16A24F163E5FFAE78F2991EF8621C2E49E27A"
"doc/lux-script-event-flowforge-freeze-closure-implementation.zh-CN.md","F513A922CFC467805DECEF46E8281BB95DF9DE65BCD3808D390D438083ED5DD1"
"doc/lux-script-flowforge-concept-compression-implementation.zh-CN.md","CFBE610BF60F07AC07F95619D7247397F30B6A6E1346A12A82C8EBEABD04C468"
"doc/module-extension-engine-boundary-audit.zh-CN.md","97C7A02E25C4CB07CA98A77715DC23F4DB17DF85E65AD7ACA6B8AA8FE562449F"
"doc/process-execution/README.md","8A0B82713E449BC4B1CF7D4489FD0BC29AAC7E34FEE913B161091ED7284609CA"
"doc/process-execution/SHA256SUMS.txt","41D3FF18F94056EBF0BD580823A2C8A5739A9C9967CFAA6347AA64ECE8A195E6"
"doc/process-execution/VALIDATION_NOTES.md","31979D9287F5E86832AF3D5796875C2666EBBE7AE0B3D4329F858CA014100A78"
"doc/process-execution/WAVE_0_1_REPOSITORY_AMENDMENT.zh-CN.md","C84638B1BF0D2F4AC4C94B15B41C8657A7445F5DC1F92FB0C1DC75F6DB1C961F"
"doc/process-execution/docs/ARCHITECTURE.zh-CN.md","9E28B4B91B9F2F468E97A82989018E46AC9FBF27E693354AEC1EF177665286DB"
"doc/process-execution/docs/COROUTINE_RESERVATION.zh-CN.md","E2EBB4E8D75F10DE603E051D6C71D602C340B29A185BC5764E1E3092E6A73ACC"
"doc/process-execution/docs/DYNAMIC_FANOUT_DECISION.zh-CN.md","D7BC6DFC677E023F27013798435D887681A83BE630EDBD45C9F980C3EB7360CC"
"doc/process-execution/docs/IMPLEMENTATION_PLAN.zh-CN.md","06C02C8F23C4B581D32E7CCF2A19B3C64D29EF965536B339512F84FF78EC29DF"
"doc/process-execution/docs/LEGACY_MIGRATION_MATRIX.zh-CN.md","6989C31059444AAB639DAE08D717296A5823A9486262C75D5D304F1E9A757B49"
"doc/process-execution/docs/MAIN_LOOP_AND_RENDER.zh-CN.md","9520B3A83DE39D712F912DAD4633EF4E63849C73EDB563B0952A1F0794D61B07"
"doc/process-execution/docs/PERFORMANCE_GATES.zh-CN.md","04FC261483E879C111D7EBD48813AFB4E251D8CEE37A87CA7E62DF325257B843"
"doc/process-execution/docs/PUBLIC_API.zh-CN.md","D630A7E218279C84F79D7B37ACC5B18C5B48AFCF0C9193A7C1C64CAD55CD472A"
"doc/process-execution/docs/SOURCE_REFERENCES.md","5B8010FF3E3828A09FAE3E94D1E0D05E8573E41FCCE1FABE76CB2F14F077232A"
"doc/process-execution/manifest.json","7D637BB34CB9A74829F6E4EB27ADC567601EA411CE05132BE3BE49D8AE8B76AD"
"doc/readme.zh-CN.md","D009EE43F2462F685EA10BD35A33A6CAB2AA93805939E46251BB1F76D3DAD88D"
"doc/scene-feature-identity-boundary.zh-CN.md","176DFC04E1E370AFC1DA675F1A392B77CF8A038B488A2495C671A924013BE5A6"
"doc/scene-package-validation-boundary.zh-CN.md","05DDEF0EEB86B2D6B36BA5D215D5733E3BE49831BB69EB78CCEB3E428144D083"
"doc/spatial3d-scene-catalog-boundary.zh-CN.md","83B39EAA500E1AD8E1C8ADAF10E7E12221B7DFE0ED4591F07FC7CF51D6426CC9"
"docs/implementation/l5-v3/00-L5-architecture-overview.md","75F444EA57DBD497B71C0E3D2C52EBCA07B5F58A4010444F67FE2E52E99F3E7F"
"docs/implementation/l5-v3/01-editor-context-toolset-and-plugins.md","FF38FACA0136D87DBA9825DC14D3112BE3E3B8D96C3F9C6E676BA375F050ADE1"
"docs/implementation/l5-v3/02-entity-inspector-codegen-ui.md","3B99724F88809575BC375062F5C83A4FA4C9B9DF124A12D75A74E640701E152C"
"docs/implementation/l5-v3/03-asset-vfs-filewatch.md","C4A56AD417E50E005BDCBF38CB9129D8190CFD71ECD189106312727CA4476FAF"
"docs/implementation/l5-v3/04-scene-editor-outliner-viewport.md","E6CA66EBD3B3155EF8D5810D1C8B47E4695AD144E9955CE91AF0EB556DC7A172"
"docs/implementation/l5-v3/05-shared-graph-source-and-graphkit.md","21863951B97B2A2C3CF699A9B9EF5A36FF37E2E40ACECF360F5E9F859480E0DA"
"docs/implementation/l5-v3/06-toolchain-process-async-execution.md","638CE302935FE8E2C77F1DB2CDD7BC3373B4AF84696A929FD06D2193F89FCEDD"
"docs/implementation/l5-v3/07-implementation-roadmap-and-gates.md","DED5CF5713BDA6B476434ED72EF392ED2461A1BD111F3486F228FEF29AED79A3"
"docs/implementation/l5-v3/08-normative-execution-contract.md","F12A87B738888F935FB1321B673E2F2A55D9DD34AE41641E736C58623C38EF5B"
"docs/implementation/l5-v3/09-product-runtime-vfs-and-async-script.md","8B2937FE636CC78C6B4257C1E1B8FE5BCD66CEF01CCBDAC856AA9A614E2FBD99"
"docs/implementation/l5-v3/10-lux-ui-foundation-and-legacy-visual-parity.md","130DF4B20765FA8DAEACDEBD028CD45EA1A64F6C9CD4F149652313C68AF15F7C"
"docs/implementation/l5-v3/11-script-api-capabilities-coroutines-and-await.md","BE30132C2ED4C0F3189F2AE5CE7D2E58318C0695D7F69A9E855C54A04CB72FCE"
"docs/implementation/l5-v3/12-script-ability-reflection-provider-binding-and-codegen.md","E8F3ADB5C8D242E3E40E3B5F2AC697F486CAC6ED7AF91B5CD98E74DD4137EC2A"
"docs/implementation/l5-v3/13-script-gameplay-object-lifecycle.md","EBC152355A78B84F03FB78A23ED057446CC21454C3DAEB377F4BC8C6F7CD47F5"
"docs/implementation/l5-v3/14-plugin-package-and-extension-composition.md","B12C74089B6B461404A1FC4A0F600A0B15B2AFC5C95C88EC676EA523CB58EF76"
"docs/implementation/l5-v3/15-luxpak-indexed-content-container-and-incremental-update.md","BC71FC095401E0C06F05E7EDB67BA0DDE242D24423111AAB0F06649EC37D084A"
"docs/implementation/l5-v3/README.md","156EC30DF07B93CAC137D6C69F0B0FCEF1F626164E4BFC862B0E563FB8BFE0CA"
"engine/CMakeLists.txt","36C193B68C2CC1E4D36EED75432B2381AA59CB7E0AA354B6682D7DB1479A726F"
"engine/domain/CMakeLists.txt","C420C841A41746F67A104D28E5B2E6524E3C06DA2E728E91C899A0AB83B79BE3"
"engine/domain/partition/CMakeLists.txt","56346BAA0CC4A2901898F26975B33C4B67E31BE1DC6BDF58333A811F4E3680FD"
"engine/domain/partition/identity/CMakeLists.txt","E28BB2F5B9EB610AAA21656764EB6F83547E92DCF65696DAC32592C2635D0B55"
"engine/domain/partition/identity/include/lux/engine/partition/PartitionIndexTypeId.hpp","12390AA0CD9D30F321F4C7D0D8822B1A4D447868EAFBAD3FBB8977A727E3583F"
"engine/domain/partition/identity/include/lux/engine/partition/PartitionOrdinal.hpp","7F7C9072BAE7281C0D4E803F430B30029662A307450457806B7D3AF6F8545B92"
"engine/domain/simulation/CMakeLists.txt","8322F9B9887AC3927EB718EB11B0F2BB2885B19DD713F5AD892201D3EC6177B3"
"engine/domain/simulation/asset/CMakeLists.txt","21FF3C6A2EA1535E35A5E3FDD08659B6DCAE6516EB2E16196BAAB4B267081B1D"
"engine/domain/simulation/asset/include/lux/engine/simulation/SimulationAssetCodec.hpp","12F26B1AE4E8E24DA5141501EFF3AF58C0A345225F9D9E8715B120A92760B48B"
"engine/domain/simulation/asset/src/SimulationAssetCodec.cpp","046A1E2F439E7A80B7968F99A38575509B654B91CB294CAF0674205E7BFA1CA4"
"engine/domain/simulation/asset/test/simulation_asset_codec_test.cpp","43994A9FC00896806F5D86966EE0CF95DAC52B2DED9FF2B3BDAA471DF3F71BA3"
"engine/domain/simulation/builtin/physics2d/CMakeLists.txt","456E52D4D6E70D3509C2D978B45A10FA5D1E891B41C67EC26663807E35449349"
"engine/domain/simulation/builtin/physics2d/benchmark/PhysicsCppScript.hpp","550F0E81099AFC6B2D53698EF273C477F911856EE41F028F56711A717A1FD4EC"
"engine/domain/simulation/builtin/physics2d/benchmark/cpp.symbols.json","51561D31EFEB30C3759DEBC7F69533A0B86EA71F128844893FA5F4B65DDE6371"
"engine/domain/simulation/builtin/physics2d/benchmark/physics2d_script_benchmark.cpp","8764656F0A97517082B450D907BA7462A09825CA7F4AD73B71FFBFFB6B2CC12B"
"engine/domain/simulation/builtin/physics2d/include/lux/engine/physics2d/Physics2DComponents.hpp","E56B2A5D6F20DED9AC4320177B9DF4AC2C4122CA938A9F30C0AA1261017D3A21"
"engine/domain/simulation/builtin/physics2d/include/lux/engine/physics2d/Physics2DSystem.hpp","C68F6C33A43394E42D9D1880AEA941A3EB764F31C83D64722BA50BD5A84EA4AB"
"engine/domain/simulation/builtin/physics2d/include/lux/engine/physics2d/abilities/PhysicsQuery2D.hpp","023BD6D0A281631B8186F0BA2006A6B532D5AC3E048D5C03A19DC60FDCC6E62E"
"engine/domain/simulation/builtin/physics2d/pinclude/lux/engine/physics2d/Box2DWorld.hpp","D03D2E4642E553AFB412DBA52102A5538F9EA3DBEB9A9BC2A31D895CD759E098"
"engine/domain/simulation/builtin/physics2d/src/Box2DWorld.cpp","031CD5409D54925F3D2A3C347F33767803E1E9D6E55BA070D77110AA94EC0840"
"engine/domain/simulation/builtin/physics2d/src/Physics2DSchema.cpp","E68C9D36475D1F407200018623F4AE82F453897271D85CC6FD351772D6CF8A34"
"engine/domain/simulation/builtin/physics2d/src/Physics2DSystem.cpp","92FF608A42BE5615BC2BC166EE335FE187D14029E98589CB2CD333362BAB4A5B"
"engine/domain/simulation/builtin/physics2d/test/Physics2DFlowForgeTestAbility.cpp","B1964F37E7242C8BD55958A75527D06F2485778D78C07B3EBB7766DF969A3F8F"
"engine/domain/simulation/builtin/physics2d/test/Physics2DFlowForgeTestAbility.hpp","507BEE93B4E02DA0FE656F6AE1A04F3B40B73310F5451084193DC2700462598B"
"engine/domain/simulation/builtin/physics2d/test/Physics2DScriptTestSupport.hpp","C94D3514EEEA805A866604B8E33DA8C1B488B7A0C68D5BE3240BEC9A982ABB84"
"engine/domain/simulation/builtin/physics2d/test/physics2d_event_schema_writer.cpp","03CF0C3689A09C0E41860CF5E122AF24009E79E7C079C8B8A3D0EC7902B76B8D"
"engine/domain/simulation/builtin/physics2d/test/physics2d_flowforge_fixture_writer.cpp","EA705FAF7FA9994F95E31CCBAE22258C1A143107F3E5134A8010BFC157F861B2"
"engine/domain/simulation/builtin/physics2d/test/physics2d_flowforge_integration_test.cpp","712D58D1CA0EAAEF7D4341D0F4BBC3BD2EC38D35C89F426FC6497174079AC808"
"engine/domain/simulation/builtin/physics2d/test/physics2d_lua_fixture.lua","44E2CE024E3E12BAB4333BD4238A58C77B819D65F0360CB82A14141963219EF8"
"engine/domain/simulation/builtin/physics2d/test/physics2d_lua_fixture.symbols.json","40CCDE2D96ACFF661B405742C29319664F058BD99218ECA5CB617DA90EEB3CF6"
"engine/domain/simulation/builtin/physics2d/test/physics2d_lua_integration_test.cpp","E9B9BFFFB1AF18BF23EDB429E8D1DF5B1A9132337B86DF63C6A17CB5A0C49DBF"
"engine/domain/simulation/builtin/physics2d/test/physics2d_simulation_test.cpp","B3FC348F3638BB6DA335CFCE26FB0F9578566AB396C48BA60E7B1C04355C8729"
"engine/domain/simulation/builtin/script/CMakeLists.txt","75E286E9ED1872E4CA58B28AE945C4283C1B16B8F590633E258E0AE3EF67A3EE"
"engine/domain/simulation/builtin/script/benchmark/CppBenchmarkScripts.hpp","70001DFE6FDEA07505362521B3FA5C5807A641F127AB7655339ECFF232B92BBD"
"engine/domain/simulation/builtin/script/benchmark/CppSequenceScript.hpp","728D3B7AA5CF3739C1586CA861962161C3443CB44359CDB4AE1A51300C888FB6"
"engine/domain/simulation/builtin/script/benchmark/LuaPortabilityTestAbility.cpp","E7C482B6121B5F6D71C6095E3B84199E903AB6282AEB37F50DF68EB475FF0EDD"
"engine/domain/simulation/builtin/script/benchmark/ScriptBenchmarkAbility.cpp","3CF2A88EA1F5B4636D3AC5238A56704D7EA9D0EDDD4109B63A2B70FB7A5F4FBE"
"engine/domain/simulation/builtin/script/benchmark/ScriptBenchmarkAbility.hpp","ADEF20336BDCC83A051817442DAC01C920241071FB3FE0DFF2EF9F3E4CD80201"
"engine/domain/simulation/builtin/script/benchmark/ScriptBenchmarkDomain.hpp","1BA0EE0787454309E17580FC410F54A07BE1FBE354E8924D4BB8F8E5B38825D7"
"engine/domain/simulation/builtin/script/benchmark/SequenceEventSchemaWriter.cpp","4BD7727279745A128038DFB44C1CB8529916382B5D330DA2DC66F9B63C9EF974"
"engine/domain/simulation/builtin/script/benchmark/cpp.symbols.json","C85D66A3B7E302BF1EEC85CD92438B2E38475748E76683F4913D014125B1C9B9"
"engine/domain/simulation/builtin/script/benchmark/run_smoke.cmake","DB5200EDC89D35DEFF465A43A46C17EF432D7026669E99AEE7C0DE00EA000786"
"engine/domain/simulation/builtin/script/benchmark/script_runtime_benchmark.cpp","83B0A58E16AC6EEBD9867E0EE993FA3F3C46D1E249FE70ACC1B012037525B509"
"engine/domain/simulation/builtin/script/include/lux/engine/simulation/ScriptBinding.hpp","99DAFA5C1AB79ECF81F099270EEEB7AAB05B93F1D4648716644B653351AA9FB0"
"engine/domain/simulation/builtin/script/include/lux/engine/simulation/ScriptBindingAuthoring.hpp","9F2EAA2AE1FBA5E72F12BE0675977E2059A330B1AC6E6FD3F62D0692BB898E70"
"engine/domain/simulation/builtin/script/include/lux/engine/simulation/ScriptRuntimeInput.hpp","E190E22A164B49BD2A41367360D502F883C1AB9CE51E9582E59A3DDD9976142B"
"engine/domain/simulation/builtin/script/include/lux/engine/simulation/ScriptSystem.hpp","AB5A6E4C810AE34F687E72CDD87B206B34FE68AC23FD14DC50A17379BF55AD8E"
"engine/domain/simulation/builtin/script/include/lux/engine/simulation/abilities/DelayAbility.hpp","765885F0DA26CCA5829694070508D378F6B5B0AFE596E065E3FC30883C8AA4EF"
"engine/domain/simulation/builtin/script/pinclude/lux/engine/simulation/script/ExternalCompletionRing.hpp","117F075462B055398AE07B03718E331E3D0845D02A3AB7BC3073DF68D606F283"
"engine/domain/simulation/builtin/script/pinclude/lux/engine/simulation/script/ScriptBindings.hpp","9A93933B486568494683E3EF33F40AC1AA56A346E29C18EA26D72AAF7C0D1F78"
"engine/domain/simulation/builtin/script/pinclude/lux/engine/simulation/script/ScriptCompletionIngress.hpp","5F2001020DC936D9B2A3C65BFDD9958A1AC34DA74EA84BE9C9B8FA1AE7C6FE88"
"engine/domain/simulation/builtin/script/pinclude/lux/engine/simulation/script/ScriptEventWaits.hpp","3946E90B80EB214D09C2F1FE7122B098FCDF0E6753312BF74991FDB7974722B2"
"engine/domain/simulation/builtin/script/pinclude/lux/engine/simulation/script/ScriptExecution.hpp","B2D48B1C10BA61D55436AFE58A28DB507531851734D21770E63195AD4159F83D"
"engine/domain/simulation/builtin/script/pinclude/lux/engine/simulation/script/ScriptInstances.hpp","89D455BC4597C68B86D6A078F5655C621AAA29FDD86A18B24887F42C145A2F7B"
"engine/domain/simulation/builtin/script/pinclude/lux/engine/simulation/script/ScriptPreparer.hpp","E71C8D3E123B6F66CABDE3557DF5521246774D6D22B63B42F80FC44C48FAD5AB"
"engine/domain/simulation/builtin/script/pinclude/lux/engine/simulation/script/ScriptTimers.hpp","91D925992CEAED4A8E105DAB8E2DDCD48CD7CE2FFA478A84EEEA6FB753ABD25E"
"engine/domain/simulation/builtin/script/pinclude/lux/engine/simulation/script/ScriptWaitSource.hpp","4C8EC82B8134F956EE4D52696B6902425A77870F54776BFAE6DC32A33F6F4A8D"
"engine/domain/simulation/builtin/script/src/ScriptBindingAuthoring.cpp","4A8DE15699A4F0DB2BBB948AD861FEA4493D7B5BCE1F1F505C25D31AA59ACDA8"
"engine/domain/simulation/builtin/script/src/ScriptBindings.cpp","A23C065943EFAC7183070E021FD7F1A801C18135479A1E4E77453B0E3085597E"
"engine/domain/simulation/builtin/script/src/ScriptCompletionIngress.cpp","76BD4F0722FBBA9375A098056AC037618BCE05C3E7E10E2086FAD9A4DF8378B6"
"engine/domain/simulation/builtin/script/src/ScriptEventWaits.cpp","7D26EE3691C0BF222451279CE9337A61FD2CEB7CFDBEF5782BBE0FF28A97826B"
"engine/domain/simulation/builtin/script/src/ScriptExecution.cpp","36490B7C0F2B9DE15FECDF18C758A4DACABC7294E24A88B0C529E3DDA869C07E"
"engine/domain/simulation/builtin/script/src/ScriptInstances.cpp","E7E43D61819FC5CEBD6C76E35EBFB1A3D851B5344FE6749244C3545B2A925F7F"
"engine/domain/simulation/builtin/script/src/ScriptPreparer.cpp","049B5A38B2E998FCB5BA64BF4A47DDEBE408C55C83302D89646C7E2797E8FCA5"
"engine/domain/simulation/builtin/script/src/ScriptSystem.cpp","31F00B2ACD561867DC611F3E20D994BF699261EC71914BCB033941A00A3BE9A1"
"engine/domain/simulation/builtin/script/src/ScriptTimers.cpp","EC4B2C6AAEC0F6E226C54EDE52F5BA0CACD2C948AA22FA7BC0DA3D7B5095AC35"
"engine/domain/simulation/builtin/script/test/ScriptTestClock.hpp","08D3FC3BF5EAC5AB0A1B2C56665D0D29900E98775ED4E792F2FACE6C396C2592"
"engine/domain/simulation/builtin/script/test/script_bindings_test.cpp","90FFF8DB9DBC6A9A9EE15323572BB1CA0C3B539DCF476EEA329C514215197B0C"
"engine/domain/simulation/builtin/script/test/script_ingress_frontier_test.cpp","CCDCB957F6E88C16DC0719507D8C5C4F447B7413B945704F48EFD504BAF5BC80"
"engine/domain/simulation/builtin/script/test/script_system_continuation_test.cpp","A9AE7C2F39F879197826BA10B1FCF92D75E99C1E7C115C52562C99A8A977FBCF"
"engine/domain/simulation/builtin/script/test/script_system_event_wait_test.cpp","8A5176C5BF2B324DF6387CA980865FFB05C11C27B2543597E765D187624F7956"
"engine/domain/simulation/builtin/script/test/script_system_lifecycle_test.cpp","24FEF3A43B3B11118A5A77CA50C19A69806E47B61D4DC62F9FA5C583A18ED021"
"engine/domain/simulation/builtin/script/test/script_system_runtime_test.cpp","6BF290D4392960A852A72C512B19C0FD753F61FCD8961AB0E82A0EB493E378D6"
"engine/domain/simulation/builtin/transform/CMakeLists.txt","719D5F29FEEE407EC070987A7CCC8FD63CA3EF957092006EC6B41AF55DAB6188"
"engine/domain/simulation/builtin/transform/include/lux/engine/simulation/TransformSystem.hpp","EAE44549277B5E189ACFE34CA3D65D4832D8124C9FB0081572A2D035EC93FCA9"
"engine/domain/simulation/builtin/transform/pinclude/lux/engine/simulation/builtin/transform/detail/TransformSystemTestAccess.hpp","22565CE51C57AB10F44AAD1EA291782FC20324F63DE19A3258B7A33F46A50447"
"engine/domain/simulation/builtin/transform/src/TransformSystem.cpp","F8AB9D37FEA13710B0FD8C3E3023C3AC29F4B2326CDBBD8E7BCC62ED090A231B"
"engine/domain/simulation/builtin/transform/test/transform_system_test.cpp","875F631923D54CC0495E0A7A28EEEE90AE7E93D196619939225DDA6BC74FCEA6"
"engine/domain/simulation/composition/CMakeLists.txt","231A95162BF94EF3E88FD4350C748D310BB48018172A5E95C26E6BD653470DF8"
"engine/domain/simulation/composition/include/lux/engine/simulation/Simulation.hpp","D0F2C52D9C6612F572064CF4104B94766799372E2B2793CA41E0C435CEEF5082"
"engine/domain/simulation/composition/include/lux/engine/simulation/SimulationBuilder.hpp","913D51365F50168320F2F70B149CAFAA1CBCCA96445339D3D6615AF3D389FF08"
"engine/domain/simulation/composition/include/lux/engine/simulation/SimulationCommandProducer.hpp","F585AC4C7D3712A13B9D7B69B579728786119416FBECC6FBAA4577A68680E123"
"engine/domain/simulation/composition/src/Simulation.cpp","BF7BDE22F886811C4853F598AED9A3645518F1803B2C09872EFDD6B9141E1D87"
"engine/domain/simulation/composition/test/VersionedTestAbility.hpp","102AFDBCD3BF3B031BE7D59E6142DCD1B980CB791D9E44EEB24C402FF2979854"
"engine/domain/simulation/composition/test/hook_execution_test.cpp","64F3B245459391E20FC1A1A60C38801D613E25538D6337DE93EA9F8E27CE8C32"
"engine/domain/simulation/composition/test/hook_regions_test.cpp","71920589F5E397E25C9E30E5423AF30C07F657B525C74DFEA50F6DC1C437248E"
"engine/domain/simulation/composition/test/hook_return_negative.cpp","13B5D09B24CDBB7CF2A8FA350B7190399530183F563196781B9E8D1F18E4412C"
"engine/domain/simulation/composition/test/script_ability_codegen_test.cpp","354C40840B17CE124975B6A9B631E3A956FAF9985E25B9DEB500046504AA6127"
"engine/domain/simulation/composition/test/script_ability_duplicate_method_codegen.cpp","1BC144B80635E35F590738D0CE45F8BC8A9769FE2F221ECB0A86D8134D4F8640"
"engine/domain/simulation/composition/test/script_ability_invalid_codegen.cpp","24B4730F01F6A1FC0827AC29671CAC6B59DCBB19E1E730DCBD812BA289C77AB9"
"engine/domain/simulation/composition/test/script_ability_mutable_parameter_codegen.cpp","FDA9820FEFC215FA43A82F1E7302C3F8F357840EBDBEFC0C0DDB5649909B00DD"
"engine/domain/simulation/composition/test/script_ability_mutable_result_codegen.cpp","0AEB45F1C3ACCCF0D784B22ED3242A1592A483D6B6E425A5841263A990961EA7"
"engine/domain/simulation/composition/test/script_ability_projection_test.cpp","7F09A1BA75D9DBD3C4114E00511666C2C5590D16F3B5E050FE9B7340173DA8EC"
"engine/domain/simulation/composition/test/simulation_composition_test.cpp","0BAB3B81B6C4E5112AD22AC28482CB8AD3B86A70325CD9A0A6D69BF784350546"
"engine/domain/simulation/description/CMakeLists.txt","23D46E3F027806F3FBCBC2BC83E3FBA9E8A60E3A3776AF34F46C855AA981328D"
"engine/domain/simulation/description/README.md","5B91F4D189D601DC0F975E0CE03F89405EB4B4212745786A7CA8400AE7267875"
"engine/domain/simulation/description/include/lux/engine/simulation/SimulationClock.hpp","BDADCCDFA88CEEF6B261E81FF78E9875E3706562E906C3F27637544D131682B4"
"engine/domain/simulation/description/include/lux/engine/simulation/SimulationDataSchemaId.hpp","8986E1D431662F95019D1637680A99817741953BDBDF99B1230D7306E67180F3"
"engine/domain/simulation/description/include/lux/engine/simulation/SimulationDescription.hpp","E8AA220293B4AFFFF4064BDE83B443FC0A2B415FA06A6E8453FC324C64F30614"
"engine/domain/simulation/description/include/lux/engine/simulation/SimulationDescriptionBuilder.hpp","3B91A9BD3583E7BBB887C1738D6DB5436BD6F37DAA6B2A395F72D5E822F32D0C"
"engine/domain/simulation/description/include/lux/engine/simulation/SimulationEndpointId.hpp","9A691D928FE9EC898821608B0A2019FB345DD6723C2AD77E92BF11BB95A94350"
"engine/domain/simulation/description/include/lux/engine/simulation/SimulationEndpointSpec.hpp","21A64589A715206E696F1B980405EFA1649260CEC88ECA95AFB2EAECD03AF847"
"engine/domain/simulation/description/include/lux/engine/simulation/SimulationExecutionSpec.hpp","FA9E202F410AC66CBF4DF1CBFD8B157FA2813F0529373EE6CC3FF31648DAE192"
"engine/domain/simulation/description/include/lux/engine/simulation/SimulationStepInfo.hpp","465D319835AF936D18B602E51127D926D457881D4642F2D77CD95464A0832463"
"engine/domain/simulation/description/include/lux/engine/simulation/SimulationSystemContract.hpp","1A34D03DC3C2269B52B558486012C8E70600B6CF3389B0D4CA067A037EFEA0B4"
"engine/domain/simulation/description/include/lux/engine/simulation/SimulationSystemDescription.hpp","BD9F56F65FACE4FCA97F547403C760C6A81D7D6CBB532A026B01061C2608E518"
"engine/domain/simulation/description/pinclude/lux/engine/simulation/detail/SimulationDescriptionFailureInjection.hpp","9CF6F89E1DD6FCF6B3D99D0BC3601D3251DFDE0483E1AEC0BE84FDA171EE4858"
"engine/domain/simulation/description/src/SimulationDataSchemaId.cpp","40FD0294972EDC7306060CD62A427CE600078B484392AB539D4A4E48D724D836"
"engine/domain/simulation/description/src/SimulationDescription.cpp","146FA950C9DD26D84B727B3DD89A178BA11E9EA6B9E5CF64AFFBAB6FF2065485"
"engine/domain/simulation/description/src/SimulationDescriptionBuilder.cpp","E8CAA5A263CD92FFC80129313090596CB3F229831D336EACF3F6B8DA4DB0AC42"
"engine/domain/simulation/description/src/SimulationDescriptionFailureInjection.cpp","B988C329E97E028F5A4EF24CC486DB7E8CD2CCD4D972FA63F83E316F5329791A"
"engine/domain/simulation/description/test/simulation_description_contract_test.cpp","08885088E6648A778F6DFA82D1597D85A1C625C569761FB521F8B63B175385FD"
"engine/domain/simulation/ecs/CMakeLists.txt","F0BD7E5241DEF03E0CE0C402FAEB994863571CF83DC8C4FE414C571BF46AA151"
"engine/domain/simulation/ecs/core/CMakeLists.txt","56D14967642C4B04E188DB688BA83588DE5EC315B370645327DA636C96FB636B"
"engine/domain/simulation/ecs/core/include/lux/engine/simulation/ecs/ComponentChangeSet.hpp","B7DC622DE66CB6B48F6366424C15A980401A1EC4554AE3B2872035E0A82E95BC"
"engine/domain/simulation/ecs/core/include/lux/engine/simulation/ecs/EcsCommandBuffer.hpp","F0D691F43C12A086C8F775203A00F8E7B72B4030EECDAFB88E779CDB61811E74"
"engine/domain/simulation/ecs/core/include/lux/engine/simulation/ecs/Entity.hpp","E52B7ADA2F3F4A175D22A2E85D65C780B1C6F62723F3E351582A4B9AE22F5AED"
"engine/domain/simulation/ecs/core/include/lux/engine/simulation/ecs/Registry.hpp","E3F8CCB902FF299025E00E9D438B75A106B3735D0EEAB14EAE5B3D6806016468"
"engine/domain/simulation/ecs/core/src/EcsCommandBuffer.cpp","6EA397AF290AD65CBDBCC60DD6132A0732ED694D163E80B72C40F4F5817DD1D5"
"engine/domain/simulation/ecs/core/test/core_test.cpp","DC4BF7ED07E5574ABFDC793FCB1709CFBC47A9287E81B7E23FCBB893D4396D76"
"engine/domain/simulation/ecs/hierarchy/CMakeLists.txt","30B45046612448D4BC749E335B82BE7B9DFE0E0064A35A2925202CD061F0EA83"
"engine/domain/simulation/ecs/hierarchy/include/lux/engine/simulation/ecs/HierarchyIndex.hpp","7D3E45271425DE243C11AD10D6708B96E6B12342D8C18D38B0D25E786A3CF233"
"engine/domain/simulation/ecs/hierarchy/include/lux/engine/simulation/ecs/HierarchySchema.hpp","5597A5EE5EE7E327839E0A82E87A4250B4C6BFFCA700720DE27DBF9CDFA03586"
"engine/domain/simulation/ecs/hierarchy/include/lux/engine/simulation/ecs/Parent.hpp","336E32FD32C26E856910C2CC9CB4CE9A5CF1BDC660F6870145F5DD89114D42A3"
"engine/domain/simulation/ecs/hierarchy/pinclude/lux/engine/simulation/ecs/hierarchy/detail/HierarchyIndexTestAccess.hpp","7EA28ACD46899AF33D8478F1447A8B2D7B3C2C5CD3A5789F5FE8C6CE201F5339"
"engine/domain/simulation/ecs/hierarchy/sinclude/lux/engine/simulation/ecs/hierarchy/detail/HierarchyMaintenance.hpp","565E7D42AA093AFBEBCE990819004893F3F5D8583F549D0693C554417D8925C0"
"engine/domain/simulation/ecs/hierarchy/src/HierarchyIndex.cpp","06251BD4867DAD402EB9AFDB299B956E11C0707F28889EC8750BDD96BFFEDDA9"
"engine/domain/simulation/ecs/hierarchy/src/HierarchyMaintenance.cpp","AD4868711027F49A5FC3DB832ACA686C011C721C01C83BAC6CD91FC8320FA4AB"
"engine/domain/simulation/ecs/hierarchy/src/HierarchySchema.cpp","5729BAC4CC199602EC16F106F7CFFE319760847BEC211EA45A09F7931174F1D3"
"engine/domain/simulation/ecs/schema/CMakeLists.txt","8572276DA6CC5598E630C91E30FCC8C730F43D509901E4965BBEFDC7B7C248FE"
"engine/domain/simulation/ecs/schema/cmake/engine_ecs_codegen.cmake","123D653BDD9F3F92FD28956FAAD896E5D9FD94B06BC231833BC13F679CDCF670"
"engine/domain/simulation/ecs/schema/include/lux/engine/simulation/ecs/ComponentAnnotations.hpp","64DDC17F32947A04B52C89ED5A331B592D2A12DAA37C122AC8B1331D02880683"
"engine/domain/simulation/ecs/schema/include/lux/engine/simulation/ecs/ComponentDecode.hpp","1A004589B7000AF7355098C07ECFF31E3B5880DCC06B24830BEECCA406DEC682"
"engine/domain/simulation/ecs/schema/include/lux/engine/simulation/ecs/ComponentOperations.hpp","AD2E1A257522CF273A044F7DACD32B877D714ACE72FA6E04E0B9FCE78F89CFBF"
"engine/domain/simulation/ecs/schema/include/lux/engine/simulation/ecs/ComponentSchema.hpp","F99CED838C2F7E5DC3804535E267A58A990A133D27B9458D18A7D2EC253C2E06"
"engine/domain/simulation/ecs/schema/include/lux/engine/simulation/ecs/ComponentSchemaId.hpp","F4C48A189144469416169EBB49C2ABA57175BD26B683AA9A8DBDE5C392EE64B7"
"engine/domain/simulation/ecs/schema/include/lux/engine/simulation/ecs/ComponentSchemaSet.hpp","FACB5EE14CBBE7BA70AE0043682E444134BEAC76950CBBE51A001C76EA04B582"
"engine/domain/simulation/ecs/schema/pinclude/lux/engine/simulation/ecs/schema/ComponentOperationsAccess.hpp","9AFD56FFB5A6A83A73B0715E4DE580E7C9A6022841BECBD7EEB4BEDDBC03F6E6"
"engine/domain/simulation/ecs/schema/src/ComponentSchemaSet.cpp","83BC9356E80B6259B4ECE6347F7A586034EF6FD6857B5857DA8238EFBF18EB8B"
"engine/domain/simulation/ecs/schema/template/ecs_component.validation.template","4A1ACCB7F4D4EB16DC55B72BF82B8F35E0D43DAE4429AA4EED02E869004D5AF2"
"engine/domain/simulation/ecs/schema/template/ecs_schema.template","954850A181A247ACE1F43378B042886F4DED918701A6DD3F4E5EF5F107559A96"
"engine/domain/simulation/ecs/schema/template/ecs_snapshot.template","2ACC28F9AAE265FD6BE7845881FD972509CCE789F57C2E6FE02B5DCC43F85E64"
"engine/domain/simulation/ecs/snapshot/CMakeLists.txt","D2295B8D9F8BA0988646329C0893107262E1BA0E2DC127DA5571DF7D32DE2AB1"
"engine/domain/simulation/ecs/snapshot/include/lux/engine/simulation/ecs/ComponentSnapshotBinding.hpp","EAA6BA42728C571031D8EE028E3511B10845AFF37A1F3EB4781F5905144C61A4"
"engine/domain/simulation/ecs/snapshot/include/lux/engine/simulation/ecs/ComponentSnapshotSet.hpp","918876037BAD5392275581C4E1528DB41B3C8F42838E9A43070B4BE8FD587B7D"
"engine/domain/simulation/ecs/snapshot/include/lux/engine/simulation/ecs/EcsSnapshot.hpp","D3D0087B2F4E09E96BA1C5DBED31F85B52DE3DD33B715B25A1810B327C37B9E4"
"engine/domain/simulation/ecs/snapshot/include/lux/engine/simulation/ecs/SnapshotTypes.hpp","1C9D1A1B0F12C989383F3CD0E4CCE6484F6FEB6C3802F997471799B768251F2F"
"engine/domain/simulation/ecs/snapshot/include/lux/engine/simulation/ecs/snapshot/detail/ComponentSnapshotAccess.hpp","9A8FB4D264243201F8A1381D7527CEE85AC131E588A1C78D94B218EEFA50550E"
"engine/domain/simulation/ecs/snapshot/pinclude/lux/engine/simulation/ecs/snapshot/detail/ComponentSnapshotSetAccess.hpp","D0C6E7DB82C37B5882951818C5994F38B901CD4B50A71E18314F825259B0E8FA"
"engine/domain/simulation/ecs/snapshot/src/ComponentSnapshotSet.cpp","99E655321533BC392C96460F2F8A43C5E6A9961FD4F5935CDA5CC5E10A335480"
"engine/domain/simulation/ecs/snapshot/src/EcsSnapshot.cpp","853671B896D3953F91FB973986BE161D117E3D6D058518858F1829EFFB4BDBE6"
"engine/domain/simulation/ecs/task/CMakeLists.txt","20B8F8E6D81F40E4BF6C2AEFCB58BAC94A541CB74266AA7CC3EC667611D9A102"
"engine/domain/simulation/ecs/task/include/lux/engine/simulation/ecs/EcsTaskResource.hpp","00086DDCB4A4E74B1533DA9851C6648236E298668C697ACE98FB27BD68ED864A"
"engine/domain/simulation/ecs/task/include/lux/engine/simulation/ecs/SystemTaskResources.hpp","472ABA0162514A9321121EFA5FF7E3A0A5148F769AE42C21DB2D977116EFE7D3"
"engine/domain/simulation/ecs/transform/CMakeLists.txt","6E5A6750C60A8FEECD0A5497B0AFDCCFD8448168736B546C3148BA39EB373515"
"engine/domain/simulation/ecs/transform/include/lux/engine/simulation/ecs/Transform.hpp","EDC069C19E38B6DB741F56A442A2F6EC36188A938D522CA37B3B068BB04E3767"
"engine/domain/simulation/ecs/transform/include/lux/engine/simulation/ecs/TransformSchema.hpp","BEB5FA7201E5D00212CE273DB2485C6F1999CFF47FC0E5D6554CAF4D1DD1B07A"
"engine/domain/simulation/ecs/transform/src/TransformSchema.cpp","73AEF93C3A2A2912870D99CBA1FDDA078C34EBC14A120129075985C09087DDF8"
"engine/domain/simulation/ecs/transform/test/transform_decode_test.cpp","72218DEF3A1F7A5B399C75935EB067D6F98CE8C74A44C3306ED8083489614352"
"engine/domain/simulation/ecs/visual/CMakeLists.txt","43FD41C2342C40236AB8C6E3FDA79E0421F151CC685CFF23AE6FAF0B3F2755FE"
"engine/domain/simulation/ecs/visual/include/lux/engine/simulation/ecs/Visual.hpp","C10CC10CA57A5A01E825EF50A62C161E58056C927675FF0AB53240FF412EC329"
"engine/domain/simulation/ecs/visual/include/lux/engine/simulation/ecs/VisualSchema.hpp","D14A4E22E4D2EB63D8F7E7118E64DC16FB9D1729537083D37DD8958DAAC8FB4F"
"engine/domain/simulation/ecs/visual/src/VisualSchema.cpp","16D49D2055A7AD580C01DD5EED6A979CEAC56EB2924CAC260C3290DCF69688BA"
"engine/domain/simulation/scripting/CMakeLists.txt","D1327530545AD1DB4B131EDACFF324E74BA7183C61A41361E46409683243D636"
"engine/domain/simulation/scripting/core/CMakeLists.txt","13C0EEEF95831EE18F31AD0DC15E80E3AD0B7D643138AF261249B1043C9134AA"
"engine/domain/simulation/scripting/core/include/lux/engine/simulation/scripting/ScriptAbilityInvocation.hpp","9289BFD31EAEADE508AF5A91C8DBE7AF4FB1902A5D0CE5281BCC196CE5AA5B8C"
"engine/domain/simulation/scripting/core/include/lux/engine/simulation/scripting/ScriptApiCapability.hpp","0C2EA389E3DE403F18A42A0781536E98579F9E881DA63185FC6F2B8B8A6C55E9"
"engine/domain/simulation/scripting/core/include/lux/engine/simulation/scripting/ScriptBackend.hpp","A1AC5EDE989EF236BDECDDE7C20DFA4D9EC1B233FB425716FEBC010891F63C5C"
"engine/domain/simulation/scripting/core/include/lux/engine/simulation/scripting/ScriptContractValidation.hpp","615236964EDBCA4529A1D98DEF20D701F64FE7CF981AA4953D359A4F0FCE96E0"
"engine/domain/simulation/scripting/core/include/lux/engine/simulation/scripting/ScriptEndpointBridge.hpp","87C37B526E2CBFEBFFCA54A996B2D51F65397AFF12AAEA093D87D06C0A132B88"
"engine/domain/simulation/scripting/core/include/lux/engine/simulation/scripting/ScriptEventSource.hpp","05A94FDAC395FE23927E763357B5544437FA4BD0FB456BD715A85D3F802A0206"
"engine/domain/simulation/scripting/core/include/lux/engine/simulation/scripting/ScriptLifecycle.hpp","150F828308E45282D70F531F5C22B3D63BB08E9D71B103CA21CF0B1A22400E34"
"engine/domain/simulation/scripting/core/include/lux/engine/simulation/scripting/ScriptRuntime.hpp","FA7F13B3D59FC9D4A53629D751E9FC18544B27BEF530DE3AFA6F07207BFF8398"
"engine/domain/simulation/scripting/core/include/lux/engine/simulation/scripting/ScriptSignatureCompatibility.hpp","EE5E2B2BC89AB999DC568C7A8E950E5E842CECDB1DD866398111EF6BA021E255"
"engine/domain/simulation/scripting/core/include/lux/engine/simulation/scripting/ScriptTimeEndpoint.hpp","378A1149E48039C1339A7D8892E261B302AEE2B666C93056D57417C36995E160"
"engine/domain/simulation/scripting/core/include/lux/engine/simulation/scripting/detail/BoundedClassStorage.hpp","08E936A29BBEAFA13B971537D66EC5B09C495CAD13637B9920305E98F63671D1"
"engine/domain/simulation/scripting/core/sinclude/lux/engine/simulation/scripting/ScriptRuntimeAccess.hpp","503F45CF192C528176567115ED8616158B26989A595D63F07C8C3D4B51CA4C24"
"engine/domain/simulation/scripting/core/test/DuplicateMethodIdAbility.hpp","8F7AE20E18D97026AFB26E6EF1799D2B6F523FCC4589780EED21BB6F11D9C4FB"
"engine/domain/simulation/scripting/core/test/InvalidBorrowedAsyncAbility.hpp","20A0C842D47DD77DA6A557295070957CBE828396B3F1240D9190C857E8915F42"
"engine/domain/simulation/scripting/core/test/MutableParameterAbility.hpp","9E4D21BBB1BB1BE78D052AF7D0D0918A53C336A6658D543B92D724BBD54F32C1"
"engine/domain/simulation/scripting/core/test/MutableResultAbility.hpp","ADD2A7EE7F9C33444C883E38CF4A9DFB093A6B8A5B816E9AF8A762B6DCC09992"
"engine/domain/simulation/scripting/core/test/ScriptEndpointTestAccess.hpp","E93163C07D1921B223A71B017781E0124888DFC3FBD900332953E94E3B554E73"
"engine/domain/simulation/scripting/core/test/TestAbility.hpp","3F5256ABF2B0F8DCD71D28C040C0CD237A5B15AC7B1BAE74A29767714A53D6B9"
"engine/domain/simulation/scripting/core/test/class_storage_test.cpp","6E3C8A314B210FF9B6E9BDC54CDABB8CD13BFDD1EA9C5089F35CA4406F3D8CBB"
"engine/domain/simulation/scripting/core/test/coroutine_alignment_contract_probe.cpp","B8DD84E4186266DA2DAF7DCA78F015232E038E3E242567958E7246A1993FA985"
"engine/domain/simulation/scripting/core/test/frame_storage_failure_test.cpp","55C5466FFFEF41FF73CE02D55B1D1BC31B74A175A77CAF773CDB5AD8A8E528BE"
"engine/domain/simulation/scripting/cpp_static/CMakeLists.txt","7B493694FF4D426F9FC98C7CD3E64C0E1ACF7A08B6438962F1727CF5E0699591"
"engine/domain/simulation/scripting/cpp_static/cmake/lux_cpp_static_scripts.cmake","E981DD24428EAC02A3B38DD123ACA95A49758F85C8529668041C963DAAD17406"
"engine/domain/simulation/scripting/cpp_static/include/lux/engine/simulation/scripting/cpp_static/CppStaticScriptBridge.hpp","5C2BC02045DCABAEA99B70085A8FCEDF4CCA0921D72822AC5FE13BA5D5F122F1"
"engine/domain/simulation/scripting/cpp_static/include/lux/engine/simulation/scripting/cpp_static/CppStaticScriptContract.hpp","55039A210C49EB9049B3781739C84F942DD9BC946AC7463DC9BFB6BA343BF625"
"engine/domain/simulation/scripting/cpp_static/include/lux/engine/simulation/scripting/cpp_static/ScriptCoroutine.hpp","3AA7FBE946F10F12441B89AD755436C5CE70236411580CAE8696082928B4E668"
"engine/domain/simulation/scripting/cpp_static/include/lux/engine/simulation/scripting/cpp_static/ScriptDelayCoroutine.hpp","1FCFD0D8CBBBEEA9AF1038A2217A1DD40A52831B952C1D712163DB67DDB6A4FF"
"engine/domain/simulation/scripting/cpp_static/src/CppStaticScriptBridge.cpp","706BA8F74B28A60AA5FC3DD3EE69F57994B35DDEADF5BFE65069E2EA0E50ADE2"
"engine/domain/simulation/scripting/cpp_static/template/cpp_static_script.template","BB1202B8C857E2F7A11663BF27047587D28A44E06325BDD081F388AFD20505C4"
"engine/domain/simulation/scripting/cpp_static/template/cpp_static_script.validation.template","890E517BDFAA30266961F0D36CC4EBF4AC08BF129D22693F3EA234404EF40F07"
"engine/domain/simulation/scripting/cpp_static/template/cpp_static_script_authoring.template","B891CF7900C656472081969B99F99332F784AB73FC0473E40CB9277E890936D5"
"engine/domain/simulation/scripting/cpp_static/template/cpp_static_script_header.template","3F8B9B986F23AA75EDE52398628C76FC299BBBBC178D8C00A2F62503AA2240E4"
"engine/domain/simulation/scripting/cpp_static/test/CppAbilityObjectFixture.hpp","D00ECB5F3143AB30BAEEB794530F5F426EBA462D1DBB06A2971DC43DC4B5992A"
"engine/domain/simulation/scripting/cpp_static/test/CppCoroutineAbility.hpp","AC8D2C8235E1E3FF17F1AAC9C02DAE5F4D1EF079BBA7DFED782CD35579BD3519"
"engine/domain/simulation/scripting/cpp_static/test/CppStaticScriptBridgeFixture.hpp","CC02F4B8AE786AE8DC3272CF75874ABB1DD79B4ABB6220FB34CE7FA46670092F"
"engine/domain/simulation/scripting/cpp_static/test/InvalidGeneratedScript.hpp","2A58F60167B748368FCDBD477E3C7AAAF5F5AFA9E909CAB86DF3ACC201F3DAAD"
"engine/domain/simulation/scripting/cpp_static/test/NarrowShapeFixture.hpp","2D63C52CF87BD33F28F51C5A80A97CFA82C98868CB5F8B639DF6C0F5D60F2298"
"engine/domain/simulation/scripting/cpp_static/test/WideShapeFixture.hpp","08D5649817FAEF314E54003DC237B84A15CF0DEC53D2A5262B23C60C74B65426"
"engine/domain/simulation/scripting/cpp_static/test/bridge.symbols.json","6E847741A22220B8CBE1BA03FCAFB61E6AC5D210CB68E3CC441A903A52725023"
"engine/domain/simulation/scripting/cpp_static/test/cpp_static_script_bridge_test.cpp","859148275C5BF1283AC4E14434D93D2371D277D2D5A7BD66713B87E4CAD92318"
"engine/domain/simulation/scripting/cpp_static/test/negative.symbols.json","AD4FB5F1DF7DBD8825441822C23D978801D04A6FB681FF7CFDB86E6785328EAD"
"engine/domain/simulation/scripting/cpp_static/test/prepared_shape_test.cpp","9D8DED8BA618D815B48F27D4E8859EB649596EDA9175D483A5BBF4158F6B5A80"
"engine/domain/simulation/scripting/cpp_static/test/shape.symbols.json","36F5F91DD495418BE14A9B2F0936128CA9391DEF6E53BF1D5C9208BCA383563E"
"engine/domain/simulation/scripting/lua/CMakeLists.txt","2969DE88EB8952343D611C57432450CDB86FBE34BC648FA9926A783D73636E83"
"engine/domain/simulation/scripting/lua/include/lux/engine/simulation/scripting/lua/LuaScriptAbilityProjection.hpp","23010F718AB21B4ACA706ED4C030BDC6783EC03A833CE15FE919DBE650DB6160"
"engine/domain/simulation/scripting/lua/include/lux/engine/simulation/scripting/lua/LuaScriptBackend.hpp","24BD6BAAFF085DE2C46FB019548289C9D07B8C04794860901BAB984195DEC0C1"
"engine/domain/simulation/scripting/lua/src/LuaScriptBackend.cpp","2312FA7995525212C126A3F58915FA3CA98AECFFB5B30715080378C28C02E751"
"engine/domain/simulation/scripting/lua/test/LuaRuntimeTestAbility.hpp","283176781BC611D428DBBCB62D29F8B2C19B45247DA335961BEC7AFFC468F96E"
"engine/domain/simulation/scripting/lua/test/LuaUnsupportedIntegerAbility.hpp","AF69391DD6AAEAC5A5817A8B9F3835A3EFCEAF1BB28EA5BC0CB844DAE5557F81"
"engine/domain/simulation/scripting/lua/test/collision_event_chain_test.cpp","68931D1CC1DAA46603D71FBCAA18F02BB21A9040200A04A1BA9F76602EEE3BEB"
"engine/domain/simulation/scripting/lua/test/lua_backend_test.cpp","F8FAF1878E0B77EDB234D3B97270A38FF7C69E7E643A585955746D27C0FCC7D3"
"engine/domain/simulation/scripting/lua/test/lua_closure_provenance_test.cpp","7AB7F6AD23310A292715256D1584A5E628396DFB8F3607C7AFDC0A54B636173E"
"engine/domain/simulation/scripting/lua/test/lua_coroutine_integration_test.cpp","A7E24D5180582983E571C25D7F245EBBD07A7F70E1103D446AB06883D9E70981"
"engine/domain/simulation/scripting/lua/test/lua_prepared_storage_test.cpp","6459BE2E43002FB62F568F45FBD3A5FDCDEAEB79DC7276692A19E197BDFEAF2B"
"engine/domain/simulation/scripting/lua/test/lua_vm_coroutine_contract_test.cpp","8E38983C171FABD86156029D0A6AB742F52C4BE20B3251B10FD158A60AD36B54"
"engine/domain/simulation/scripting/native/CMakeLists.txt","F62174FB2044445E5214192B1CA50A224F0E94F574BB211C5CCE65C35466F330"
"engine/domain/simulation/scripting/native/include/lux/engine/simulation/scripting/native/NativeScriptAbilityProjection.hpp","A6422CA7F5E3F405F30F1010559C8E40CAE17EB5ED06E9BE9F39DB028CD2B997"
"engine/domain/simulation/scripting/native/include/lux/engine/simulation/scripting/native/NativeScriptBackend.hpp","50155B4AB402E3FAE45BF61B5E8B72BA89A11957CE33BECCB64716F332A9D148"
"engine/domain/simulation/scripting/native/src/NativeScriptBackend.cpp","0E0BEDB962A3763184DAC7D92315A4BFB59E1106AB20A6A9E1EA760A33E61AF8"
"engine/domain/simulation/scripting/native/test/native_backend_test.cpp","AB300C0B8A3EF847FFD8BFC87EBDEC908DF272F1B14E190B3D51B3B6E0EB14ED"
"engine/domain/simulation/scripting/native/test/native_population_test.cpp","40359E01AE24616811DB3A298FBA939E66E4FF97EF4DDBED6287F4B7C3772331"
"engine/domain/simulation/scripting/native/test/population_fixture.cpp","BEE3E7F75AE9EFBFB79F309641227E342A42E8C88DA1675ABE3DCDA334D31BC0"
"engine/domain/simulation/system/CMakeLists.txt","E8DD55EF4223B11A08C4BF64C6FDA206D08B6C175355D796A0E0670B30DFC313"
"engine/domain/simulation/system/include/lux/engine/simulation/HookChannel.hpp","4EFC0B107BFAA46AA43D39F35A396D463FC3F16D48119DAA54F09A1B7C6A7D49"
"engine/domain/simulation/system/include/lux/engine/simulation/HookInvocation.hpp","76715E7110A6BF2229DC3B480D67070754AC9CDCE27449E43132B7482F69415F"
"engine/domain/simulation/system/include/lux/engine/simulation/HookPoint.hpp","0BD33B0287DD40DCA3F296F034DFFB3797CA170D3B1A7346650BEE7543889700"
"engine/domain/simulation/system/include/lux/engine/simulation/SimulationSystem.hpp","9C1D0CDE99BF6A9B0CE5A036E01137D82272BE8024103A682CCF356618C7C97C"
"engine/domain/simulation/system/include/lux/engine/simulation/SimulationSystemRegistry.hpp","1DD737131BA4B67F5F53A25F75CEB85BCDC172583A08BEFE01CA5C5C5F9D0235"
"engine/domain/simulation/system/include/lux/engine/simulation/SystemAccessSpec.hpp","73B434EC6C6DA08590823A88DED0DF81288F7D40089D029A919BBCD815263B62"
"engine/domain/simulation/system/include/lux/engine/simulation/detail/DenseEntityHandlerStorage.hpp","4A2FB8FD503701EA21BC5C09ED7DEC32A4313547AC9709CCECAC8265EBD32D53"
"engine/domain/simulation/system/src/SimulationSystemRegistry.cpp","140D0A96130A0BD636B11C44842C71EA6A713A3A4FCC4AFD5780474DF6DACB82"
"engine/domain/simulation/system/test/HookChannelTestDriver.hpp","2F7F6179834984C2773510856F723050E4B345C5BFE78C1B95FD26095A4ED9E2"
"engine/domain/simulation/system/test/HookInvocationTestAccess.hpp","C1C1C9C69FCF2769E4CB573ED247F7DF7FC77D22C40154FB8B462B72A0C35301"
"engine/domain/simulation/system/test/ObjectBoundaryProbe.hpp","7C2E4F6FAE49D4C76D9C64BAA0A586BFE393FA950EC6E5D15C66B5F37C59DCA4"
"engine/domain/simulation/system/test/endpoint_point_test.cpp","560EBA54FAA0829AA6E3819EFA04A8515AC5BA9D97953B9DA5CA07F42A704B3E"
"engine/domain/simulation/system/test/object_boundary_test.cpp","5854486B77E423D65F60855C772080A3F8BA43FB817E87D4F061D95864417FB0"
"engine/domain/simulation/system/test/registry_wrong_thread_probe.cpp","629BFF8131AB8D27324D6C72AFF6439823CA295D512B3817C6605D6F6F0EA3B3"
"engine/domain/simulation/system/test/retired_bare_system_id_negative.cpp","7906504B578F8242E2D2C309196482317562C3316B68852652374A8CC3A977F6"
"engine/domain/simulation/system/test/retired_context_update_negative.cpp","E50EED19658A3CA8C47A337E489AD39876AC0BE59812CD937720332B32C4E4CE"
"engine/domain/simulation/system/test/retired_schedule_header_negative.cpp","0D433BA624A592097ED379CD871AF918FBADA285870945547D654AF4C56E082B"
"engine/domain/simulation/system/test/retired_system_base_negative.cpp","B45D6511713C8661F95210EA3EE884BB1E8DF415CAD5CCCE2FDCFD2DDE072ED6"
"engine/domain/simulation/system/test/retired_system_compilation_fields_negative.cpp","716546F322F0D119EA546BAAFD592A609D54F7E565CB9418F1BE0AE52E598986"
"engine/domain/simulation/system/test/retired_system_compiler_class_negative.cpp","E904911C1A7E237741A1F9DCAFECBDD7B284189E5C2A3015689D769E2357710E"
"engine/domain/simulation/system/test/retired_system_frame_header_negative.cpp","278EF5BABE8745BA1ABBAB5D39D1A47E175F3678437B63659835CB24F7B2987F"
"engine/domain/simulation/system/test/retired_system_set_header_negative.cpp","C5588B48B835D8812C69B90DACEF92C10E0EDA97FFEC785CFAE6B9DCC609FE30"
"engine/domain/simulation/system/test/retired_system_start_header_negative.cpp","8AAC1B1D2704C0B2E5F5F08A02292FE72E6C035EFA19FBFADF88267B2CC11745"
"engine/domain/simulation/system/test/retired_task_wave_backend_negative.cpp","2426660A70F78618BA4EA19337439C5E4E69FD7B9E6CFBE2E96AFA700ABAA0EB"
"engine/domain/simulation/system/test/system_duplicate_access_negative.cpp","FD18E54DCBD7B02CEC5BF2DD27BFC8C3ACEC1041B7FF74E2559970992411FE99"
"engine/domain/simulation/system/test/system_missing_access_negative.cpp","0644FD0FDE174B08B1627EF7D1F31F73A8A32E02EEDD98B566B3C1B114F34F4B"
"engine/domain/simulation/system/test/system_registry_test.cpp","0AA19C9514A7B1DE7F265138AC90F1A59CE5D7004980BD39D65B22D74D190B8F"
"engine/domain/simulation/system/test/system_throwing_update_negative.cpp","9FEA665A233274A03555CD9B5B56765346E394513018061E02B1209933187B07"
"engine/domain/simulation/system/test/throwing_event_payload_negative.cpp","922A4E2B1C041FA32ADDE09614C74FC7FBDB26B3804D62BB49571140CDACDC7A"
"engine/domain/simulation/system/test/unscoped_hook_negative.cpp","3E8381C646C6DE19085D2C950570A364D64FF2F22421C01963CA15795686BC47"
"engine/domain/simulation/system/test/untrusted_system_access_negative.cpp","AC02888530B4A89811B45BDF08C5EC9D8A3054DDEDE7384109B824297147691F"
"engine/domain/simulation/system/test/world_schedule_backref_negative.cpp","8981B717DFF1F37CA8D59E7E2FFC476D60905D3A034D351B67A23488FCA7AEDB"
"engine/domain/spatial/CMakeLists.txt","580D3EC986D57A69E1D9252E93ADA936F024A4BBF1C18B6D80A4710344166F14"
"engine/domain/spatial/spatial2d/CMakeLists.txt","DB7F2EB0CC825D2AE383E9B14F808166BCAB533656C6D59E32346E59360E7357"
"engine/domain/spatial/spatial2d/include/lux/engine/spatial/Spatial2DPartitionIndex.hpp","080B94ACA0372BA1B66B55D17EB0BBA0C9E4556FDE9CAED1386207345D992870"
"engine/domain/spatial/spatial2d/src/Spatial2DPartitionIndex.cpp","B45CD04EF51F39118A62692CF03FF18BCCFB0034D6EFA13A31C340E078AC5065"
"engine/domain/spatial/spatial3d/CMakeLists.txt","E58F9BF73B70E987DF6D921DBE2C241D98542AE20AA79E3CE0A83FBFC7A7721A"
"engine/domain/spatial/spatial3d/include/lux/engine/spatial/Spatial3DPartitionIndex.hpp","94050B9FFD1F232D9E26FCD2B1A2DD2F95F7302487EB591564D892254AFD49D0"
"engine/domain/spatial/spatial3d/src/Spatial3DPartitionIndex.cpp","732B2393026479E712D4790980C5CAEEE0636F5900CA5C67F60323D950F312D2"
"engine/domain/system/CMakeLists.txt","15C2BBA0DCB3EE39607CF80E67F879A61677D51D1B902434472A77298E1F93CC"
"engine/domain/system/description/CMakeLists.txt","77854D72D007AC41CA79B62A99C6C3782E90A68310019D1E5F9E92B0C635218F"
"engine/domain/system/description/include/lux/engine/system/SystemTypeDescription.hpp","3F5F2A809CE3A5CA3A2858DB9A5CB5124CEB411343062F7A32D008F6690DFFEF"
"engine/domain/system/description/include/lux/engine/system/detail/SystemDependencyOrder.hpp","B96C1C3B73F5FE7A96E477F5C9F3C7F21159EBEEC90C043D2750557DC4262F55"
"engine/domain/system/description/src/SystemDependencyOrder.cpp","9634782837E2199E967DC6FBB2190CEF835BF96AE14933CA200A64EFCE4ED20E"
"engine/domain/system/identity/CMakeLists.txt","06827EBE671BA38C05D4B981F7E1B0E8335E9539A9EF1D5037C128A3DC5C8792"
"engine/domain/system/identity/include/lux/engine/system/SystemInstanceId.hpp","A5645056A71940EB9DF9A8125F97E47D23A06C8D4C5A9C500E90DF4D852F2483"
"engine/domain/system/identity/include/lux/engine/system/SystemTypeId.hpp","0A2894A13FCA7F9714F9B4DAFC551162A9AADF6543E023230E791405FE9B0798"
"engine/domain/system/identity/src/SystemTypeId.cpp","1593FF3B993C32D0C02750781F9380F7F505339454FBDFBB2DEC44A10152FC95"
"engine/domain/world/CMakeLists.txt","8EBD74B571364ECE1839883BE42467CABFE7585D666A143724A1CC56982C5BF5"
"engine/domain/world/asset/CMakeLists.txt","BE2D4C48099C9E2FAE740600F045B4465813C546487AEF08C8B8FBE146B65158"
"engine/domain/world/asset/include/lux/engine/world/WorldAssetCodec.hpp","EE0609262B3928C4330CBD620EF9C597B2E16218CA728FB60FB20044F926C10B"
"engine/domain/world/asset/src/WorldAssetCodec.cpp","81D645C4C9E1CFF46205633DCF07EF5D630B5B136BA3A586DFE20415A191427D"
"engine/domain/world/description/CMakeLists.txt","7216D55A8C64B7188ACD32EB8D1573B5C49B5C29317509E6C53A2048DEC466E6"
"engine/domain/world/description/include/lux/engine/world/WorldDataSchemaId.hpp","799C75EDA2A18027C85240E2A8419B86B89F8DD4DB8ADA278984309F9B141934"
"engine/domain/world/description/include/lux/engine/world/WorldDescription.hpp","19EB9D2CFF530E30EE290D38BEB5880C49CA071CD12FA7AF93D0709DA3E3AB40"
"engine/domain/world/description/include/lux/engine/world/WorldDescriptionBuilder.hpp","ABD479FC91B0355B39B13D5F0EB7EBB34755A0C39861BC0875FA1193DCBE2BDB"
"engine/domain/world/description/pinclude/lux/engine/world/detail/WorldDescriptionFailureInjection.hpp","45058C6BB996C340AF381F131BBE633101BFFDA31DF24A394F4374711B947447"
"engine/domain/world/description/src/WorldDataSchemaId.cpp","D1F9FD8FA8932D805212D7DDC2A5FB8429E15FF26D2BFBDB2D0F4031F30A2EA5"
"engine/domain/world/description/src/WorldDescription.cpp","7F11373C748C066A9E7B8CDB5A8809CD976570C9AAF59D41DC9965DEEE0E6911"
"engine/domain/world/description/src/WorldDescriptionBuilder.cpp","07A7C4BB26E40EE31975D22D4A189A7C759E9F52CD690DCE94A3FAF6DA4F0453"
"engine/domain/world/description/src/WorldDescriptionFailureInjection.cpp","187D94AF0B8B3E36A50C6E6F2D93344BA615EBF4F064C2C07DA63D694A17E38D"
"engine/domain/world/identity/CMakeLists.txt","1A3D7B2286BEEF64AD9B33E24E97B33E71487BED1566258784F634C7C0F857E8"
"engine/domain/world/identity/include/lux/engine/world/WorldObjectId.hpp","621C384D509CAEE49DF90F71B8BE703302F291409CC2CE33A8F63CAA8752FCA6"
"engine/domain/world/partition/CMakeLists.txt","C8630673F7509DD4837B5BA7382AD8AAC9B936FBD12861962AC6C79FC9938832"
"engine/domain/world/partition/include/lux/engine/world/WorldPartition.hpp","E05F4D9F30E2809CFD59A7FB62E25D5ECE20E0C3DE5447232FA8609AFDEBD8A5"
"engine/domain/world/partition/pinclude/lux/engine/world/detail/WorldPartitionFailureInjection.hpp","3E3E06D67EEAFBF5785845D2169DB17BC55681FBF1AFFEF1E0D91E8E05890F17"
"engine/domain/world/partition/src/WorldPartition.cpp","D974B3F60C11CB15FD01333F5ED7BBECAB18580F1BD729B9AF69C9D0514535E4"
"engine/domain/world/partition/src/WorldPartitionFailureInjection.cpp","4AF4B2D3BCA58C7089CCCE7385A742154F2987728A9643F63932D476810CC6B0"
"engine/domain/world/storage/CMakeLists.txt","18198EEBF89AE894B923E79207729A27FBE6D0406DC9CB6FD4356F76F162D097"
"engine/domain/world/storage/include/lux/engine/world/WorldPartitionData.hpp","43501368A347E99FBB0B77F3560D21B8EA7CF48FA370365DAC2E6A14C6562B72"
"engine/domain/world/storage/sinclude/lux/engine/world/storage/detail/WorldStorageCodec.hpp","71DF689458D6BEB59EA00FA87E04B79B47A0BB1F4F63A3C1E213E3C85A6A0109"
"engine/domain/world/storage/src/WorldPartitionData.cpp","F2D0FD1762C3E4AE116742F695FDB7353C89C2F0188D7B7FC7CC13C3EA8E8039"
"engine/domain/world/storage/src/WorldStorageCodec.cpp","DFAE4A7DA9DEDEFBA0E1380E4E8D113A880BA9102F5F78CB5B127400105ECD74"
"engine/editor/CMakeLists.txt","554B2050C882C5BD445B369ED8B49335ACB9EF5A82E898589DCC107C1D850E92"
"engine/editor/application/CMakeLists.txt","BFD817B2A0B4FA393A8562AA0DA709A932918579EF9396167BC0A04B6C0FA3A9"
"engine/editor/application/app/EditorBootstrap.cpp","0BFC380EA37E3F76F9B47BDB5445121DEF09AA2FCB641732D05B97A2EE643DCF"
"engine/editor/application/app/EditorBootstrap.hpp","77EBEACBBBE57BD27DDA110872A8ED75EA444052597FCFC0CC86117E8353C19E"
"engine/editor/application/app/main.cpp","8539863178F2C7FCB5D9D76B5C27C0B8E4240D4845A29EC557287D910EEDFFAE"
"engine/editor/application/pinclude/lux/engine/editor/application/detail/PresentationThreadStart.hpp","5E06260F56329CF9BF8189FA474BFC6CAA7E20DCE21C912BE069AEF42A60705A"
"engine/editor/application/sinclude/lux/engine/editor/application/Application.hpp","72023E34A69F52A9B39E0E92FE5C27218E651F34789A1C0C183CBF1F081A058E"
"engine/editor/application/sinclude/lux/engine/editor/application/EditorApplication.hpp","B6B77AD83CF3A44544BD6B59D47B51C51422BE176F20883758E4E636487EB585"
"engine/editor/application/sinclude/lux/engine/editor/application/UiVulkanPresentation.hpp","F3487D42414555A7E6CE1BE6E4855F86BAF7E8E62BBD159238FB60376DACAD0F"
"engine/editor/application/src/Application.cpp","D955C9F2ADFDC2839EA048B991AE16EEC5BDDF128DA6962EB32AC3BD4D4750BB"
"engine/editor/application/src/EditorApplication.cpp","6AAAB123AF9DEEE6D8F171060AC182A3C17B1517E9643A5FF4A00BD07ADB4A76"
"engine/editor/application/src/UiVulkanPresentation.cpp","693C2A2DD004FC351518D42B6A74E0695B2311CBA13EB870AE3BBB7E16058146"
"engine/editor/application/tooling/CMakeLists.txt","C6278496B5F59FCA4635CA82ED9B430CB81F4CFC648C95BA92AECE507FC0381D"
"engine/editor/application/tooling/include/lux/engine/editor/application/tooling/Toolset.hpp","425FA5058E1599AEFB81DDD4F61D39CA08052C6B8AC9DF5FDFCC74883F06FF91"
"engine/editor/application/tooling/pinclude/lux/engine/editor/application/tooling/detail/ToolsetTestAccess.hpp","E640981CE5D4DEC589E18440DEA171C9285FC8F2FF9C605CF9B4CD4F2520078C"
"engine/editor/application/tooling/src/Toolset.cpp","7DB77B52220DAA66911129A2BAE5488A3D81BF5C12BF249ED8DB591C09F1BF03"
"engine/editor/context/CMakeLists.txt","B05554641117E8D51329EB4937B959036F6F521ED3350D39A7843FED364FA851"
"engine/editor/context/include/lux/engine/editor/EditHistoryController.hpp","FA8802A312A727D1B903E3B79F98945B6CB68B77FA67D6D950D9F24367AFB05D"
"engine/editor/context/include/lux/engine/editor/EditorContext.hpp","7FA925B74A26247D00FADFCB4D3E4EA9446C390BC7E66DF0E7F3D7FFCB0137D0"
"engine/editor/context/include/lux/engine/editor/EditorSelection.hpp","0FAD26756D8D0893CF58A73923518E09B61CF79CF65BCDEFBC69498482DB609E"
"engine/editor/context/src/EditHistoryController.cpp","A47D7894F333E3BB8D12FFB7B559F1A4D65C9D7CE024709CDA23D73DCF562115"
"engine/editor/context/src/EditorContext.cpp","B4A0BBE2E2802CFCDD52AC3252829D1C06CD796C346A80B630205740BE57A192"
"engine/editor/context/src/EditorSelection.cpp","805C7F844DBEC6FB80DE997C6A670F7997E9B5095738B4ABFCC87305E345576F"
"engine/editor/context/test/CMakeLists.txt","F8A41E0DC914F8537B536E5AC3DA90BB4EDE6DC38007176A10E2994043939666"
"engine/editor/context/test/EditHistoryRoutingTest.cpp","20AF3E4589581D1C15131DEA79A19A34165278455E9786CECE32FF2D5ED34CE4"
"engine/editor/context/test/PluginProbe.cpp","8528316C0A75E3EA6F0097FFD9ADF909E1B1801A27E3EFE9E784086786ED4102"
"engine/editor/context/test/PluginProbe.hpp","3B7AEDF83A9C21E7BBF269F8AAD94F47F807E14E4E63556404119E9826A243FB"
"engine/editor/context/test/editor_context_test.cpp","3C45A705B2A9DC8D4466324681CF8DEB1C5F2A9C21A222E6062A42FAB5592E51"
"engine/editor/editing/CMakeLists.txt","C73E36B02DAFB0B3FB862E80101E9F7BCC3A0062B61106C649ABB77D16024E08"
"engine/editor/editing/include/lux/engine/editor/editing/EditHistory.hpp","64372FDC078427FAD314A6F05A6E923DA9AD9002BCAA82FFB0209AC2460063A2"
"engine/editor/editing/include/lux/engine/editor/editing/EditHistoryTarget.hpp","73FBEE166E3D43D46D65257D447CE1B9461843D1B5B3C981270B6FD12C24A041"
"engine/editor/editing/include/lux/engine/editor/editing/EditOperation.hpp","43AABA5915D0E86FCD27C87CC35D7F5E7230712F2B020BC37E1AD38BA2DCB4D7"
"engine/editor/editing/include/lux/engine/editor/editing/EditTypes.hpp","E93A6F6BC346E9C03050A299CEA669F2FF8E512FEF22B2A127F38D23E1EF3F3B"
"engine/editor/editing/pinclude/lux/engine/editor/editing/detail/EditDiagnostics.hpp","F5BD8F12A5D2D1FF5E7149682A561FF5CD96A2A900C0E707479F962A770CEBC9"
"engine/editor/editing/src/EditHistory.cpp","324BE6C6029AA57527D3CDF9997735E4568BEE645CFB40FB2096CFB02B74642B"
"engine/editor/editing/src/EditTypes.cpp","C09FCD757637FA588737EAB24A412F9C588252BB7FB1415F68DC4D87F9961051"
"engine/editor/editing/test/CMakeLists.txt","2D3A060CA2DB52AAFF43CEB98BAC00A49711AF140FA01D94492612E276F9106F"
"engine/editor/editing/test/CoreCases.hpp","42C2FE07E2E3CDB51BF905069F698CF56296E1D0E6F8BE8665BCBBEFCDF58AF4"
"engine/editor/editing/test/EditingBenchmark.cpp","1723B560E81336D19F730D20E0906F98960EB757034C6D88E9B0E7463065CDBA"
"engine/editor/editing/test/EditingFixtures.hpp","96A9F4F0E202134EF0DC1ACF34D2465141780BD40184D9227972FC30E7FCFFB1"
"engine/editor/editing/test/EditingLifetimeProbe.cpp","FF1CE6AA58ED2CF6EF7348A817B922598E83AAA2CA816EBBD8C5E780549C41FC"
"engine/editor/editing/test/EditingProtocolTest.cpp","CE5A80B7019666DE653B1A4220E83D9838D286A1CBE8B38B70B7EC10C8521240"
"engine/editor/editing/test/ExpectLifetimeFailure.cmake","1892E5B090C96A48A288D71C4A0E86C3E3699DEF5DEE59791B272A67E4C00E78"
"engine/editor/editing/test/FailureCases.hpp","093CF2FDA971E4AF9009C1A21CC1E0EA729820671152A1778975B3CFAFEB55DB"
"engine/editor/editing/test/SaveLimitCases.hpp","39D49E2207A07200A1504BA6D3B5E90B1378A7D7049B701D82FA537C2BF54066"
"engine/editor/editing/test/TestChecks.hpp","7B2D52995DA911FF52B420DE9D09B37B4A49CC483AA26C1F9B8B87727CF48104"
"engine/editor/examples/scene_workbench/CMakeLists.txt","0E8BA4756E32FB54365B79025034B1DA73635773C2824BE75AC8D118C709649B"
"engine/editor/examples/scene_workbench/DevelopmentScene.cpp","B73BA69B0DC649250CE9F1B18A427543743FFDDC7748B13A79E2A2B9620B3041"
"engine/editor/examples/scene_workbench/DevelopmentScene.hpp","4B401D3BE36FFAA652AE9A5BCA1E5C10496B862D10B8E5BD6A7F110DFF5385F5"
"engine/editor/examples/scene_workbench/benchmark/CMakeLists.txt","E735EB990C8C5F4D28B4FA48BB2A0605E93019642D08D06D2EA851E62D7BF7DC"
"engine/editor/examples/scene_workbench/benchmark/CostSample.cpp","C2F4BA7796BB084A58E14F3B609303E371DF50C5C0AFA2689C3807A7D3FA7ED8"
"engine/editor/examples/scene_workbench/benchmark/CostSample.hpp","2E7523DC64262296EC3A67DEB988C3462270BD6B3E4B7F48DA64F5EBE587AA87"
"engine/editor/examples/scene_workbench/benchmark/LegacyCost.cpp","0DB3BABF6C83FEABCEC70FFFC63F1E95828958AC550B7A448811773A37E44525"
"engine/editor/examples/scene_workbench/benchmark/SceneCost.cpp","F980486C04FB533C675CC55B69AA692735DFCE2A35B281C0FBB2A14C8BF2D773"
"engine/editor/examples/scene_workbench/main.cpp","89C5464AD762B7757ECD010A912B0F786D4F6ECFC7D2821C7CC49E1E8EC18098"
"engine/editor/examples/scene_workbench/test/ApplicationLifecycleTest.cpp","F0F1F0916F6BE26FEC509760BEE72FF169EAEE891D70C08D2F6BA3125CD5C91C"
"engine/editor/examples/scene_workbench/test/CMakeLists.txt","E52B600536DC7D09F93C55E191A814B44185433F934E500A3DBDCC24907CD961"
"engine/editor/examples/scene_workbench/test/SceneGpuTest.cpp","B0F001F0FD4B001FBA408A177C1CF2D96B92EE4803E7D0C1FAC116175AB3A88B"
"engine/editor/examples/scene_workbench/test/lifecycle/CMakeLists.txt","DA99C898C6996455DE0AA070099D04FC462DCD34160C4220A8CDD51A3CE70859"
"engine/editor/flowforge/CMakeLists.txt","9171677B587C0F94175C6560CB58E9E4CAA66BC22AD0CABA721C4B3D973013A9"
"engine/editor/flowforge/include/lux/engine/editor/flowforge/FlowGraphEditorAdapter.hpp","15FF1AE36F9EB83CF0D2418DC6A2FD6947B2C2F0458EBDF8EBD4F01628C7E369"
"engine/editor/flowforge/src/FlowGraphEditorAdapter.cpp","A918FB644996906253110BE1CBFBE22057DCEDDB13D99E2736AEFCCB9CAED3B5"
"engine/editor/inspector/CMakeLists.txt","AF5A45D7ACC9BA6F777690EDF2AB190D0A58A862D0535DCDA9DB450B0835F681"
"engine/editor/inspector/cmake/engine_editor_inspector_codegen.cmake","142AC299E203EBA573879FC4072509C7224099D47422AD6DD73AD353F32F0086"
"engine/editor/inspector/include/lux/engine/editor/inspector/ComponentEditorBinding.hpp","4C81B8DFD1F16AF15F44619B1A9C49206C7915EC8F1A5B2EC0EA77F115919084"
"engine/editor/inspector/include/lux/engine/editor/inspector/EditorValueBinding.hpp","200CBB7042EE1BB4ED692E0B1F1C208B53F8E81CF422CC85A2852F13B68B46B9"
"engine/editor/inspector/include/lux/engine/editor/inspector/EntityInspector.hpp","BA606035784E5B562738FA961B3FF31DCFB5983123A1DD21C8B2DDECEC2186F3"
"engine/editor/inspector/include/lux/engine/editor/inspector/FirstPartyComponentEditors.hpp","35874B14FCDEA9AB9D5154857FF237AAE7223E00976EAD274C51289BFA62145D"
"engine/editor/inspector/include/lux/engine/editor/inspector/GeneratedFieldEditor.hpp","E8CBB016F7B3A2C1CE9C13953DA031B0204019F9D0C7605C1C57AFE99206E030"
"engine/editor/inspector/include/lux/engine/editor/inspector/GeneratedFieldSpec.hpp","75853D8A77CB0A34582B1C1EAE0789200D696D353703EC06CF3FB18DB0D963D8"
"engine/editor/inspector/include/lux/engine/editor/inspector/InspectorContext.hpp","920883D87D074BF916B726E2C075AE6FC31B08CBAF83AF90CB4133D56971DAC4"
"engine/editor/inspector/include/lux/engine/editor/inspector/InspectorReadOnlyContext.hpp","77A3FAFAD51283FC7773D924FE25F284B7C93ED82771B03D6AB088EAB1611B3B"
"engine/editor/inspector/include/lux/engine/editor/inspector/InspectorUndoJournal.hpp","4387D2E846883656C636EB3DBF819A4CE6049A3C5B8BF182F2E464212E2A26CE"
"engine/editor/inspector/include/lux/engine/editor/inspector/ReadOnlyField.hpp","4E562A00F9B76D3D16747E35EF57FACDA1552D7C1D741788DA149752E7333A03"
"engine/editor/inspector/include/lux/engine/editor/inspector/SemanticFieldEditors.hpp","8C67FEFF80BAF164FE1AAE14A1CA089EAE53231AC46CD95F106B0D1897CC8A7E"
"engine/editor/inspector/src/CodegenInput.cpp","30F2A64A4466B75961BE07A6F3FA9E8CE5EBA11C2482E62B1F25FFF3773A9F8B"
"engine/editor/inspector/src/ComponentEditorBinding.cpp","6628450EA3BAF781FE760BE108F6377F1DBF334017EC2E1133A755EA2E4DB045"
"engine/editor/inspector/src/EntityInspector.cpp","12B87E949D924EAB3C015C6C1C837A897070E7DEEA7D6571E646E9A8F8AE274A"
"engine/editor/inspector/src/FirstPartyComponentEditors.cpp","C213BF29AD38744076DEDA4BB56C0359AE5C7D1102C1F4B2B3389DD0840F5FB6"
"engine/editor/inspector/src/InspectorUndoJournal.cpp","D1D06FF4679EE94043CE432362D724FD360E167C6DEEB5121E64D763A6B6CD6B"
"engine/editor/inspector/template/component_editor.template","824865ED7DBC182205226D39A74865A43A5805213B9CBF3EFC9C464850E782C1"
"engine/editor/inspector/template/component_editor.validation.template","27D2046BE585CC671F378C020D1B7A437C28C5FA531B67BE3AB0766FD98AD6CC"
"engine/editor/inspector/test/CMakeLists.txt","82236C149EB5B8D28D09E83D3C8136F6ACB7A2F967C56AAE36613A5FEFC45521"
"engine/editor/inspector/test/EditorHiddenCodegenInput.cpp","59283A7B9E5CF56F100B7566D3B3425B29D1E1FCA817DAAEFCA80D041E9E6BB8"
"engine/editor/inspector/test/EditorHiddenComponent.hpp","54CC547C075DC6F226D01EE34350FABAE1FA66632BC3D806628D90478C98D0E2"
"engine/editor/inspector/test/PluginBinding.cpp","116E97B7F6A7CC34802EDC28F3F9F375B031AA7052D8BE60B6A86A7605E625F6"
"engine/editor/inspector/test/PluginBinding.hpp","FA8130EDB8046E3B780C65CC1BE82612319009614CE894E1BABD5235FA4E1BC2"
"engine/editor/inspector/test/PluginCodegenInput.cpp","13C42A6DD13E7DD5FCE74734F121448C4415B9EA61743F1E858AD768AEE97963"
"engine/editor/inspector/test/PluginComponent.hpp","3004E3856B4464A5A7732CA3B2AC98C5CFE03530EA0D78419023D3172C93234F"
"engine/editor/inspector/test/ValidateInspectorGeneratedApi.cmake","AD0F867292FB76DE8EE893ACCA06BA862419D56F5B8BD21A68E25E300597E406"
"engine/editor/inspector/test/component_editor_binding_test.cpp","016503F2E83DDD022D79F9FDEE8F9EC041172AA9128C5E14A4DE27284B60D227"
"engine/editor/inspector/test/entity_inspector_test.cpp","73FCA7381A05A8DAD12314EDF17CEE0591C4F54E878808C26CE12F85953477DA"
"engine/editor/inspector/test/invalid_component_editor_widget.cpp","236D732C1CDE71E0DADA4AA0E5FD8A99BDAABF19DD412F4B1B92DAAF574A105E"
"engine/editor/inspector/test/invalid_component_editor_widget.hpp","9B26B756A3BB3AB97D3C62CE008FF578420D5AF52E3122261DA0D0CBD94BC441"
"engine/editor/material/CMakeLists.txt","8AFBE6C695C5C43D7DA5848E41BD4FF081A76DEF9F8175ABE64AFB8D25B80F49"
"engine/editor/material/include/lux/engine/editor/material/MaterialGraphEditorAdapter.hpp","6DBD913E544B438F2EF2C10A08B5E4FA4ED9D14649E0F52C6A4FCBF4EFE569E8"
"engine/editor/material/src/MaterialGraphEditorAdapter.cpp","0E8D46167515ACF3237EFF33D6FCC17E97F8FCADA7A5A1A6DF25761988AEF1B3"
"engine/editor/node_graph/CMakeLists.txt","B6C483F2993B30C646CF3F865445F3979992CF9975DC085EE048E11053EFD108"
"engine/editor/node_graph/include/lux/engine/editor/node_graph/DefaultImGuiNodeGraphRenderer.hpp","21D7D84D41933ACE6D133609C5DB8B62D0A637C4717D8C10FFC7B7522CFF1BBC"
"engine/editor/node_graph/include/lux/engine/editor/node_graph/GraphDocument.hpp","4189925E3BE2B3DF92FE69146A1C2E33A7C5F2759AA4580631F1FE37A08F13B4"
"engine/editor/node_graph/include/lux/engine/editor/node_graph/GraphEditingSession.hpp","38BE6882D855AFA90EBF4904D486FB70DE656CFA11B23445376DA2928CE3CE6F"
"engine/editor/node_graph/include/lux/engine/editor/node_graph/GraphIntent.hpp","68B6564DEF74F5BA466E708B7A3CB17E518D513E35E8BF18E15E6CD8A28920EB"
"engine/editor/node_graph/include/lux/engine/editor/node_graph/GraphRenderProtocol.hpp","AFE2F0336B249F066BA1BA25979DFD418F293DBA57717866F9CAA218FC1498FC"
"engine/editor/node_graph/src/DefaultImGuiNodeGraphRenderer.cpp","26748D6EF0FA4F33CC8828867B240FD16F79DAD1AE81FDA5674F9102D59C43FE"
"engine/editor/node_graph/src/GraphEditingSession.cpp","9351D1195157E7ABC20F671B73900E7416E1B75FDA71ABBCE489F72D43A5C05B"
"engine/editor/node_graph/test/CMakeLists.txt","8400889BF7283621F0532A9980EBCD7995790FE13ACEA8FC884D97F8BCEAD7D2"
"engine/editor/node_graph/test/graphkit_stub_test.cpp","FA7BBE01C2CB3AF7291B8AB711439FF1D52F4B62EDC3FD70C494755A3F0A2189"
"engine/editor/rendering/CMakeLists.txt","367907D70AB250C8AE9A10D51F10EC84D3C6D8668AFF59943EF41E756BB53C32"
"engine/editor/rendering/include/lux/engine/editor/rendering/EditorFramePacket.hpp","8E2589AC9CFCE5392D76DE8DD50C35AD091286883F02FD7489C083775AB6B9DB"
"engine/editor/rendering/include/lux/engine/editor/rendering/EditorRenderer.hpp","B18E43B76DBCD4C0C5152C3D4CB24A84313AFEFB5B7DD0A7752889871462AC8F"
"engine/editor/rendering/include/lux/engine/editor/rendering/RenderView.hpp","C5FAC3CAB0B2E3A49781E4F6E6B4B1D5D5B836849022DB552F8C867AE4DC2553"
"engine/editor/rendering/include/lux/engine/editor/rendering/RendererConfig.hpp","2D4DF4023F3118E554481BFA3996AD6951FFB59808273A3A4861C964F722580A"
"engine/editor/rendering/include/lux/engine/editor/rendering/ViewImage.hpp","009800D9E99E1731D7F06BA3EA7000918237559E4CBE1C0B20F9B595229A59E7"
"engine/editor/rendering/pinclude/lux/engine/editor/rendering/detail/RenderFrameQueue.hpp","0F25D5106FAB08935770E5C211EF3031612825027CD15758C65BB6B02EAD1013"
"engine/editor/rendering/pinclude/lux/engine/editor/rendering/detail/RendererTestAccess.hpp","8E31C8E72EB7C9241A616568A645CEE91E409EE411DD140C65581BF60C2F256F"
"engine/editor/rendering/pinclude/lux/engine/editor/rendering/detail/RendererThread.hpp","B469C0C99632EA7CCE4EFADBB7CCC12B8646E9FB7AB757A7FEBB583D3AF1962E"
"engine/editor/rendering/pinclude/lux/engine/editor/rendering/detail/ReplyPump.hpp","F4CB2C010C5EE305759069B2D019CA11D04B739329BA61BF00DFC1C13DCD8001"
"engine/editor/rendering/pinclude/lux/engine/editor/rendering/detail/ViewImageLifetime.hpp","2F82864312419F0FB1150A77E79E99EC6FDC36A8CE9DDFF7B617BF7AD9D6CD2F"
"engine/editor/rendering/pinclude/lux/engine/editor/rendering/detail/ViewResources.hpp","434DBA72CE4B11076D66ED6BA4D4D946B4C6A379A57D9F4FB6363738F0B5A7B3"
"engine/editor/rendering/src/EditorRenderer.cpp","5993703DDD58473D7D6E1891DCBEDA179B76BB9F833BEA909A9A8ABFE506BEEB"
"engine/editor/rendering/src/RenderView.cpp","DF1FC7C5EC8816811750407FE9EE2BFE3DB829D1573AA55B4C9DE1B9184D621A"
"engine/editor/rendering/src/ViewImage.cpp","63632C4BE2ED37F1D3577D15DAF3D59D5EF1462B6F8C155312A7E1DBE5FEF6DE"
"engine/editor/rendering/src/ViewResources.cpp","CF227DF8C3AD4815E14C6B4A7A0197EB66AC8E5592235C025AB48A56A0C838E8"
"engine/editor/rendering/src/vulkan/EditorRenderServer.cpp","CE89B8055C79163D97DA11E2F5AA931AA3997A2AF3FBDC60DE2EE6CD6936900C"
"engine/editor/rendering/test/BarrierProgramTest.cpp","EC40153CF3FF8DB6313372B2509223C0470BB94CBC198245171297ACA6F0D845"
"engine/editor/rendering/test/ClientAllocationDiagnostics.cpp","BB115C7EEA0D4F362B87F926EBBE0343D41BB03A9E0A33E75C69CE7BB1ED94B6"
"engine/editor/rendering/test/ClientAllocationTest.cpp","A7ACC33DDBD604FF2C630DE93A9F5536E6C94AA5AD90DE919533A9AC424D2AE6"
"engine/editor/rendering/test/ForeignRendererTest.cpp","FA6F54625AD75F21F42298717EE6D75A9AE7F8CCCED9FBFD436D17CE1EAE5741"
"engine/editor/rendering/test/ReplyBudgetTest.cpp","07A3600D2DD7D20742BE5E71E18EEF11D7E85D93C56B0E2F394F9FE9A6C32E32"
"engine/editor/rendering/test/ViewLifetimeTest.hpp","0EFFA7F867031D1093313EA58B109A498CC5637FE9EC5D7DD2F44C14B659F01D"
"engine/editor/scene/CMakeLists.txt","0DC41F929F247E36B57789FE2869524AA1FB5A2948D7AC8CC9ED3C9DF14EDFA5"
"engine/editor/scene/README.md","5FCDA899B0ABA25192B1BD2BC45982D5FCA7B50097EFA6A3E8B9E1E629122D2D"
"engine/editor/scene/include/lux/engine/editor/scene/SceneCamera.hpp","238692FC4899AF4DD50B9C8EDAC26F77AF95F33145C114AC1D8457FBBCCA78A6"
"engine/editor/scene/include/lux/engine/editor/scene/SceneViewRenderPort.hpp","39CB0ACFD2F10BC3194A779D5D4704CDFAB2698551613ED10A37E64270425782"
"engine/editor/scene/include/lux/engine/editor/scene/SceneWorkbench.hpp","989B2A58BF3BA8F65EB8C644C60F1207880DE0241D2A4BCBEE4BF69A363DC11B"
"engine/editor/scene/pinclude/lux/engine/editor/scene/ResourceRequestKey.hpp","6BE49AC69A77C307C1075C96599ED5AC3AF32102FA2F1DC66469F08F69CF1449"
"engine/editor/scene/pinclude/lux/engine/editor/scene/SceneResources.hpp","79FB534D5EB478C5EB097017FA1B134CF79034247395CB1AB437B3299A0D3BEE"
"engine/editor/scene/pinclude/lux/engine/editor/scene/SceneWorkbenchDiagnostics.hpp","C4D9104BEA7B840474C85D97EC6F89D8DC2FB40D89855A0AC5600F331AB97499"
"engine/editor/scene/pinclude/lux/engine/editor/scene/SceneWorkbenchMeasurement.hpp","60332B882D0B9821C179543A81B0146D138A9F0C68548FB7BAA6E2FC2610C652"
"engine/editor/scene/src/SceneCamera.cpp","3486A4C400F8755C7C3BE7E8DF57659F50A038DE63C4AC67EF19E453D95856E8"
"engine/editor/scene/src/SceneWorkbench.cpp","6A663C62D937FFE730C6F6225D73BEB66D8C1C616711D1ED8799610CC5CDAB53"
"engine/editor/scene/test/scene_camera_test.cpp","8D046CAE8920912B4BB8C6B930A468DFA21C41CFBBF16B1A79857EC7C0CC456A"
"engine/editor/scene/test/scene_workbench_protocol_test.cpp","3095557BCA4FCCC887804FAB0E2585E25FB56AF2BEBE9EBE2F1E2F37D400F7EC"
"engine/editor/sessions/scene/CMakeLists.txt","84CD788BD925DE7E6E5B945E8B28110B4E0DEB68E5F8700A7879F673909F4824"
"engine/editor/sessions/scene/include/lux/engine/editor/sessions/scene/SceneOpenInfo.hpp","F701283BD90F531ADB726D7005AD78EE838807E765603F5D760504EF97EB5C8B"
"engine/editor/sessions/scene/include/lux/engine/editor/sessions/scene/SceneResourceStatus.hpp","A489E78AE154DBC5A7F509F5749B24FB9343B4E8A21C03790A80556AF5484A45"
"engine/editor/sessions/scene/include/lux/engine/editor/sessions/scene/SceneSession.hpp","DE94EA988934D3FBEE6CF66CD5DCD80270DF95CB67E2FB01310687F95FFDE047"
"engine/editor/sessions/scene/include/lux/engine/editor/sessions/scene/SceneView.hpp","BCCA8297614EE9B7F128180BEE82079015F9BEFC0337E754885C02D960236191"
"engine/editor/sessions/scene/pinclude/lux/engine/editor/sessions/scene/detail/SceneResources.hpp","C0C538963DA2FDA4BFB7FAB9AD5555BC338EE22EB537EE0EB6D1EAB97282A482"
"engine/editor/sessions/scene/pinclude/lux/engine/editor/sessions/scene/detail/SceneTestAccess.hpp","F6F0294D3EA0CB974B18EE38DDE50C6128C10A55710EFBB42EA8459C3FFD74E2"
"engine/editor/sessions/scene/src/SceneCamera.cpp","38175A64C9AFEA0CB74B8A25D13881F3572A2AF3AB1BE993C88703DDEA6D980B"
"engine/editor/sessions/scene/src/SceneResources.cpp","2EA4A2B13635B0DDEA51D09EA7370DA4B7410767720CB3A2B316965EA086A787"
"engine/editor/sessions/scene/src/SceneSession.cpp","0B617BDE7396A658F6B9E00D89BC690EBF2E561C5F4C7CFBDC090D9A5FAFCA9F"
"engine/editor/sessions/scene/src/SceneView.cpp","9E43F4F1B9A1A54B8E225A04E000BC52C9F0DE70945F70409A85FC2CDA9A4856"
"engine/editor/sessions/scene/test/SceneSessionTest.cpp","BDBBA8AB42647A489A6AFC00061B7D75D3F0E419AAF53E6970FA0F8A7B864FEC"
"engine/editor/sessions/types/CMakeLists.txt","BE725344235F90D5BC8A4CCE84803EFB65C61A6FC41F9CDBA6BC73B7658E24C8"
"engine/editor/sessions/types/include/lux/engine/editor/sessions/SessionTypes.hpp","F576D40AA47062993C69CE8A31164B6CD6C17FC8490B2EB5140AF290B7DD8592"
"engine/editor/ui/CMakeLists.txt","22D4B36C33528E18E0567B3BC3E0466D576DB8AA49763D783F9990D05C774DFF"
"engine/editor/ui/include/lux/engine/editor/ui/actions/ActiveEditHistory.hpp","D570C70A007A42378900D7C5C4FF707477C42E774D036774441349264B651F47"
"engine/editor/ui/include/lux/engine/editor/ui/actions/HistoryActions.hpp","4629AF12D8458E463E52F1A393414BD0A07CD8BD4EB7E0D8E339AC7A7B95898F"
"engine/editor/ui/include/lux/engine/editor/ui/layout/WorkspaceLayout.hpp","92F78C8303B57AACF6F76941A08F21417224580B4EAA3CAD35BB1E03AC2DDBE1"
"engine/editor/ui/include/lux/engine/editor/ui/properties/PropertyDisplay.hpp","40DFC9B59E45F0285BDDF90A71A4993C1D517BB31D50FC2393EA873E2DD20182"
"engine/editor/ui/include/lux/engine/editor/ui/shell/EditorWindow.hpp","5E302ED297C655DED99FF5EB9F8763C1DB0F3F0D7DA63903B9CE57EED98D14A4"
"engine/editor/ui/include/lux/engine/editor/ui/shell/WindowSpec.hpp","3836C8ECD810C1C9C4EFA80FF0570FBD6A97AC5B2F42B8F59D7F9BA4D87DB30E"
"engine/editor/ui/pinclude/lux/engine/editor/ui/detail/WindowTestAccess.hpp","CAC7E7B4150317556CC1AED5EA281FF6E77FEAE1F40E9B10198F420CFA26183D"
"engine/editor/ui/scene/CMakeLists.txt","3C0BAF31F3CCE4D15A58C81C72F425B836A4ECC1AB35D04296976B03F518B41E"
"engine/editor/ui/scene/cmake/engine_editor_scene_reader_codegen.cmake","D35F808EE3CC0D170994349995DB12A14F45EE80DB454C9DDEE207C89FF49DF5"
"engine/editor/ui/scene/include/lux/engine/editor/ui/scene/ComponentReadBinding.hpp","07083EAEBB775103CAE75FBAC95287F3F189BE56F0C135DF1BD5244B59F69A8C"
"engine/editor/ui/scene/include/lux/engine/editor/ui/scene/SceneLayout.hpp","E788549719827494977923630A53BE098C3E0ACFB7FC4A1B5B859FBE683E26D6"
"engine/editor/ui/scene/include/lux/engine/editor/ui/scene/ScenePropertyDisplay.hpp","F6D9B52D2B3D2AFB13CEFD7B98B39402005816B032DC79B2E5FFE0F2292418D7"
"engine/editor/ui/scene/include/lux/engine/editor/ui/scene/SceneWorkspace.hpp","DF3A93FEC65B77C91FC211AD9106739ED73BCDFAE848F71DF1CB989A7DAF34CD"
"engine/editor/ui/scene/src/CodegenInput.cpp","1084DF1A21FEA13B7444B716EB3BA10A4B2AC82CABB9312D74BAE283700313E5"
"engine/editor/ui/scene/src/FirstPartySceneReaders.cpp","3CE1FD91491D7D6C18CA5F9BBF34EC507438F8F62A19BCA38BC5F3E725CAE31A"
"engine/editor/ui/scene/src/SceneInspector.cpp","2A87341400496C2D2C3A2D8C5AF5E80F3A5EF54FAA92CE17A9C237441EF2F471"
"engine/editor/ui/scene/src/SceneOutliner.cpp","3F4EC9C71EA2354F26E6DD9B9161A1AC100F90585D5C66CD220B676F71BCD62F"
"engine/editor/ui/scene/src/SceneResourcesPane.cpp","36448A3EDD1A072D3BFD8D287377AC5E3B217FF045723BED286E3541F96BFF21"
"engine/editor/ui/scene/src/SceneViewport.cpp","16BD788589CD5C0630488C4B7060F1C4C17DB9B7789017C0DA5244DFBBBD4EE4"
"engine/editor/ui/scene/src/SceneWorkspace.cpp","352F199D0C2F255D1221791475564436140640ADC32099DAC56688C2E0B1D2A9"
"engine/editor/ui/scene/template/scene_reader.template","108437848D5780D1DB10586E4A24659E450C58B60925658B271F674D0BB138B4"
"engine/editor/ui/scene/template/scene_reader.validation.template","27D2046BE585CC671F378C020D1B7A437C28C5FA531B67BE3AB0766FD98AD6CC"
"engine/editor/ui/src/actions/ActiveEditHistory.cpp","79E9D2F90A81079F1B3AEC4AB31A26423205317A3E6D277BEF0AC38AEB94AF37"
"engine/editor/ui/src/actions/HistoryActions.cpp","A9C4662664E55F1C72AE9727E4D1E632666EF0A929A54136C77036CFC0456ADD"
"engine/editor/ui/src/shell/EditorWindow.cpp","6A575429361D080014277A7E3A183FA4A0866B83CE0E9D7179B00937145DB580"
"engine/editor/ui/test/HistoryActionsTest.cpp","DB062AACCBF6249504D84B8F2625ED70C3374F6E9473888DAA405641617ED13C"
"engine/editor/ui/test/LocalHistoryRoutingTest.cpp","A512A6E2EB1D1C04D1198B4ED0680BFCE64CE180CDB90614B99A89B4ED654F73"
"engine/process/CMakeLists.txt","CB352899CB300BA9E9A29DA08C942353AF489132720AC6C0D75A75BDEAC3B9ED"
"engine/process/asset_loading/CMakeLists.txt","C67112F2A582A0E8BADD9130AD5B3D1A642E628A21895FF09F41F960ADAE229E"
"engine/process/asset_loading/include/lux/engine/process/asset_loading/AssetLoadSender.hpp","01B25622C6891B08125EB7706568B1DA800A21033D03FEAB92193352CDE61089"
"engine/process/asset_loading/include/lux/engine/process/asset_loading/VfsAssetReadEndpoint.hpp","D3BFFD0605391E5A014E00BAFDC3F3512D4A721972185F399D5FE660362FC153"
"engine/process/asset_loading/src/VfsAssetReadEndpoint.cpp","EDEA5701A0422824934D1CA8B25DA8A50BC8C2EDC24516A87A55BC958D197E68"
"engine/process/execution/CMakeLists.txt","596A1CBBBDD2DABADE110030074FFE5F176D57780C55944B07DBC1D38CC16C01"
"engine/process/execution/include/lux/engine/process/ExecutionRuntime.hpp","69CC7BE29CEC2E2A6EF4DA3357D825CAEAD4E817B180B0FDA4D3C6C261C24B93"
"engine/process/execution/include/lux/engine/process/PortSender.hpp","ADBE5EF967321908B44F6D78BC32D5649B53635789F3CF5DBA26BB958F7D855C"
"engine/process/execution/include/lux/engine/process/TaskScope.hpp","FDE55216541E86594E6A8D777E670422EECE911595CEC3FD494947DD8008E470"
"engine/process/execution/include/lux/engine/process/Timer.hpp","BB9103743CC44C3D091D5E0A491D4A37A54890E5B502234665A746D988EB27A8"
"engine/process/execution/pinclude/lux/engine/process/detail/TimerFailureInjection.hpp","F0CF081DDC0932895D9FFBF95A1550DEC69F95120884D63266356F378C2023F3"
"engine/process/execution/src/ExecutionRuntime.cpp","04200999E855E87BBF8A0426B5DBB8DED996DF7AE9C3B2F05D20C576774ED5D3"
"engine/process/execution/src/Timer.cpp","76018E7FC344926DC83F6161D761EE038E18BC29B246CDA05B5F4021B415CD7B"
"engine/process/execution/src/TimerFailureInjection.cpp","CDF1A2E5CF97A20BEB325F20165B90E11F7692C255C5DB10F574DB4B278ECD4D"
"engine/process/execution/test/benchmark/evaluate_process_execution_v1.py","4E6AF1C70CA4E70F79FF7ACAB90F3746E9AA57CCBF703D6E3E93031E537E0DCB"
"engine/process/execution/test/benchmark/process_execution_v1_policy.json","45E79CF28444703072CC432EBEC31030C82DF344F200979B21283BADA100AE37"
"engine/process/execution/test/evidence/process-wave-0-1-20260828/README.md","C4331B7246822655BA01958FCA57BA1B2F3D7091BE8FEDEE2A1F2A7DF904B2B2"
"engine/process/execution/test/evidence/process-wave-0-1-20260828/architecture.txt","677800E7CFDF09A87F993812A71181726D9EBBC8A55296EA6D1D446699356253"
"engine/process/execution/test/evidence/process-wave-0-1-20260828/commands.txt","864A9880830F7FA4CA709270CFBBCAF1AB42FA4337E4C39E825484F699CEE332"
"engine/process/execution/test/evidence/process-wave-0-1-20260828/csv/timer-cancel-10000.csv","DA8A480812837D8865056E6BFC84A0FDA13162FDAC45E50DA238116BA0B9BB13"
"engine/process/execution/test/evidence/process-wave-0-1-20260828/csv/timer-cancel-100000.csv","D3C421DB6CB0893F129A765949FC9B6AED33CE61549A0CC085FDF131F205AF85"
"engine/process/execution/test/evidence/process-wave-0-1-20260828/csv/timer-cancel-1000000.csv","AD4169F96A26A0D6186A18B8632589D4E9A2216C4AC033E602867F741BD75186"
"engine/process/execution/test/evidence/process-wave-0-1-20260828/csv/timer-fire-10000.csv","9251C1E3FCEE4E44D3AF83952C20C3EDBF936E198868459D166E236A21BC3B51"
"engine/process/execution/test/evidence/process-wave-0-1-20260828/csv/timer-fire-100000.csv","87CBF09718D197D6F174F4969F9119F3FF950B87F3ADEBB69AF897E26DF56F3B"
"engine/process/execution/test/evidence/process-wave-0-1-20260828/csv/timer-fire-1000000.csv","E7CC9AD4E2E80F9711CB699EE49A918A1DA81E6E2E441F1B781F5ED6D3D6586B"
"engine/process/execution/test/evidence/process-wave-0-1-20260828/csv/timer-schedule-10000.csv","FCB894E3CE559B1700E298C6E8504F7E3A3F4E2CAF13CC4D6017A7732A8B57FE"
"engine/process/execution/test/evidence/process-wave-0-1-20260828/csv/timer-schedule-100000.csv","03C9639F1E3B1A81FF9DF4F72E79C31D714BEDA3FEC48245535AF19874D6BE92"
"engine/process/execution/test/evidence/process-wave-0-1-20260828/csv/timer-schedule-1000000.csv","89A07A54904FF6547C32C0264E7D9092891C448F87737402EE6C387E55CD482F"
"engine/process/execution/test/evidence/process-wave-0-1-20260828/evaluator.txt","5234097DE7C4D6BC42ED51F6F15D32E6BA3F4A27ADA2396DB7AF750F999474CB"
"engine/process/execution/test/evidence/process-wave-0-1-20260828/manifest.json","E214F389350AAC13588B533509381A7690B0BFB2A7B01348D496084284E2537B"
"engine/process/execution/test/evidence/process-wave-0-1-20260828/sha256sums.txt","38C677CBD79884048C6732645ACD379E8E280242684980DA43F9850A61C5E814"
"engine/process/execution/test/execution_runtime_test.cpp","A8127BCA3C866C8C9F1EED2D4DBAE7918293A05F47924B6DF3D7FB10A30ECA7C"
"engine/process/execution/test/port_sender_test.cpp","A450F9574ECA5712779CE1BA145AE7136F67AB77CA299683E25ABB441592B589"
"engine/process/execution/test/process_execution_benchmark.cpp","840470701E7647FC2DBB95AF3B7B7823ACBEED63D2CBF2F0AE2871854EB14BC9"
"engine/process/execution/test/task_scope_test.cpp","B64C0FF04ECD4D71212664E8E147E3BF39BF9A4B8DA55D3423447C15F1FC9263"
"engine/process/execution/test/task_scope_unconsumed_error_negative.cpp","0DACAB065F453FBEFA706D67F5FAB9F9AE61F8CEFCF511B44E5A1EFDD57C5ED1"
"engine/process/execution/test/task_scope_unconsumed_value_negative.cpp","0B7F265F3FB93D5099E701BD64880E2D499C3409696AE41265F6CFF891F0EBB7"
"engine/process/execution/test/timer_test.cpp","D900B620BA084B8FA43D10987B7269FD9913F217C466CF92A34B408C725E3007"
"engine/process/world_loading/CMakeLists.txt","EBDED494EC85FCDAEC010032E00608A48E38756A1AF924FFA7B04F758CF96D84"
"engine/process/world_loading/include/lux/engine/process/world_loading/WorldPartitionLoadSender.hpp","DD7D65962E512F0B2F8511B7DE83AB546578F9315053F08B70262D6F64438785"
"engine/process/world_loading/include/lux/engine/process/world_loading/WorldStorageSource.hpp","CABDE31B0C8F660B7EB583D06BB83429D18686BAB5AA8C21B8E263AA33BF08EE"
"engine/process/world_loading/src/WorldPartitionLoad.cpp","7A47FBDE7AF031CD426B075E9FC331CBD5E9676600809157B1B1CFD142FDF8DC"
"engine/scene/CMakeLists.txt","1FB9FB241A6513E6C255177F175F2C44D69A12675B4F4824E176F54BA815C289"
"engine/scene/asset/CMakeLists.txt","57B4E6F6D32676C885621D85A6B24BD8CE221B195C943209CEC77C58C321F02A"
"engine/scene/asset/include/lux/engine/scene/SceneAssetCodec.hpp","4770379C8065294A588981A9F59940006F2CF22207EF1E3C0E1CF2CAF39909FD"
"engine/scene/asset/src/SceneAssetCodec.cpp","F584FDD736023B37371002147C3FD5B8297D2ABB0F40AC6A5A04DBA686E44D11"
"engine/scene/composition/CMakeLists.txt","03B4D0C415C5A919C33696417D4BE7BCDA80643C55CB2636F51D200316B4D4ED"
"engine/scene/composition/include/lux/engine/scene/Scene.hpp","3C6338AF2196D7F70D4F03589B2ECE884C58962A1CF8FF3291E8F54774CDE92C"
"engine/scene/composition/include/lux/engine/scene/SceneBuilder.hpp","857C6BAABF45FB0E3218003567E0F91DAD80A070E40D3DC646A82695EA32C8E2"
"engine/scene/composition/pinclude/lux/engine/scene/detail/SceneBuilderImpl.hpp","889B82B97B8D14D7E5396D9EBB8705C99369D34B363E1AE356DAE08F8DB721C0"
"engine/scene/composition/src/Scene.cpp","61D014BD19D1E2942C852F33995292349D41E96724AE7FE79F69C09725E07197"
"engine/scene/composition/src/SceneBuilder.cpp","C1F81B242D8B51C3C31AF9FA7753BBB5CC16516FBB8D19C785F06912E4EEE1DF"
"engine/scene/composition/test/scene_composition_test.cpp","802D20545F529C5F2E29A63C7CD2FD440A21B7164453CA9F726DE442C43EA3DF"
"engine/scene/description/CMakeLists.txt","D95E14ED2E0E82E7634A7E6D487A09C8333038A8F08256C71C1CE61E7486807C"
"engine/scene/description/include/lux/engine/scene/SceneDescription.hpp","BDDCF67D5BB1516E66CB95F96EDE69C2FB52B1AB4FA1535CB5F6867F334048D0"
"engine/scene/description/include/lux/engine/scene/SceneDescriptionBuilder.hpp","A2E7A99A87D50AD48D2567111AD391AF28223222A351486369359A4D877411C6"
"engine/scene/description/src/SceneDescription.cpp","752D8108C8CAF81B8E8249B095C94C721E1FFF6A278C4444DF8BC1C52354143E"
"engine/scene/description/src/SceneDescriptionBuilder.cpp","233E2BF77A1A8DB882F0DD9BE9F5549EEBB9A734F2C86E2DC44A42292D600A4C"
"engine/scene/integration/render/CMakeLists.txt","CFB2046280E697508D1257B0672E0518DFE1C7119D59AF5654E87AD5614FB3B4"
"engine/scene/integration/render/include/lux/engine/scene/Builtin3DRenderIntegration.hpp","FE027B72FC18BD5C2360DD43A0416D6386ED695BD07E6F6FEA551E83EFE78DE3"
"engine/scene/integration/render/include/lux/engine/scene/RenderRuntime.hpp","E891307E9B440F7F7A6EA88EC2E444161B47EF837635D2835DDAA31F777B6BA3"
"engine/scene/integration/render/include/lux/engine/scene/RenderSyncPipeline.hpp","0FAED360263FA4ABFBF0991E81A53465CEFA1DE9D41F1EDCE7BA173A57E7D472"
"engine/scene/integration/render/include/lux/engine/scene/RenderSyncStage.hpp","EEA6D2503B18A3CE1A617E625CE9DB9A0DDCF8C3AD8A0F4BA8F11611B66059FF"
"engine/scene/integration/render/include/lux/engine/scene/RenderSystem.hpp","1FF61C8D11FC144CEBDCCBF3338C24F9A154D3068C1680FD9C1FE2A465543BD9"
"engine/scene/integration/render/include/lux/engine/scene/RenderSystemConfiguration.hpp","EE0C027B856A70C1A81E3BA78647BC97904ECB4B1F01308B5EB77A96FDE517F9"
"engine/scene/integration/render/include/lux/engine/scene/ResolvedMeshResources.hpp","0D3C061ECBCE6069499360E2FECEDDDFA9D3E71E0E46FB816BECCABBE1429B98"
"engine/scene/integration/render/include/lux/engine/scene/SceneRenderSchema.hpp","FD684CA035762860ABC5A3F7DFC53C56875845A5D1FAB97B87130B7C33A13E2E"
"engine/scene/integration/render/src/Builtin3DRenderStages.cpp","771224AE2F23E5ECD877EE9CB1D3C8D9C7223B06F3653E0A6F88DC28133AFBB3"
"engine/scene/integration/render/src/RenderRuntime.cpp","A61D235A9EB9C7853A0FD0AE083FD93D4F66D6A4908C03436853489E8452BC25"
"engine/scene/integration/render/src/RenderSyncPipeline.cpp","7896AF2E94F62181243A9FBC46B7875D30042FDBC9E0A904C73D769BDEE3604A"
"engine/scene/integration/render/src/RenderSystem.cpp","DC3A5EC0B1E6BF0DC6470E34EE27F131F5C76878F42FD6B0205B2E888D1C0CB5"
"engine/scene/integration/render/src/RenderSystemMetaModule.cpp","1C1B89EB0BA4BACAFECD7E0F52597CAD4B8DE961E17F60E95F789DE731F82CD5"
"engine/scene/integration/render/src/SceneRenderSchema.cpp","83FABB51DD8E4ACD157273C58F89E5EBD9CA56D7EC48138FCCF234845256EDDA"
"engine/scene/integration/script/CMakeLists.txt","846C9BD0557D2B3AC6D423344EC624B1813A34911911889603CBD1E326AC7B22"
"engine/scene/integration/script/include/lux/engine/scene/ScriptRuntimeSystem.hpp","427E02FD198CEC7E8791B47D98325D463CC00E474E72C4F374630EF78A226681"
"engine/scene/integration/script/src/ScriptRuntimeSystem.cpp","EF20FFDA7A8009CE1A273BDB9EA9C6D49F0D401CA3B61C50C03C6C08AB40EDA9"
"engine/scene/integration/script/test/scene_script_lua_runtime_test.cpp","5F37B614A0F767DF0B10A3886B6268DA1878B1C6FC1C248EAC8FAFE76B23BC7F"
"engine/scene/integration/script/test/scene_script_runtime_test.cpp","405253207D5704D82C2F0DCEE3D60DA1502FB5A79370A1E107E23E67F86A5613"
"engine/scene/integration/script_description/CMakeLists.txt","5A4770CE7A435D35822EB4B3F75B550C3A127F1D2953B93A5EB76554AB591015"
"engine/scene/integration/script_description/include/lux/engine/scene/script/ScriptRuntimeAssembly.hpp","D16BB22A11A38CFDF0697E835DD632DA81FD09E7A7A803A533BCD93A34F33C8E"
"engine/scene/integration/script_description/include/lux/engine/scene/script/ScriptSystemDescription.hpp","617F06C0C0696360516C16074E6081B47E54EBF51C64124004B052F0CDD1ACD7"
"engine/scene/integration/script_description/include/lux/engine/scene/script/ScriptSystemDescriptionCodec.hpp","8BC8EDC6E6228C490C70AC8E7F74F57DFBD3B8E33F534C72F03AA58B8C680A9F"
"engine/scene/integration/script_description/src/ScriptRuntimeAssembly.cpp","1D39123C94A92CBDCA2360991B5687B4D2EEA74E95D037A0100068C08FE89C17"
"engine/scene/integration/script_description/src/ScriptSystemDescription.cpp","EDD1F07D57301E16CDE34B266CB819DB067D880EEF71B56F3BF68AD63339CCD8"
"engine/scene/integration/script_description/src/ScriptSystemDescriptionCodec.cpp","A805DD24C83B1C8AFA56D563FB94CF38623DF77398BF25E0090201485E020CD0"
"engine/scene/integration/script_description/test/ScriptSystemV1Golden.hpp","11CD9E20CD013537FDE30A6917063F8B52092034C6D7E1ED2B06BE83C41DB86B"
"engine/scene/integration/script_description/test/script_binding_authoring_test.cpp","700C8EDD414C973227D886A155B6EDD233C43B0DED5D9C7085AE690CBE3EA1A4"
"engine/scene/integration/script_description/test/script_system_description_test.cpp","D0484EB6B31E43AED5B89DB000C4E45A065F0579697315F8F56927DC84CA35D5"
"engine/scene/integration/world_materialization/CMakeLists.txt","DD2565ED63A95DC8FC3DB27EAD39A22471D7A33B90277F248750B2B41B87BDA8"
"engine/scene/integration/world_materialization/include/lux/engine/scene/WorldMaterializer.hpp","ED5D8E6FAF50DB769BB619515AD14FB5855774CE594CE06E7007CA861156DAF8"
"engine/scene/integration/world_materialization/src/WorldMaterializer.cpp","D8AA271129EE6A2B34430C62585285830D6F04E74CB3F81300DE478F9D4400B7"
"engine/scene/integration/world_materialization/test/scene_world_materialization_deferred_test.cpp","F71CBF9B50373410EDCF28F639B01E3E819212A6DC92D5CC214AD495B739F77E"
"engine/scene/integration/world_materialization/test/scene_world_materialization_test.cpp","5CA29B94132C021A3882388F3AD114D3E7F8A2CD63F4F31B9EBC97310DB47178"
"engine/scene/meta/CMakeLists.txt","4DEBC538D696D0B9BF03D02B54F9B727EC08D568A823892CA4393ECB6C09F513"
"engine/scene/meta/include/lux/engine/scene/RenderFeatureMeta.hpp","147C9DE05B4318FFF26032678D28D6600CC7BE29C1849EE7991938C951EB70AF"
"engine/scene/meta/include/lux/engine/scene/RenderFeatureSceneBinding.hpp","CB958CF22AA785A2FDB79A048D329D189DE9C3DF1207EDF4B01371AB6AD131BE"
"engine/scene/meta/include/lux/engine/scene/SceneMetaManager.hpp","897681E9AA0F09C93590DAF397AF0912982F0C389B65E86A69943D5D3DD5FD79"
"engine/scene/meta/src/SceneMetaManager.cpp","A38C3C90FAAB0482FAD2D7F0E485CE010C33B18C2EF7BDF8A811ACE647580A6F"
"engine/scene/presentation/CMakeLists.txt","BF7934A39C4DF3AA91E646D3A3EF82433C4E3CA31872BA9F08E872169E9E385D"
"engine/scene/presentation/include/lux/engine/scene/LatestSpscExchange.hpp","E95DB956DC30218C873D2BA1A34758D85D72A697B2DB5E5C814510ED0CCEDB9D"
"engine/scene/system/CMakeLists.txt","44A7CDCE7BBE7F683763C78446AC9EDD2CC5C8D6C8D49B1E2A40DEDFC9F78FF2"
"engine/scene/system/include/lux/engine/scene/SceneCapabilityProvider.hpp","61129BE3F94F0303ABC23A3B7FE88493F7F82330B7E466C9CC7540A2476A2168"
"engine/scene/system/include/lux/engine/scene/SceneSystem.hpp","81DE990D04811E8DA19A688EFB9B559EB148C2C76438F84021A959B58121037B"
"engine/scene/system/include/lux/engine/scene/SceneSystemRegistration.hpp","A92378EC8FCD57D6FF277AB8E18AEB21F164B9267284A81A4CFE112B43D02097"
"engine/toolchain/CMakeLists.txt","181851FD9F4A68DCAC50A1366FEE2D61DAA5CDA4D212794858F96B3C92DE03FD"
"engine/toolchain/asset/CMakeLists.txt","61CF28AE5A3AC2B905A21E7A1C7882390881FC6C3E2FF65758A5E5738E825A70"
"engine/toolchain/asset/model/CMakeLists.txt","6A520E336044D01BD00E5D22E52135D0A98F0133BF5DF107C2ECA0EC48E927CA"
"engine/toolchain/asset/model/include/lux/engine/toolchain/asset/model/ModelCooker.hpp","5A8B4958320F97CCFA4A25AF9F93684AD2CDE613EB0E2B92EB3AC794E88B0C85"
"engine/toolchain/asset/model/src/ModelCooker.cpp","A17E63B672139E5D94CD46C8B35FD1C7ED1A98023A53ECAA81C1A9DDD3D3EA4C"
"engine/toolchain/asset/packer/CMakeLists.txt","239A54E2000A674E9AF01172614C7C9598D86CABBBAAA8D32F1405CA33506A80"
"engine/toolchain/asset/packer/src/AssetPacker.cpp","C52DDE593A919408C38CC1C2009714601B576644D8A26366A20448723ECF38A2"
"engine/toolchain/asset/shader/CMakeLists.txt","86CA8239D33EC5A829C4D0C29D1BA0D9BBA61E85F6944A1C1950ECAECF110BAA"
"engine/toolchain/asset/shader/include/lux/engine/toolchain/asset/shader/ShaderCooker.hpp","F1F863A19495B062E93CC8336BAB0F0DFA5B8A76AAE45D795E0D382A1E97DEF7"
"engine/toolchain/asset/shader/src/ShaderCooker.cpp","B958D6862556BFF3C8C2591186983FB86CA072197D33068D4F2DAD16A1A939B6"
"engine/toolchain/asset/texture/CMakeLists.txt","A619FE06EF636999BA39400C39A54EF4AE11F8265B8984DEBAC6FDD95C8AAEF8"
"engine/toolchain/asset/texture/include/lux/engine/toolchain/asset/texture/TextureCooker.hpp","21B1AC4AE4B063E321B1777D91EBC48CDF20B7A2429E92C7F63C8A5D6E30926D"
"engine/toolchain/asset/texture/src/TextureCooker.cpp","69B0C716CD029694103A9EDA4270EB59730015C504A34D81C5C95090828F8B29"
"engine/toolchain/asset/texture/third_party/bc7enc_rdo/LICENSE","47CA20DB86DAB3B95255780D7C1F1328716C167D34CDF23A7225AA6BC6CA88B3"
"engine/toolchain/asset/texture/third_party/bc7enc_rdo/bc7enc.cpp","8060CED7992267CBDE0CFF97E369955B250CFDE2558AF22645B69BFC29576E39"
"engine/toolchain/asset/texture/third_party/bc7enc_rdo/bc7enc.h","5A31D20D41D6FE87B4C2946B64566AB0FE7BA08533CEB2CE70FAF955E617960C"
"engine/toolchain/asset/texture/third_party/bc7enc_rdo/dds_defs.h","7D46C83686D208471105F65883E7F09862E773D076778B64876F4D7396658D8C"
"engine/toolchain/asset/texture/third_party/bc7enc_rdo/rgbcx.cpp","6F4D4664DAA957A9D49F9FE881EAB4A04C3D7C58A381280DA0ECEA1CF354C51C"
"engine/toolchain/asset/texture/third_party/bc7enc_rdo/rgbcx.h","BD51B3D07A2A6E158CF9761AC3BD76B9F761C0F770C317E15ED7609E74E092FA"
"engine/toolchain/asset/texture/third_party/bc7enc_rdo/rgbcx_table4.h","1A8602559D9EB3138F053AF48C4A55A54789F6FD9E999CAD456129160DE25C83"
"engine/toolchain/asset/texture/third_party/bc7enc_rdo/rgbcx_table4_small.h","132A4F0079C241A912D8594E3B374EA49D5EB2A2DABF17F98D0B982D0D694DA3"
"engine/toolchain/flowforge/CMakeLists.txt","A8C9359997631A97DEF887F6D21165A7D664A6B0736148AEEF2B1296492E0636"
"engine/toolchain/flowforge/include/lux/engine/flowforge/Compiler.hpp","F96D4F9FE92E07A15598D96A07AD613B15582388B5DFC3BB53998DF9249444A8"
"engine/toolchain/flowforge/pinclude/lux/engine/flowforge/compiler/AOT.hpp","272AECCDB655D8E8DCBBCBB66ED02B9499C886698D09A8244A739A36EE7F950D"
"engine/toolchain/flowforge/pinclude/lux/engine/flowforge/compiler/IR.hpp","448824B55F54A36388D569D0F70FD32AB6CEB8FABE38C655B56CE8EF2AD1C7CA"
"engine/toolchain/flowforge/pinclude/lux/engine/flowforge/compiler/IRImpl.hpp","F46EF1C4D78DC833D296E18A469BEDA420E6FCC13266895188F3FCFCF94A2A4A"
"engine/toolchain/flowforge/pinclude/lux/engine/flowforge/compiler/Passes.hpp","BDCBBA99F9006D916F8554355D1476DAC9DA6BCBB241D756F4E992F453695E9E"
"engine/toolchain/flowforge/pinclude/lux/engine/flowforge/compiler/ScriptInstance.hpp","623F08FFBDEB04DC9D899847BEC00A1B269C160ACF6559E0F41477961DD5ECFA"
"engine/toolchain/flowforge/pinclude/lux/engine/flowforge/compiler/SuspensionAnalysis.hpp","AD73A34B593C9266EE15D117C853AC575AFD7F9B249DA53C35D2C5F2E0865C25"
"engine/toolchain/flowforge/pinclude/lux/engine/flowforge/compiler/TypeSizeMap.hpp","5CE4A32251146EC0885EBC073ABE3CCA0B5CBF27BCCC92B1C988F751C7F83BE9"
"engine/toolchain/flowforge/src/AOT.cpp","BE2721079153BA650B35003A7D2BE5C21798490CFA35040240C09B509DEF7027"
"engine/toolchain/flowforge/src/Compiler.cpp","CD2ECD0ACFA8594C3EA24E4324534994A75DD6A830531D84F4900D4218BDEC74"
"engine/toolchain/flowforge/src/IR.cpp","54AA35EAF8AD3FBFAF23459F49E5E07FBF8E58946C14AE10AD26071C9413156B"
"engine/toolchain/flowforge/src/IRContext.cpp","655C8D57E4639278F05045DB6FF82D2365C22070B0339CA669C2B5A4421C0529"
"engine/toolchain/flowforge/src/Passes.cpp","8A597203E0B941DBAF8255B9F2AAC4586AA3037DEB2E0577127A5E1636BCE87E"
"engine/toolchain/flowforge/src/ScriptInstance.cpp","B2406B7E1675FFAE1052C516672D67D0BFB2DC434EC6F59F26FCCBD9E5EE1B4F"
"engine/toolchain/flowforge/src/SuspensionAnalysis.cpp","A1A82351980E9D6D38BA81C260478BFE5F8897C1CF8A8F8E5AEF28D9172E7F7D"
"engine/toolchain/flowforge/src/mlir/CMakeLists.txt","DC3843043445325DD106BD28BBBA17A6E2F228B9FA3AF97C6859A538504BB852"
"engine/toolchain/flowforge/src/mlir/FlowForge.td","55BD698B3328AE1624F248B61073EF8BB6627CBC682F0F54D2A91EC9199C7BC2"
"engine/toolchain/flowforge/src/mlir/FlowForgeCompatTraits.td.in","C68C16A3AB648D30ECEFA4310F53832466D5580715E49BE85509E5D79FD3CE21"
"engine/toolchain/flowforge/src/mlir/FlowForgeDialect.cpp","5DE2396BB6390D8DA52BA82D0248120DB6E4DEC71DC32F4449C932A0E7696443"
"engine/toolchain/flowforge/src/mlir/FlowForgeDialect.h","5E25C0F9348CBC603B3C62592FA41DDDF601DD1D5514B014DDB3C0791DD48778"
"engine/toolchain/flowforge/src/mlir/FlowForgeDialect.td","C08C20CC3B0D23892DFC90691FAA1F9A8F5B7C9FA2F9E6A57ED9A91BB8255376"
"engine/toolchain/flowforge/src/mlir/FlowForgeOps.td","3AFF141E330AE777A946BA9983F66928D25547685C87DA9591E83AD5E82A9940"
"engine/toolchain/flowforge/src/mlir/FlowForgeOps.td.in","3FB2C74051A6D086E41A00EE31500576DD3D963881A995DC32543947FD6A20A1"
"engine/toolchain/flowforge/src/mlir/FlowForgeVersionCompat.h.in","6C3EA1BBE195E3D735FA07E7BB895587DE88AD76F68F1A8E7D0CCDE56A514F1A"
"engine/toolchain/flowforge/test/CMakeLists.txt","59D1F15159E1F47236CA6C4F08010C564D757C726397DF605DD2690F0ED7E9E5"
"engine/toolchain/flowforge/test/FlowForgeTestResult.hpp","7DC025D3D4803F5AACE274B425B72E94596EF0A0C5DBC7C44C9C69EA471AB2A7"
"engine/toolchain/flowforge/test/compiler_contract_test.cpp","C370AD46AE4F111C60E5E2AEF4BC6D14EA40BE5E7D386BA5A2AA7302F7711AD6"
"engine/toolchain/flowforge/test/flowforge_aot_test.cpp","E50197B6FCDC7CD4B1E4BAB0B2189E79151620C90E00164EC56FC893CBD9D2A1"
"engine/toolchain/flowforge/test/flowforge_dialect_test.cpp","F002CBA96F3202450EF5F4C7F5B15DC697306886227EFD1B1B359894B827316E"
"engine/toolchain/flowforge/test/flowforge_draw_line_test.cpp","8438141844E50203393345B637F2B108CAF1BDC3098035404C6EDB40817E48C1"
"engine/toolchain/flowforge/test/flowforge_early_exit_test.cpp","94760F0A5FFF08BDAA3CACF11137FD444ADC3A0FD142E234AD796E23BBE4A544"
"engine/toolchain/flowforge/test/flowforge_end_to_end_test.cpp","4C28A6D49293AAD7348783E2DA034D58EB9598439E7FCBCDA25889330896F73A"
"engine/toolchain/flowforge/test/flowforge_event_dispatch_test.cpp","F5386B4323032D1EC6C51BA6419359CE9BD6260153F67C30DA56C00D2C4FC7B5"
"engine/toolchain/flowforge/test/flowforge_field_access_test.cpp","21D8F221219BB2F6A51AB8ED7309775BA130CB3BBB4A8676A3C36251B446F09F"
"engine/toolchain/flowforge/test/flowforge_hello_world_test.cpp","3427FE59D8978D7C83D2F0B5A4900E98A49504C4DEE0B8ABC19F04F74C4DBC4E"
"engine/toolchain/flowforge/test/flowforge_instance_state_test.cpp","BCBCC1719170A7F019471E7B8D90804328F3B50817D075AD40E4BDF5F1D7214E"
"engine/toolchain/flowforge/test/flowforge_multi_func_test.cpp","D657C997F0E7792DD817B7702C9A0D775B9C6BD487D4816A710BBA0B783E7EC5"
"engine/toolchain/flowforge/test/flowforge_pipeline_smoke_test.cpp","6FBF249CDA0A2290C589953CA22466A9060DE90E5C3E51171B2F370D8D80238F"
"engine/toolchain/flowforge/test/flowforge_pure_dataflow_test.cpp","E6C7F99D223EC2E7064D66CAAD8E84684E580E0AF59C9F154518C9728D380D0A"
"engine/toolchain/flowforge/test/flowforge_variable_test.cpp","3AACCFF5E4C5C5E1A7C73088509629566EB85CAFF0FDF56FD0EE27AB6478D3EB"
"engine/toolchain/flowforge/test/flowforge_while_cond_test.cpp","C27361FA5BF7A1FF675DCC3855EC58E498947DF0A7F36DD8073609E0CC90AFB7"
"engine/toolchain/flowforge/test/mlir_jit_add.cpp","962AC8FB55467AC1A14C9732BD8A6D217629F6E6289D70F88EBA22B0EB1E2405"
"engine/toolchain/flowforge/test/script_artifact_compiler_test.cpp","5A92E0E2D9D37E73F9A7B802DE6F486ECE7ED3CAA5E73A7B1C7D21B5D954E51A"
"engine/toolchain/lua/CMakeLists.txt","ADA5D659142D384CDD68BBD0A888D82476CBBD8D52D3F60CCB73CAD25BE3A151"
"engine/toolchain/lua/cmake/lux_package_lua_script.cmake","505BFC6F4A06FD251EEB18CA5F7B5CF82F607ABE8F60761F91BBE031C1514000"
"engine/toolchain/lua/package_lua_script.py","A4E32BC9F4727120116A5C4C81F7B471264C32BA7360EFF29F614C546D11502A"
"engine/toolchain/lua/test/LuaPackagingTypes.hpp","0A41E4DDE79FAE58BBCEE12FD4B4AA3CAD4757EFF5616FC44490E75BF9A89C72"
"engine/toolchain/lua/test/lua_behavior_fixture.lua","F2C53F83D63D2BB1F371BD73F8D1E9E6613E67D07D40060C1C3A4291F09FA75A"
"engine/toolchain/lua/test/lua_behavior_fixture.symbols.json","A27ECF753EA3B300C5E5794502B4AFFB0BAC3F6934F39DC14C2586966EA23982"
"engine/toolchain/lua/test/lua_event_schema_writer.cpp","3D3E313790F23E564C8E7F4E45B4FB7E6B8C73A3578551D273DE84348D3442D7"
"engine/toolchain/lua/test/lua_portability_fixture.lua","1914043DB899A1FF224B46AA49BB149CB0846317CD224D9E010F6BFF310DCE0F"
"engine/toolchain/lua/test/lua_portability_fixture.symbols.json","31304F1584F61C24A406A52C0AF4774C7B17ACB56287E32B53FB891C54B2B255"
"engine/toolchain/lua/test/lua_runtime_benchmark_fixture.lua","03262C4AB756AD352EB82FB99AE8CB2D40B49137FF606567B49483B63AD9A3FA"
"engine/toolchain/lua/test/lua_runtime_benchmark_fixture.symbols.json","757530AF44606CBE819044DEA8320669DDA661AF820FC47C85A6365399F633AE"
"engine/toolchain/lua/test/lua_script_packager_contract_test.cpp","D45551401F1139D4904869666A6E30CD585155326BFAEF943461BCBCA8FA67F0"
"engine/toolchain/lua/test/lua_script_packager_negative_test.py","A21D620F26029777E622A4E1CEC414308EC3273675B9AD6133A19DD56398526B"
"engine/toolchain/material/CMakeLists.txt","01EEA5161718B906BAF1D39DA8A917813C4A22D93685EB5FE93997596A02A95A"
"engine/toolchain/material/include/lux/engine/material/Compiler.hpp","8B4FA0C2F59A8935DA667312B5EAF5BB3E09DEC3913DED07C8430161450F9995"
"engine/toolchain/material/include/lux/engine/material/Cooker.hpp","823EC132E9326532A480CC3E535FEB95A5DA0A5E637EC0EDFA047C25C3EA723E"
"engine/toolchain/material/include/lux/engine/material/ImportedMaterialDescription.hpp","855047BCBBD08BCA1866C573171D9F1824334431234CC332E19DB867FA6E3DF7"
"engine/toolchain/material/pinclude/lux/engine/material/compiler/Backend.hpp","1D69C18F20277BB9A34062D26A0DC30911C4843AA1DF88F73F89714E449ADEB6"
"engine/toolchain/material/pinclude/lux/engine/material/compiler/Lowering.hpp","1F483232683FE3D1E9554A35254C9201B3987331A1A0F1A4CD0FA16223882B03"
"engine/toolchain/material/pinclude/lux/engine/material/compiler/MaterialIR.hpp","3B853D57169758611FFB1AA326C9F74C662B24B8826CAD699F73BC0B15AE274F"
"engine/toolchain/material/pinclude/lux/engine/material/compiler/ShaderIR.hpp","72658C4AA7065766767F85523FB3575252D2DB5D5492D5640A544C36F66BA9FF"
"engine/toolchain/material/pinclude/lux/engine/material/import/MaterialToGraph.hpp","E36661CC20FF8C06276646AF940945FAE33EEFE259BDCBA022C0E7C6B5B17770"
"engine/toolchain/material/src/MaterialCompiler.cpp","E7597E0267E4CD523B82D96ECD69DE5CA97F83D4148826B2A250B98B940290A5"
"engine/toolchain/material/src/MaterialCooker.cpp","6AF19A85E7B145AFB1C8BE932A2990958447891AC4B5A9D231DB7243E41C6C96"
"engine/toolchain/material/src/MaterialLowering.cpp","600A26CD19186BF49D67076458ABC1C8C62A0089153513CE1ACC8F76DAE94FA1"
"engine/toolchain/material/src/MaterialToGraph.cpp","14E4212ED1FA3481A58E2F1A22000D151DEC827B7B38678E394AA33DEE31A8D2"
"engine/toolchain/material/src/ShaderCompiler.cpp","86A1387488C071637BD9DB5E41CEF7792191E517A6803274DA80382A060AE1A2"
"engine/toolchain/material/src/ShaderEmitter.cpp","0376077957EAD9FED3FAEAB8F006AABF697EFF6D9A4AF8D35B05971A2D53D235"
"engine/toolchain/material/src/ShaderIR.cpp","57DF745F440026DC6E6A6E3F97D0BCAE2A20C81B680AAEA9E626AA7ECDB426E6"
"engine/toolchain/physics2d/CMakeLists.txt","B3F5B79A045499AFAA44355A1A6D43F158D02C1BD99CB02F826896CFB6A7EE5C"
"engine/toolchain/scene_seed/CMakeLists.txt","A2CE18DA3A92695B13F659A4E762CB87F7966482D1A8E95822F0C1D7CF3541DA"
"engine/toolchain/scene_seed/src/SceneSeed.cpp","CF468D7AB22816783F30638207232B02767BB8656289FEEF9B07F22FB160B8DC"
"engine/toolchain/shader/CMakeLists.txt","D151782C4CDDF5253821A67C08E9D6E7A9A19FF7FDB4D2D8E85116CCF74D1265"
"engine/toolchain/shader/cmake/GenerateEmbeddedShaderIncludes.cmake","2D75BF8D3CC3F46BC0F559B7B91F89F1689F589C598B379DD0C0585BC56AC425"
"engine/toolchain/shader/include/lux/engine/toolchain/shader/lglsl/LglslEmitter.hpp","0A7F4CDDD6266C002776844052DC03FAD419A9426DDA5D9B2047D96EA0759024"
"engine/toolchain/shader/sinclude/lux/engine/toolchain/shader/SpirvReflection.hpp","7D5AD60DEE4AA27F0942656C4534F105D78BEECEB62037405D43F724F5E1D4A7"
"engine/toolchain/shader/src/ShaderEmitterTool.cpp","C2FA239FEAC625518A7B221FE1B0626834B74D4ECF0502DAEB59B6D1F807167A"
"engine/toolchain/shader/src/SpirvReflection.cpp","6F33DAEEE488FBEF46F2CAE351B00C1BEB825C64F9E1A5A8A732BF48F5A2E25E"
"engine/toolchain/shader/src/lglsl/LglslEmitter.cpp","B8FC8241631D3051491AE54B45A190683EAA768C624DED8BD69A94F7249822CE"
"legacy/README.md","4011C1C0B2F2474F832D0DE1EFEE02A04AE9A350ABC1FC0F2DD6758FC5EEDA1F"
"legacy/ecs/CMakeLists.txt","A0498639873257513993088F6CB8344827C7E6AAAAE341E3737067FDD2FEE370"
"legacy/ecs/animation/CMakeLists.txt","DE2B391413BDCD7E1947C2C4BB46482A0996DB0B1902646476BD5B0413069B99"
"legacy/ecs/animation/include/lux/engine/ecs/animation/InstallAnimationSystems.hpp","F483C430DA20C1A985327BE649F890BE7147C5B6131C4F308A1612CCE04394DD"
"legacy/ecs/animation/include/lux/engine/ecs/animation/components/FlipbookAnimationComponent.hpp","38D099F46D82A328FBD210022976212D83B8C534732F6E71BC03E5897B579F73"
"legacy/ecs/animation/include/lux/engine/ecs/animation/systems/AnimationSystem.hpp","FC5C581E1D9123F6A4A5FE3BDC4FA3878D41D6B843D924D6549D1C6C20720B58"
"legacy/ecs/animation/include/lux/engine/ecs/animation/systems/FlipbookAnimationSystem.hpp","DB75A24476733A6803070FD88D05A55D8CF9DA98D0B8484949F14AF543898D0D"
"legacy/ecs/animation/include/lux/engine/ecs/animation/systems/FlipbookAssetResolver.hpp","CCF345340D39719675346D190D5A659FCDA761456FB005C6E01F9792FE54AC2E"
"legacy/ecs/animation/include/lux/engine/ecs/animation/systems/SkeletalAnimationAssetResolver.hpp","B9CD7E61594516B41BB79171370B14EFE1F71A7D79ACBDF20A82E4A97B2A3683"
"legacy/ecs/animation/src/AnimationSystem.cpp","B1BC4812ECEF9E84FCD1229209C263102C9E7816735D9DAA1269AAAB3023D2F6"
"legacy/ecs/animation/src/FlipbookAnimationSystem.cpp","D88FC099A1329001E4D933A74FF689786BC3405BE6A870A333F42F5B3A3D68A3"
"legacy/ecs/animation/src/FlipbookAssetResolver.cpp","E2B1BAD5B025735EB09C311352934B1CD4974326D424A318B9420B80619D5EDA"
"legacy/ecs/animation/src/SkeletalAnimationAssetResolver.cpp","24504C8677FA5CA572EDB5FEE10A094C228365689B99B39DB8157F50741D8774"
"legacy/ecs/animation/src/meta_sidecar_anchor.cpp","93C4466EE7E8FEE522546ECA2E97E0AC57B73B217A372012D1F88F24A399627A"
"legacy/ecs/core/CMakeLists.txt","2CC7F65432B3BE95340749029256BC5E0DF1131CAD6D373408453B88A7793C7D"
"legacy/ecs/core/include/lux/engine/ecs/ComponentChangeSet.hpp","0A86FC8A29ECF6B1155940E3E0EFC74FDA922986D89949571EB759ABAF92FA66"
"legacy/ecs/core/include/lux/engine/ecs/ComponentTypeCatalog.hpp","C80F43FD669026E86928A73802C2A571D8AB406D558ACCCBEC7E55901CED927A"
"legacy/ecs/core/include/lux/engine/ecs/DebugDraw.hpp","4463D8B10F9DCCF68F0031E9F1CC7197DCEB81D7D7CDF7AC123D56C40286DE88"
"legacy/ecs/core/include/lux/engine/ecs/EcsCommandBuffer.hpp","1C07C94DCA881CA0E06CADD291DD90FF22314D3059D141D9130943595A7DCD83"
"legacy/ecs/core/include/lux/engine/ecs/EcsVerify.hpp","A5496C6CD0B8DC921BFDABC522D599BDD89F4DEB17EA21D87BCD5B702248ADDB"
"legacy/ecs/core/include/lux/engine/ecs/Entity.hpp","97F71473F49CFB65C8419C5965CBD17E2E55661B0BC6334196156D46CA5792DA"
"legacy/ecs/core/include/lux/engine/ecs/HierarchyIndex.hpp","46E1E8378AB85399E0623BF5C4F0709745ACCB8585F2EA320223BF25110D6D94"
"legacy/ecs/core/include/lux/engine/ecs/PersistentEntityIndex.hpp","675069105501BE82F284FB3ECA9FC437A286B64E25A0913838B8A440846F2242"
"legacy/ecs/core/include/lux/engine/ecs/Registry.hpp","F60D2607D87E420BCE08CE947DAA788EC846A1F6732C356DEC328270A2057014"
"legacy/ecs/core/include/lux/engine/ecs/RegistryMemoryResource.hpp","A68822EC0BE32C6DB6C6E5E32BC792C230E6D29B88C8476A694F25939E3BE9AE"
"legacy/ecs/core/include/lux/engine/ecs/RegistrySnapshot.hpp","CE90CF282DAC1DD9A224F9F51CAA4783FB9C8B7664599095F8AC4D7F531AE51C"
"legacy/ecs/core/include/lux/engine/ecs/RegistryStorageCapacity.hpp","81B8B4DA2BDF141C216D421811B0B1D20F0E0F8CFDABA89DA8FD2F459F83B111"
"legacy/ecs/core/include/lux/engine/ecs/SceneServices.hpp","9B14F95ED6F49128C946A5F9E83472F3D246232D4EDA5558D2A213357D32726F"
"legacy/ecs/core/include/lux/engine/ecs/Schedule.hpp","8039D94E0666F0734C6198A95ED17C003B58C17C4B320E297EEEFEDD6EABF9A8"
"legacy/ecs/core/include/lux/engine/ecs/ScheduleBuilder.hpp","221B3F60101A2DCB5E6630238669B6351F55BD182A5B975BB316B563DCEE9C18"
"legacy/ecs/core/include/lux/engine/ecs/SpatialTransformMath.hpp","397B79D6CE062BE9963E12D18DFA585CE7348428EA46EAE92F18F06CE3B2B169"
"legacy/ecs/core/include/lux/engine/ecs/SystemPhase.hpp","1F11970A60DAEB7E924BDD3DB8EAC871AB372BDF754368E727E3C91B1544612E"
"legacy/ecs/core/include/lux/engine/ecs/SystemUpdateContext.hpp","1823868BF9101CAB01CEB6DF60A3A4A43DDFB4EDB876889CE75EBFE1775DA1AB"
"legacy/ecs/core/include/lux/engine/ecs/World.hpp","2BD2B1363CB46ED92D60987D99F1F61D7ECB69B69D0D9858F4211746D3D41278"
"legacy/ecs/core/include/lux/engine/ecs/components/NameComponent.hpp","4AD64669209745C63C40CD25DBFBFA754F98D4B6EF45A789A9C007A2B5005680"
"legacy/ecs/core/include/lux/engine/ecs/components/ParentComponent.hpp","6D0CA32BA694DFC046573A9353496F2F6D28FACC2BBDA9BB42303FACE57379E4"
"legacy/ecs/core/include/lux/engine/ecs/components/PersistentEntityIdComponent.hpp","71E7043C8DD83BC6691B515AC5811C93F71BF45BA626C6AE578F9A087C786F09"
"legacy/ecs/core/include/lux/engine/ecs/components/ResolvedTransform2DComponent.hpp","AF00E2901BAC3C8C706C465547658E0B66928EB2B548FC8A95D134D214537247"
"legacy/ecs/core/include/lux/engine/ecs/components/ResolvedTransform3DComponent.hpp","E17F3C4CB77A3C5C97A07A4A83A9CFE3F9C056545B667219BBE65D6DCBE61483"
"legacy/ecs/core/include/lux/engine/ecs/components/Transform2DComponent.hpp","95545EE17F186F9111596FFBF0C5842B3EACC2640B0B886B57949C4C5319517F"
"legacy/ecs/core/include/lux/engine/ecs/components/Transform3DComponent.hpp","F4C2B886BFF6BC9D13F8077FCACE1AD1012E4B9FB77071D90A77B059B46B6008"
"legacy/ecs/core/include/lux/engine/ecs/reflection/ComponentReflectionAdapter.hpp","DE1C0F05EBC354B1621ADB497DFB86E161BAF05E2A4501BACA758EBB78EAAAFE"
"legacy/ecs/core/include/lux/engine/ecs/reflection/SpatialValueReflectionMeta.hpp","66594843A40C0C73D044AF5CF6B843E20F13CD0C9EB3C2500C9AB0E750806BF8"
"legacy/ecs/core/include/lux/engine/ecs/reflection/SpatialValueReflectionTraits.hpp","B9459F0FB492F71B8557185675E808CFB98AFD382EA3BEE5C1692DB4CDD37DCC"
"legacy/ecs/core/include/lux/engine/ecs/systems/HierarchicalTransformSystem.hpp","9D550C7E388E3A63BA77AB080B069F59BE60B28F4C839A21C5C88F4580C0362D"
"legacy/ecs/core/include/lux/engine/ecs/systems/ISystem.hpp","40A32FE3B586A9E8689B6948205FE7FEA9729F43095BF8D14EC2D08E3EF56CBD"
"legacy/ecs/core/pinclude/lux/engine/ecs/detail/ScheduleTopology.hpp","BB53A7E5D1F8E8F4637785252B0D4FB0EF202F73A1B5DD2A89C96541A3E074A0"
"legacy/ecs/core/sinclude/lux/engine/ecs/detail/SparseActiveMap.hpp","F46D5D8C1EDFD4EB4409C41359FAFE4FBAD31AB6B382DBD2EBB71A4B62F45973"
"legacy/ecs/core/src/ComponentTypeCatalog.cpp","1CE4DCF08DF573E68DAC0891EC4C1FA63CB0E729F787127DC1F4B96CCC022663"
"legacy/ecs/core/src/DebugDraw.cpp","44191407F6E408EE75C1D37006568BDAA9C0DFB454FE3BBE4EF2BEAD91257810"
"legacy/ecs/core/src/Registry.cpp","123A0F7DA38AB96D1A3DE64268EACA74492D0BA3F9F76CBF0EDBA17C8C89E22A"
"legacy/ecs/core/src/RegistryMemoryResource.cpp","4EEE2DC72654FC4A8405FFA7DA175923EDEE26765BE8003B707D6FDCDEFF750D"
"legacy/ecs/core/src/SceneServices.cpp","5546D6C98957919BC763616464A7E5A862DFAD4438BF2424C51A21B12FDDC5F9"
"legacy/ecs/core/src/Schedule.cpp","98178B9E8B8F124D42A1C18467F8B44C63EA36DDC4A598D0B9F20575875612C1"
"legacy/ecs/core/src/ScheduleBuilder.cpp","00FF3739B40BA172839CB886B600BA9B94A00A99FC1E34087A97B3FAEE67F762"
"legacy/ecs/core/src/ScheduleTopology.cpp","D0EB59512D2EA7B25F279E5CA41007A5A643BC0B3F48452EA5F5A560BB4D2011"
"legacy/ecs/core/src/meta_sidecar_anchor.cpp","93C4466EE7E8FEE522546ECA2E97E0AC57B73B217A372012D1F88F24A399627A"
"legacy/ecs/entity_scene/CMakeLists.txt","286EE5FBA03B2747CE4429BCE50719E59AE83FD8720B688AE0A4080482780E62"
"legacy/ecs/entity_scene/include/lux/engine/ecs/entity_scene/ContentBlobStorage.hpp","F4D92683892114A1C0608FD11D9EAB3E0E9974F5BE2A587C0B7833559FED8B5A"
"legacy/ecs/entity_scene/include/lux/engine/ecs/entity_scene/EntityBatchDecoder.hpp","6922355EFB96CCAAE324C6A24BC2415753A1F3DCBA2D1C8B04BECDA110A65472"
"legacy/ecs/entity_scene/include/lux/engine/ecs/entity_scene/EntityBatchMaterializer.hpp","84439D6FB6D68F0CF6EF41BB2315A8C780259D51767F1DE171D003597E57D8E6"
"legacy/ecs/entity_scene/include/lux/engine/ecs/entity_scene/EntityBatchStager.hpp","8EC14C1E350F9DF74615763E99D1E0B58674582991D00B6104462CF1A00ACC60"
"legacy/ecs/entity_scene/include/lux/engine/ecs/entity_scene/EntityBatchTypes.hpp","E5ACFE143BF58F891C023B0CFFE0388702BCC4352B0794DB066C4FA270B69EC8"
"legacy/ecs/entity_scene/include/lux/engine/ecs/entity_scene/EntitySectionLoadPort.hpp","A38EA44137DD38B026F0562536DBC03854F197CC948C1C4FB84144DB3D7A37D4"
"legacy/ecs/entity_scene/include/lux/engine/ecs/entity_scene/EntitySectionLoaderSystem.hpp","F9A4D50F5357C43A9149BEB4ED2BADBDFC99C05881F59FF4E6F97D2260374EBE"
"legacy/ecs/entity_scene/include/lux/engine/ecs/entity_scene/PreparedEntityBatch.hpp","AC3839474FB7C5EEBCE907468C08CBAFB3290FB1D54B545891E1CA197C33A5CD"
"legacy/ecs/entity_scene/include/lux/engine/ecs/entity_scene/StartupSectionSystem.hpp","CF1FA2A6ECBF9404CB9C65EB6500CEE8592CCF0DF2B62E840A220B355F6FFE55"
"legacy/ecs/entity_scene/include/lux/engine/ecs/entity_scene/residency/EntitySectionResidencySystem.hpp","4B86B0FB43248A5EB85A24447F9CA7BECB4AD2D6C2D5212B3B44293722751814"
"legacy/ecs/entity_scene/include/lux/engine/ecs/entity_scene/residency/SectionResidencyDemand.hpp","1566BCDD589BBE6B97AA2E6DD12355C93A3D729AB4BF4C0558DB96E0434F8FFF"
"legacy/ecs/entity_scene/include/lux/engine/ecs/entity_scene/residency/SectionResidencyPlanner.hpp","643218CF4D5AC9A3CACF9878D78753D9E5B97F36CCCDF963677345CD0C556914"
"legacy/ecs/entity_scene/src/EntityBatchDecoder.cpp","7E10F0EE4A45E00FF9374E8946CD51765C8C68DC90090EE51886F3407B537B24"
"legacy/ecs/entity_scene/src/EntityBatchInternal.hpp","D5D055F183BE0C536E856D388360ACBF1AF61784715A15D0323A1680E5720F8A"
"legacy/ecs/entity_scene/src/EntityBatchMaterializer.cpp","E44AB78CFCB2D7FB51D7C136DEE9A22FD3F7048E6E926A4B8D44DF7FAAA3FCA5"
"legacy/ecs/entity_scene/src/EntityBatchStager.cpp","49A3C47941E181E82C741F9FB550D1A84E32EF10F2091E262A221ACC0FC58537"
"legacy/ecs/entity_scene/src/EntitySectionLoaderSystem.cpp","7EA184A08373DBC747C0A2E336010098C3E733429B97082DB3C1FF41EEB57E20"
"legacy/ecs/entity_scene/src/EntitySectionResidencySystem.cpp","F785C4FD22D626090174F19C64497979533914322FCAE2DE418048FFC8EEF8E8"
"legacy/ecs/entity_scene/src/PreparedEntityBatch.cpp","79F3A6D5499844E2666FCFE6777B3688577F9D83DDF8059F09D604F4FBB4C423"
"legacy/ecs/entity_scene/src/SectionResidencyPlanner.cpp","0AEC01F050DB5E437E4A9E911CE7CA6D6E8F2438EA88007F94C525F2D4D83C97"
"legacy/ecs/entity_scene/src/StartupSectionSystem.cpp","AC7A9142A9470FBF8DFAA16D45119650181B2DEEF86FF9DBC4B3F5E9A26920E2"
"legacy/ecs/identity/CMakeLists.txt","84F91D08C8DD16B403AA2755AFFA4EA7C562F64D5C7BDC2E6E895485B5C3C455"
"legacy/ecs/identity/include/lux/engine/ecs/ComponentSchemaId.hpp","6D2534BB8CE0CEC21531FC9A40ADD230DF0F11F0F865D0CC5B86C13A5A0E19C0"
"legacy/ecs/identity/include/lux/engine/ecs/PersistentEntityId.hpp","B11C228A9D196AD5A635BD2F7DB63CAE79FB7371983A659B01AEBC2BDE8609DD"
"legacy/ecs/integration/CMakeLists.txt","2C4D0FAEC2DCDCFC4EFDCEF18A2F85834CE255E5659DCFBA9E6F41AFB532A0E3"
"legacy/ecs/integration/physics2d_pixel/CMakeLists.txt","61973EABDC1F0A5F130AA70359688EF64102FF637FC9B96CECE31C64AFD0FE36"
"legacy/ecs/integration/physics2d_pixel/include/lux/engine/ecs/integration/physics2d_pixel/PixelCollisionProbe.hpp","B36C5A8CDF22C117E5534CE5F3685049177FB7A48600ED624E89AE4CD6321312"
"legacy/ecs/integration/physics2d_pixel/pinclude/FieldCollisionAdapter.hpp","2515E8AD5866FD3054EF07021E9E05599A91F738A97E5786C78241A5778C6243"
"legacy/ecs/integration/physics2d_pixel/src/PixelCollisionProbe.cpp","AFBED4FB7F022D3E34655D604CFF73B62B0E9CA5CD713A3D886C68BED0234491"
"legacy/ecs/integration/physics2d_script/CMakeLists.txt","5D76DF1ADFBD594DDBE8FEF0D4FBC995748FC3A2ABFC6778DD2491703771088A"
"legacy/ecs/integration/physics2d_script/include/lux/engine/ecs/integration/physics2d_script/Physics2DScriptIntegration.hpp","B2CBB833C3E963AC4BA8C18139C64C32A8965F3FCA0D1E6FE35AAA1E24B0C41C"
"legacy/ecs/integration/physics2d_script/src/Physics2DScriptIntegration.cpp","30D68700B6FBD178D0807CA7D8857F889A1FC32EAC3EDD59B9B1C78499E00926"
"legacy/ecs/integration/presentation2d/CMakeLists.txt","BBFACB7303479A7A18B7BDA09D2F5EF94E82D5B9C95F55144A783E61928DCA0C"
"legacy/ecs/integration/presentation2d/include/lux/engine/ecs/integration/presentation2d/InstallPresentation2DSystems.hpp","AE8D25C6992D26036099BB86701E6EC32B190DA14CDBE2B5E82C898149E040D7"
"legacy/ecs/integration/presentation2d/src/Presentation2DSystems.cpp","D3840D66FA4E3847149DDEE1F0445A3B1EC225262FF6D26B48224D754C2A8779"
"legacy/ecs/navigation/CMakeLists.txt","51E7DB8C7B81BDFC7ECD7DC1526B3F938EDBDE1917A2A3B4CFD9D6E4B7C6EF74"
"legacy/ecs/navigation/include/lux/engine/ecs/navigation/NavigationQueryService.hpp","ED8F9B9D858D092D01224EF377810F154DE3F2BDC86D8D9BD9C4F22F334BEB3A"
"legacy/ecs/navigation/include/lux/engine/ecs/navigation/components/NavigationRegion3DComponent.hpp","AE39D6EAB7C96C5A1DEFA3AB4597F505437F27B46492908965812B51B89F255F"
"legacy/ecs/navigation/include/lux/engine/ecs/navigation/components/NavigationRegion3DStatusComponent.hpp","735889EAEECB45F133A5E7C460DC1F7DA638042DA888497D546DA46BFCE14455"
"legacy/ecs/navigation/include/lux/engine/ecs/navigation/systems/Navigation3DSystem.hpp","89CC61277063127FA6D44096D18A951A94855D5341D4764388BBE6F62FADAF80"
"legacy/ecs/navigation/src/Navigation3DSystem.cpp","1D5265B8EF8092C030CF995DD840D61017D76E28E6BD59691061568274827DAA"
"legacy/ecs/navigation/src/NavigationQueryService.cpp","49569B5A8FF22492BBA5FEE125325B9E0A7F8A0687ABDE905B6650E736C238DB"
"legacy/ecs/navigation/src/meta_sidecar_anchor.cpp","9696325A4517CF0B8537DA736FA1B3A3EA2E7EFE74B1C6D9F0A4415695E571B5"
"legacy/ecs/navigation/streaming/CMakeLists.txt","1DBDA3B43A7A138D68CCCFD55EB611C176D23A69BDC211988EAC86F8DC1B58D8"
"legacy/ecs/navigation/streaming/include/lux/engine/ecs/navigation/streaming/Navigation3DPreparePort.hpp","D140328DCFC27AA93A169B736907FA73C2572AEE5B410424911D19A91B5D251A"
"legacy/ecs/navigation/streaming/include/lux/engine/ecs/navigation/streaming/Spatial3DNavigationAdapterSystem.hpp","B518AFAF168380EAD3BFC897952FEA4EE28C80F7418A4526E13BBF648B344D51"
"legacy/ecs/navigation/streaming/src/Spatial3DNavigationAdapterSystem.cpp","525F8D02F3C5E27C49C73EB4D5DF6D6894CFEC4D0A2DE51BEE3E80315027473D"
"legacy/ecs/physics/CMakeLists.txt","35F7CE58A820E724A1E9C08E6914181CBB50B27B051710CED2785E57D4A6BF88"
"legacy/ecs/physics/include/lux/engine/ecs/physics/CollisionProbe2D.hpp","15F75E1D59D794B6B859D78347E4AE06DAA772CEED077DAC827C32B0CD4DCAC0"
"legacy/ecs/physics/include/lux/engine/ecs/physics/FixedStepConfig.hpp","9D7877E81882E87D09FDE17333D7B747944A6E76B8967E59ED2E9E149E8919A3"
"legacy/ecs/physics/include/lux/engine/ecs/physics/InstallSimulationSystems.hpp","01F556935D2FC4923BB8B4E3A642BC22D41824676A773282AEB71841AFF47E01"
"legacy/ecs/physics/include/lux/engine/ecs/physics/systems/Simulation2DSystem.hpp","C87EC7A3B0D4E4153C5E63F9E95908146788F45A00A40F2EFFD8BF8CE3D5CCA7"
"legacy/ecs/physics/src/Simulation2DSystem.cpp","976AE06352892DCFC9304381298C2AFA2A40387A893048136623A22488BD855E"
"legacy/ecs/physics2d/CMakeLists.txt","CE5E477ECE54EEE5432C888E226F0D3BD395E3FC6E832180779913360E6527F7"
"legacy/ecs/physics2d/include/lux/engine/ecs/physics2d/Physics2DConfig.hpp","2944B6EC10FED5CC7D1A6BFDB662E70F6E0C4BA8F00CBC0528AE7803802ED9FB"
"legacy/ecs/physics2d/include/lux/engine/ecs/physics2d/components/Physics2DComponents.hpp","36EE839B9ED7776CFE65029AFE24F2A4DD866A51C0AE6753E2AF28817BB6D440"
"legacy/ecs/physics2d/include/lux/engine/ecs/physics2d/systems/Box2DPhysics2D.hpp","23259FE6CA308161A562FEAF1FE0C2D0D0DCAFD6B2EBCDFAE9EF99D7E2898F20"
"legacy/ecs/physics2d/include/lux/engine/ecs/physics2d/systems/Physics2DSystem.hpp","B2DF810B69F3D6B52A4194F05BDF82DB9D1158BC80E56E10DB2F45C5DB9CCB91"
"legacy/ecs/physics2d/include/lux/engine/ecs/physics2d/systems/Physics2DWorld.hpp","87A8FDF1F31383830A9DE9D59ED1EE5C3D6E13227639F8428D39764A49B12EC2"
"legacy/ecs/physics2d/src/Box2DPhysics2D.cpp","5EA7F6685F2314C941A0D70801F6BCD72D0FB9B444F739ADD93C37D82DEF3291"
"legacy/ecs/physics2d/src/Physics2DSystem.cpp","710087A45B1579C492AB272D238F4711F59F5948EFCCB49D70BD29107DF8EDEF"
"legacy/ecs/physics2d/src/Physics2DWorld.cpp","3C176CFE1C59997AEAC241FF6E953729EE4719972AC3096BC249598804235900"
"legacy/ecs/physics2d/src/meta_sidecar_anchor.cpp","93C4466EE7E8FEE522546ECA2E97E0AC57B73B217A372012D1F88F24A399627A"
"legacy/ecs/physics3d/CMakeLists.txt","B08E8F027B6547EF5A71A604A81720861ECCA969F9199A1A46449475AEB2D75E"
"legacy/ecs/physics3d/include/lux/engine/ecs/physics3d/Physics3DConfig.hpp","3A56CD162B6C475E4490CD4A44E1717097F1607282533A2A915E0634A50E5259"
"legacy/ecs/physics3d/include/lux/engine/ecs/physics3d/StaticColliderBatch3D.hpp","04DB01890ED81BD577CF594AB127A0955FA8CA69245B966D3BEED3DAFA552E25"
"legacy/ecs/physics3d/include/lux/engine/ecs/physics3d/StaticColliderBatch3DCodec.hpp","4F6D83284E2CD814BD0D1DB14B24EA604966B5E9D167729D7BFA97421A01325D"
"legacy/ecs/physics3d/include/lux/engine/ecs/physics3d/StaticHeightfieldBatch3D.hpp","8E30DAD7B9E4FFBBB116AC0B26F7F6185674B2805251ADDF50826DF13E5A0AC3"
"legacy/ecs/physics3d/include/lux/engine/ecs/physics3d/components/Physics3DComponents.hpp","797344661624C7257137465BB7A1255596363DADBB5144D1379212E33B20E1B7"
"legacy/ecs/physics3d/include/lux/engine/ecs/physics3d/systems/JoltPhysics3D.hpp","FED196BCEF35314B3151431689C0DAC733D666EC38DE25498A4F5DC51E885894"
"legacy/ecs/physics3d/include/lux/engine/ecs/physics3d/systems/Physics3DScene.hpp","A0C21834296B47C072C5E0B6FC78EFACF70F80AA54E6206BF98F1D000BDA9E8A"
"legacy/ecs/physics3d/include/lux/engine/ecs/physics3d/systems/Physics3DSystem.hpp","5BCFE4FF1D4ED10E58D0FE805D6538D32FFF5663C984ABC5BE2D9A1A60951934"
"legacy/ecs/physics3d/src/JoltPhysics3D.cpp","50E736E9202911A175C2F45CCEB3F00F170A3E3F749AB114BA8D760D0CD28536"
"legacy/ecs/physics3d/src/Physics3DScene.cpp","B9D0C8211470F69BB1036899BF033E278CB16D650B49A630BB220365DF65EA0A"
"legacy/ecs/physics3d/src/Physics3DSystem.cpp","548D84A1CA52AFC237D7D1D27CD451FC3F696EFC06885B7FEC5D6DF731DF4351"
"legacy/ecs/physics3d/src/StaticColliderBatch3DCodec.cpp","1BC0321FE1D024C612B4D9DFEFC3FD5D713F1C69CF205593348D920BA26AA888"
"legacy/ecs/physics3d/src/meta_sidecar_anchor.cpp","E291932E95139E0C542024E2129BE85614CB8A7DACAFAEA57516A23E7E93EAB2"
"legacy/ecs/physics3d/streaming/CMakeLists.txt","92092E32B98BDB87F53A4C79AD2E530C203E589BE9AB8FD60875CC5584C2D909"
"legacy/ecs/physics3d/streaming/include/lux/engine/ecs/physics3d/streaming/StaticCollider3DBindingComponent.hpp","6048AE8B9E2EF76D376BB43378FCA94AF7A6D45775B3841B096D16754950066F"
"legacy/ecs/physics3d/streaming/include/lux/engine/ecs/physics3d/streaming/StaticCollider3DPreparePort.hpp","6EA9704B8534A0E4828515101645D5E2ED7E824E36103221063A336E7717CF29"
"legacy/ecs/physics3d/streaming/include/lux/engine/ecs/physics3d/streaming/StaticCollider3DSystem.hpp","5A7FBFB31EF2D72FE7AC531CF510AF936F386144125E8103F8A3E07F0EAF7788"
"legacy/ecs/physics3d/streaming/src/StaticCollider3DBinding.cpp","F01BB16AF2C99C96086F0D09505A72ACC4117FEF3B90A3FA788411A2EFD7C180"
"legacy/ecs/physics3d/streaming/src/StaticCollider3DSystem.cpp","40E7498506172147C4E652C1A36772F2849B804F96FEEC0362BC1EB3BCEE9BF5"
"legacy/ecs/pixel/CMakeLists.txt","FA3EFB9C30F9C5C5E1E40CE075770D7457EA0F3D08689EB141F9C53E4BE66330"
"legacy/ecs/pixel/include/lux/engine/ecs/pixel/PixelFieldId.hpp","F9F3DF3DDA37367DB12D12564024B7709CEB7431B4A5D4BA3D022E4C34ED74B2"
"legacy/ecs/pixel/include/lux/engine/ecs/pixel/PixelFieldTypes.hpp","9BB90AA92D33D21ADDC25A73BD3ECACA88A59A901D03CF07A46497F1E5275A47"
"legacy/ecs/pixel/include/lux/engine/ecs/pixel/components/PixelChunk2DComponent.hpp","3BB33C3FE89D32D5F2D9187F408960BB6DAC60896946AD0DD05E4651890EEF5A"
"legacy/ecs/pixel/include/lux/engine/ecs/pixel/components/PixelField2DComponent.hpp","E622E2B857E4F50394B0E90E54D486282887346F60CB14B83B3E3D848C444C5B"
"legacy/ecs/pixel/include/lux/engine/ecs/pixel/systems/PixelChunkPersistence.hpp","7D4AF5B22DC0326E4651A8DB3335D0A7FBFB24EF199B669607E48DE00851EDF8"
"legacy/ecs/pixel/include/lux/engine/ecs/pixel/systems/PixelDirtyLedger.hpp","C5812A1B3CD6D24C1AFB716AB0520A04F12CD822520905C5843BB5061B154077"
"legacy/ecs/pixel/include/lux/engine/ecs/pixel/systems/PixelFieldRuntime.hpp","67DCE7D35A2947E0CBB938C1FAE22B5873A4D517397DD5A5D0312461B876597E"
"legacy/ecs/pixel/include/lux/engine/ecs/pixel/systems/PixelFieldSystem.hpp","024709ABFDFDCB2838BA81726862239B3F585B38C8B9187E768D34604AD964C3"
"legacy/ecs/pixel/sinclude/lux/engine/ecs/pixel/PreparedPixelChunkStorage.hpp","447BF39F24FD184FA6E1D4B40F133EAF45CA587C8B1E5E011D362046CDB765B0"
"legacy/ecs/pixel/sinclude/lux/engine/ecs/pixel/components/PixelFieldBindingComponent.hpp","8AE2FC9FAAE953F28B0D419A4D900A5377D9447D8C8F65CF2103F1B8110D3C4A"
"legacy/ecs/pixel/src/PixelChunkPersistence.cpp","DD5F0DD1B6A1F5E5C29D36533D98A411C7BD8DD8E8B398CC6982ADDE89438C6B"
"legacy/ecs/pixel/src/PixelChunkPreparation.cpp","BE5D198B0585863B4285E593A5FA57C289E4EEEBFF88EC89A4BD688E6EB6A891"
"legacy/ecs/pixel/src/PixelFieldRuntime.cpp","28D8669BBBE33FA78B55DF7E1C50E58860163712205DA6E398B5415F31A3389F"
"legacy/ecs/pixel/src/PixelFieldSystem.cpp","51282FC546453C91620209BDEA0025C048DE973F98497A921123430D598FB431"
"legacy/ecs/pixel/src/meta_sidecar_anchor.cpp","93C4466EE7E8FEE522546ECA2E97E0AC57B73B217A372012D1F88F24A399627A"
"legacy/ecs/pixel/streaming/CMakeLists.txt","C292298579C835ABD0321D871AE45C3E1D25C79148B017554E26080BC6EC44D6"
"legacy/ecs/pixel/streaming/include/lux/engine/ecs/pixel/streaming/Infinite2DPixelPreparePort.hpp","C594EE826DDF7768A3F35AA7A49E5068CDF951C3F33ED45FD34F6397AB50F5AF"
"legacy/ecs/pixel/streaming/include/lux/engine/ecs/pixel/streaming/Infinite2DPixelSystem.hpp","ECE4B49A13A27C58B8CB8AE7293B48F9FE1BDFB6AAE4690279D3ACFEB4F56519"
"legacy/ecs/pixel/streaming/src/Infinite2DPixelSystem.cpp","0CFF261DCC51064D424D738DF08DE7F2BE0336D5FE9AEAB0F58D82A0D89EA1CE"
"legacy/ecs/pixel/streaming/src/PixelChunkBindingComponent.hpp","8DBF948B0B677267CB60C212CD6EFFBEBB2EED6166B9D10DFD91D220DC6A68F9"
"legacy/ecs/render/CMakeLists.txt","E9897C2540877BA1F6A0ECE2BA4F624B0B1E0336ED0CAA22D50AE858982DC2C8"
"legacy/ecs/render/include/lux/engine/ecs/render/RenderBridgeDiagnostics.hpp","C287AE9B07D4393EFF8CBC5173E1D839E2964B91E663CB4F1604F2055267C016"
"legacy/ecs/render/include/lux/engine/ecs/render/RenderExtractContext.hpp","B2F6A327A7DFA63F4A55514DC65CA4EF182F1D84D744C92EE6DDDED0487ADFB0"
"legacy/ecs/render/include/lux/engine/ecs/render/RenderExtractionResources.hpp","A43CCDA67FAE75EA881732F5C36A8F72D226061432BC149DB7B88F9BE370D7AF"
"legacy/ecs/render/include/lux/engine/ecs/render/RenderResourceEvents.hpp","23BACAAD0D2D31E19AD46F92992471FAA0718D20BC23E3658C5BF1C3CED88145"
"legacy/ecs/render/include/lux/engine/ecs/render/RenderSpatialTransform.hpp","9BA58FCBC850EE92A7D4C6A547EF6BBE09C92F850A639B64C14C091D7A73FACE"
"legacy/ecs/render/include/lux/engine/ecs/render/RenderStage.hpp","B72A7666828207A69E305CD50521CD36FEDBA57D31C3D0486C034EEBE403EF22"
"legacy/ecs/render/include/lux/engine/ecs/render/RenderViewUtil.hpp","0F26E13610A04F54E05096EFEB11975D370C1399E1DAFCA1D020588C43FB9F3D"
"legacy/ecs/render/include/lux/engine/ecs/render/ResidencyCallbacks.hpp","30472031CDE4A64428157635C4D7CF33F6B87C3E17E416FCDC19F969974920F1"
"legacy/ecs/render/include/lux/engine/ecs/render/SceneContentRenderStatus.hpp","F8AD611839283B940EDCD2BBAE9D4A73F6CFA852897DD6F4914D99D8118E8395"
"legacy/ecs/render/include/lux/engine/ecs/render/SceneGeometryPreparation.hpp","E516B66235042446E9B31D861390C47FE1C5CB4F199DC004AE726DF1C8117EE8"
"legacy/ecs/render/include/lux/engine/ecs/render/SceneRenderBinding.hpp","D10F3483A5786E42874F0F5213C78D7F1F1C5118F957AA1029F8C786C1B13F72"
"legacy/ecs/render/include/lux/engine/ecs/render/TrackedRenderRequest.hpp","2230C67F6AF1F1902C3892959E25A9AFC035060F7F88CF4363DD89699AFAF0F4"
"legacy/ecs/render/include/lux/engine/ecs/render/VisualTransition.hpp","17BD68BD60A2EC64C76038430A5033AC019640B1F29E5E3DCACC3B8F7E2C197A"
"legacy/ecs/render/include/lux/engine/ecs/render/components/2d/Camera2DCacheComponent.hpp","1845C66CF4794CE9B9A73D9B2F65D20BF86AB08A6CEB14D6F08833CCAE0BA2A0"
"legacy/ecs/render/include/lux/engine/ecs/render/components/2d/Camera2DComponent.hpp","7D5B4AE0DE28EDF843D748FB7D3FBB82351BCAFE553305C8AA68254858FE445F"
"legacy/ecs/render/include/lux/engine/ecs/render/components/2d/Grid2DComponent.hpp","654B801EC5BBAC580EBC5D9A299837AB9D59356023528CFFFEF9C833DC940C33"
"legacy/ecs/render/include/lux/engine/ecs/render/components/2d/Image2DComponent.hpp","B2DF8235854B93FA2CA9D77BB7BA0AAAE0523332A368A3DC1E18628917E101FA"
"legacy/ecs/render/include/lux/engine/ecs/render/components/2d/Order2DComponents.hpp","A593DE26E3E7EA30258319132F87B452308E3477A9448A708027901B232C93EE"
"legacy/ecs/render/include/lux/engine/ecs/render/components/3d/AnimatorCacheComponent.hpp","83AEF5550718089F392A83A52908663F9C37AF6C02D8D8C727BDE034ED87FCB1"
"legacy/ecs/render/include/lux/engine/ecs/render/components/3d/AnimatorComponent.hpp","CBA3DEAED89704FAB3CC43113E900D98B42DCD1C8611E271A0EA5B88DB25126D"
"legacy/ecs/render/include/lux/engine/ecs/render/components/3d/Camera3DCacheComponent.hpp","EB9F3BB3666E9B1569DA05DCE75D9D1EAA77D03F2C3B1BA0FAF0C667CE2B7484"
"legacy/ecs/render/include/lux/engine/ecs/render/components/3d/Camera3DComponent.hpp","B90AD7F32268063E1683C55BA8215B64ED5A856BD400BEF22063B7D5C2D77748"
"legacy/ecs/render/include/lux/engine/ecs/render/components/3d/ClassicMeshBatchComponent.hpp","12C1C73E85C282D83291C74136AA4C61F08C704815CCC2B6BE84218E423152CE"
"legacy/ecs/render/include/lux/engine/ecs/render/components/3d/DirectionalLightComponent.hpp","BB146CEB396EC0BD133A971397BA5499DB64AD3BD2D230EDF5E6E915C6115215"
"legacy/ecs/render/include/lux/engine/ecs/render/components/3d/Grid3DComponent.hpp","F4A4FDA54D1C06E9EFC0187A0F4BD2E7886040AFF672E3BEECFBC2BA3EA8DD28"
"legacy/ecs/render/include/lux/engine/ecs/render/components/3d/HeightFogComponent.hpp","8AB2A3506F5EF60D36993D6E4C50CDB029C90E190B77FA8196C9C0E5A8C2BC3F"
"legacy/ecs/render/include/lux/engine/ecs/render/components/3d/MeshComponent.hpp","7CD115BD6AAF3B09556615EBF64DC85C695ECC983CF495E67151CFB8F9956B1C"
"legacy/ecs/render/include/lux/engine/ecs/render/components/3d/PointLightComponent.hpp","9EBE86C7EDD5124268960428CBADA6413B9607C14993025F9D65F45D2DDBE5B1"
"legacy/ecs/render/include/lux/engine/ecs/render/components/3d/SceneSettingsComponent.hpp","933F2C4EE369E6A49A90969F044626BA3678106A1BD9BC058D6FEEB1D86FF9BF"
"legacy/ecs/render/include/lux/engine/ecs/render/components/3d/SkeletalMeshComponent.hpp","E3196E727DDDA98CB0ED9585A6D556B21F07161F68412E8FB16CB0D5F8DC9B9F"
"legacy/ecs/render/include/lux/engine/ecs/render/components/3d/SkyboxComponent.hpp","D965C8B69BD07CED8DAA4386097B0D20CFF4B262F09871E56EEB615AF04D431E"
"legacy/ecs/render/include/lux/engine/ecs/render/components/3d/SpotLightComponent.hpp","F4074455B128E4BDA3A95DFE9F884A9D3AF22FD25466D4C2A435BC778347D7FC"
"legacy/ecs/render/include/lux/engine/ecs/render/components/3d/VisualLodNodeComponent.hpp","8B9DB84B4F99EC6E64E394DC004028BB3AA4E124AF319657F13AAC09A25693D2"
"legacy/ecs/render/include/lux/engine/ecs/render/components/3d/WaterSurfaceComponent.hpp","EEF11FD447BD769FFEF7C1C6ED997487CFF5A3B4AD99CAAF107CD29A894D860F"
"legacy/ecs/render/include/lux/engine/ecs/render/components/AssetStreamingStateComponent.hpp","9F2AC6B7A567FA3A8C896E58E3183C1A26FB304ECFCFF6180D400601F06780ED"
"legacy/ecs/render/include/lux/engine/ecs/render/components/HighlightedComponent.hpp","092D317EFD18E4FDCA804E71A4F9EA683F40FECDAF688F581987C66E9A8D1984"
"legacy/ecs/render/include/lux/engine/ecs/render/components/MeshGpuCacheComponent.hpp","BB69E1314E422BEF09554D732D07D508617C9FE61AF05C9B1D62C4BAB6D84586"
"legacy/ecs/render/include/lux/engine/ecs/render/components/MeshInstanceReadyComponent.hpp","395D68476D68C90BAD5E8387E61852712124986E4AD7E1CD9612D3B4FED2BBAE"
"legacy/ecs/render/include/lux/engine/ecs/render/components/MeshInstanceStateComponent.hpp","37A70DB6BBC934A4A41F132736DAED399F8DE95E94F102D2BF4C19350E12EB1A"
"legacy/ecs/render/include/lux/engine/ecs/render/components/PrimaryCameraTag.hpp","F58A634FDBB90B76967E1F59980F0D1A294C57E9C21B2991C662CED246EB56DC"
"legacy/ecs/render/include/lux/engine/ecs/render/components/RenderViewBindingComponent.hpp","08C916B94E0F1F27C799D5A68C4719DD8EB5D64422F42636199B8CCF4B0A4239"
"legacy/ecs/render/include/lux/engine/ecs/render/components/TextureGpuCacheComponent.hpp","78B63D01791DAC6C897B156EDC7FC0663851EE97F2663D08D37350CADE96C302"
"legacy/ecs/render/include/lux/engine/ecs/render/components/ViewPresentComponent.hpp","62C95E5499389F755F8023800BC806A7E11C5E6735C4C6F678AA0D9AEBA9877C"
"legacy/ecs/render/include/lux/engine/ecs/render/components/VisualTransitionComponent.hpp","BF628EC3F3CB44DBE00CE0878D89753C7631ECADA76A26757E01C8F7D7D8324A"
"legacy/ecs/render/include/lux/engine/ecs/render/presentation/PrimaryViewPresentation.hpp","BADDCD9E1F09DD5D7E51D9870BAC0101723744098D16505917FC65FECEA96684"
"legacy/ecs/render/include/lux/engine/ecs/render/presentation/PrimaryViewPresentationSystem.hpp","ACB66805E75F65859BBA1D0BD572B3436E5DAD77C55AD8EE4B745B35EDD842D0"
"legacy/ecs/render/include/lux/engine/ecs/render/subsystems/2d/Camera2DUploadSubsystem.hpp","9AE750F98B0555B1589DE8A37460F3481E98520056AF61A07C60CB456FFF852F"
"legacy/ecs/render/include/lux/engine/ecs/render/subsystems/2d/Grid2DSubsystem.hpp","FF9342B673157B5B5C91582CA5DF74DDE9C1EFA53EC9336C1F1BB3A34C2EFFC9"
"legacy/ecs/render/include/lux/engine/ecs/render/subsystems/2d/Image2DSubsystem.hpp","4E2C0208FB864662644A87DD15E699ABF733F2F5955D2E66A6A1F4F6F9584ADD"
"legacy/ecs/render/include/lux/engine/ecs/render/subsystems/2d/TextureAtlas2D.hpp","89325EAA7FEA04C97D63638ADF22417BC08B99D14674165870922D39F91AB3D9"
"legacy/ecs/render/include/lux/engine/ecs/render/subsystems/3d/Camera3DUploadSubsystem.hpp","ED946B411CE22A78852EE5035F4C0BAACEC03307B13F17E2E7F80A26EB9A70C7"
"legacy/ecs/render/include/lux/engine/ecs/render/subsystems/3d/Grid3DSubsystem.hpp","330596232E177E7061C9A4390A814D581842691EDB9A47D67048705DBD162844"
"legacy/ecs/render/include/lux/engine/ecs/render/subsystems/3d/HeightFogSubsystem.hpp","0EE2ACCA20834E60AD1B739D88991D67F4ED9033495BB823032D09E1C1970803"
"legacy/ecs/render/include/lux/engine/ecs/render/subsystems/3d/LightSubsystems.hpp","0E48505C7BF7ED210581A7604760EC4FD4CD52ADE0D4630D8D1F2CB322237572"
"legacy/ecs/render/include/lux/engine/ecs/render/subsystems/3d/MeshSubsystems.hpp","B605B9E35F2861BD46F1727E6499EDDFBFE102544F5A22926489462EF4D1B500"
"legacy/ecs/render/include/lux/engine/ecs/render/subsystems/3d/SkyboxSubsystem.hpp","897F446D4DFA2AE4D25FD37923967A78528554B794230AA9E819CB42DD69C80E"
"legacy/ecs/render/include/lux/engine/ecs/render/subsystems/3d/SpatialCullSubsystem.hpp","35975472C4D2BEF846D8DF733BA4D9A887EB831804BD20365FFBCAC596F68A13"
"legacy/ecs/render/include/lux/engine/ecs/render/subsystems/3d/WaterSurfaceSubsystem.hpp","D6436DF98DFB5080D989F11BA41DFD59603251A2BCC76E266F2B3D0F8C535DE5"
"legacy/ecs/render/include/lux/engine/ecs/render/subsystems/DebugLineSubsystem.hpp","A289EFD1D681BB2BF21502614103A09919A3C62068C95931FD7DA8792D5B6F80"
"legacy/ecs/render/include/lux/engine/ecs/render/subsystems/FeatureParamSubsystem.hpp","22EB98A09B86C4159471EEB188F97D5B06D7425982D965826937DD5477D66C78"
"legacy/ecs/render/include/lux/engine/ecs/render/subsystems/MeshInstanceSubsystem.hpp","E0CC7BA9DC8BB815CCD15A7664883BFDC785C57DA66950D6BDAA2A81C5F5376E"
"legacy/ecs/render/include/lux/engine/ecs/render/subsystems/PooledSlotSubsystem.hpp","E97FE3E5194597D16A5CB83AFA2AEF30CC011E88086341446341E1E69B23AAD5"
"legacy/ecs/render/include/lux/engine/ecs/render/subsystems/ResidencySubsystem.hpp","7D901D1B638829C60B2D512C291C936901513D3FB0298F7994BC8D5B1749BC81"
"legacy/ecs/render/include/lux/engine/ecs/render/systems/2d/Camera2DSystem.hpp","F00ED88B8933CDCED03D67F5F331899690E5D51D929CE4E18F4DE2377EFF505A"
"legacy/ecs/render/include/lux/engine/ecs/render/systems/2d/PixelField2DSystem.hpp","86681B1FDE474CF5F86E5287538ABF4773ED7E5AC0DBE00042E11F4F7E76D09B"
"legacy/ecs/render/include/lux/engine/ecs/render/systems/2d/Tilemap2DSystem.hpp","4C8C6117C03285EC9010AE3ACEDBC5DD8C8B6891506845104B6E4B3D5781882E"
"legacy/ecs/render/include/lux/engine/ecs/render/systems/3d/Camera3DSystem.hpp","66270E4CF3E49DDCD079B5FE5DAB8E05A1B5BB0ECA5FE971B8FC33DA670B4A5D"
"legacy/ecs/render/include/lux/engine/ecs/render/systems/3d/ClassicMeshBatchRenderSystem.hpp","48DA49565C8F316380587D3BD5A0FFF75699D9B6146F09DE5F295D259975B2D9"
"legacy/ecs/render/include/lux/engine/ecs/render/systems/3d/TerrainTileRenderSystem.hpp","B64B56CE24EBCDF3405A04628429648ABF7F7589D9EE89AFD8730FEABE7FF042"
"legacy/ecs/render/include/lux/engine/ecs/render/systems/CameraViewSystem.hpp","286AA65A1064E2D7CC638C92C285B52B01302BE51AA1F4F12B192D66E475F113"
"legacy/ecs/render/include/lux/engine/ecs/render/systems/RenderSystem.hpp","A52A3C5445428DFCBA13FE3CDCD69D7FA1FFF5F5204EE406DC1A79DBED34E267"
"legacy/ecs/render/pinclude/lux/engine/ecs/render/detail/ClassicMeshBatchRenderPreparation.inl","FE623E07054F3BBBA7364E5849AB70A7FEB3D641A77C1A25BCD43222E8997739"
"legacy/ecs/render/pinclude/lux/engine/ecs/render/detail/SceneContentRenderContracts.hpp","A76CAE98F5698D5CF83D22521B22BB334B852E5FCD50B6761ECE62EC6DCEAE50"
"legacy/ecs/render/pinclude/lux/engine/ecs/render/subsystems/2d/SparseCanvasAtlasCache.hpp","68AB1943CA24C4635421A15B1D4487AC449BEE701E902700AF6FD6BAE920F599"
"legacy/ecs/render/pinclude/lux/engine/ecs/render/subsystems/2d/SparseCanvasSpatial.hpp","11A6B0455E80E2FD1B081F9CD9FF7291F6FFB3163ECFBE2162ED4C2A27EB6A91"
"legacy/ecs/render/pinclude/lux/engine/ecs/render/systems/2d/PixelField2DSystemImplementation.hpp","ECF7A76883E4A14CAF0B8CA848D4F02449AFE0E4831E54DE2A269218D7831D05"
"legacy/ecs/render/pinclude/lux/engine/ecs/render/systems/2d/Tilemap2DSystemImplementation.hpp","58B90131C06083E1F2ABBA5FE1C2A5C3EDB00EEC14942FFD6221C93F45770BFB"
"legacy/ecs/render/src/CameraViewSystem.cpp","AEDBD1E15EFEFC64A6508DE4D1ACDD8270D75916CC916F5DD71E727E18E68B6D"
"legacy/ecs/render/src/ClassicMeshBatchRenderSystem.cpp","6DD0FBFDA9317107636226FA36AC8D1F7141229C7FBF89D1194A96B6A0450823"
"legacy/ecs/render/src/PixelField2DSystem.cpp","A94C0EB538E361F785753B2724CFB1109790AE7D8CDCB4E64772816073DFC705"
"legacy/ecs/render/src/RenderBridgeDiagnostics.cpp","899D08480FC30C283D50334537C4435118CE23CC14D738EBD4F125B94A8F5444"
"legacy/ecs/render/src/RenderSystem.cpp","6152AD4B9A31A4390F9BCA19FFBA2C1492E2CADD3BAB15EDAD4AC4C009A7AA55"
"legacy/ecs/render/src/SceneRenderBinding.cpp","BE86FF3D0FD53D368528A09CFFAFF0B1CBC6F07C2FEDAAC6F98DBA5288440187"
"legacy/ecs/render/src/TerrainTileRenderSystem.cpp","872444860032A97AF8354D361E398E8ECD3C5B4D3C1AF2D2EC86B4D21B30E003"
"legacy/ecs/render/src/Tilemap2DSystem.cpp","5B20097BB989CE8F6DAC946594C7376F0F031111419034D28541B6F3814A67ED"
"legacy/ecs/render/src/meta_sidecar_anchor.cpp","93C4466EE7E8FEE522546ECA2E97E0AC57B73B217A372012D1F88F24A399627A"
"legacy/ecs/scene_format/CMakeLists.txt","C91E60CBDA006F8EC2502C656C0F48844CB5EBD6063215706199AC89940FDC02"
"legacy/ecs/scene_format/include/lux/engine/ecs/scene_format/EntitySection.hpp","EF9A641A884DCE5601F8BDF53A5F4BB3E7BADCCE770047D353412E40C400CC92"
"legacy/ecs/scene_format/include/lux/engine/ecs/scene_format/EntitySectionCodec.hpp","7099DBA727E313B811C14E90550F4BBA9FB4CAA7DAD4C81730C94C238636EDA0"
"legacy/ecs/scene_format/include/lux/engine/ecs/scene_format/Identifiers.hpp","3BC699A85B0D0A45445AB0FDB7BAC5732E510C3F5EA6F8619B4E4DAD5E4B0A7B"
"legacy/ecs/scene_format/include/lux/engine/ecs/scene_format/PersistenceJournal.hpp","F9395E7AA5533C4171F915518AAED67689EC878D392E82C39A6CDD742CD0C3AE"
"legacy/ecs/scene_format/include/lux/engine/ecs/scene_format/SceneSectionManifest.hpp","C20C6854A471294F0BF0BD2C287E268D8B41BACAE55F4F78ED8BF6B1EC6B75D4"
"legacy/ecs/scene_format/spatial3d/CMakeLists.txt","40E566D29981D2DBC8E8865191471C07743C0EA7FF595889EDADCFFD4EBD15DB"
"legacy/ecs/scene_format/spatial3d/include/lux/engine/ecs/scene_format/spatial3d/SceneCatalog.hpp","03CA4AE369485CF52E48D94DAF15808B2789E8D8CAA94952D52EAAAEADCAABD3"
"legacy/ecs/scene_format/spatial3d/src/SceneCatalog.cpp","C1A202E093F5CB21A996896FBFFBF14382CB94B3D7B75D29850D20F3B378E063"
"legacy/ecs/scene_format/src/EntitySectionCodec.cpp","49525C9B223EF86F302D626C8AE759B33602BDD4F52F098D3B54DB55CB64F997"
"legacy/ecs/scene_format/src/EntitySectionCodecCommon.hpp","C91E0CA069D15CB140B3178B4EF10480125C3C992AD40DAC1DAEA82D333BEE66"
"legacy/ecs/scene_format/src/EntitySectionValidation.cpp","72684CDD260518BBD6501F2B445BFD673A65F7868DAF6C4A72607BA3583090C5"
"legacy/ecs/scene_format/src/PersistenceJournal.cpp","AEB14FDCA0867A3557AD94CB4F7E2375BCA1E138EDF0669494FF9E4551653C56"
"legacy/ecs/script/CMakeLists.txt","9B0BEE4F77B950ED6B54B08C24FE9CD8ED6A884C83CFE23B55514B888FDDBBEE"
"legacy/ecs/script/include/lux/engine/ecs/script/backends/LuaScriptBackend.hpp","47601C43377B28F6DD5BD392DEEADB4DC82E04C36712AC9ACC66DE65252301D8"
"legacy/ecs/script/include/lux/engine/ecs/script/backends/NativeModuleScriptBackend.hpp","68653280046722A2FDE31B34FC3F649A6854EFF93217E13532BC86FF83B1AD68"
"legacy/ecs/script/include/lux/engine/ecs/script/components/ScriptComponent.hpp","9CEBBE52FB32944B8E8BD122F2DA085B05CDBE347D58C04DDEFB8944A97C6315"
"legacy/ecs/script/include/lux/engine/ecs/script/systems/ScriptAssetRequestSystem.hpp","875A60EBABDF9DE77CD0FDEC4D93E648EE946E9DB61B678EF24A9AEE3D1866CC"
"legacy/ecs/script/include/lux/engine/ecs/script/systems/ScriptBehavior.hpp","4E101339A440368642F8385CDAD48D2F3EF0CD1E0429681529B56ACC0A934AC8"
"legacy/ecs/script/include/lux/engine/ecs/script/systems/ScriptEventRegistry.hpp","C23FBB690F95B94EF83077F9EFA938288E2546196C727BC412392255A4E131A5"
"legacy/ecs/script/include/lux/engine/ecs/script/systems/ScriptRegistry.hpp","65686259ED48D283EF7AE9F67F6C43DF43AC2A96ED681F9D60787650A611031C"
"legacy/ecs/script/include/lux/engine/ecs/script/systems/ScriptSystem.hpp","961101494999734AC953596DDCC652726F626FA8D2386287BAA3E1AB9E828B8B"
"legacy/ecs/script/pinclude/lux/engine/ecs/script/detail/DirectDispatch.hpp","5B8DD7C2BEF4B54BFCBF7F06E91F7F832AF2AE6F537E69D98EE267AFE3B2698F"
"legacy/ecs/script/src/ScriptAssetRequestSystem.cpp","F42ECC06EC218B5E903FBAE7F1E39B79075AA55C7EE005D85F31A5D269DE2AB4"
"legacy/ecs/script/src/ScriptEventRegistry.cpp","488EC0531BA52C36B9B130F5F084EA473A10BA88C04B68AC20501D3580A9AE2E"
"legacy/ecs/script/src/ScriptRegistry.cpp","DA3B329DF0C692AFC19666B2AD7A966909449549CC09B153754B5C6EAFC2285A"
"legacy/ecs/script/src/ScriptSystem.cpp","472B6FEC92B2C337F99FF69E83309F92A1E26426BA4FA54FA6F379BD392A2EA6"
"legacy/ecs/script/src/backends/LuaScriptBackend.cpp","61F7D14502A32719C2E16F7AFF99AFAB258BF9C508F49901EE6F1D04A5E3EEC3"
"legacy/ecs/script/src/backends/NativeModuleScriptBackend.cpp","9814B50A60CD8207B55E8F72C884C98D83ECEF8EC28433F915712912A848CCA2"
"legacy/ecs/script/src/meta_sidecar_anchor.cpp","20C01BA2C2E6D4E14A40FD5C93CA2F32C6E9E93E9F249075F845E7D045C92014"
"legacy/ecs/serialization/CMakeLists.txt","F9138C9C16A2271E5DBCA93D1901A87527C53FD25D140F53A1212D6AE54D6091"
"legacy/ecs/serialization/include/lux/engine/ecs/serialization/TaggedPropertyArchive.hpp","88227C9834535611E4A499B295EF4D118E0379C016C8E6FF5B1FC174E7AC2DF9"
"legacy/ecs/serialization/src/TaggedPropertyArchive.cpp","7E5AA75D84BCA78830D0D5DAFFFC32E43C1334B583062BD2F9D0F445D0AC63F1"
"legacy/ecs/spatial2d/CMakeLists.txt","1302B0D7B64E6768172B6CEA640CF5CCBC96A0AC3FA2027DF6E00EE850B4BF10"
"legacy/ecs/spatial2d/include/lux/engine/ecs/spatial2d/components/SpatialInterest2DComponent.hpp","E6FA305BF728A247DB19410CCC661BC71B8282911A34439989CBD32534B93B8A"
"legacy/ecs/spatial2d/src/meta_sidecar_anchor.cpp","C7E337D4AAA53C3675730A896291CCD588BFD1BC37E2F81B8C606254ADFB094F"
"legacy/ecs/spatial2d/streaming/CMakeLists.txt","D478342BFC6B5061E98BE56B0A511CE66A1E22E5857B2ECFB8206B07DB43D4AA"
"legacy/ecs/spatial2d/streaming/include/lux/engine/ecs/spatial2d/streaming/Spatial2DSectionIndex.hpp","1569E295B222D657CA3CE8A8A75E60007AE6EE71AD02227DECC40C5E9F58A7C0"
"legacy/ecs/spatial2d/streaming/include/lux/engine/ecs/spatial2d/streaming/SpatialInterest2DSystem.hpp","AC19B227DC1BEFA3AB261D1D6855D8F30062A03C0A62236A5979453DF45DEED8"
"legacy/ecs/spatial2d/streaming/src/Spatial2DSectionIndex.cpp","F1954DCF8BA0607AABB512966D6A680592209F37CC3A5272AB5E9BAD84E3AE99"
"legacy/ecs/spatial2d/streaming/src/SpatialInterest2DSystem.cpp","94E4FB83A4A25E302002B38C6A8DE69816234E826203DA1A148307A695D72AC1"
"legacy/ecs/spatial3d/CMakeLists.txt","72906AB6D8C324712732216446E930078123FC1B27F0FBB702D9E40E6C4794A8"
"legacy/ecs/spatial3d/include/lux/engine/ecs/spatial3d/components/SpatialInterest3DComponent.hpp","C0814B81D045ADC2B8122AEA0320F992F068E556AC5E420EC64170716B12AD0D"
"legacy/ecs/spatial3d/src/meta_sidecar_anchor.cpp","7B9EC7891378B795BEEDAD59A081F5B28EF818A017A243F80ECE57F97AD42D8E"
"legacy/ecs/spatial3d/streaming/CMakeLists.txt","246E01920B1AD3E5281ACB7C218C434946EE5C4A4786B968EE966DB6F0E6A1C1"
"legacy/ecs/spatial3d/streaming/include/lux/engine/ecs/spatial3d/streaming/Spatial3DSectionSource.hpp","69E2FBCF940ACA578CA221C0C3CE995F0FB0B3FE897A0AF8990A4D62D6E0E979"
"legacy/ecs/spatial3d/streaming/include/lux/engine/ecs/spatial3d/streaming/Spatial3DStreamingPolicy.hpp","EC58C11723E26825318F5884835790DF022FBBF8ACFB43AEBD9677539CFA13C8"
"legacy/ecs/spatial3d/streaming/include/lux/engine/ecs/spatial3d/streaming/SpatialInterest3DSystem.hpp","902B4C2A04F284A58CAD684D464B43D8D322247195983F202D3EEDA00C21CDF0"
"legacy/ecs/spatial3d/streaming/src/Spatial3DSectionSource.cpp","9846A76EB97548DB0624D40B6BF61FE81A3AB36C7576AACB0647088DB39580DD"
"legacy/ecs/spatial3d/streaming/src/SpatialInterest3DSystem.cpp","CF0A23E727C6CE5B24AD7B057C727548108B812E4B361893829081C532ECD29B"
"legacy/ecs/terrain/CMakeLists.txt","3D9AAA481BB1115418DB1A074E078BC0BA397E42D987ED35D9B0AB31DBC02DAF"
"legacy/ecs/terrain/include/lux/engine/ecs/terrain/TerrainTile.hpp","C77E5724B5B51D91EB406CFC81B15B7DB1494F5074E2A892599F25D887F1E461"
"legacy/ecs/terrain/include/lux/engine/ecs/terrain/TerrainTileCodec.hpp","196913A500D50087AA3E15703EEFF5A4399902D79676D2D74D841B7B7D81CAC3"
"legacy/ecs/terrain/include/lux/engine/ecs/terrain/components/TerrainLodNodeComponent.hpp","F3A9F438E9109FBB824FC851F2058B30116508F65887FEEA5CA011EE42566460"
"legacy/ecs/terrain/include/lux/engine/ecs/terrain/components/TerrainTileComponent.hpp","7556F95575C82CDA3C270325A28AB2A75346CB58CF984CA1FF5A9FE8E18D8DEB"
"legacy/ecs/terrain/src/TerrainTileCodec.cpp","55E48A716D927BC180CB84AD90221DCCCADB0E33B50425486D0857C86D3F3D77"
"legacy/ecs/terrain/src/meta_sidecar_anchor.cpp","C21A370B882FD2CBDF4B9A4BCFB3E30E3992BA43877D2A2AB1F002A0CA81291E"
"legacy/ecs/tilemap/CMakeLists.txt","645BB957A1C68551D48213FC884CE3AF51369446A698B46CB8ED7100F6403148"
"legacy/ecs/tilemap/include/lux/engine/ecs/tilemap/TilemapChunk.hpp","9ACF3438F2CD061F471717680B061F681AFB8A8803AFB8C676A0618CE89FC728"
"legacy/ecs/tilemap/include/lux/engine/ecs/tilemap/TilemapChunkCodec.hpp","A3D58D33EB3766A9BFC8C80BA72A316D8E00A811999D50406EF76A11404231B7"
"legacy/ecs/tilemap/include/lux/engine/ecs/tilemap/TilemapId.hpp","2905BAAF4C06208FCA4AD099DA9EE5050FD1CBB672A56DF99506AD8EC2C98E96"
"legacy/ecs/tilemap/include/lux/engine/ecs/tilemap/TilemapTypes.hpp","895980FA288720DCDB180EC7C787DF6999240054359FC3AEDEE4ED5FF8AC281E"
"legacy/ecs/tilemap/include/lux/engine/ecs/tilemap/components/TileChunk2DComponent.hpp","F31ECB29C3C9F0C9A2E7513E270F4E379C11DA7070078F230FDE92CF1B4DAF22"
"legacy/ecs/tilemap/include/lux/engine/ecs/tilemap/components/TilemapComponent.hpp","5A394650417CACDF35504B064561D1C6083712C30645674815DC8F8D7300C6FA"
"legacy/ecs/tilemap/include/lux/engine/ecs/tilemap/systems/TilemapRuntime.hpp","FC8B0E97107054CCEB0A0EFE5EBBF73E03E0C563F012A57FD84218943D4101A9"
"legacy/ecs/tilemap/include/lux/engine/ecs/tilemap/systems/TilemapSystem.hpp","17FB6EDC513C2888EC59A8C742C7A177997ED7ACCC13B249F166899DFC8BBA4A"
"legacy/ecs/tilemap/sinclude/lux/engine/ecs/tilemap/components/TilemapBindingComponent.hpp","0ED18C4F74D57C3B3CE6698BAEA655178CC9DACC37D45F23B30BEC2AF6AEFD80"
"legacy/ecs/tilemap/src/TilemapChunkCodec.cpp","BAE2FE01A33F7A967ECF7DBAC7AC42800E000DAED9DF01F0ED8B352942D2D209"
"legacy/ecs/tilemap/src/TilemapRuntime.cpp","76135714C54AEA0CAAF2EC68729AAFE99F80AD40F7813F75E3878677A9C5DCFB"
"legacy/ecs/tilemap/src/TilemapSystem.cpp","47123E3EAA345B6EB330B2F8FBA9FFEAE623E0823CFC7EC78F9C55707D3AE223"
"legacy/ecs/tilemap/src/meta_sidecar_anchor.cpp","EC34C25F33DC9F371D7098F82AC1794172B3B7660219E86E31A4361412284D06"
"legacy/ecs/tilemap/streaming/CMakeLists.txt","269F1095BF1669D226C126C5754B6F4EAD268D057C73C4EECD6A509B39E66E5A"
"legacy/ecs/tilemap/streaming/include/lux/engine/ecs/tilemap/streaming/TilemapChunkSystem.hpp","CE6360D748774787A729B181506A20B794B4CC23802666E1458F0AEBC2216811"
"legacy/ecs/tilemap/streaming/include/lux/engine/ecs/tilemap/streaming/TilemapPreparePort.hpp","5706744703AE6C51FE52C1804A06029405035B810B0F1D6A22E4F5252C778903"
"legacy/ecs/tilemap/streaming/src/TilemapChunkBindingComponent.hpp","5D893CA38EDB83B0326E8E8FC04A3528653A7106DA6540DECD86CFC70925A0F5"
"legacy/ecs/tilemap/streaming/src/TilemapChunkSystem.cpp","1D4FF2548B4B69F5AA20AF14551B6D1B071E89D751B47DA429D207BBC763218D"
"legacy/ecs/transform/CMakeLists.txt","1911FAF4C62560BFEB2BC12118D9EADDD4C96394B89A34E237443B862AF1D931"
"legacy/ecs/transform/include/lux/engine/ecs/transform/InstallTransformSystems.hpp","B92EDD1610DC22C9A57A7F898DFA5BDAB3E22DFF3E513023321E7C3AD9C10725"
"legacy/ecs/transform/include/lux/engine/ecs/transform/systems/Transform2DSystem.hpp","35837942A6CB54F3E6753478E9D29ABA6AD067B3449079CB16A3BDF8E2226BF2"
"legacy/ecs/transform/include/lux/engine/ecs/transform/systems/Transform3DSystem.hpp","34C69024B3E6160C580A41E3C8B27B5ED6077DB2EEFEADE70A15FDB1C4D9AF36"
"legacy/engine/CMakeLists.txt","7F1F1AD65FF2F645B4BEA6A48958316EF5F44B88B48DFF1897BC4764777398A6"
"legacy/engine/authoring/CMakeLists.txt","1D37B445A151477A538FF0D041A1936B17C36992B72A300A59E48405683A1C6B"
"legacy/engine/authoring/assets/CMakeLists.txt","55A123A31B3D89B91C971E3F52D61BD5F2B47B2582967A1046B8A4F1F6348A9A"
"legacy/engine/authoring/assets/include/lux/engine/authoring/assets/FlowGraphAsset.hpp","B23ED768115606CF77276032EE58BB436AF4EBB99D607FEBB081C180754E77EE"
"legacy/engine/authoring/assets/include/lux/engine/authoring/assets/FlowGraphSerDeser.hpp","42C51EF6C229CF4C2898DD4B0B0EF92F209412C1403686F05CAF04E4E96AF7C0"
"legacy/engine/authoring/assets/include/lux/engine/authoring/assets/LooseAssetProvider.hpp","0EB80A4876A696F357969B54F0D2439F1CADA5F40ED79A7E52213075E271C795"
"legacy/engine/authoring/assets/include/lux/engine/authoring/assets/MaterialGraphDocument.hpp","3F572543D8CCDD649A98C485F3689D33285AA45F801F93C977930F8C7433CB2C"
"legacy/engine/authoring/assets/include/lux/engine/authoring/assets/material/DataPin.hpp","7B10B78D5327018D2302CE2B1574F7BAB3061BA0C23003D1E6FA41E866F20707"
"legacy/engine/authoring/assets/include/lux/engine/authoring/assets/material/MaterialGraph.hpp","0483E709B3A0A7B30E9DA8CBBDCF8FDC4184CA04DA6656F9C8D31689DEA0952C"
"legacy/engine/authoring/assets/include/lux/engine/authoring/assets/material/Node.hpp","8B9EAEFAE252D047005CACBECD4142F9FBA570FA3EBE374C69C2CD099AF8E8E4"
"legacy/engine/authoring/assets/include/lux/engine/authoring/assets/material/Nodes.hpp","9152573C61A8C30386CF9BE71B9DD68F81692AB5B6202A707550B30C286C35E7"
"legacy/engine/authoring/assets/pinclude/lux/engine/authoring/assets/FlowGraphCodec.hpp","727BD6F93A7AA0D56FF4C4AEC09EB4BA10B8948D0446E84004964E2E2FB3365A"
"legacy/engine/authoring/assets/pinclude/lux/engine/authoring/assets/MaterialAuthoringCodec.hpp","46C1B6E26F475C945FDFDE4E224D5BE26A14934135A48E8DC5EB31D60D87459A"
"legacy/engine/authoring/assets/pinclude/lux/engine/authoring/assets/MaterialGraphCodec.hpp","0E084F46860FF41E5E621703176D8859CB04C1B9AB287389BC5EC4CEC3A28ACB"
"legacy/engine/authoring/assets/src/FlowGraphCodec.cpp","DCC172B8B31AEF962C669146563C11F2B2954E83045646AF0697C50483F3517E"
"legacy/engine/authoring/assets/src/FlowGraphSerDeser.cpp","BE08CADFCF715C88D91FDCD1EA90C64DDDEB043ADEEAFF67AABC1858214FFE4F"
"legacy/engine/authoring/assets/src/LooseAssetProvider.cpp","C7A1B0857600CF5B06D6D5CA281F4D32F79ECE6DE3C18C1C76B62A151D40EBA3"
"legacy/engine/authoring/assets/src/MaterialAuthoringCodec.cpp","C02B79A7404147D085E8C09532E4E475A93B2E68CCA59CFA749831D9230AFE75"
"legacy/engine/authoring/assets/src/MaterialGraphCodec.cpp","3E4E3270950E7D1B460BE542FD441316A8E9EECF3623FA5BE97AE2C1C82F880B"
"legacy/engine/authoring/assets/src/MaterialGraphDocument.cpp","39A9620A1470A7A5698F099AD614C11999E552839ECFEF909261F0FA72C1F583"
"legacy/engine/authoring/assets/src/material/MaterialGraph.cpp","A1A6300B6099EA264334F2352BD848AE5BD256115E34ADE7EDA6F0D0B99C1F2E"
"legacy/engine/authoring/assets/src/material/Node.cpp","AE0F227CB44E492737CFE5F815F6924D9D85858C1D6C9F34D8AF4C7CCD9034E1"
"legacy/engine/authoring/project/CMakeLists.txt","B97A52A286B6E3E41FD109CC00A6F71B7E852F1D94ECD902922AAAEC86F9999B"
"legacy/engine/authoring/project/include/lux/engine/authoring/project/Project.hpp","99640C35800C984D8DCBBA194007DBA2CF3716659A2006688C116516F409E7E5"
"legacy/engine/authoring/project/include/lux/engine/authoring/project/ProjectManifest.hpp","77207D26B78D50E3BFE885ED80537C8F1249A147D0112113469D03EEB0AAF0D9"
"legacy/engine/authoring/project/include/lux/engine/authoring/project/RecentProjects.hpp","0049965EAE2391D9192480371A3C93E9244A72402C8E5E730868509D94B4D720"
"legacy/engine/authoring/project/src/Project.cpp","7C7470660483CB6483DF5866FE7F1101E44DEA9A226BB407DB4CD46FEED11726"
"legacy/engine/authoring/project/src/ProjectManifest.cpp","58725F7C0379E08E45CCDC8D9977C93F98D1F21A9F789E6A66A7FF4D2BDC7622"
"legacy/engine/authoring/project/src/RecentProjects.cpp","E829FA1AD34C8AD6E7570C6F9FA8F9C4A5755DBD9F47522F9AA22A71DDD8B25A"
"legacy/engine/authoring/world/CMakeLists.txt","FBEF3149D720B390A719432AD3E73283635CBE821EEDD95C3F1F2470A07853F0"
"legacy/engine/authoring/world/include/lux/engine/authoring/world/WorldAuthoringTransaction.hpp","552A248EEB8075D657139E3020B9D7780E58CCD3ED5FCDD43D2AE4077017D932"
"legacy/engine/authoring/world/include/lux/engine/authoring/world/WorldDescriptorIndex.hpp","066166B0291157FDF2B956126A620251D05167548C5D2AD52A0145F1EA523F4C"
"legacy/engine/authoring/world/include/lux/engine/authoring/world/WorldIdentifiers.hpp","0B9D20BCF6F84D0EDE15E34A07A189A4BEB9846A05E837FA6174A3CBADC91876"
"legacy/engine/authoring/world/include/lux/engine/authoring/world/WorldPartition.hpp","22AADA9E323BB94DA8025029FE9FF44CCC70FA93FFC04F740F4B0B0DCB9D29E8"
"legacy/engine/authoring/world/include/lux/engine/authoring/world/WorldSource.hpp","8DA87031835C68D0F289EEF4FD8DB206D74A2B643C88DCD8CB313441EC2E0EF1"
"legacy/engine/authoring/world/include/lux/engine/authoring/world/WorldSourceCodec.hpp","82BFD3FF3D85A4BD57C6A22DC32C2DB596EEF971D5EAF52C2814CFAED9E6AE86"
"legacy/engine/authoring/world/include/lux/engine/authoring/world/WorldTerrainAuthoring.hpp","1A6281462D441586A53C9B45FA421F25150C09BBE76C4CBFC7B5B48327130CA1"
"legacy/engine/authoring/world/src/WorldAuthoringTransaction.cpp","9307E1A9EF42B121ED4AA517F752CEF7B8BA5243C1255AD8AE37E730317B9D05"
"legacy/engine/authoring/world/src/WorldDescriptorIndex.cpp","95A2B2EF8C36BBC63E1E81910D0534E4F89DB22256F560217274B708497D4E0E"
"legacy/engine/authoring/world/src/WorldIdentifiers.cpp","4DF397FE319E4C9C7B0F950B7585FE1132DEAEAB8562405F974E872E71C4049D"
"legacy/engine/authoring/world/src/WorldPartition.cpp","1F64509A3CA7AF299713CE22267C528B8A0B1BC921DBE3D40CAB7A1BA1A7E872"
"legacy/engine/authoring/world/src/WorldSourceCodec.ActorInstance.inl","DA3ED86440E21C223541D89ACA09813DB515115BA1B7DC6D1DA4DFABA8285FF3"
"legacy/engine/authoring/world/src/WorldSourceCodec.DomainPages.inl","722BFD79B17C9D6DAF1B121F4423DF25E980542FD53C976D1572856E93144662"
"legacy/engine/authoring/world/src/WorldSourceCodec.Manifest.inl","B629B14790C0B5C49B12666E97380007FEBF5C51612F1DAAA88315266AE61968"
"legacy/engine/authoring/world/src/WorldSourceCodec.Storage.inl","741F9E3EE8F11045FDF2A7CA2A9274D1E30DDEB76DB853A9C627AFA6213A525D"
"legacy/engine/authoring/world/src/WorldSourceCodec.cpp","3723EC618968484172CF1F2A651393674D04C9EE5C40E7BAA6BBECC50DB71CEC"
"legacy/engine/authoring/world/src/WorldTerrainAuthoring.cpp","B86066387AB1CF5801DD9BD4AED1E834FCBDBB8BDF587999D47341CF8E9266A6"
"legacy/engine/content/CMakeLists.txt","2F8E5F0B5914152258C0C75988EB867A1C14EE7C3906195FAFB3A5335F4E8944"
"legacy/engine/content/include/lux/engine/content/BuiltinAssetIds.hpp","09FE154AE87C056193C0610B8A8AF8AD6281101F5D32C0AD4A43577E5BEC6CA2"
"legacy/engine/content/src/BuiltinAssetIds.cpp","557FEFA2AAC4869201C9963AF57D477170474B5B271A433A6D4A228558410959"
"legacy/engine/editor/CMakeLists.txt","7B7686E7DA8D5C71D7E9AEA8B8178C241A0209C8D88E284EC034225A406BAF78"
"legacy/engine/editor/framework/native_dialog/CMakeLists.txt","B7E0AA0B01A5813EA02773052532EAEECA6E3667897A02CA5ADE04B43EBFAF3D"
"legacy/engine/editor/framework/native_dialog/LICENSE","CC8F6D4F2E9A7E966D049555EDB8180E67549FB13D9119D96CDCCE62C314E43C"
"legacy/engine/editor/framework/native_dialog/README.md","8F4B2E3097DF9C798347DED53B71467E6585C7AC23C60C111A3C512D45F7C37B"
"legacy/engine/editor/framework/native_dialog/VENDORING.md","1F16DF0E02A887171FFCAA8856F231A61133B24F567A295C84579BD704CD7417"
"legacy/engine/editor/framework/native_dialog/src/CMakeLists.txt","DCDE80A9AF463A47E8C1FB5BED5C4E002F54B649B5EBE27352D39C0F63043EA9"
"legacy/engine/editor/framework/native_dialog/src/include/nfd.h","6FACCE8465CAC1D668ED88DA5A255A6C446831E695D9B3F098E8C2AA5C722BC7"
"legacy/engine/editor/framework/native_dialog/src/include/nfd.hpp","4E2CC2FAE52C057AC63C5160F5A4DEC3A5C4B1E9CC3BAB8EE13BF5E2A30F81B7"
"legacy/engine/editor/framework/native_dialog/src/include/nfd_glfw3.h","7E2694FEA262F423BBEF3637FABBFF83DF9922348A4E631442E5F24679F79539"
"legacy/engine/editor/framework/native_dialog/src/include/nfd_sdl2.h","C60862CD7FC8173B9BD229B3C065A10CBEAB584451104C38BE0FD6A4B982DAF8"
"legacy/engine/editor/framework/native_dialog/src/nfd_cocoa.m","B1598AFB6902A155EAA679C9F1961F99A1EB2241836E01CFA5C14D0361913189"
"legacy/engine/editor/framework/native_dialog/src/nfd_gtk.cpp","4CDDA8045853FBB74A3DE0EE005E56D40BBFD0A7587B13086BC8EB74D4EC0AC7"
"legacy/engine/editor/framework/native_dialog/src/nfd_portal.cpp","27E772F958AACB721A8DAC16083BBC82CB5220313FF78F5C074AA6B9975512CB"
"legacy/engine/editor/framework/native_dialog/src/nfd_win.cpp","A2A3706DC0D536A9C6FEDA603F820FC5FECF02E13A65EE697E7CF5A67C8D118A"
"legacy/engine/editor/include/lux/engine/editor/AssetRegistry.hpp","6BA1C7C657DBADB0C4D5B9B884D7DAE0D95DA4A6505813993B74CAF5385ECB36"
"legacy/engine/editor/include/lux/engine/editor/PanelId.hpp","B5B9D7C4B3ED9BAC2342CA318270CD2AA93A60D88C85E691B67A28B4694A7098"
"legacy/engine/editor/include/lux/engine/editor/app/EditorActions.hpp","6FE47E06A4F1D170EDA97628E956306D82EC51CE5FA4AF2FAC5CF3D1FEB90107"
"legacy/engine/editor/include/lux/engine/editor/app/EditorEvents.hpp","994E79094FDDC6E0F98800B91CC56EEEE05D1B63183BA4BAFB037A9AB9D8B2DA"
"legacy/engine/editor/include/lux/engine/editor/app/FileDialog.hpp","C2C3A4EB524C382BFA5634C61F54C3F1570534CE94371B6E8E5FFB6C2E4EAFE3"
"legacy/engine/editor/include/lux/engine/editor/app/LuxEditor.hpp","22CD3629E710C9880AE92D667497C6425C9440AD04404CD8B59D35929BA46BC9"
"legacy/engine/editor/include/lux/engine/editor/app/Selection.hpp","047E87AAD1007458E2405F775ED283DBC861A9B94D13CC403A18D3939886792B"
"legacy/engine/editor/include/lux/engine/editor/app/SpawnRegistry.hpp","6EE703A88967F8FEF81A74FF6D15482161DCBD80FAB47B5E9FD3809CD46DCF1F"
"legacy/engine/editor/include/lux/engine/editor/content/EditorBuiltins.hpp","C151E637F5CB43CAF643A1B9230DE57BF220EB2C3AFA2C4872232BE73CA1251B"
"legacy/engine/editor/include/lux/engine/editor/content/EngineContentPath.hpp.in","437331D2EAE9A3FE22867286B23923A4A809E494702D13132C9E283829674CF4"
"legacy/engine/editor/include/lux/engine/editor/content/ModelMaterialResolve.hpp","7517E4198D4B62BD2C9FE4ACFE0B88F392A7D10ED460AEBF1EB655BE9671CEE1"
"legacy/engine/editor/include/lux/engine/editor/content/RenderShadersPath.hpp.in","1239429A618008F79666C5E5579E26204499BB8013B270BB8642F962D55CB891"
"legacy/engine/editor/include/lux/engine/editor/extensions/EditorPanelExtension.hpp","130B6CA1EC93359C046044524945C899E96BB751FE20FA474FBF153237B545F1"
"legacy/engine/editor/include/lux/engine/editor/extensions/EditorPanels.hpp","E9F32B09DA19381A6A4DB9BAAC89FAB207E32576A4F4D0FBEB50596C1853C19C"
"legacy/engine/editor/include/lux/engine/editor/import/AssetImporter.hpp","9A1EC7DF5192EA44F7DBB897EFAAC8410068809BB2BC006E78427998DDE13088"
"legacy/engine/editor/include/lux/engine/editor/panels/AssetBrowser.hpp","459FCA4C7E82C302C89467026F3D04CF7D6DD194D6A33224F21FF4ACF97D2208"
"legacy/engine/editor/include/lux/engine/editor/panels/AssetTypeRegistry.hpp","035FD3397F1AC40EF21971CD3684297704C7ED4A4E81F29DBAB8461A225459C6"
"legacy/engine/editor/include/lux/engine/editor/panels/ConstantEditor.hpp","45AD489EDAC24AF238C55770CC807BBA6C8972ED79B49F5E5BAB44F1BF33A5D9"
"legacy/engine/editor/include/lux/engine/editor/panels/ExtensionMonitorPanel.hpp","C0170FBDB32AA1192CDCE77C10934730D04666E61563B90079E3AB70944C4AFE"
"legacy/engine/editor/include/lux/engine/editor/panels/HierarchyPanel.hpp","390037156526D1F82C2FFCE3CF6F8D8ED737108D8E8A365913C0E3CF5C0AC8BE"
"legacy/engine/editor/include/lux/engine/editor/panels/InspectorPanel.hpp","4B9329D427A6DAA15C8AAD169DA452E331900CEC0BDAFAB9178F42B2EBA972B8"
"legacy/engine/editor/include/lux/engine/editor/panels/LuaConsole.hpp","A9904F6713A38574704713EA79C272C8165E067463F1DC43623C9918AB1F7885"
"legacy/engine/editor/include/lux/engine/editor/panels/SceneSettingsPanel.hpp","919B732531E4B59BE7A746B5A14ED6ADE3F4BB5C2F97C9BF8E6EFD9554F8EAD2"
"legacy/engine/editor/include/lux/engine/editor/panels/ToastQueue.hpp","2200D7F2FF4005C0274F67B6A87013BC73559C3F8AA928FB1A7164C140AE3B9F"
"legacy/engine/editor/include/lux/engine/editor/scene/DemoSceneTemplate.hpp","B32219ADF68D4EA454A4394FCB481DF158BE843226483E1212EBBEBF40CACE3B"
"legacy/engine/editor/include/lux/engine/editor/scene/EditorScene.hpp","1E14541C36F35894DB5309BF258CA4DC20AD2DB12D34AF44F04B71FE5D27822F"
"legacy/engine/editor/include/lux/engine/editor/scene/EditorTransient.hpp","66324E09B1EBBA685B025AEEBD1D6EF96FD9C3D52CBA048DA7800FD233BE3D67"
"legacy/engine/editor/include/lux/engine/editor/scene/InstanceSpawnClient.hpp","0B2162556837EDC32CE86B98846BD5B28AD8C2E4178A1578AE286DA4C7F9F988"
"legacy/engine/editor/include/lux/engine/editor/scene/WorldActorEcsConversion.hpp","8EC8C8CE340056780D5AACBD931D9562C0BC73C8A207B8E80F05F27976CDA1DB"
"legacy/engine/editor/include/lux/engine/editor/scene/controllers/EditorCamera2DController.hpp","BA7E73A23BE6329501A291EEA211CADA4E270F7B7BEAE118D83AFBB893B09957"
"legacy/engine/editor/include/lux/engine/editor/scene/controllers/EditorCamera3DController.hpp","B180B6F8A27E685C7A82226A3660482B9C7945E60BCCCB90CB6543B7C2C0C191"
"legacy/engine/editor/include/lux/engine/editor/scene/systems/CameraSceneSystem.hpp","9BC3782D5491F0DB1E7BDB97ED448C1D05FF95FDB9DA46677F5D52E232502AC3"
"legacy/engine/editor/include/lux/engine/editor/scene/systems/SelectionSceneSystem.hpp","90CEC37F1D636960B6FF0BCEB2A367F0B0869B5C3AA12E0B52D00FA08F55A3F3"
"legacy/engine/editor/include/lux/engine/editor/thumbnail/ImageCodec.hpp","607010457076158A8BB0BA18AE2E09E0FDB25B3F709EFE150D4B3F005343FF5C"
"legacy/engine/editor/include/lux/engine/editor/thumbnail/ThumbnailService.hpp","8BF3731C1D230E6226868C3E65BB4B25E6983E3B7C9507D87327F03AE63FE00A"
"legacy/engine/editor/include/lux/engine/editor/thumbnail/ThumbnailSet.hpp","2A9E68B9D63A9C9D9E8E090C3CB887E57ABEF1D002A243ED73F220D21D7B8D0B"
"legacy/engine/editor/include/lux/engine/editor/thumbnail/ThumbnailSpecProvider.hpp","5A75AFFDC83920F606B7173EC46090509D295398F5AFB9DC1ED8A0EC8A489DF2"
"legacy/engine/editor/src/AssetRegistry.cpp","46DDD1E322370B2D3ED402FBBAC095FEA51E010AB028CA8A3B0D2CB2B654F0C9"
"legacy/engine/editor/src/app/AssetDeleteController.cpp","19C95888D9422AA6F46CCF8057E8BAA456D5DD1F51CD3AB1704D6745C23ABC9A"
"legacy/engine/editor/src/app/AssetDeleteController.hpp","748A039A9C75A60450372B71FA2E57FA7EC182999414A9A3A9A5A4E07F712468"
"legacy/engine/editor/src/app/AssetFileWatcher.cpp","1A19ED6CABADEC552D95DB85FAA8694FEA00683D31149A7599A2EBB00400174D"
"legacy/engine/editor/src/app/AssetFileWatcher.hpp","9AA93EF6A095A2153B0690E3A0C77CF0564555CF876EB06CF3D7C47405A1405D"
"legacy/engine/editor/src/app/EditorActions.cpp","7E0D9029ED04BA7AAAD4D914243A3BA5A19A72F09C2A5CE637F0302CFDCB7837"
"legacy/engine/editor/src/app/EditorAsyncService.cpp","715693224D866E1CF9B55F0A0B756431FAADC7EFFB7D7371F31EC689E3621A6F"
"legacy/engine/editor/src/app/EditorAsyncService.hpp","B6A9CE1E65BB288C4E211E2BA26C478A27E7FBD0DB7C6F4FAC9DBE15E2041FAB"
"legacy/engine/editor/src/app/EditorAsyncTypes.hpp","2A0E01109BAD0D43543D0A070990B08537F03FC7F0DB82033BA038CB867CC87A"
"legacy/engine/editor/src/app/EditorMenuBar.cpp","262A7D01946825B9010C2206ADC231A2D234E8E831727D4F2EA3C314361CED90"
"legacy/engine/editor/src/app/EditorMenuBar.hpp","2A7BD6D716CD78801C5A7906EF8F54C4A6B30631B8A35932F3C0F3CEC1F132E6"
"legacy/engine/editor/src/app/EditorShell.cpp","15DD016CE32FC41DF0E2AFE9BA1FD25ED67267155634012E2AED630D45823D2B"
"legacy/engine/editor/src/app/EditorShell.hpp","02B875E821D7B2097CAB917D3AED4B5F7388313E94BF3013077DE3CB808DEB27"
"legacy/engine/editor/src/app/FileDialog.cpp","22CCAF9097ABA433704CAC5C941D0CC2D667D6EF284E244530D6CCB220197ED5"
"legacy/engine/editor/src/app/ImportController.cpp","243B720C8C7112397E01AB2C4BC3D37F771BE71C314D61A66C88AB5C28E86CC8"
"legacy/engine/editor/src/app/ImportController.hpp","2AA1EA821D1C9A98040D7FB17C7226DC3D5400EB37AA6842BEEFB694055C94BA"
"legacy/engine/editor/src/app/ImportDialog.cpp","AD90B8F17693647F1B88819782CE6EB02FA4D6D1DA68B487E974843C92756B35"
"legacy/engine/editor/src/app/ImportDialog.hpp","2172B44186BFDF0C6E597D58570F7E84D6487E94A34164B5CB09E1EEF6201DC1"
"legacy/engine/editor/src/app/LuxEditor.cpp","B1A6B67663A7051B5A3EC2AA927F5DF7085096E2F9DC71AA6C71E3D3A2A3C89A"
"legacy/engine/editor/src/app/ProjectController.cpp","9883DD8CB12987F91A37990EA93012ABC02EDE412BDB4372E547D8750BB3E1C4"
"legacy/engine/editor/src/app/ProjectController.hpp","B7AB5D01D986A6B0C7608C1668BF0D9CC8E9AA3F9613A72BC2E6FFFBF2C22009"
"legacy/engine/editor/src/app/SceneController.cpp","47BC13663E1A3903C061B6000F4D9AB2BA428A40CC46C2C19AAADA937174A6DD"
"legacy/engine/editor/src/app/SceneController.hpp","D2D361EB119E03EAA459200B438081FC8DF616186AE4AF0B5A66A7EE78DD281C"
"legacy/engine/editor/src/app/SpawnRecipes.cpp","64CB3191DE5E8725AF6E95A4B02D24D72304F846532C4D3DFEB7767E701E6B04"
"legacy/engine/editor/src/content/EditorBuiltins.cpp","DE658B436B3E3F1AAD71DBBB8BDFBB955C4A7089FCCE0F44965062CEB22AA7C7"
"legacy/engine/editor/src/extensions/EditorPanelExtension.cpp","F357797BA9F94FC1E2F7CFD934B9990216A9D04DA6B047F931FD6FECE1ADBE70"
"legacy/engine/editor/src/extensions/EditorPanels.cpp","2327165C8263C3E46B76BC1FC5E6DFABB982268A666D83FF4089DA5BD1BFEBCB"
"legacy/engine/editor/src/flow/FlowGraphCompile.hpp","5C6C15C307BA6A13871A96BE7302857FFE865D3A24D7AE22CA6B54D8FA30A1AF"
"legacy/engine/editor/src/flow/FlowGraphCompiler.cpp","867EE87F8A9B118390BAFB8B3668B63AC30679C21E2517CC4DB4307A1D79EDA2"
"legacy/engine/editor/src/flow/FlowGraphCompiler.hpp","A03D3DD332581C13284536C7CBD57224A9E0DB05E39AC4D38E37658632C5B2AC"
"legacy/engine/editor/src/import/AssetImporter.cpp","E3770AC928E41CAC626A93D02C993CCBC92EEA8B3D7E59C4B59733617D75EC98"
"legacy/engine/editor/src/panels/AssetBrowser.cpp","4B58FEAB3FC302BEF6B9B2AAE9C3F88AD8C5BDB65CB0B2EED9EB16BB5249EDC9"
"legacy/engine/editor/src/panels/ExtensionMonitorPanel.cpp","0891CA81A50A731DA27DAD3359CC310FFF0B71051571B3E64F455AECA3A2CCFF"
"legacy/engine/editor/src/panels/FlowGraphPanel.cpp","72128DE918D0772D34CE8DEA832714C7928F20D587A28E9E939A21A0490FCE5D"
"legacy/engine/editor/src/panels/FlowGraphPanel.hpp","F8082DFB5D566FAAD22DA34C66CEC430C917F48AC434213DF7A8D67D644FD691"
"legacy/engine/editor/src/panels/HierarchyPanel.cpp","C69BFF7C6959E67888F52AC5B154E8A2144CF99372CD4873B7CC4FF35703CC08"
"legacy/engine/editor/src/panels/InspectorPanel.cpp","B0DF19B36C95EEBA74D7F0E09A871152A90DB49E683C19D9C1E0901D5C606706"
"legacy/engine/editor/src/panels/LuaConsole.cpp","50B65B65F1739147324C1D9422DE4A82A5E779B64AF62CCD41522CCF62700D65"
"legacy/engine/editor/src/panels/MaterialGraphPanel.cpp","0D72EBCDDFCBA0D323F730963FF6474F7632E4982CC6985CBED251AEDD7362E0"
"legacy/engine/editor/src/panels/MaterialGraphPanel.hpp","1C588E4D5F8959359521F9B43B2672453D8ABC00DA7B65D222BACA39773C9469"
"legacy/engine/editor/src/panels/SceneSettingsPanel.cpp","1AB46380AF8553556F604B822C16F1E7B17F41B974A60ACF62910E94C0D5C840"
"legacy/engine/editor/src/scene/DemoSceneTemplate.cpp","2BE0C6A3503D8D2DA4306C7356AD0D383AACE5EEB79622D6A35AB4BFA28C576D"
"legacy/engine/editor/src/scene/EditorScene.Interaction.inl","1DB3D1B713DA40A710057DCDCAC8A9723BFE0E01F4348BE389E80547D8431533"
"legacy/engine/editor/src/scene/EditorScene.Lifecycle.inl","FB7B0F6BA71EE4767D094F310A66052986B72A11C7319758A0EAE8F7F43E5583"
"legacy/engine/editor/src/scene/EditorScene.PlayCook.inl","D47BA478990B01D8A0546778A3D04F4346510AA2D2F669BC306B0778F031ABB8"
"legacy/engine/editor/src/scene/EditorScene.WorldDomains.inl","F1DA7A8B162B4DE87361569ABF4838A4468E93BC73BB2CA1D95589776A4085FF"
"legacy/engine/editor/src/scene/EditorScene.WorldEditing.inl","3C2F40C0AFA160CFB69D0F2EDB613741C273AD6714816B0C144122597A4E80B8"
"legacy/engine/editor/src/scene/EditorScene.cpp","D3DBAE896859A9BB8615E4C5EB7F169FAE529FDE2502638B5BB429AE9684468D"
"legacy/engine/editor/src/scene/InstanceSpawnClient.cpp","EECD794D7AE14B5883C70A4B19FF03CB87353E2B7704EB1E0D91CA1A97F7D161"
"legacy/engine/editor/src/scene/WorldActorEcsConversion.cpp","67D5356DAC890DEA1CF67E66949D571D0268A6AFF990E8E4A7C5D6333CD10858"
"legacy/engine/editor/src/scene/WorldPersistenceSchemaClosure.hpp","80F181D5BDEA3490C727370EF54F5A49CE519D58C15113297F309A54CDDF7163"
"legacy/engine/editor/src/scene/systems/CameraSceneSystem.cpp","C1EBD1BD97F993D506AFE85382DB18BF1B34BB20827DEDFE3DB2FEABF502CA4A"
"legacy/engine/editor/src/scene/systems/SelectionSceneSystem.cpp","76B50D4BD24D808B3833F9AC21B8555FB683D0CB2A4BD1A10DD4122624DB109B"
"legacy/engine/editor/src/thumbnail/ImageCodec.cpp","652765717A021B18FE14D231D117FEAC89AF3DEC300FACD106C1DADCF5E927FA"
"legacy/engine/editor/src/thumbnail/MaterialPreviewHost.cpp","86C7BD99BB6877AAA77265E2946D2B5C458F957A833D6632D44B4743D2D0B71B"
"legacy/engine/editor/src/thumbnail/MaterialPreviewHost.hpp","C5B74932E05515092083446350BF6BB15716FE1C6ACC949EC4BEC159FBC5BFC5"
"legacy/engine/editor/src/thumbnail/PreviewWorldCommon.cpp","9F4E7D248579ECA190575C7971C0D9E0799637CBA968868A425557C02E9EFA5C"
"legacy/engine/editor/src/thumbnail/PreviewWorldCommon.hpp","3E6412E76B36ACFEAAB72002BB6126E5FCA7A962686C98E4B31F0B25115BDB55"
"legacy/engine/editor/src/thumbnail/ThumbnailService.cpp","245B4516A82268C0A603D06C1ADE9929A1F0C520BF2B3040A8F3138E73E3DB77"
"legacy/engine/editor/src/thumbnail/ThumbnailSet.cpp","FD87AE29C6C22295638E25BDDD767AEC3275AE8DA1A3BDF2F50EBF1F918A193A"
"legacy/engine/editor/src/thumbnail/ThumbnailSpecProviders.cpp","562E54D860A0E12D707C5E05EADF64892E8831794A52E395F54E41AAAB51CB15"
"legacy/engine/extensions/api/CMakeLists.txt","F98605D9B2A865203B756DBF89BBAECBE319ADE3E2586E2DFA71E9ACA8EC3619"
"legacy/engine/extensions/api/include/lux/engine/extensions/ExtensionAbi.hpp","582F4B5F83A7F095ED84C4064CDDA2C2D813082F21BEF01910EBB866195CF9BF"
"legacy/engine/extensions/api/include/lux/engine/extensions/ExtensionDescriptor.hpp","1EF1348174DAE47FE335276623DA5E8B2C60780B2016CA00C1C35F674F7E85CD"
"legacy/engine/extensions/api/include/lux/engine/extensions/ExtensionId.hpp","FA3F0A64C6214EAD7CAA692FDDAE4EC23FF1DD8D561B3F6A0A20BBCB7AF3541F"
"legacy/engine/extensions/api/include/lux/engine/extensions/ExtensionRegistrarFwd.hpp","33DB2B723C184439CE5A8C40F3B51424CF895FDA1235A398F535504495053702"
"legacy/engine/extensions/api/include/lux/engine/extensions/ExtensionResult.hpp","4F408B44911FB33799F67DC368800AAF1B2A5FEB125206F8A9CBC72C25FEC5E7"
"legacy/engine/extensions/api/include/lux/engine/extensions/ExtensionVersion.hpp","FDFD0332A78BB9B97BCDF15AE7D4DC3C4F6DEB42566746AF38E54019F00DC36D"
"legacy/engine/game/deployment/CMakeLists.txt","F6FAE5261344BF22CD67C3F754BFEAD03643F97A0054D2ECE02A0FF584FE740B"
"legacy/engine/game/deployment/include/lux/game/LaunchManifest.hpp","4CFE01A148DFB57B4854E71298682ACC55ACAF41C114C339AB0FD552D284B797"
"legacy/engine/game/deployment/src/LaunchManifest.cpp","40F9D9EE0865B8B5077C409141E39EA062589F4EC4AD2F3269CD33218E190FAF"
"legacy/engine/hosts/editor/CMakeLists.txt","5A9C698812D5BCB519BF995B04AB4B4D72B112E5563505D5D6B1D7AF8C826220"
"legacy/engine/hosts/editor/app/main.cpp","1F9553EC06086324D616DEF0FC79159201ED7350EDAEC7AC50C82DCF5710E7C4"
"legacy/engine/hosts/game_application/CMakeLists.txt","3B16A5C18D1872CF0E2C4B75FF38E7E1F37A53E0B39ED36B6F0AA6606A8531B6"
"legacy/engine/hosts/game_application/include/lux/engine/hosts/game_application/GameApplication.hpp","C0DD78500AFA2825184BACF7AE773C6B8C1ECD7FB72F418316B8C9D85084D245"
"legacy/engine/hosts/game_application/src/GameApplication.State.inl","3D2958E03B5421AFA390F6AB744DFB2E3BCB4ABB2EE22092994EECA69EA78573"
"legacy/engine/hosts/game_application/src/GameApplication.cpp","F709330552E4A8FA51A78E4FE79D65B04C9ABD60008650AD48F39DAAEA606FD6"
"legacy/engine/hosts/launcher/CMakeLists.txt","FDE3928DE6605A08EF43EF0FAE16A578FDA01258102AFDF9567A0903AD688A13"
"legacy/engine/hosts/launcher/app/main.cpp","390AF8B65BD311CA33E4D5F46555F1FBC9695D933D7F535E25B8FE377C027128"
"legacy/engine/hosts/launcher/include/lux/engine/hosts/launcher/LauncherApp.hpp","02003BAE7460E38B6C7277314D05744126B7ED9A8A2131D2D988CFA99EBDAB51"
"legacy/engine/hosts/launcher/include/lux/engine/hosts/launcher/ProjectPickerPanel.hpp","0F191B56A8711729B48758EDAFFBA7F887E1316141BFCE5F985764C3754C3B88"
"legacy/engine/hosts/launcher/include/lux/engine/hosts/launcher/SpawnHelpers.hpp","336BD2A538957C0ADB9DC01FABB6D1307D0E358F188CD418191A81F21AE105BE"
"legacy/engine/hosts/launcher/src/LauncherApp.cpp","16E30E2CB3A6B70B89F782B5C0FD6E695DBFB1F98D30EA1488E5BCD1F3E63308"
"legacy/engine/hosts/launcher/src/ProjectPickerPanel.cpp","06D225E90FDC1E6D339ADF79E9FFF5FA42EBDF91B84B90C934EE3B1819FBFD39"
"legacy/engine/hosts/player/CMakeLists.txt","CB0FC20B9D4B8EED0A99528285E1D2E2B22A6AE4DC9F758D38116CAB0479239E"
"legacy/engine/hosts/player/app/main.cpp","ACDCE3A2F28AE87D4122EDC58F03A2FB3AA8EE59D11F1A0911B3C5776E4D1A09"
"legacy/engine/hosts/player/include/lux/engine/hosts/player/GameHost.hpp","792806018554771A4EF3F57C4F27414C9E0D2322606131C848618A283CD94F94"
"legacy/engine/hosts/player/src/GameHost.cpp","1B2D324C1BCBF5C04E348C7B25D29C15892B8305069FAAB0285C911186172755"
"legacy/engine/runtime/CMakeLists.txt","98642692A84286A090C15C1DA0FDED6859EA33ADBA60FB0FB519D47070D344F2"
"legacy/engine/runtime/assets/CMakeLists.txt","2E358D7F7F9D06213641FDBF4F620DD27E39F7258B33072F1817437681034368"
"legacy/engine/runtime/assets/include/lux/engine/runtime/assets/AssetLoadSenders.hpp","0322015E7F774819958989B36B0AF0BB21A163218ACAB8214438EA59A82B002A"
"legacy/engine/runtime/assets/include/lux/engine/runtime/assets/AssetLoadService.hpp","4C93D955F1D2A115534F68E3F1738488919EE1F2DE0703B51B25456EE0E863AB"
"legacy/engine/runtime/assets/navigation/CMakeLists.txt","C858D9A9EABF24B7CB12CD987D3D3F423903DC510AD257EC90FB0218A1E8AF3D"
"legacy/engine/runtime/assets/navigation/include/lux/engine/runtime/assets/navigation/Navigation3DPrepareService.hpp","793C7EE30EF5CB71D9186DBCFFAAF168B7280C704494357E8C26AA06D31E36CA"
"legacy/engine/runtime/assets/navigation/src/Navigation3DPrepareService.cpp","04F825E889BA7A9BF97F140A8E0608E380EE6DF0B604C6E6B71A54CE864066E7"
"legacy/engine/runtime/assets/physics3d/CMakeLists.txt","CAC4DE21AE32FF107821B9565A880A9C6F3D02973C8FD698EF0E9D7721CAB2D8"
"legacy/engine/runtime/assets/physics3d/include/lux/engine/runtime/assets/physics3d/StaticCollider3DPrepareService.hpp","275DE5033C8A3C49D09FD08BEC057D0D0EE734425359F21C45767CCB45B25650"
"legacy/engine/runtime/assets/physics3d/src/StaticCollider3DPrepareService.cpp","950A79E8311F087CBA37543FC5247942DF7063B1F7E0B5BEEA7B57EF7E624B2F"
"legacy/engine/runtime/assets/pixel/CMakeLists.txt","407DEFC62C6AAEF564D9832052C3CE4BBDB7320287897F0D7E03313A0960CDBA"
"legacy/engine/runtime/assets/pixel/include/lux/engine/runtime/assets/pixel/Infinite2DPixelContent.hpp","2E26BD94D8FE9A5D37E1792026B8DA513CE6C90EFC8F4721CAA8CE4C35421798"
"legacy/engine/runtime/assets/pixel/include/lux/engine/runtime/assets/pixel/Infinite2DPixelPrepareService.hpp","719B2B6CFB835BD2B0B8EB20A55CB00B7969E60D61F71419D874628754B54A63"
"legacy/engine/runtime/assets/pixel/src/Infinite2DPixelContent.cpp","C48F61F19FBFD14ACF2822C544AFE3BDA9BF78E942A10085E257E1D3CD89619C"
"legacy/engine/runtime/assets/pixel/src/Infinite2DPixelPrepareService.cpp","5ABA78399B87E75376B71716BA1D0E55F135DB60447C2C7BC070E956A595097D"
"legacy/engine/runtime/assets/src/AssetLoadService.cpp","672F4BF31524B99523572CF71AA3087620B274956B6C2F6C6865B6269B83BF57"
"legacy/engine/runtime/assets/tilemap/CMakeLists.txt","B92F8AE6348D1BE9FE8C9C717A3F4DA7322BBA05AE7B5F58B285566039A504AD"
"legacy/engine/runtime/assets/tilemap/include/lux/engine/runtime/assets/tilemap/TilemapPrepareService.hpp","751D9D6BBCEBC2E76F42151F5678952BE061D51CC23DA4AE3ECAAC0206F79ED6"
"legacy/engine/runtime/assets/tilemap/src/TilemapPrepareService.cpp","9C880ED73DD1D81F0560F5DCA54659514E6BF30DEBC3A21316E5BD6BC514A15A"
"legacy/engine/runtime/entity_scene/CMakeLists.txt","572B6C8AA80A71DA53D91861D680053AFF57924C1047E5841FD93543F2A51961"
"legacy/engine/runtime/entity_scene/include/lux/engine/runtime/entity_scene/EntitySectionGeneratorCatalog.hpp","4E38F31586FAC7995360159C6C3E2F5D564BF459F3F4867864AFB673F5197FAB"
"legacy/engine/runtime/entity_scene/include/lux/engine/runtime/entity_scene/EntitySectionService.hpp","DA36C128D92568B2881BD0838F72803E66435B7E8546E791798CF9EBA5F4055B"
"legacy/engine/runtime/entity_scene/include/lux/engine/runtime/entity_scene/SectionBlobStore.hpp","5885047A2ED3FE6696E63034C97024088B29AAA6DB24B127606B0C6AA57D8A1F"
"legacy/engine/runtime/entity_scene/src/EntitySectionGeneratorCatalog.cpp","0340AE58F256D6664CCE3213A67B60DFD22368255FD132843F8B87ABF30A641D"
"legacy/engine/runtime/entity_scene/src/EntitySectionService.cpp","9C438868DF576299909F6E40F04546A86D1A8B31A4A1C45981F4A85D96703450"
"legacy/engine/runtime/entity_scene/src/SectionBlobStore.cpp","AD17664204340DD21D37A5DD88A454919082061A1D47BC9253179561D7DDE05B"
"legacy/engine/runtime/execution/CMakeLists.txt","62F556B82BEF7CF7968135276F8BEA856081A366D8D2FD929F39ACD9B5B6BD18"
"legacy/engine/runtime/execution/include/lux/engine/runtime/execution/AsyncCallbackSender.hpp","3F6B4881D24724A12A58BD25656DD076FB36A66F94A04CE4A5FFDCC61490965A"
"legacy/engine/runtime/execution/include/lux/engine/runtime/execution/AsyncFileService.hpp","486F2CAE2A83A34DE534D3919DC5C0DE412F77DF88789858671EB26F1401242F"
"legacy/engine/runtime/execution/include/lux/engine/runtime/execution/AsyncOperation.hpp","CBC0C3572DCF24F10DB22EE3A536B8B88915728C2A97451101C23B0AB4BDB2FF"
"legacy/engine/runtime/execution/include/lux/engine/runtime/execution/AsyncRuntime.hpp","971E29B38E3FE9073C32169EB5277AB9F5B23B5982853C83C05788C5CA118A53"
"legacy/engine/runtime/execution/include/lux/engine/runtime/execution/AsyncRuntimeBuilder.hpp","F7F126E2D080E17647D698C0CBD087CB985D53DA5A08F9819803FFA5F321DEBE"
"legacy/engine/runtime/execution/include/lux/engine/runtime/execution/AsyncRuntimeSenders.hpp","D6AB4B133E017CFF0D18EA6ADFF6A872FC8D6C07A5C7AE3A1A912F8750789660"
"legacy/engine/runtime/execution/include/lux/engine/runtime/execution/AsyncScope.hpp","FEB10EC3453117A76C52B2801AE792524035539CF00770A944CEE5AA72D65025"
"legacy/engine/runtime/execution/include/lux/engine/runtime/execution/AsyncScopeSenders.hpp","400C657B9D2903F4364A0EB44CC54C06F8AF34B4CB7711B8B0620D3229D721E2"
"legacy/engine/runtime/execution/include/lux/engine/runtime/execution/AsyncStatistics.hpp","C02C2BFA7385BEF19E8C5E86A6F9C856D056A79FA21487CEEABBE47788DB7800"
"legacy/engine/runtime/execution/include/lux/engine/runtime/execution/MainThreadStateCache.hpp","0F8BEE7DF0159F0D9E2715606DFE02EF4110C0516EA04401A1EC25BFA1B4D573"
"legacy/engine/runtime/execution/include/lux/engine/runtime/execution/detail/AsioConfig.hpp","EED1BBC963D5D1E60A2E07606DDBDB2FF7FD5413B95870F8D510EF0DCCCDED02"
"legacy/engine/runtime/execution/include/lux/engine/runtime/execution/detail/MainThreadMailbox.hpp","C35106CEB2A53748666CD96AC8C56ABD03AD863E07825B57C925B2585D46542F"
"legacy/engine/runtime/execution/include/lux/engine/runtime/execution/detail/MainThreadScheduler.hpp","83D2BC9D1CD58A0EA1525990308F8D2066766CAB204CCF8FA255F0B955A8D11D"
"legacy/engine/runtime/execution/include/lux/engine/runtime/execution/detail/StdexecClang19Compat.hpp","03748C5DECA61FE31BAEC223E21373A1BF4FA38FC58DC769191C94F2F882E394"
"legacy/engine/runtime/execution/sinclude/lux/engine/runtime/execution/testing/AsyncCloseTestDriver.hpp","1F0C788E23E4C55EBCB257B01A3A14FE9114AB46CEE703393D33294092AAB4F5"
"legacy/engine/runtime/execution/src/AsyncFileControlFactory.hpp","71D893FA120CDA435CF272D09FCACC80A14C848715F884A5135C1A2BF12CAB26"
"legacy/engine/runtime/execution/src/AsyncFileService.cpp","9575A200F383E3859AFBB1E3B46E660A61CF41F9F55977A8CBF5F1B454AD876C"
"legacy/engine/runtime/execution/src/AsyncRuntime.cpp","4F930658C5790C2C75769CC7673170C43DBE145B8DDBB493626B1228716777C3"
"legacy/engine/runtime/execution/src/AsyncScope.cpp","61864F7384AFE8230426D9BC304CF3BD36D5EBEC6A676E725770F3947B7CC174"
"legacy/engine/runtime/extensions/CMakeLists.txt","316185673C58A33E26C72D3C42F158F52A9CA95D7E3F5D95D6F9EAEC6344CBAE"
"legacy/engine/runtime/extensions/loader/CMakeLists.txt","927D6DDFA814C81C8B68BA402DF70C2C9CACA2D7D1698825012D15CDDC79751B"
"legacy/engine/runtime/extensions/loader/include/lux/engine/runtime/extensions/ExtensionModuleManager.hpp","0ECFF47D945390BBBCD6756DC52117A800264FE879A7A673B1008466C3CF865C"
"legacy/engine/runtime/extensions/loader/include/lux/engine/runtime/extensions/ModuleLifetime.hpp","7CD7F488F55C86F797221124332FF000D81AF17BED0B1EB105614925467E610E"
"legacy/engine/runtime/extensions/loader/include/lux/engine/runtime/extensions/OperationTicket.hpp","75307CDBA46539127D67DE4A27DE8CD4D8019670859E011B68E5C3F9AA25FC35"
"legacy/engine/runtime/extensions/loader/src/ExtensionModuleManager.cpp","EC9C4578D97373208899F5EEE37FEC0764C22777D7A52AC9F8E04A3D3B9189CF"
"legacy/engine/runtime/extensions/orchestration/CMakeLists.txt","FCCCD63B59D6571F7F6C6408F5A78FE9517C6B494F91D489417FA837A0C7A019"
"legacy/engine/runtime/extensions/orchestration/include/lux/engine/runtime/extensions/EngineExtensions.hpp","C493E7FF4F762E47AADE139AAB0AF4A7DEA9F9656D83313F06916D04E076AE30"
"legacy/engine/runtime/extensions/orchestration/include/lux/engine/runtime/extensions/EngineExtensionsCloseSender.hpp","8029B7EB73AA408EADEE1C8155BE4463B8DD407E2D7467E2828C3E952DC7E68A"
"legacy/engine/runtime/extensions/orchestration/include/lux/engine/runtime/extensions/ModuleMetadataBatch.hpp","4EECF2AEC0AB321EAF63695710887EADEF1057682A112924765716EDDCF0CE08"
"legacy/engine/runtime/extensions/orchestration/src/EngineExtensions.cpp","D389B2597330A11C752248A289A8AB598B69B106893A78466D886100C9D33202"
"legacy/engine/runtime/extensions/orchestration/src/ModuleMetadataBatch.cpp","AB93298A00919613E723A13987616B6A09D8E0AAF9446E58513DE47D9E58AD94"
"legacy/engine/runtime/frame/CMakeLists.txt","3AB738B7D8185EA301E9534937B94B1AF512DD18AC3558A40993BA028865DD93"
"legacy/engine/runtime/frame/include/lux/engine/runtime/frame/FrameCoordinator.hpp","B1680A1FD82327FE9E539150FC09514F8A654925C244D30137D89015C49CE407"
"legacy/engine/runtime/frame/include/lux/engine/runtime/frame/MainCloseDriver.hpp","228983B39748D63FEC081ACCC99E325CD25F609A332CDE00D49D3DAA53A5A2A8"
"legacy/engine/runtime/frame/src/FrameCoordinator.cpp","EE621A60B1005E65280A48D5F4A4297CA30A4A1D3882D092B802514AB1DABD94"
"legacy/engine/runtime/frame/src/MainCloseDriver.cpp","07F9DAAFBC1DB95238CAFDCC7C3AAF7676B85A74C5A4B670378F6F3536537930"
"legacy/engine/runtime/logging/CMakeLists.txt","EEA6C4CB1C13BECA883E70E3D6BB4A9FE981EEC2D41614A7FF141A4EFCCFE267"
"legacy/engine/runtime/logging/include/lux/engine/runtime/logging/LogRouter.hpp","5BBA4592D26E537AB24921652D09184C5F3154CE246124A05FB47493295D9B17"
"legacy/engine/runtime/logging/include/lux/engine/runtime/logging/LogRouterSenders.hpp","6CF722E95E13B93D2EC221A9C823D7A3B2A2812BA92DE5B23E0E5EEF1B9E2AA7"
"legacy/engine/runtime/logging/sinclude/lux/engine/runtime/logging/testing/LogRouterCloseTestDriver.hpp","45B3016459EEE28474B028D4D1B22B0AD7E878EA8FD5BEED54BA8DDA1A526346"
"legacy/engine/runtime/logging/src/LogRouter.cpp","E3FE2265FFC0EB6F16F29AE1AA9FE16F57EB11F2631FD46A0E31BEE749547D41"
"legacy/engine/runtime/render/backend_host/CMakeLists.txt","63109181269D77A8E12B85DD1D25D84EFF52D330C0D143D7B5D08022B9F15E34"
"legacy/engine/runtime/render/backend_host/include/lux/engine/runtime/render/backend_host/RenderBackendHost.hpp","6F2FFBA8C7931E9F132F4DCDD6B3A4E288A0700B0DFC0A4325AC9ECD7618CEBA"
"legacy/engine/runtime/render/scene/CMakeLists.txt","265F2E509F937125E70E07B348B0918B73B79CE86D6A0F6E397A2C206921940A"
"legacy/engine/runtime/render/scene/include/lux/engine/runtime/render/scene/AsyncRenderUploadCloseSender.hpp","9301588D5D1D7DB2B535F932A6EA45AD8DD158B1C282B2A852440DE657D25158"
"legacy/engine/runtime/render/scene/include/lux/engine/runtime/render/scene/AsyncRenderUploadService.hpp","9C83CD145F95867C18595C0B6729164CD1363E1DAF69BBBFC5392B917DEE3802"
"legacy/engine/runtime/render/scene/include/lux/engine/runtime/render/scene/RenderDiagnostics.hpp","6AE02FDDD1473AB442A025F03E8D47BB81ECE60A6B6F295F2135F504311BFD84"
"legacy/engine/runtime/render/scene/include/lux/engine/runtime/render/scene/RenderedSceneComposition.hpp","42C73919A48A8A25D16FA2A3F3E42C0608A27F2D82D65E780ECCC9A22CE17DEB"
"legacy/engine/runtime/render/scene/include/lux/engine/runtime/render/scene/ResidencyAssembly.hpp","8A9ED63470A3398AE9EA094C743B329BB23D688F57DD02D6D0065D69CD000BD8"
"legacy/engine/runtime/render/scene/include/lux/engine/runtime/render/scene/ResidencyCloseSender.hpp","9AC8E8F2636190AEBFEE701BB9251AD41AE3B9D0104CEA3808D6AB8D7FF387AD"
"legacy/engine/runtime/render/scene/include/lux/engine/runtime/render/scene/SceneGeometryPrepareService.hpp","21F1C06D2E3F05A5D54FF879474ECD4B0567D96BA5D356D4C590B0FA1487BF09"
"legacy/engine/runtime/render/scene/include/lux/engine/runtime/render/scene/StandardFeaturePlan.hpp","F00955056FB24C6620CA7E40043C9669DB30F154B50AB53A6D1231086E3E69EF"
"legacy/engine/runtime/render/scene/include/lux/engine/runtime/render/scene/TextureStreamingBudget.hpp","CC31433557622F3FCA3B132CAE67CDD0590B47EDD3F50450942070F304EB3F9B"
"legacy/engine/runtime/render/scene/pinclude/lux/engine/runtime/render/scene/detail/RenderRequestSender.hpp","9B8C7EE27E4D9048124FA7CB224869A072353CE80CC31F2F3435A00BF2772FF1"
"legacy/engine/runtime/render/scene/pinclude/lux/engine/runtime/render/scene/detail/residency/OwnerReplyReaper.hpp","372D6D04D17168FCD000811F0CA239AA715A3EAB88B9366479E32BA92AE336E4"
"legacy/engine/runtime/render/scene/pinclude/lux/engine/runtime/render/scene/detail/residency/RenderResourceOps.hpp","AA17EA4DE498FA8266D38AF3520F48A29C2A61CF69A58C4604A25245908430D4"
"legacy/engine/runtime/render/scene/pinclude/lux/engine/runtime/render/scene/detail/residency/RenderResourceService.hpp","FF2429BC35A299F184A01DF3D98CB3C402583BE35FD4EA68B2F645988B733A9A"
"legacy/engine/runtime/render/scene/pinclude/lux/engine/runtime/render/scene/detail/residency/RenderResourceStateManager.hpp","2548B4D8FB1D7C90FFD6333F10BDCEC85D39950899D0985CE9FCDBCE3A5F79C5"
"legacy/engine/runtime/render/scene/pinclude/lux/engine/runtime/render/scene/detail/residency/subservices/MaterialSubservices.hpp","F6CF6BC237786D59D9DA8A6E4791CCE5513F06BF2237DC32C3CF0C09D4E55087"
"legacy/engine/runtime/render/scene/pinclude/lux/engine/runtime/render/scene/detail/residency/subservices/MeshSubservice.hpp","7E8D8D5350C1F9A610A2BC4B23EC69B647F8368659391923B833242FF5FB8EAD"
"legacy/engine/runtime/render/scene/pinclude/lux/engine/runtime/render/scene/detail/residency/subservices/TextureSubservice.hpp","D2CFDF4E273F60A5805140B3AE4F5D47DC33FA34703BA67E280E9F481FA30F1C"
"legacy/engine/runtime/render/scene/pinclude/lux/engine/runtime/render/scene/testing/AsyncTestServices.hpp","FA8C0CFDC4914DF20D25D30234EEBB99C334FC082741B2CEF04C85872833E0BB"
"legacy/engine/runtime/render/scene/src/AsyncRenderUploadService.cpp","41D325203754A19B34C8AE2E2A4A4D8C04EACE30B9ECC07FB87BF16A0BFCFB46"
"legacy/engine/runtime/render/scene/src/RenderDiagnostics.cpp","E74E863AF0E315E7C5EDC323CBB24A4FDADEA92E7FA7B42FE6675F9A2E53BA80"
"legacy/engine/runtime/render/scene/src/RenderResourceOps.cpp","17B40F54D52787D80276B39E872D109A9A74F85392264D55FCF45099D37F3E8B"
"legacy/engine/runtime/render/scene/src/RenderResourceService.cpp","A7215FCD38ABEC01D404E3487AD21AC54F358A4438B5FF5CC4DF51483608D018"
"legacy/engine/runtime/render/scene/src/RenderedSceneComposition.cpp","93B8B83717C404D0FDA40C3320EA2D71BBAAE69678A83B25001AFA3FB5655117"
"legacy/engine/runtime/render/scene/src/ResidencyAssembly.cpp","1C907AF3D41E788BBD1CAB04D6091BEB8629FB6DFC7C4D77347679726B4826F9"
"legacy/engine/runtime/render/scene/src/SceneGeometryPrepareService.cpp","DE034FC9E9C44D0997EAC062A483B65EAC539612E274DFB773251587C541465F"
"legacy/engine/runtime/render/scene/src/StandardFeaturePlan.cpp","7B9BFCB2F609A0309B508D731B7FA02D784B6BBACFA98322F3A200667D5A8A1A"
"legacy/engine/runtime/render/scene/src/subservices/MaterialSubservices.cpp","B0F4F56A91F57B3AE56FFEA334AC48F6681BEDBC6551845379A5A07D6A39EBA7"
"legacy/engine/runtime/render/scene/src/subservices/MeshSubservice.cpp","A15D9BCC206C298B7A5B2B7EE22E27082722AE10390163DCE2CFFF0051C0159A"
"legacy/engine/runtime/render/scene/src/subservices/TextureSubservice.cpp","87CE7E82EB7AC80C55D75FF6DA7CC2FAF16B84D6D46B7A7406701051A87A70B2"
"legacy/engine/runtime/scene/composition/CMakeLists.txt","B0C9616BF581230D2FD714FC17BECEFAF1E68250686713BBDEC1EA97E0E636F1"
"legacy/engine/runtime/scene/composition/include/lux/engine/runtime/scene/composition/InstallNavigation3DSystems.hpp","B7371938D7C21A3F4D886BDA6FFE1578EEB27A12022725D65D48C7786F37873F"
"legacy/engine/runtime/scene/composition/include/lux/engine/runtime/scene/composition/InstallPhysics3DSystems.hpp","0159C7EBE0E5871526CD16B0387A4A53A11E67A27F359F7B7E1B3CEC4181936A"
"legacy/engine/runtime/scene/composition/include/lux/engine/runtime/scene/composition/InstallPresentation3DSystems.hpp","55A094AEEAAAB958683979E787C510AD463C1C9018A86AE49564E02A162972BA"
"legacy/engine/runtime/scene/composition/include/lux/engine/runtime/scene/composition/InstallSpatial3DSystems.hpp","1DA20A8D89FF89046FECEA4EF7688424A92474EA087F273AC3B7A193E9EEB5D1"
"legacy/engine/runtime/scene/composition/include/lux/engine/runtime/scene/composition/InstallTilemapSystems.hpp","9171E666B9EE135487250F084C8604307350ED71D067ACA833AB99C25BC2059C"
"legacy/engine/runtime/scene/composition/src/InstallNavigation3DSystems.cpp","B5A7A68B13E05D0694359AE5F4B89323D5883B80124DE05951F793DB4285AD12"
"legacy/engine/runtime/scene/composition/src/InstallPhysics3DSystems.cpp","219A600CADDA39C9251EE5AE2A450E242DAA098DC9E3F79D1CD2F1FCCAAA85E0"
"legacy/engine/runtime/scene/composition/src/InstallPresentation3DSystems.cpp","61F75D9345058F59E57D6E83CAE8DA03B44C8DADE5F638E0836CA836D8539AEE"
"legacy/engine/runtime/scene/composition/src/InstallSpatial3DSystems.cpp","0BC58B1D7DAA77438DFE21713D1C99DB8B902BB851140202EC441F5BB6AE275D"
"legacy/engine/runtime/scene/composition/src/InstallTilemapSystems.cpp","8272EDC4C5B52122543259FA2E008694B1094ECD4B75F3AFF382BEFA1464A7B9"
"legacy/engine/runtime/scene/core/CMakeLists.txt","2F0A1398E4C27CE9A222D8D8946EB9B9827D81B4547FB50F354CC1DF2BA4B04C"
"legacy/engine/runtime/scene/core/include/lux/engine/runtime/scene/SceneAsyncContext.hpp","C56CC45717A51822648B65E42AA8B8768875E4DE0340FDF5C042ACBB73D54EE7"
"legacy/engine/runtime/scene/core/include/lux/engine/runtime/scene/SceneRuntime.hpp","7BE114B860D755B461A476AE8CD3102DBB1BA3E5FD437E9252BB366CC5AEEC90"
"legacy/engine/runtime/scene/core/include/lux/engine/runtime/scene/SceneRuntimeCloseSender.hpp","46F5FF6972B6A98B22249312395AB4D32EBB9CA75F65123E28D7902D6D6DC33D"
"legacy/engine/runtime/scene/core/src/OwnerThreadCpuClock.cpp","8EC96F0958E36CC8CFA29A2753E5CBD4BC9E133D8D35355A7B88A5FB99DE5EC9"
"legacy/engine/runtime/scene/core/src/OwnerThreadCpuClock.hpp","7854C5BB3FBD72DBC6D30C4CD7E04B4BBE406E90AE461825488EC0E95FF964E8"
"legacy/engine/runtime/scene/core/src/SceneRuntime.cpp","299FAD4B7994C4881865999DD0FAED85BDFE5F3C00314D6FEBDCC35112D13156"
"legacy/engine/runtime/scene/core/src/SceneRuntimeClose.cpp","1ED3645D6808546E659892EE943E0FF489E420026A3D3CBB6ABCFAF2C3BA2A1B"
"legacy/engine/runtime/scene/script/CMakeLists.txt","3854D80CA217BC11D1BAAB0D03BD14DE165C17FE0C92BDFF22D7A246CC30D41E"
"legacy/engine/runtime/scene/script/include/lux/engine/runtime/scene/script/SceneScriptRuntime.hpp","C6A9E177CF0926EB7CABCB9769856F58FEC810FD91202CB8255114ED6803EF56"
"legacy/engine/runtime/scene/script/src/SceneScriptRuntime.cpp","7E67CCB906F5DC00F9EB5EE4DB80DAA79FC874789E3439D1D08634C4C55A3B17"
"legacy/engine/scene/CMakeLists.txt","F0F4A7263BAF70AF8E4841F6EBC1311AFF9F398BB9EAF76C2A6D1233B0088B41"
"legacy/engine/scene/include/lux/engine/scene/SceneAsset.hpp","415F5BC69C10BDB900BBC108AFE60510DC1255BA459BFEAEA409F65F9ABE7A62"
"legacy/engine/scene/include/lux/engine/scene/SceneAssetSerDeser.hpp","49932EBFB8D88A7BF43F2251EFA3C0A57E58B74600D2AC9C5B597135B0E17319"
"legacy/engine/scene/include/lux/engine/scene/SceneDescription.hpp","EAD683DEA475B25F8079BDACF2F26376842C49F785002F3D4D8E56900E7C2C08"
"legacy/engine/scene/src/SceneAssetSerDeser.cpp","66942E54FCE386E0BCA99E523A5FC65CF6EE551ADE5C7C7D67DF3AEFE3509E91"
"legacy/engine/scene/src/SceneDescriptionCodec.cpp","D77105706C8D893D3E4B1DD91E60578C2CAF4F46A3F7F61504432DF2FB458B47"
"legacy/engine/scene/src/SceneDescriptionCodec.hpp","ED5D90400801E0492C86EFA59FD684A41A125CBB19E8FC3A86830C4E2550ECE2"
"legacy/engine/scene/src/SceneDescriptionCodecCommon.hpp","25AB968650667BDE08130E25714426A379A87CCE74C6FD1BAA9A22882B178937"
"legacy/engine/scene/src/SceneDescriptionValidation.cpp","3ABC49E3BB6A1388FBDEC899617B5BF1A5ACB662D06ECEDA9D47D6A12828AA50"
"legacy/engine/toolchain/CMakeLists.txt","EC51366953017F81E864D00BAF33C65C748F39BE8F24D71EF357C5970B8A4720"
"legacy/engine/toolchain/asset/CMakeLists.txt","E4B6E5D73EE2BD7E104BF497939EDD206575E355A3EFFF3D2B8E283C0273EB71"
"legacy/engine/toolchain/asset/builtin/CMakeLists.txt","A8A2CACB111F657F7A9C142BC99AB2F1112EE9EAFF38C0E51C4E7FD8F29037D8"
"legacy/engine/toolchain/asset/builtin/baker/CMakeLists.txt","7E5AA5A3C4655C6CEB23E75AD20E63B15B11B26A158088E1DA70FA36DC2A7813"
"legacy/engine/toolchain/asset/builtin/baker/lux_content_baker.cpp","CE2148B9193B2ADC83508CEC3B7C6F0A86146E421721A7229A088BFAF2E1235B"
"legacy/engine/toolchain/asset/builtin/include/lux/engine/toolchain/asset/builtin/BuiltinGeometry.hpp","97C31BDFB0816AA72E532EA5D41EE0814B1EF29F763FCCF743B0BC6A24B8DF6D"
"legacy/engine/toolchain/asset/cook/CMakeLists.txt","144182085DAA5E11ADEE27F05D335D5C9D9D00BD7A5EF4F79CA9A32EA6F626D5"
"legacy/engine/toolchain/asset/cook/include/lux/engine/toolchain/asset/cook/PakCook.hpp","DF0DCE5C2E0231E6C26241535AF342515124F68BAACD5C70CDC0F4C28F4ED956"
"legacy/engine/toolchain/asset/cook/src/PakCook.cpp","C85AD61CED2BBDBC6CCAA9BB45DDC75375515CE93D8422D51A2FC12007C6F014"
"legacy/engine/toolchain/asset/material/CMakeLists.txt","9B0DA18765BA66D040D9DC615EBDEC87D483FD36940CD96B21A6A2496E7B3314"
"legacy/engine/toolchain/asset/material/include/lux/engine/toolchain/asset/material/MaterialGraphCompiler.hpp","F32FB0D89E0DA2FAE4EECBBBEDA7D6A74448C5DA402B80BB0A15EAD71042B7D4"
"legacy/engine/toolchain/asset/material/include/lux/engine/toolchain/asset/material/MaterialLowering.hpp","CA60291E4F7B2E00BF7CB065BBD5DA3ED29DA85CEDE023597D821A4465701033"
"legacy/engine/toolchain/asset/material/include/lux/engine/toolchain/asset/material/MaterialToGraph.hpp","6E3BCD06D29890430A8E8623CD6F1AB21DF1D006ADD66CF3241D390090EAA8B3"
"legacy/engine/toolchain/asset/material/pinclude/lux/engine/toolchain/asset/material/MaterialShaderPaths.hpp.in","633CBAF5FF2E7D19415D4F4CFF4C2BB23B740491CF56B9710B7DC8747BB1B5B6"
"legacy/engine/toolchain/asset/material/src/MaterialGraphCompiler.cpp","2EF9C2029AF342493B2C7D820EC19A3892E56FEB6F375E71F537711751AC3900"
"legacy/engine/toolchain/asset/material/src/MaterialLowering.cpp","BDF83CDC1354C273D1B5150F438FEEA9314DDAB2EF87EB5139C62101CE034776"
"legacy/engine/toolchain/asset/material/src/MaterialToGraph.cpp","A7538FC5D694707AB4A085C30612D5874480BBD683A1BC7E7B79B761BD3631A2"
"legacy/engine/toolchain/asset/model/CMakeLists.txt","0F88A1ABDA3AAEBF26B3BCE3BABB313E9C88FC07D6C43546D1E1260716826DF4"
"legacy/engine/toolchain/asset/model/include/lux/engine/toolchain/asset/model/ModelImporter.hpp","A4330C36BAEFE610128D44EEA615E3177CA643CCB6105DAB9AA99BEF303F2AE2"
"legacy/engine/toolchain/asset/model/src/ModelImporter.cpp","9D5C08BFFFC2872809C94BCDEA3999A6080DDA085EAE0543970ABEF2BF5F56A7"
"legacy/engine/toolchain/asset/packer/CMakeLists.txt","03266FF3D244207AE45B9D6A62BB09C961CB466046F979FE06B8E3E9DAE0FFED"
"legacy/engine/toolchain/asset/packer/src/AssetTool.cpp","F01C5184664A4D72985C7A347E3DA235E78B523A94E41DDB08E599DF1B6D0644"
"legacy/engine/toolchain/asset/packer/src/ShaderEmitterTool.cpp","C2FA239FEAC625518A7B221FE1B0626834B74D4ECF0502DAEB59B6D1F807167A"
"legacy/engine/toolchain/asset/texture/CMakeLists.txt","FDF56DD81C3B7B2C21F822D7B9AD693B82CF8A979760A91E62ECF1BB8DCE1039"
"legacy/engine/toolchain/asset/texture/include/lux/engine/toolchain/asset/texture/TextureImporter.hpp","CAACA8DF2ADE5BAFF6D6E0E9940F60554D836C23D01E9677AE66C3DFA74ECA4A"
"legacy/engine/toolchain/asset/texture/src/TextureImporter.cpp","2423C30D230485CC9AB495138D14C8E676EA3AF75106CB01E66CF7881D8A5E4D"
"legacy/engine/toolchain/entity_scene/CMakeLists.txt","E6B418BB4E526B45C849DCE44A81811840DDDE9730386D30B97D0626BFD26597"
"legacy/engine/toolchain/entity_scene/include/lux/engine/toolchain/entity_scene/EntitySceneCookError.hpp","9B6106B949C1D30A9E72DC6E70646219501BF917B7C9EFAED3D52A7A68424FE2"
"legacy/engine/toolchain/entity_scene/include/lux/engine/toolchain/entity_scene/EntitySceneCooker.hpp","20125BC5509629706E9A6D8BF62AC20CCFF9433EE4E2BBD225EE0ECCA716CD58"
"legacy/engine/toolchain/entity_scene/include/lux/engine/toolchain/entity_scene/EntitySectionImageBuilder.hpp","B1E793DA24C2961D0494B6CE5502F3C2DFB5A092E167E26BDDB2708308E8140D"
"legacy/engine/toolchain/entity_scene/include/lux/engine/toolchain/entity_scene/TaggedPayloadTranscoder.hpp","330C6E59BBDC798D3231D469152B56A216E1C39F97DA7FC16CB3C8336681DF79"
"legacy/engine/toolchain/entity_scene/src/EntitySceneCooker.cpp","9A6CDE7F9EE42CE21CEE8B5CE23D7688792A4F12056217C0B9B8526BC886F06F"
"legacy/engine/toolchain/entity_scene/src/EntitySectionImageBuilder.cpp","D8F0BB7433BB34DCFB3CB1B1E49C6B7B2C4D30C3D588661F1CE1C24604D6E842"
"legacy/engine/toolchain/entity_scene/src/TaggedPayloadTranscoder.cpp","92DB4C9BEAAB88CFB30AEEA7E1C8D063B489105E22DEB3D0F202F5ABFC0DD16B"
"legacy/engine/toolchain/game_export/CMakeLists.txt","890BFB7614DF6A11CF50C45475538B285C9EEFFEB75CCE4ED9BBDEE18242DD91"
"legacy/engine/toolchain/game_export/app/main.cpp","C0D5D6AE9A06BEE15D50A33EFBAE0DA0D4287C27179380EE06FAAE4B99E78F1F"
"legacy/engine/toolchain/game_export/include/lux/engine/toolchain/game_export/GameExporter.hpp","EF4CD15BC4BED543B7D65D4404FCDDD2A66F9663DD6CF3E74B1F2F876AF5DB12"
"legacy/engine/toolchain/game_export/pinclude/lux/engine/toolchain/game_export/GameBuildClosure.hpp","598D53F84A0483646A1F51BD9E13A0F2447729C15A5FFAB88932585842EB3610"
"legacy/engine/toolchain/game_export/src/GameBuildClosure.cpp","BC24C95084325931FDDA65A84521F480DC8EB1D69364A1CD5942621E202AEDD6"
"legacy/engine/toolchain/game_export/src/GameExporter.cpp","7B65DF1556D23F529E7B02818099FEAD675FD82F79F4F54F5CBC7D2A6E87D1C1"
"legacy/engine/toolchain/shader/CMakeLists.txt","83261DD72A6F1F7902C1FA318AF38B8B0527A70FB53EC6D7198D87214DDCB989"
"legacy/engine/toolchain/shader/glsl/CMakeLists.txt","3228DDCADADF092C2570E814CE2FDB081DCAFBA509290560F69C3210588C0B0D"
"legacy/engine/toolchain/shader/glsl/include/lux/engine/toolchain/shader/Backend.hpp","060BB31F1CBE4F11E4283B243624095AB012A0EB30676664D951B5DC4708A890"
"legacy/engine/toolchain/shader/glsl/src/ShaderCompiler.cpp","74372CC00D7D3B99A1ED9E24EB02E8C8DB8343D5E47C50F6169AF1EEDB35E261"
"legacy/engine/toolchain/shader/glsl/src/ShaderEmitter.cpp","33DBEDD923DC5565DE0597A3957DE9680DE06CAF1D7050F0C284676873C3ED23"
"legacy/engine/toolchain/shader/include/lux/engine/toolchain/shader/ShaderIR.hpp","1C085E506A4C506BE4C8EC1EAE35B0A34DE15F32E9881E6B9BCB04DCEF43A87C"
"legacy/engine/toolchain/shader/include/lux/engine/toolchain/shader/SpirvAssetPacker.hpp","F9010A45CE24F9F77CFE59D4F8201FABDE6A0EE3F2FECEB57E134A28185E10E4"
"legacy/engine/toolchain/shader/include/lux/engine/toolchain/shader/lglsl/LglslEmitter.hpp","0A7F4CDDD6266C002776844052DC03FAD419A9426DDA5D9B2047D96EA0759024"
"legacy/engine/toolchain/shader/src/ShaderIR.cpp","BD8CAE8991D11931CBA8A2CF379F9BA17C29A718DE12252B44A86F0A64446BB6"
"legacy/engine/toolchain/shader/src/SpirvAssetPacker.cpp","064E02F45208DB86BF07C8591BA80F837697CC7F0232E4B4E1E53DADABCBDD78"
"legacy/engine/toolchain/shader/src/lglsl/LglslEmitter.cpp","6B8F91AC07F53D1FC2F4016D4623E1B3D0395D6465D2F7B6A0BD57AD459F88A3"
"legacy/engine/toolchain/spatial3d_scene/CMakeLists.txt","0F6E03F3A75B62D70FE06D0E7B595C8BE3F0D041BEE0F840A50558AEE1B9D61B"
"legacy/engine/toolchain/spatial3d_scene/include/lux/engine/toolchain/spatial3d_scene/Spatial3DAuthoringSource.hpp","6B18E08EBB2D7493214A34F50AB5A87A726BF7F3CDD1CCAD05EBA4C623688029"
"legacy/engine/toolchain/spatial3d_scene/include/lux/engine/toolchain/spatial3d_scene/Spatial3DSceneCooker.hpp","FA24CFD6BD39673DCAD614A3CA15D4CB2356D002CECFE66B15F1B7CD5B0B1834"
"legacy/engine/toolchain/spatial3d_scene/pinclude/lux/engine/toolchain/spatial3d_scene/detail/Spatial3DNavigationCook.hpp","E1A6CA0ADC680303ABE4E0A71FED118576B720B93D21A68A29FD6782FD260416"
"legacy/engine/toolchain/spatial3d_scene/src/Spatial3DAuthoringSource.cpp","08B5EAE1B450C6E7FD0DB7ACABB71814BCFE2A570AD40B9F71B14C8891EE3FEB"
"legacy/engine/toolchain/spatial3d_scene/src/Spatial3DNavigationCook.cpp","75722574171940699BECCB889D9F68DBA7830B484295AF3B68CF42A82CA39A62"
"legacy/engine/toolchain/spatial3d_scene/src/Spatial3DSceneCooker.cpp","B6DD918F45630A5080818E5031205077CF20C9DC45949837311E9F4E4CFF8181"
"legacy/modules/resource/asset-runtime/cmake/add_asset.cmake","135F65134A3F45C6F53BCD87767250277C4A802FDEC511B8D1E7B40DDEAE9CC9"
"legacy/modules/resource/asset-runtime/include/lux/engine/resource/asset/Asset.hpp","AFFCEEAA3E02FBBFFA408F0933379C70B46882680BF486D7A8DB487F86FED9E0"
"legacy/modules/resource/asset-runtime/include/lux/engine/resource/asset/AssetCodecCatalog.hpp","4C0F36E0336ABB84A169465D9C953868C0BB7CD31D5E4BB6A9B6774C5B93677E"
"legacy/modules/resource/asset-runtime/include/lux/engine/resource/asset/AssetEvents.hpp","69EF60D8EC3025AB87A1CBA9A5D6DD6A2C0056B92BCEAED18BF7A269A031333F"
"legacy/modules/resource/asset-runtime/include/lux/engine/resource/asset/AssetHeaderProbe.hpp","B9C0617AC42FE501F7E48F1753B5456F48AA3A45B618477653AA0978C8E4DA9B"
"legacy/modules/resource/asset-runtime/include/lux/engine/resource/asset/AssetLoadPort.hpp","E42CC69292FE4D553C63B75612EA9568FA65507D268B01B5FD203B9E12F7D823"
"legacy/modules/resource/asset-runtime/include/lux/engine/resource/asset/AssetManager.hpp","AE4B7BB778F96A84394E2847F3BA11371253C66885EB436D0644456AB97F453D"
"legacy/modules/resource/asset-runtime/include/lux/engine/resource/asset/AssetRef.hpp","02119B18651E73CE3F89DF14FA1B367F27C3BAC75BEBB4346C1DC1C1E4026DAE"
"legacy/modules/resource/asset-runtime/include/lux/engine/resource/asset/AssetSerDeser.hpp","698B63F1CB11E7277AB416C875B492973BE841745CB480835DEEE23F1D092DF2"
"legacy/modules/resource/asset-runtime/include/lux/engine/resource/asset/AssetServices.hpp","8EBC234BB1FC010941C5BB77171FEBFA3E37C067172F93B247E56BA1D86382B9"
"legacy/modules/resource/asset-runtime/include/lux/engine/resource/asset/animation/AnimationClipAsset.hpp","3C033492931BA8B7811058E3DC68B6D082A9E82EAC728193FDA445156A147178"
"legacy/modules/resource/asset-runtime/include/lux/engine/resource/asset/animation/AnimationClipSerDeser.hpp","CD9FE16FF083227F85021B463EBC89124CACDC6027B509663081C7A57ED4DADA"
"legacy/modules/resource/asset-runtime/include/lux/engine/resource/asset/animation/SkeletonAsset.hpp","D533230C806FD6811932DCCB241514431F92B589DE6D175B49F978F0FA07DB44"
"legacy/modules/resource/asset-runtime/include/lux/engine/resource/asset/animation/SkeletonSerDeser.hpp","02398745D7A074F9D09FC01923FC23366CAB34EFF5197310DF1E35A0DAA79DDD"
"legacy/modules/resource/asset-runtime/include/lux/engine/resource/asset/material/MaterialAsset.hpp","C748E76A5DD37C94400F338D5D929A593A84093666711266507F3C7E8FB75F32"
"legacy/modules/resource/asset-runtime/include/lux/engine/resource/asset/material/MaterialInstanceAsset.hpp","77C79A9806F90C40A6E154500992DAD0A5A09708B40200F26451045A53526F72"
"legacy/modules/resource/asset-runtime/include/lux/engine/resource/asset/material/MaterialInstanceSerDeser.hpp","4ED364CE93780AAD560E8C2DF03073DB02B7168AB3D2DE7DFC67F589EDFA878C"
"legacy/modules/resource/asset-runtime/include/lux/engine/resource/asset/material/MaterialSerDeser.hpp","7AD59B65C0325717D9B883320C9CF614894061568FFCCE6F4156D560B534935E"
"legacy/modules/resource/asset-runtime/include/lux/engine/resource/asset/mesh/MeshAsset.hpp","5D6755BCA64D02A27B6772397FAFD4AFED79B074E932532A62FC0D728788726D"
"legacy/modules/resource/asset-runtime/include/lux/engine/resource/asset/mesh/MeshSerDeser.hpp","7A286D9556A4533C8D9EE50C84F93D318BA036533E48BC667CD1C4D7F64C7FF3"
"legacy/modules/resource/asset-runtime/include/lux/engine/resource/asset/model/ModelAsset.hpp","041E62D2D554FB68A57DC5E4C21E2841D9040B9726C2719264587B640DD79A1D"
"legacy/modules/resource/asset-runtime/include/lux/engine/resource/asset/model/ModelSerDeser.hpp","037D5BF0B2F4A00E94D16EC54A54FB0D967DCDF1A5DAFDF648069F77F41EBD99"
"legacy/modules/resource/asset-runtime/include/lux/engine/resource/asset/script/ScriptAsset.hpp","75F03D647D1132274A46D95EDE325A4466C467C4ACB84BEC5FF7EF2822CAEE36"
"legacy/modules/resource/asset-runtime/include/lux/engine/resource/asset/script/ScriptSerDeser.hpp","81ED4FAE44436B537F158D9640EAD8AD6B1B43B7964876D3A2F070EDD2DF1444"
"legacy/modules/resource/asset-runtime/include/lux/engine/resource/asset/shader/ShaderAsset.hpp","0A46AC75E40D8D9B0FF4BEA14A697C2F582F919C74A6F1E722F326227790F4BA"
"legacy/modules/resource/asset-runtime/include/lux/engine/resource/asset/shader/ShaderSerDeser.hpp","04EA5F8555B81177988BA9D484626E075DB2D6730C2B92544D12AC5B17BBAC4B"
"legacy/modules/resource/asset-runtime/include/lux/engine/resource/asset/texture/TextureAsset.hpp","AAA3A0F41F4CE1174021D1121F2B575F5F74DDD175558A1FC187B79960C1C6B2"
"legacy/modules/resource/asset-runtime/include/lux/engine/resource/asset/texture/TextureAtlasAssets.hpp","78684C4322BCBE9BA61FB43C7BE850BDBCD47A78377CD09A5632458FF7AE7B5C"
"legacy/modules/resource/asset-runtime/include/lux/engine/resource/asset/texture/TextureAtlasSerDeser.hpp","132BF14589D8E5C96E67D36F531A03C8E230325867793462169414EFCB5E3FB3"
"legacy/modules/resource/asset-runtime/include/lux/engine/resource/asset/texture/TextureSerDeser.hpp","0256D45AC9A416BC222A763FF0FB00B180E440A68CCFB598621A72831022338B"
"legacy/modules/resource/asset-runtime/pinclude/lux/engine/resource/asset/detail/AssetManagerImpl.hpp","F3190D452FBE74A5FCD28D61EE1197096F333CCF9D08D32BFBF343E0D9A2EE47"
"legacy/modules/resource/asset-runtime/pinclude/lux/engine/resource/asset/script/ScriptDescriptionCodec.hpp","27027F56955DD06EF3F5FDE2C65990B885B9DE536C554F7003853620AF2BE7CF"
"legacy/modules/resource/asset-runtime/pinclude/lux/engine/resource/asset/texture/TextureAtlasDescriptionCodec.hpp","38D274AEE9B3DFC77A5815CBC1C087382D190FBB006968206331ED9A381E9FAB"
"legacy/modules/resource/asset-runtime/src/AssetCodecCatalog.cpp","4ED2B6AF645D19FBF345963A85875253C126401FF496C32496E5E4BD15B002D8"
"legacy/modules/resource/asset-runtime/src/AssetLoadPort.cpp","313ACFCCE5CD560E187019F2FCBE5247922ACE9D97DC4BF7C344FC739E78ED6F"
"legacy/modules/resource/asset-runtime/src/AssetManager.cpp","30376170A9814B1312B86E9CC25E4DF03B282E0841A4002F4ADCFE00F6981D56"
"legacy/modules/resource/asset-runtime/src/AssetSerDeser.cpp","C6F033A63CC044F898EA09F5AD89E9D8D5849D7F589A22BD32BC26608F639B56"
"legacy/modules/resource/asset-runtime/src/AssetSerDeserFactory.cpp","4798F52CFAF99604A1ABEBE91CDF572C69976A71C6A710012F7E43A461CBEAAA"
"legacy/modules/resource/asset-runtime/src/animation/AnimationClipAsset.cpp","F25E056A833E8FBA3D55E434B68D2ECD092DA527AC180384AE1141BEB0A1AA9A"
"legacy/modules/resource/asset-runtime/src/animation/AnimationClipSerDeser.cpp","3E5444AA1731D7D49D564D1734BC4005750A0230200E3013F8F0A754405751B8"
"legacy/modules/resource/asset-runtime/src/animation/SkeletonAsset.cpp","88203875E24E53FE2577C2325B2D540BC82C6E238236DFA82260202693DB6003"
"legacy/modules/resource/asset-runtime/src/animation/SkeletonSerDeser.cpp","8DE9E602B03A4777C5B479CC40982917D7D5380D4679B7E04CB84B995A921A60"
"legacy/modules/resource/asset-runtime/src/material/MaterialAsset.cpp","22DB128E7BC3879F2E422DF1E209CEAED6087CD9A6085374134A087718645B1E"
"legacy/modules/resource/asset-runtime/src/material/MaterialInstanceAsset.cpp","A4863FFAFB368EA7B1DB7D9D91011F6F212D0AD73C992EA598104938D1050F0A"
"legacy/modules/resource/asset-runtime/src/material/MaterialInstanceSerDeser.cpp","4DFA5C07353B1E5BDC836E72D580A7876661D9F8B33715F768CAA87CFD7F1842"
"legacy/modules/resource/asset-runtime/src/material/MaterialSerDeser.cpp","74DC43C39AA91F434068CDBB308A0101C7597D046CAB5053C88D6ED8DE88C0E0"
"legacy/modules/resource/asset-runtime/src/mesh/MeshAsset.cpp","2CEBBA1DD6ECD27D843FEF7F9DD86BC96FEE7A8D06B92827C7E8592DD38C51CA"
"legacy/modules/resource/asset-runtime/src/mesh/MeshSerDeser.cpp","378297817FBB1AEE1FCD8A82A43DCC4F5186B19C587E8C020CF79A983FE79537"
"legacy/modules/resource/asset-runtime/src/model/ModelAsset.cpp","CDE02ADB031A49DDD6564C58A3C1D44AD8799F334255ABDD76DF651BD96A4586"
"legacy/modules/resource/asset-runtime/src/model/ModelSerDeser.cpp","7748613DF154F8F7E2699142E26997499911342139EB8CD2A905D0130CA14313"
"legacy/modules/resource/asset-runtime/src/script/ScriptAsset.cpp","4FA8FC1EFD4D40A8C86E8DA9D63ED1B7703A221A3E427E2423FE90C62BCDBB63"
"legacy/modules/resource/asset-runtime/src/script/ScriptDescriptionCodec.cpp","D6D61A5349E7423C3402B67635E8A67A744435D174346861571BADB47762D767"
"legacy/modules/resource/asset-runtime/src/script/ScriptSerDeser.cpp","DF7A561C672D09799B03DE9ADDDBEAEB8012C0E226AC1F2DE4FB4FE13366C442"
"legacy/modules/resource/asset-runtime/src/shader/ShaderAsset.cpp","8498F4230B2D90D51D41BC32A27AF5D1A39588E667C8064F4ACC35AD8BA01437"
"legacy/modules/resource/asset-runtime/src/shader/ShaderSerDeser.cpp","F20AC9984BD9770EF72FC396523C60EE7BB9C7B4BF01A091E37F3FF4DD88E2A7"
"legacy/modules/resource/asset-runtime/src/texture/TextureAsset.cpp","8D6F0F95E33DDC3AA5E1562C761EBAEDABBB01C448AC89856283F6DBE4167BFF"
"legacy/modules/resource/asset-runtime/src/texture/TextureAtlasAssetValues.cpp","8A882216771A70BC2F564CC32FD1681230F1C1FFB5ACDD80B5B245AD09C877D4"
"legacy/modules/resource/asset-runtime/src/texture/TextureAtlasAssets.cpp","91DD0861253989E491F62C44F2D3286FEA4EDA5329A78D67403C9D610371D2DF"
"legacy/modules/resource/asset-runtime/src/texture/TextureSerDeser.cpp","A190CB0CCE5F8800E329199E73C7C10B458909215F203040BBF5EE9606929103"
"modules/CMakeLists.txt","025A604D0A7E56AEE694801639D4B1FC2FA121467C9F736B5B7464C1FEC12882"
"modules/core/CMakeLists.txt","899D745EA529177BDA632F198F1BA5F69841E5ED048FA0E7745FD7B69BC4E666"
"modules/core/async_port/CMakeLists.txt","BBD8B1A4D909D0D4A818DB9CA6F8956965B2E5AC3CA741407FC20639B58B6E0B"
"modules/core/async_port/include/lux/engine/core/async/OperationInbox.hpp","2524B5AB20099D82CDBAF5011B2925C9153550FC0762C26328108A2BD4259AB6"
"modules/core/async_port/include/lux/engine/core/async/OperationPort.hpp","638696A5D5FB92F937C74E6C4CB13C473EC3777AEB14AA0C4F089DEFF9F00B3B"
"modules/core/events/CMakeLists.txt","6A05EDB67452327B40DCE691B8BDFBAAD84A346BDEF6B25A2AD1BDFBD72B4895"
"modules/core/events/include/lux/engine/events/DomainEvents.hpp","CEB568944FDE03CF75F1E6E91DB0CF321C73F54DA4AF2B842DA41C0768B98A8E"
"modules/core/events/include/lux/engine/events/InlineRecord.hpp","0287FEEEA0E98E00F9BD5CD28988B5B8D14736652D5CC7DFBA7258B12E8B3CD3"
"modules/core/events/src/DomainEvents.cpp","043ADBA2F450107567231C6218455142BC25279C78994FCE733B136D90E5E5A8"
"modules/core/log/CMakeLists.txt","DFD81572C9DA956DC606E62C267C08C7B5CF601A1D6FB8A8C30CA43F390FAC30"
"modules/core/log/include/lux/engine/log/Log.hpp","EE44409E7CB4A4CF5CC7C24A695B232C9AAABBE5D4873A541B3B0C9C1A6B97CB"
"modules/core/log/include/lux/engine/log/LogRecord.hpp","91DFAA7776EB1E007C448CF287F598CB1A35590C9237989462179AA15983DC01"
"modules/core/log/src/Log.cpp","4712E04BB9B34A26F64EAFBACD39A0659080076E95B92956B4ECF7093FC15A61"
"modules/core/math/CMakeLists.txt","DF03789BEAB1219AAFF347145CBBF20F89E4A61D16589D36AA6183A0E3FE6D04"
"modules/core/math/include/lux/engine/math/AABB.hpp","F8D131DB7C97F7ECD4704940CAD4CD49914504F52323CCE3E07CFA409A7434C0"
"modules/core/math/include/lux/engine/math/Aabb2.hpp","00283D8EAC803F795E435710D542EDD12DE0234696227CB3D29756D79254B2BD"
"modules/core/math/include/lux/engine/math/Angles.hpp","15BF5D8988D6843E12368ADA7A278B25DD8967E205CEC51B841823DC05293836"
"modules/core/math/include/lux/engine/math/Circle2.hpp","E9FC4CA8E30E20BE8CB6DD41A22B5958976EB965A5F35273EF7BD6305E19694E"
"modules/core/math/include/lux/engine/math/Extent.hpp","81D3001D0A5E15BFE5540CD1DCCBEE6E9FB7CB7E6AF02DB3D216BB03015FED00"
"modules/core/math/include/lux/engine/math/Grid.hpp","B635D15A57B02FB51C72F40B54649E608908DC639A3775624BCCAA7839893A2E"
"modules/core/math/include/lux/engine/math/Intersection.hpp","BBA5CD9D639384F8A9AE9601B32B98E8E6833A508F27EC55B37C4C285A4DA134"
"modules/core/math/include/lux/engine/math/MeshBVH.hpp","96BC01405B72FFAD52356D32DE444E904C30DCC2E250EA713094D963A3A99294"
"modules/core/math/include/lux/engine/math/Picking.hpp","EE03702428483D79CF475DE8C475FC58F22F69D20D6F12F3FD15251833AF41A4"
"modules/core/math/include/lux/engine/math/Position.hpp","9AF83D0FD3CA164E81A05A72E5DEA95FF58ADEF55F27C8C9A335B118E9F8B123"
"modules/core/math/include/lux/engine/math/Ray.hpp","6A278ACA0D298C845CFFD89A7AE09D5784BE42ED969FD022BC78B772885D34AA"
"modules/core/math/include/lux/engine/math/RelativePosition.hpp","AC97495DE06E1CBE30784C8EA56BD956C7D3A8A57FC9FA79A57C3EB98BDAA0B3"
"modules/core/math/include/lux/engine/math/Sphere.hpp","96B12CE6478ADC0A98E1FBE938F8D520864C5AA6323B051AFA55C687AE3E9F8A"
"modules/core/math/include/lux/engine/math/Triangle.hpp","0D33C6CA6B44177278CAC2E96634B1EB2ED649131EB4976B3F359D21133D5C8B"
"modules/core/math/include/lux/engine/math/eigen_extend.hpp","A24A957FE843658BA7270902309D80ECF2BD5EFB686BBE9367FFF7A45B2AD196"
"modules/core/meta/CMakeLists.txt","8D599908209A58A2BC6580D35B3F5A78952C1EE6F2DF9F31686401F9BEB958FC"
"modules/core/meta/cmake/engine_add_type_info.cmake","F347F26A708D7ECB75321A597530F1F98607C3CF1AF62C223834360E44F4DBE5"
"modules/core/meta/cmake/engine_type_runtime_info.cmake","D2F42000FE9405036E619BCA993271EA9BE44A785D32894A2F5FF8C1204F27F3"
"modules/core/meta/include/lux/engine/meta/Meta.hpp","429B86C2EC8C83AC2CA217CF7A720FD405D6BA2FC3995F91791BB2F4CE5400AF"
"modules/core/meta/include/lux/engine/meta/MetaCompat.hpp","FBAA7BE93BCBF4C6FF13EEA53ECACFD1FE431301C014D66011FD07BC3AA866A3"
"modules/core/meta/include/lux/engine/meta/MetaDef.hpp","9B36BEB2972CC178B8628A249E7757E12FE16BBD57BB94BB99230B72DBF99852"
"modules/core/meta/include/lux/engine/meta/RuntimeObject.hpp","1250DFFB8425C05290E223588626BA05CEC486DEB9FB4CEAB14A678E4BCC40CB"
"modules/core/meta/src/Meta.cpp","EAB3551EE5F4A570D01FFBAD2E1E4382B61BFF05A1E16996EA726F38EDA84552"
"modules/core/meta/template/meta_reflect.template","0E52A974D929827993E4EC11C8BD76DF0BF4B1D72801D4315ABCA35AF4270484"
"modules/core/meta/template/meta_registration.hpp.in","D05EE165EAF62C9E318B6D0A38CA3EF7986D705E384128961CE283D7C45DEBB6"
"modules/core/meta/template/type_static_info.template","CF0F7438A51071AA699A8325A5F5383B2932734EA283F562CAAEC6CEE194FD99"
"modules/core/meta/test/type_static_info_test.cpp","DE8D963AAC5E8F6C13CAB24756A93C47F9FF431FCA0A3FBC6BF06F740599370F"
"modules/core/meta/test/type_static_info_types.hpp","C30F3C7CB1471BB49629F8FEB59C28A249FB443816C8B159B84690C045E219EC"
"modules/core/object/CMakeLists.txt","F8700DB249A41E8298D549F24C6C8B9D9024A3C85F3CAB8E63B13B8E9C2B2B0D"
"modules/core/object/include/lux/engine/object/Connection.hpp","9A25A8D86C9553462573FA180FDDA498A7B869111FFA0C01653A221D82B54B86"
"modules/core/object/include/lux/engine/object/LuxObject.hpp","EF8C70095F7917BA15F0C787447F667E672E213601A3611BCE95765F19A05F7C"
"modules/core/object/include/lux/engine/object/Object.hpp","A1A0F52180CDAC4DE0334E4AFC0F7B28C395F9E71ACF1099C9FF5C5D3536B823"
"modules/core/object/include/lux/engine/object/ObjectAnnotations.hpp","F2C893B598985135581DACD28B800B1C9AEC67009F41E0AC998D807D703644A5"
"modules/core/object/include/lux/engine/object/ObjectDispatcher.hpp","1549AF25537F895929DBFA35F45636442D3DDE7017088DAF80A42D20E14AA9AE"
"modules/core/object/include/lux/engine/object/ObjectEvent.hpp","2101FF34F8972FF968B3718E1B6837E7D8B140AC92BBCE11EE843AFF27AB4C28"
"modules/core/object/include/lux/engine/object/ObjectReflection.hpp","F692203A5B13E5B7047F3D38E2C4119F12199E34BC1D95B0044213ACF844F08E"
"modules/core/object/include/lux/engine/object/ObjectWeakRef.hpp","E06F645A552503B48C1A6DF7873291549B5D9417B270742AA2D186EBF84A176A"
"modules/core/object/include/lux/engine/object/Signal.hpp","D0B9E69932EB85F731EB10E21842F8423A50FA54393E29FF56C87BFA181C1A0B"
"modules/core/object/include/lux/engine/object/detail/MessageEnvelope.hpp","CE553A8D1C9D0CD0FEC52C4DE043EEC6B6389C3E8124329AB77DFCCB697B9DCA"
"modules/core/object/include/lux/engine/object/detail/ObjectStorageFwd.hpp","7A642E0DEDBC700A5513281515AA511D6BAD1A9F8D2094D7D7DAC238E2B78583"
"modules/core/object/include/lux/engine/object/detail/SignalDescriptor.hpp","EE584CFB699687EA9EC7B8641FCAA24A332301C69F52C90C21615E30B795BE3F"
"modules/core/object/pinclude/lux/engine/object/detail/ObjectState.hpp","E7C904A0CE3599DAD486328EF426DEE6909DB6802636B010BF27B8EDA929A2FC"
"modules/core/object/src/Connection.cpp","C242C878A88C6290CE58539E2B1C517FB00636A547F622BF8CC9890E9BFD6D01"
"modules/core/object/src/Object.cpp","627B894996FCE5972B8E980101378B3C49DD6E44A9CDA815F2AEC057FA12E7C8"
"modules/core/object/src/ObjectDispatcher.cpp","561C51B8D32111782DCC83494AC6E0B0F59DD989B7965F2A10F2B1EE329ADA1A"
"modules/core/object/src/ObjectReflection.cpp","D96A5DBAEDF225C5BB0C0234C2AF54806D5A605A407933BBEEC80267808A9C64"
"modules/core/object/src/ObjectWeakRef.cpp","755E2587EC5679BACE5AB9D79E3FB42C2AEB3506AAB5666DC47CAF4A94A2E1E3"
"modules/core/semantic/CMakeLists.txt","287343EDCE0DA082A0434A2DB6987770723CB6A0438E862CBAAA3DF18E48FDE5"
"modules/core/semantic/include/lux/engine/core/semantic/SemanticBuiltin.def","108F045A6691B263B9E8DD820322DEB46A2425F08E4F085CA4598B78CFFCC0FA"
"modules/core/semantic/include/lux/engine/core/semantic/SemanticType.hpp","8A052A39F165C0C54100E78AC02BCE3C791F7B9FF172458CCD6B1ED2B0BDAF88"
"modules/core/serialization/CMakeLists.txt","4257319C4ADEC3F7A0873AE258CB7ED5D2667BDDDD4574A8B72CCD505B4DF48F"
"modules/core/serialization/include/lux/engine/serialization/BinaryReader.hpp","4EE35FA502D1F69FED6E4D6CF7E3BDDAE7F338BB54805BDB3EEB5B3231AAA10A"
"modules/core/serialization/include/lux/engine/serialization/BinaryWriter.hpp","26403AD1559283F9C60D833D350D5BD1A4548265EC6F221CC02D1C86936608FC"
"modules/core/serialization/include/lux/engine/serialization/CodecByteIO.hpp","3AF9685C606287C2E0F2AD129E2B7349A01E34320D61C1336E46A64CBA40168E"
"modules/core/serialization/include/lux/engine/serialization/PortableValueCodec.hpp","5A3762DE413793A1ABF99809AACE0937B7436A0623F76558DBDB97387AB3B4E1"
"modules/core/serialization/include/lux/engine/serialization/Serialization.hpp","C5F51CE43D32A5F23BFEF39AC7B4D10B86671AB1B445FE1E19FB8774F61916CB"
"modules/core/serialization/include/lux/engine/serialization/SerializationError.hpp","C172D1A176A245FA479E1F3DCC3FEBE5217AC6572000B4E499ECEFEFF7BA2505"
"modules/core/serialization/include/lux/engine/serialization/Traits.hpp","8422478DA198D0D5911C33B0FE7FEC826C9ECF560F4C7E820DC5E8FD57C81DA3"
"modules/core/serialization/include/lux/engine/serialization/external_support/Eigen.hpp","294AF7ABE7A53BCB6028FC15E68D53C0F59BEE4F07F12C524DAE6F40C653B08C"
"modules/core/serialization/include/lux/engine/serialization/external_support/Uuid.hpp","0D0D719484B3F4E39C53682FA3ECC4F5DEDBC8CB39081B6DFEE7B375792E925E"
"modules/core/serialization/src/Serialization.cpp","17A8027415A09EB6EF67392360C622EF47B1E0A6BFAC27304FB9FF57BC7C8FDA"
"modules/core/task/CMakeLists.txt","CBED915E69E096570752B0469AA77A9BB2AA01AF0FD3B50CDB7E47D58DE9F8D3"
"modules/core/task/include/lux/engine/task/Task.hpp","4E47DEF1C89863921E7F993822D52DEF9F0D368CD9B88D5E7D91666EAC99C965"
"modules/core/task/include/lux/engine/task/TaskCallable.hpp","A4E68DC287616ADD788BE9AEB393E7925E6DF445D11E9080676094467E9C1D16"
"modules/core/task/include/lux/engine/task/TaskExecutor.hpp","AFEB76BD30232AA8957657406D32DEAE001A6219B7216AC1CD80670E7B9C3EAE"
"modules/core/task/include/lux/engine/task/TaskGraph.hpp","5BE34EC78D520F8CF3CDBCEDB217671CC896BF2607920DC2F48150D13133541E"
"modules/core/task/include/lux/engine/task/TaskGraphBuilder.hpp","5128B7B033D0F03EFD1DBEA3BBA747FF1A0E8C4AE6734E0553A07061E1BC696C"
"modules/core/task/pinclude/lux/engine/task/TaskExecutorDetail.hpp","69A71CAA058A04844D4940CCCC5FD243AB32E1C983279CCDA08411614F70717F"
"modules/core/task/pinclude/lux/engine/task/TaskExecutorFailureInjection.hpp","652990BF49F98B393087F4EBF5EABE25C45F3E0BEC04A12FAE3873B1368FC20A"
"modules/core/task/src/TaskCallable.cpp","1E31DC6E7EFC50CE6D3DFDE18FB2A458B7137C29EE71BEE9CBE58EF4F4D9FBC9"
"modules/core/task/src/TaskExecutor.cpp","C0C2950A2D45F88E84D5E73C021A30A6D7264F26FCD344B5E00691DDFB6D75BB"
"modules/core/task/src/TaskExecutorFailureInjection.cpp","75D1372261A1BD8DD79705AF04B21AD04E764FD6CC2CA677B03F08675DA46C48"
"modules/core/task/src/TaskExecutorWorker.cpp","4A0BE86244525BCE824AAADD79267334DC176EEF280D657A454D2E2EF3D9FA62"
"modules/core/task/src/TaskGraphBuilder.cpp","56DDE7184C4C62026D6BA7A17855C81F376DC8E1ED86D5BDD28D2922F292959E"
"modules/core/task/test/task_graph_test.cpp","38A5879B2352A53F70064737F04B1F759333FEA914474E58DF97E0F64FC80C1F"
"modules/core/type_info/CMakeLists.txt","0088C1AA041615747AA9DBA4B981FF5D5906A1D64DC32F081EEF2062FE4E80DF"
"modules/core/type_info/include/lux/engine/meta/MetaAnnotations.hpp","59970EEBD3E45EF750EDD9E77C220B590CF6E324FDA2710881262C358F2AC35A"
"modules/core/type_info/include/lux/engine/meta/TypeStaticInfo.hpp","7227E44B97B048F16AB074A5E0EC42E896ABEE695991FFDC73F1F3FCF2A392C7"
"modules/function/CMakeLists.txt","1DF1CF503B732166AA2D46C7131CCBB4349232D6915248BD2C7D9454E57B5B4C"
"modules/function/animation/CMakeLists.txt","954261B97D79C6F2679E0522D35428BF1F451AC751D74863E205FE74768F220E"
"modules/function/animation/include/lux/engine/animation/FlipbookSampling.hpp","29A1F7DB78200933CB2A5167BA36CA219A2EAF204AF020498A14F687C03818CE"
"modules/function/animation/include/lux/engine/animation/PoseSampling.hpp","967EE89D50C16B074D1B3B658308F1CA52BD00A5DAAD92E4C56D1A8B49CE7F13"
"modules/function/animation/src/PoseSampling.cpp","42D552D32976F07F58D15AD1326EB35EB0334134F0176A130D7666A1B667AF9B"
"modules/function/flowforge/CMakeLists.txt","36C029EC6C226FB38D9C683989E29374A7D60481D8D658A9E4EE12736AEF37C1"
"modules/function/flowforge/include/lux/engine/flowforge/graph/ArithmeticNode.hpp","34FDFB805539F0577225EF1869638816F7DF1E18D4F0B063E2348AAD909DA8C3"
"modules/function/flowforge/include/lux/engine/flowforge/graph/ControlNode.hpp","20396E54752AB6356ED786999802F96CD99E5F8A248AC3124EE167AC5984B7E2"
"modules/function/flowforge/include/lux/engine/flowforge/graph/FlowGraph.hpp","3C26D57593920208EB8F720EA3C4322F4DB7846E60C2E1D39637C279BCC90F1A"
"modules/function/flowforge/include/lux/engine/flowforge/graph/FunctionalNode.hpp","57E423ABD195A42150990FB5199469E2187FD6B6EEAA6243165C5AFDA29E8727"
"modules/function/flowforge/include/lux/engine/flowforge/graph/NodeBase.hpp","E4B6FE98FC7DC74F771AB5EDEAD78EF15BAB2DF2CA88C3BDCFC217A224EEA9DB"
"modules/function/flowforge/include/lux/engine/flowforge/graph/NodeRegistry.hpp","3F5D54B8AC42CAC63E7C9330716DE99A6E9E1843C087071183D903A7DEE054E2"
"modules/function/flowforge/include/lux/engine/flowforge/graph/ObjectNode.hpp","9508669509219D1DA240512EB98246777CCDB04C3AC8A31DD73CDF521F909AC7"
"modules/function/flowforge/include/lux/engine/flowforge/graph/StateLayout.hpp","C0990CE9407AD113D2E7419E7829158F80E52F9847E5F72116B05156AA99B487"
"modules/function/flowforge/include/lux/engine/flowforge/script/ScriptAbilityCatalog.hpp","6F248E3E777976B264393652873B26136F7F506C1691ACFA02E679EAAA47AA50"
"modules/function/flowforge/include/lux/engine/flowforge/script/ScriptAbilityNode.hpp","FD17686C6BB9CBBE37949797293A5D568F9EA49BC4528152B4FC2497F2D26F62"
"modules/function/flowforge/include/lux/engine/flowforge/script/ScriptEventAwaitNode.hpp","2266D14C494EB8D53B3E9BE948552C2259766040337DD96DDA939C8FEC322E44"
"modules/function/flowforge/include/lux/engine/flowforge/script/ScriptGraph.hpp","B004E84C9C584A7FAE3ED0B64A889E6CCFCBC4366E8E48D8FBE41BB714804265"
"modules/function/flowforge/src/ArithmeticNode.cpp","28F9BB194E4D831B29C4D8F1A16CAFF00895F603155FC88DD810820C50CF3676"
"modules/function/flowforge/src/ControlNode.cpp","4675A06CC612AF8524C9F20867438C97B94C21CD47FEA6A81737A5753D6DEF5C"
"modules/function/flowforge/src/FlowGraph.cpp","71213423E464D4AFA80D56A3230A5E4E6A52EB68D9D6167C93BC2C4D8DB20AC7"
"modules/function/flowforge/src/FunctionalNode.cpp","495D5D4A4A9F4FCAABD4660A3670FCD3B548E2FD38C1F94C574FED1750F570D8"
"modules/function/flowforge/src/NodeBase.cpp","E8EDC21733CF73BD65844179FA9F8F3E9A6B6D1EE49263B20651AB7F801953C3"
"modules/function/flowforge/src/NodeRegistry.cpp","854C46EF14F2042D7708D0CE228794971CB835291F13ECD42A14525E992CA55C"
"modules/function/flowforge/src/ObjectNode.cpp","E7EE7B8F9200F4697AF45CC50C35A4D257B1681F7EAB3ED2023EF4E2A92D20DA"
"modules/function/flowforge/src/StateLayout.cpp","2E68CAEDF0E99AEF47EC4AEDAD5A38437DC27ECA076EDAA05728E074FF0BE93A"
"modules/function/flowforge/src/script/ScriptAbilityCatalog.cpp","704FE38532AB6CDAA2CB17DB32BFAE4269E5CCBDA85681628B7592692BB85529"
"modules/function/flowforge/src/script/ScriptAbilityNode.cpp","9DCB03077DD93A26A9162EFC4805175794C36DE90FA19D3ADE338802CA12BA9C"
"modules/function/flowforge/src/script/ScriptEventAwaitNode.cpp","4090BF042DD300237819A9A37D4220174F0C93A2BF6370A961714A5AA3087AC5"
"modules/function/flowforge/src/script/ScriptGraph.cpp","E4237042707E973BD782137CBBA4679C7C4A9DE9E88BA0AD9E0AC62D164F78DD"
"modules/function/flowforge/test/CMakeLists.txt","FB42419DBD51E65A593211DE635E10257A45D0051CCBB2644F808C2CD992A29C"
"modules/function/flowforge/test/flowforge_dynamism_test.cpp","A5B20FB804200FC410C9444DBD20230796ADF366DC8DDA68EFD3D0065D0C8BE8"
"modules/function/flowforge/test/script_ability_node_test.cpp","3E864AC910EB4411B2D3E1EEDD6F4EB54425A863A37A965364ECB71F2A7CDD4D"
"modules/function/graph/CMakeLists.txt","D6881438E213A8EDD1093F5C86B911DC84D1958E12F938398D566DCDEDDD3EB6"
"modules/function/graph/include/lux/engine/function/graph/GraphLayout.hpp","15B8B5808C4B456A73BFEE9773626CBD7B9627051937E9FCDBB4F0B397BE3A92"
"modules/function/graph/include/lux/engine/function/graph/GraphTopology.hpp","15A0EFC622CFDA33805B80F98A2F9D2D9DAB7570AE299BDB9DE071BD782302E1"
"modules/function/graph/include/lux/engine/function/graph/GraphTypes.hpp","2D5859F315ED6C417989E76974C0676D5083BE7B0546B60EA529897DDDDD1995"
"modules/function/graph/src/GraphLayout.cpp","F73FDAB6EA70A77E78AA7922A650EC8420422984B64055B0E12502A93A8BE2CC"
"modules/function/graph/src/GraphTopology.cpp","C9654A95D8CDCAFF013DDEF785206B880B160EB15382734F28600FD0F4C0D0FD"
"modules/function/input/CMakeLists.txt","58A23C2704C2D3DE6F4D9C27A137EEC09352756C88957E5FF03485CC983180CD"
"modules/function/input/include/lux/engine/input/ActionBinding.hpp","79179539281782377FFAF9F5BF58998D2BFD90C4F2A3A168CD70E22A7D28A923"
"modules/function/input/include/lux/engine/input/ActionDispatcher.hpp","AACF1723AB1F844D4E0CF6C08CC2907F336A5CD7E41A7FCD87749D4B75609721"
"modules/function/input/include/lux/engine/input/ActionId.hpp","2C69136414FFE7AD6865D8183864DBB23D4BD9D8E5A4D1A80F830162E227FF95"
"modules/function/input/include/lux/engine/input/ActionMap.hpp","47011956995299075CB356E0EE18B348974B15A8AB673B314C89711358F80789"
"modules/function/input/include/lux/engine/input/ActionMapper.hpp","63BE15A4A7333D50A1C804BF9079980BB95654C425D74226DCDD53D5232B400D"
"modules/function/input/include/lux/engine/input/ActionState.hpp","F50EE35FD891D13E72A9B7DE4900A4A13977BD66DC7F67AD4D778DE0F8CF3819"
"modules/function/input/include/lux/engine/input/BindingIdAllocator.hpp","1DA15033DDBABA321A35D6BD0F91FE137F5F0F6136DFFC427CA0CD16B23DD214"
"modules/function/input/include/lux/engine/input/Input.hpp","E6F971EA7FABC158263AEB11739988D7FB5BE9E703AF0BAB1ECA0FECC7078DAF"
"modules/function/input/include/lux/engine/input/InputActionDesc.hpp","90E8F4595BA7A48656CABB96C76516311E40F361D36C8EF5E6EE7228FD0838BD"
"modules/function/input/include/lux/engine/input/InputActionRegistry.hpp","1A51BE330C74DFA86A1DC27C9728908E5B9701625C2D3418943980AE1512DD0B"
"modules/function/input/include/lux/engine/input/InputBindingState.hpp","5CE1FAC55942121500B7320FBA8AD145282978D6C9287F7CDB90757E59370CCC"
"modules/function/input/include/lux/engine/input/InputContext.hpp","77ED834DE8193CBFC5B6628599ACE73C78BC30669822D614B3B7BC7DAC23E961"
"modules/function/input/include/lux/engine/input/InputContextStack.hpp","D413610E39BFD07F6641328ABDF3EF5571F2E4744C9CC1A2D64F55B33C7CFBD2"
"modules/function/input/include/lux/engine/input/InputModifier.hpp","1497F8951FD4021F0514A5A6573989F60BB4F64C1D83A5A474F9FC0412B65E80"
"modules/function/input/include/lux/engine/input/InputSnapshot.hpp","6414793FCA5A3DF76E26CEDC31670B1478B80664DD79C82EF197744690E3C59F"
"modules/function/input/include/lux/engine/input/InputValue.hpp","49C6FFC02AAC12275A90F5898DF50D482D0EDFE71013D590BDC2F040E360DEFA"
"modules/function/input/include/lux/engine/input/PhysicalInput.hpp","AA21B2C8D30B151B5D55F31DCB9BA3BB1C9D85121FAB325FD01721451FB3A3E6"
"modules/function/input/include/lux/engine/input/TriggerDesc.hpp","8DDE8B1ECC36F06B4075A871A13E804FEE71541A3798118A9A6E00D0C5D09688"
"modules/function/input/include/lux/engine/input/TriggerEvaluator.hpp","179E46D5151F1DF70FCE44F185FAE97E750BAB2F12579368E07463C6527AB6C7"
"modules/function/input/include/lux/engine/input/doc/types_reference.md","E2CCBA795C98AA9DC32751D649BAAA52E1F5B031137D9DC603674B596255EFBB"
"modules/function/input/include/lux/engine/input/doc/usage_guide.md","48CFD202122CF96FCDB866025E75F862E7FC0A58F92CACCBF7A8C87F4A3CB79D"
"modules/function/input/pinclude/lux/engine/input/detail/GlfwInputTranslation.hpp","3E4C4D8D4020FBD45B9C0F0514E314049877EE99B3D8580D38A99408711F11D0"
"modules/function/input/pinclude/lux/engine/input/detail/InputState.hpp","61573AA96F6784DAE8E66E62AE53494D63B14C80D86A8A9DE048137C293D7313"
"modules/function/input/src/ActionMapper.cpp","89C9B6BADED175649882BD8ED4B71C003C3BD9B0F0318A561F962E5106AC7FD2"
"modules/function/input/src/BindingIdAllocator.cpp","59D70E42827B1A0693DBE126E8E1C870A4E7C1DEDB13D6F20E0F9C957E0718B0"
"modules/function/input/src/Input.cpp","DB44B99BBF51314F7CFD38878A49406A560D69ED796A9D890E0E5C691FBA7466"
"modules/function/input/src/platform/android/InputPlatform.cpp","16FAC3C341C1F679212FA0681B6A3564B10F2328DEC0F07E803EAA8A508DA326"
"modules/function/input/src/platform/glfw/InputPlatform.cpp","C974F99B840ABD0C3C689602D88CF4A0604233F6DFCD06CE1D143D376C5E00B2"
"modules/function/material/CMakeLists.txt","F4B7E24454CA063C2FDB94E14393E5200FB92E2A407FA76955F14222085ACF9D"
"modules/function/material/include/lux/engine/material/graph/DataPin.hpp","59A24DE34F82044F48844E128B0A46361F27425D448A5C3F391090916E0862A7"
"modules/function/material/include/lux/engine/material/graph/MaterialGraph.hpp","9D53F9E960BBBB1DEEB96FA008D62A64B84B48802E1E730A6F241242F774D00C"
"modules/function/material/include/lux/engine/material/graph/Node.hpp","08ED03D2AF7E01246C802C43DA72C7D602F378A0D5DE166A24C0CAE78348AC12"
"modules/function/material/include/lux/engine/material/graph/Nodes.hpp","9673694365D35C04907AD29AB6C21DB3FE8ABE9F80E9AFBA66870DC5285D5E66"
"modules/function/material/include/lux/engine/material/graph/Types.hpp","84753C886C5C7427A3A292DFD85D8C22048625DC762EB699DB69FEE4F0BCEBFA"
"modules/function/material/src/MaterialGraph.cpp","BD1B19F71796A4FC6C6FB37440C75119964C98C544EDF8AC8A0FD54B788C38F6"
"modules/function/material/src/Node.cpp","6AFCB4DFB61B57E2EBF2D4809E6A916BC33AE5765C1DEC1AF75D8B21BCF507A0"
"modules/function/navigation/CMakeLists.txt","FBE10F3A849A14B44B90CE4F8F513ACF9022A929F231413726D7B2B3DA250BF7"
"modules/function/navigation/core/CMakeLists.txt","3F2E456D90E5EA9C3E944100FF558422E341F369E3385DF6F7AC258D9FC261CB"
"modules/function/navigation/core/include/lux/engine/navigation/Navigation.hpp","03CB82E080DEF9CC368F617F459BA0D66EF1E201BBC40EF2A1CE0185E5CF849F"
"modules/function/navigation/detour3d/CMakeLists.txt","CCBCB1D9469361E67AD3574B1DCB5FDD74C49F8D29A71E373AF4F01855BA9B97"
"modules/function/navigation/detour3d/include/lux/engine/navigation/detour3d/NavigationDetour3D.hpp","65E5CD8398DDAE701883FB80908EE853986ED3EE36DB7013683CB314A42A9D12"
"modules/function/navigation/detour3d/pinclude/lux/engine/navigation/detour3d/detail/NavigationDetour3DInternal.hpp","E37ADAA21128F202903B5F6748CB77DC2B1DEEB303D486B3A4A47B664473D5D8"
"modules/function/navigation/detour3d/src/Navigation3DBackend.cpp","77003E95C0CB5638FB5915617C250BFC54801277D9BB3BCCD3E3EAE908C2C0C8"
"modules/function/navigation/detour3d/src/NavigationDetour3D.cpp","4371F09D1E79F574F4E909AE131BE06F3572901A816D296BB21D0668B48AD9CB"
"modules/function/render/CMakeLists.txt","45897FCC0FA457EFD4CA852D861F91B91CE92777C64BF458F1828F722D7621DE"
"modules/function/render/client/CMakeLists.txt","F0F8661BD447C8BBBA5B99272545C0026FF0557805A323DEE1C5F0B198F0A1F8"
"modules/function/render/client/cmake/render_comm_operations.cmake","CB5DA3BC8690E6E8555A60C717893B1E3494ACAA929B8407E44610832172D1B5"
"modules/function/render/client/include/lux/engine/function/render/Capacity.hpp","50F094BF0E76C3D5014368EF1F9538EEC2112F49DDF79286DDA5BC88C6FAD845"
"modules/function/render/client/include/lux/engine/function/render/client/BoundedSpscFrameRing.hpp","AA0F307E6AE07E47F62510DCBF91B8C8713A3B5A150CF22D0A632ED418EC0C08"
"modules/function/render/client/include/lux/engine/function/render/client/FeatureCatalog.hpp","FCF722C8466B4B187CBD6D9C48BD4F26276B1BBF2C66B6B5B8B612F5C44E3133"
"modules/function/render/client/include/lux/engine/function/render/client/FeatureOpSend.hpp","648E3DD602059F6296092CA4CEABCFF777DCF731AA4A94573D77BFC56AE79BD8"
"modules/function/render/client/include/lux/engine/function/render/client/RenderClient.hpp","435A97F73DC899CF3E4EDDF0718C9D3E094B6FDD6B9B514A6396FE8D557709D9"
"modules/function/render/client/include/lux/engine/function/render/client/RenderControlSession.hpp","AB964BAC236D87476D0177E6ED9FF9B0E75FF3FF5218E8E2C9836EB433E957E5"
"modules/function/render/client/include/lux/engine/function/render/client/RenderLease.hpp","940A91AFF496A0544EF6277E6199A8F459716EAB27040C9071741C1FF31D009E"
"modules/function/render/client/include/lux/engine/function/render/client/RenderProgram.hpp","8A1E8FF4D42DEC1769EDAABE8A4E50152700C7E4D74F224ABD95DAF2E238421C"
"modules/function/render/client/include/lux/engine/function/render/client/RenderProgramSession.hpp","C8225849B19006D0092243B0D6A1CB1914730C14C1DA756CD327ECB82435EAA4"
"modules/function/render/client/include/lux/engine/function/render/client/RenderProtocol.hpp","36D767F9AD4F2C752DE63BB0270DF0161A676506EA7BF2C33F9250FB80F44860"
"modules/function/render/client/include/lux/engine/function/render/client/RenderRequest.hpp","951571A0EB4033AADAF3D2CFAF1BB6FE426F3887BDFFD844BE2732E3A47E2A38"
"modules/function/render/client/include/lux/engine/function/render/client/RenderTargetLayout.hpp","1C9B4A7E2058C2D2E78E03EB2D2E62FB70F026495F63B1DE1B85B7A298BC05C7"
"modules/function/render/client/include/lux/engine/function/render/client/RenderUploadClient.hpp","C857FB500A05EDA97B1EA8A266A66D7190F47FD56B78C0C0220F2C40ED4D4ECD"
"modules/function/render/client/include/lux/engine/function/render/client/RenderUploadSession.hpp","2211E65DAEC94EB70E9386B0DEE5FC489AD7E4BBC29BF975A988EF1DBD15AC4D"
"modules/function/render/client/include/lux/engine/function/render/client/UploadLifecycle.hpp","58975DBAE7788746740A49E7A7EEFF1E61B59052F3D6507160F2DDED5518F476"
"modules/function/render/client/include/lux/engine/function/render/client/core/DeviceCaps.hpp","76B0DF71924BE7C51A52A39E43E5705E9FEEA7D1E05CAA16485705F0AA251CE3"
"modules/function/render/client/include/lux/engine/function/render/client/core/EFeatureLevel.hpp","4E4920F7E7C29EB8C9FDCFEF185617375805F8F2775EE1B7448EFD49BD9CD6C4"
"modules/function/render/client/include/lux/engine/function/render/client/core/EngineSetSlot.hpp","5D87961F62B98E181C61440E99D4C9E530C0A2B0ABA9D7CF628F1F7CF796BA92"
"modules/function/render/client/include/lux/engine/function/render/client/core/Errors.hpp","6BE64EA80A32B37913E6A4006AD32ADC8D2903FAF40DAAAC1B82527B1853E037"
"modules/function/render/client/include/lux/engine/function/render/client/core/FeatureDescriptor.hpp","DF33708084ED5BECC32B7EEB143127D2AE4D604B1A20DCE62116485FEFB9474A"
"modules/function/render/client/include/lux/engine/function/render/client/core/FeatureHandle.hpp","127BA7FD8C1610F7817F49AA344B45F0376EF4A4259A31DEA3173555BE5D87C7"
"modules/function/render/client/include/lux/engine/function/render/client/core/FeatureTypeId.hpp","CE3EC0F0388F3140098675A974515E469C647B5E05450508E1D880593C7B4E36"
"modules/function/render/client/include/lux/engine/function/render/client/core/FrameStamp.hpp","CA1FFB047238391A601B2C0C646F4A24BADEE02A761C0012C7143E469D2D3793"
"modules/function/render/client/include/lux/engine/function/render/client/core/GpuLayout.hpp","E47F4A496B08FFF6AE3D561FBA4D02353731399F237AB5F4D0C399380F78553A"
"modules/function/render/client/include/lux/engine/function/render/client/core/PipelineHandle.hpp","8EA1AD1104BE87EE314D06B274A0946F4F99B1AB5579A53E18A1716B563EC153"
"modules/function/render/client/include/lux/engine/function/render/client/core/RenderEntityId.hpp","27424C224720B720A51B433D4BD301C716C0C006B1C481F7C0A97EE7DE6691AA"
"modules/function/render/client/include/lux/engine/function/render/client/core/RenderError.hpp","C7E6A71DA09907CDBEF7B75429F7DD9ADFE5DB577E3EBC5DAC68ECDBF9EC0426"
"modules/function/render/client/include/lux/engine/function/render/client/core/RenderErrorEvent.hpp","34116762D8206C1B4287FC44AEE8E44F7ED2AB7D58375B31220F6F1B72DAF252"
"modules/function/render/client/include/lux/engine/function/render/client/core/RenderErrorList.hpp","407E47057494A9637BA29EC649F5331A80ECEA26AE469E3E0780B5879A92623D"
"modules/function/render/client/include/lux/engine/function/render/client/core/RenderErrorRegistry.hpp","3F3E36D7EF3CE4D52BE4A12F9E01200319DF0A60631FAA9F1167804423E98F2A"
"modules/function/render/client/include/lux/engine/function/render/client/core/RenderFatal.hpp","8C6A399B2B77D47F9E9F7ACCD20386FC1FDAD701D963EE91FF80E579084EDFD4"
"modules/function/render/client/include/lux/engine/function/render/client/core/RenderFeatureMetaModule.hpp","E1AC7E816C76B04D4FC36F67C87936868E9C72A8C3792137557AF6953220AE64"
"modules/function/render/client/include/lux/engine/function/render/client/core/RenderFeatureRegistration.hpp","8E556FDA775B3B54E092764B889A4C56BE6218E3881A17EA926CBA0840B53E84"
"modules/function/render/client/include/lux/engine/function/render/client/core/RenderResourceHandle.hpp","8D8D2356DAA631460BADFEBF40E871D422C6F768C0C3FFD63060258F3FF1061F"
"modules/function/render/client/include/lux/engine/function/render/client/core/RenderSceneId.hpp","81D1E4659FDA35E6C795AFA047D335E56C287E96BAE9E1D8AC5507491CF5B9B3"
"modules/function/render/client/include/lux/engine/function/render/client/core/RenderSpatialTypes.hpp","529257E5F032F62FCEE0C646049390215042D0E6E3F50087339679E09476CF39"
"modules/function/render/client/include/lux/engine/function/render/client/core/RenderTypes.hpp","4CBBD0647F5E2047854D9D559F30564110B47FD2D82CBCBAF9AD2B459054BFD5"
"modules/function/render/client/include/lux/engine/function/render/client/core/RenderViewTypes.hpp","B3897C55D260D02DFF6577B9048F62330D3B7103685A3055B5EFAE3507B9601F"
"modules/function/render/client/include/lux/engine/function/render/client/core/ResourceHandle.hpp","1A5BB2066B083168849BB6C18EF5018DEB32A49959D50BA0962EA747B82646CE"
"modules/function/render/client/include/lux/engine/function/render/client/core/ShadingInputSlot.hpp","AD2D3931F78A54802EDCC56AA6C8897FF687F7EF71E12C54CD0C69392798EC22"
"modules/function/render/client/include/lux/engine/function/render/client/core/VertexLayoutTypes.hpp","1C902D24C4466E7C2F939CCEA558526A13DC234E14003D38A6119C65B2B1010F"
"modules/function/render/client/include/lux/engine/function/render/client/features/DepthPrepassOperation.hpp","853FA5EED25CA4E9B0F134808D6D24EAFF25D8412A995CEED6CE21D074CD9410"
"modules/function/render/client/include/lux/engine/function/render/client/features/GpuDrivenMeshExtFlags.hpp","411412F91D07A31C75D8B95BA92A62CC680C4DCD6699D71755F83062E2C65CFE"
"modules/function/render/client/include/lux/engine/function/render/client/features/canvas2d/Canvas2DOperation.hpp","7CF72D47954042F2E4A311148303703C235CE46D5A4C7972AA7ACFDCC4267C15"
"modules/function/render/client/include/lux/engine/function/render/client/features/deferred/DeferredGBufferOperation.hpp","8C57FB8EEDD37FFDC5C00716715FE16010DACE8E6728A96ACB77D715085B2FD6"
"modules/function/render/client/include/lux/engine/function/render/client/features/deferred/DeferredLightingOperation.hpp","8FE67A5BEAC885F4EB14D567CBB09FFB20367E241467190E41228E647FB66B90"
"modules/function/render/client/include/lux/engine/function/render/client/features/forward/ForwardMeshOperation.hpp","9A9B3C3375978015A949FF65D862E49A6D831AE26208145D2BA4AE93CE66C7AD"
"modules/function/render/client/include/lux/engine/function/render/client/features/gizmo/GizmoVertex.hpp","500A9782194CD0EBD9931C27F869C94B1AAE55DE79C8A290CB2FF6B0C059116C"
"modules/function/render/client/include/lux/engine/function/render/client/features/gizmo/LineListOperation.hpp","373B71D18DAD7C774500B98ADF33ABA049DF4DCC32C7EF36604FCA1AA4C04147"
"modules/function/render/client/include/lux/engine/function/render/client/features/gizmo/TriOverlayOperation.hpp","5E05C83ABBBCD1607BFBFA03721BCBCF5F45404497A6DC966E78CE245F920EC3"
"modules/function/render/client/include/lux/engine/function/render/client/features/grid/Grid2DOperation.hpp","B98DD467BE3CC8CE3CC40DB6EF167F5DBAD37970752B464C7949D9F7421EB61C"
"modules/function/render/client/include/lux/engine/function/render/client/features/grid/Grid3DOperation.hpp","4B957DB9E327BE40681F1706BB4CB41C21AE2DF3687B4F95B8454A89B58576F1"
"modules/function/render/client/include/lux/engine/function/render/client/features/grid/Grid3DPassTypes.hpp","359B7024207650217096EE8CFE713F64821A208529510538418583192DF465E5"
"modules/function/render/client/include/lux/engine/function/render/client/features/highlight/HighlightOperation.hpp","4D01015E49C9D8BE1841718414B33048B8EA5AABD9FD722010287254432A0049"
"modules/function/render/client/include/lux/engine/function/render/client/features/hzb/HzbOperation.hpp","52F09CDBD2B856B7381A5DA221BF44394BA02027FB3FD6D4D4EFDFBE7BD2F890"
"modules/function/render/client/include/lux/engine/function/render/client/features/light/LightOperation.hpp","C8EF8C314B1589B7813B6EC151BD06C9A222D7C5532E1BD9604B091D55BCCA93"
"modules/function/render/client/include/lux/engine/function/render/client/features/material/MaterialOperation.hpp","A1F10564333BEB2CB8F2F9B987D3A1F3E2F5FAD72D2C37C7FCC98FB5D9F0E9CC"
"modules/function/render/client/include/lux/engine/function/render/client/features/meshstack/MeshStackOperation.hpp","E24F60181C09AF20C2F07EAE5741711064659732EAB83629D85F8DEF47B4D766"
"modules/function/render/client/include/lux/engine/function/render/client/features/point_cloud/PointCloudOperation.hpp","6ED01D4429C3C5917BA818C723C3EAB2448AA9CDD1B27EA1B9359486648AEEAF"
"modules/function/render/client/include/lux/engine/function/render/client/features/postprocess/FogOperation.hpp","6E8C3B415D16258E833CBED28B2E545BC52E656B9DC7297FA1A2B1E71966E232"
"modules/function/render/client/include/lux/engine/function/render/client/features/postprocess/LinearDepthOperation.hpp","84BE390DC0E83B5E30651A80D20C771FE5DAAA5A1EAC699BDB61492F6D939788"
"modules/function/render/client/include/lux/engine/function/render/client/features/postprocess/SsaoOperation.hpp","FFB9CFC62AFBAAAF50F431226B6AF2C2BF2CB4A00EB0E2F7F1B49434663E0995"
"modules/function/render/client/include/lux/engine/function/render/client/features/postprocess/TonemapOperation.hpp","C0C6948EC67C147B6CDAABF8828BED8C01F8C86E2CB1C026B4660616BF7616E1"
"modules/function/render/client/include/lux/engine/function/render/client/features/postprocess/TonemapParams.hpp","9A4FC2DD3C20B1913179CED7D461AA7E6CC18F342E7299F6768665072C204BF7"
"modules/function/render/client/include/lux/engine/function/render/client/features/render_cluster/RenderClusterOperation.hpp","5A802EB9916E4A1D874876930FCEA14FA949B5E9293264C6DEDDA1766A2F6F09"
"modules/function/render/client/include/lux/engine/function/render/client/features/shadow/MeshShadowOperation.hpp","CB0221F06E47B799C8A09DEB330F6F8D699D182D0DD6F12D756BA542B5D8E5CA"
"modules/function/render/client/include/lux/engine/function/render/client/features/shadow/ShadowMapOperation.hpp","04A3B27378C51A7375E5AE43FD852EA72B305C234B81BBE15BA984C9BD3A5D4A"
"modules/function/render/client/include/lux/engine/function/render/client/features/shadow/ShadowQualityParams.hpp","7E3975A6DB857066C7E453060CD6418BB78420D810343F7F02584AB2DD7AA1BE"
"modules/function/render/client/include/lux/engine/function/render/client/features/skinning/SkinningOperation.hpp","712C4B21B4D54D971839BB7C771D3540AE747BD5E551D60149C01DE98ECF9EC2"
"modules/function/render/client/include/lux/engine/function/render/client/features/sky_box/SkyboxOperation.hpp","71A1AC00FE56668AF340E0894A897A029BBB8484EDFADC0E4FA08E5FBB9799D1"
"modules/function/render/client/include/lux/engine/function/render/client/features/spatialcull/SpatialCullOperation.hpp","DB469448D966805D8996A32FFE59F4B2F54070C1250588CC12A5B7C5BE4A7412"
"modules/function/render/client/include/lux/engine/function/render/client/features/spatialcull/SpatialCullParams.hpp","9F5E0294FF2CAA65D5BA27515AAA549B4D9A287FC38811C52CEAFED519272919"
"modules/function/render/client/include/lux/engine/function/render/client/features/streaming_feedback/StreamingFeedbackOperation.hpp","B6EBD7E486F63447203EFE7BF4F1A20AB22321A086473B845CC6499BB3FA60A5"
"modules/function/render/client/include/lux/engine/function/render/client/features/terrain/TerrainOperation.hpp","C89982A27620EA424B6F62F0F6CE553898AACB5A3CDC43EDB676F3D913B9CDDE"
"modules/function/render/client/include/lux/engine/function/render/client/features/trajectory/TrajectoryOperation.hpp","DCD230ED170082103EC950157DC7AD73863C0D2F25B44EF912B118CC3FD71903"
"modules/function/render/client/include/lux/engine/function/render/client/features/view_camera/ViewCameraOperation.hpp","8130CBFB08B8BB607744D50080EB338C6E9381F01A6808DCC22EF0E1922CFB00"
"modules/function/render/client/include/lux/engine/function/render/client/features/water/WaterOperation.hpp","7FC6451D55B73AF18B29C801A1D72CE64F212FF03F4D1F6D50EBC103F18BF01C"
"modules/function/render/client/include/lux/engine/function/render/client/protocol/FeatureFactory.hpp","0D8F598D04C7E545926FAD235FE76A908303B50A5D37B98C390330BBD8AC8675"
"modules/function/render/client/include/lux/engine/function/render/client/protocol/FeatureOps.hpp","A363EF51886C708C641EC24350BBFC772308FD4258B7B128FC3E57E5A54F936F"
"modules/function/render/client/include/lux/engine/function/render/client/protocol/FeatureParamsOperation.hpp","9B3C0AB5385C92F367459622625797D8EB58555FCCCFDE58AEE77C69304407C9"
"modules/function/render/client/include/lux/engine/function/render/client/protocol/RenderCommTypes.hpp","5809A9AF0B4FAC42363C3CB922FD314349BE1E8F1CF3B363DB12BB28FAC806AE"
"modules/function/render/client/include/lux/engine/function/render/client/resources/EBuiltinShader.hpp","8D75F5C88D14101C24DF353872DDD82D844F50D433DAC6419C5403832ECA6C2C"
"modules/function/render/client/include/lux/engine/function/render/client/resources/lighting/EShadowTechnique.hpp","CA43D009D462AB32A2E5D4E6495C80FBEC5065FE4AE4A98747EAF0145FCDF35A"
"modules/function/render/client/include/lux/engine/function/render/client/resources/lighting/LightDescriptor.hpp","FFCDC3F04A902095EC621F8B9311AB2552340F439C7275B1BAEE0203B571EEEE"
"modules/function/render/client/include/lux/engine/function/render/client/resources/lighting/ShadowMapTypes.hpp","92DC1B37E03E25165141F68C5A0F99DEF3BBC83065F500D31A88A3172CDA2C9F"
"modules/function/render/client/include/lux/engine/function/render/client/resources/material/GraphMaterialData.hpp","5A9BF387922150179FE58C87DE8954B1A4885BF416088421409323E32456A8A5"
"modules/function/render/client/include/lux/engine/function/render/client/resources/mesh/RenderObjectTypes.hpp","E0F7D14BEEA62054D2991B266FCB77F16C360E69495D3005A89E7C86FE025C4E"
"modules/function/render/client/include/lux/engine/function/render/client/resources/ops/ResourceOperationCommon.hpp","FC1D5C93C723D7FFB78F13243419C192DEA05F6A27D2C3AA7A5D3E2F601A4042"
"modules/function/render/client/include/lux/engine/function/render/client/resources/ops/ShaderResourceOperation.hpp","CF78B8D8433331BABAC7B5BCCBC270481B578B85A74639855BAE0E829B1CC0BA"
"modules/function/render/client/include/lux/engine/function/render/client/resources/ops/TextureResourceOperation.hpp","8C7FD13C6512C8A6DBB54AAB11E1839F9437BD140BC98AAD787DDBF6A0918F10"
"modules/function/render/client/src/Canvas2DOperationClient.cpp","8C9776D9E3925884CE5AB76D43F9E7A240150ED4EE5733FEE759956F5BD98A28"
"modules/function/render/client/src/Capacity.cpp","EC2E55680D003E86F450F3807DD0755844F840EFECA0240A125DE56864A73185"
"modules/function/render/client/src/FeatureParamsClient.cpp","74904C9E6E507F5810CCB9063BB6079DCD99955DDEEB2D736A61C811DE804D79"
"modules/function/render/client/src/LightOperationClient.cpp","CC25F9A81C6391811D158BC4D2E6269F06D344EEEE6CFB5B295004919442B9B6"
"modules/function/render/client/src/MaterialOperationClient.cpp","EDE5896D22CB0E88CE27D6445FCE99098E4FA7970F9867A1EBE13745E9F176EE"
"modules/function/render/client/src/MeshStackOperationClient.cpp","DB86524D83308DBEF8C11D5272EEB942983D6FA120E9A41B2818078C2AA73E84"
"modules/function/render/client/src/PointCloudRenderFeatureRegistrations.cpp","CB6B4DF02C74122D93981D735F28B4BA7FE061AE57A5F20AAF2410C621062BEB"
"modules/function/render/client/src/RenderControlSession.cpp","7BEAEDA6BAE4E88913E57C6ABD14A70549994F0F9566C32244AF9A060FF0E7C2"
"modules/function/render/client/src/RenderErrorRegistry.cpp","8E3885ADB9D404AF4E308FF061EE2DF8C925ECE555E1B990ED18433F23FDF596"
"modules/function/render/client/src/RenderFatal.cpp","FAA5CF7ABF87654280FBD25DC009FEAFFA097D44CF1350C26B67C0CC7293B6D6"
"modules/function/render/client/src/RenderFeatureMetaModule.cpp","8BD241E08C83B7305E314217BBC9EEA22EEA10D711C9EA1D7B9C3A97315C29D3"
"modules/function/render/client/src/RenderFeatureRegistrations.cpp","B1D94834640423004056AC0E3467D3A31C97FABF031A5BF711A0EDB326F9902F"
"modules/function/render/client/src/RenderLease.cpp","BF666D6B297EA8C19415454450922C3CAC2C8D7E7849AC61EBBE5CF22DB13E0D"
"modules/function/render/client/src/RenderProgramSession.cpp","6D5DD2A5B098FB5CA51006BCA0778F76B0D9ED7FCDF436EE16EBCF8C02850D30"
"modules/function/render/client/src/RenderTypes.cpp","9CD7FC71800DB6A64EBAE0E6E36BA6C6297281948979EB4F4B59D25F5314CFF4"
"modules/function/render/client/src/RenderUploadClient.cpp","B624FA835068CE32AB16BF7A191A235F6369084A6F5A8DCE2AD7C801B213DBC0"
"modules/function/render/client/src/RenderUploadSession.cpp","76EDFE4E2E2B17E0B90B65A0245B7D7AF624A19DCA51B54E741660C814AA2DA1"
"modules/function/render/client/src/ViewCameraOperation.cpp","5068FB39DCFAF0FCABB667F2CF81D9C766D0D2F6F30AF7AB423D70328C73B802"
"modules/function/render/cmake/check_external_feature.ps1","87EFC8F59AAA5DD805D64923D4003D8225E3D009009F4D036997EDFF8AD818BE"
"modules/function/render/cmake/check_install_surface.ps1","CA551AD0A862189C23D21498B9691EA03C3B44CEC5CB83D9D50FFE75316D54CE"
"modules/function/render/cmake/engine_render_codegen.cmake","6B489AC2AD954C1742CAEA13DD085CFC7101B2BF3E6081638B7129E31177FEBE"
"modules/function/render/cmake/template/comm_ops_client_cpp.template","C37A3929FE6C6B6F8F2611729F765D956D5789E7781F44B87CDB910636D65765"
"modules/function/render/cmake/template/comm_ops_cpp.template","F0BEA53A96F40111349D9AB4A5622F1175BAE26023933EB82C18FBFB281833C5"
"modules/function/render/cmake/template/comm_ops_hpp.template","54BC047C809DE84D6441B25ACF1FBA8811100E5FF63D46984CB2411DCC1783EB"
"modules/function/render/cmake/template/comm_ops_metadata_cpp.template","E19D0CF20B3D39C2CEB8F51DB56A06ECF567F81DC4FA353DF00944E6E94B7A5D"
"modules/function/render/cmake/template/pass_params_glslh.template","0B83F68C5A5AF9CB67CF3DA08321F929EC626BF6A8456EB2A568A1B32BE1723F"
"modules/function/render/cmake/template/pass_params_hpp.template","D600C9266723288465713B80CFE6577E38C176ECC24AF0FED4C4C4B8A7FCFC82"
"modules/function/render/cmake/verify_graph_compile.ps1","FA1EDF9DBBE32E642ED0B987A07464555FE03638CE30418D648969C52C5EC028"
"modules/function/render/deps.txt","BA3F674B1D2D07586227F95B98A1A4FD147F901CA5910796928C0B74ACC3DB32"
"modules/function/render/features/CMakeLists.txt","ED8C60BE81EF315C79C65D782140206579C20DEF0CAD8CDC5C0960D535AA3892"
"modules/function/render/features/assets/shaders/brdf/brdf_common.glsl","3FF3B82E6FB0805DBAD57CFFC30328FE6CE654FD809547B22318920E10EB6E50"
"modules/function/render/features/assets/shaders/brdf/brdf_ggx.glsl","623D642F3386FC590BCD43DFD922CA81CBB7AD0E147B171CFB71A7AD9A7A3579"
"modules/function/render/features/assets/shaders/brdf/brdf_minnaert.glsl","67C034660C7CD92A86CBE8F4E576844A022652C6964B628F7A1161110875D22E"
"modules/function/render/features/assets/shaders/brdf/brdf_oren_nayar.glsl","8294B6708C81B10F222A3D5300A0AA9F5C7A3138CF9CCD646E1AF1513AC74DDE"
"modules/function/render/features/assets/shaders/brdf/brdf_phong.glsl","B1AAE2EF1632484CAABEA0EAD31E351428CFC7302F79256F112537C9EBBD55E1"
"modules/function/render/features/assets/shaders/brdf/brdf_toon.glsl","1DB46D940F57F424F742A3872F8D2AD68303AE8A9C24F8323A6C0116607F26CE"
"modules/function/render/features/assets/shaders/brdf/layer_clearcoat.glsl","DE8C5795001C320158B74A7F8237AC50F21D4515F97C10F0BF34E78417C3B874"
"modules/function/render/features/assets/shaders/brdf/layer_fresnel.glsl","8689A255AD84D9F873DD402DC265B9204DA33E17738264955164D3EC6B6FD411"
"modules/function/render/features/assets/shaders/brdf/layer_sheen.glsl","FD1D2A2630E8EA5A0D4AE802CD0417CD74A107438F11676DD49D8DB0EE37CF6F"
"modules/function/render/features/assets/shaders/canvas2d/group_composite.frag.lglsl","A16F9E81D2C6F81684C21E622DA88D379C962B1D01B46BE2087177BA8C6118EE"
"modules/function/render/features/assets/shaders/canvas2d/image.frag.lglsl","4F4CD9C6A9D46C9CDD172AF62388CD3CABCC5FFCC22C6A96050EAD1ED1B19ED7"
"modules/function/render/features/assets/shaders/canvas2d/image.vert.lglsl","CB1A9857138AEE78571A8643A001CBF547BA1E96FDF336ACB287DBB849EC772D"
"modules/function/render/features/assets/shaders/canvas2d/pixel_field.frag.lglsl","DD9554AE3C7B131EF60E7058F1DE054B3A18AFF942F12F119BE9B05BD24041D5"
"modules/function/render/features/assets/shaders/canvas2d/pixel_field.vert.lglsl","DF7AAAEE802F9F784493C3F1FACFCEC9CBAE7A285F8867E0483D6A47BC3494BA"
"modules/function/render/features/assets/shaders/canvas2d/tile.frag.lglsl","473FBEA8E4A0734CE03AF6FCB450D7C39FD4E28D00B1D07719BD536A21DC6B60"
"modules/function/render/features/assets/shaders/canvas2d/tile.vert.lglsl","45F8DDF1CCB9C75A94A4820B3DCF530E7C939A3A8164DBD95BDE009996C5F52E"
"modules/function/render/features/assets/shaders/cluster_common.lglslh","424F04CEE925BDF554E5856A7D19846D6CE5FEB4C47442D3E502473105AE8EB1"
"modules/function/render/features/assets/shaders/deferred/cluster_build.comp","24FEE4ED2822F73242E60856972F49B751E5F4B4A5594CAE01C09CCE644F5FDE"
"modules/function/render/features/assets/shaders/deferred/cluster_count.comp","65C77AF5538E272E6E1727DD6A2B545D7C72FECDA510A0ED1F4645C71858B24C"
"modules/function/render/features/assets/shaders/deferred/cluster_fill.comp","AE97A9E7D3C06DDA8CBDCB60EB1082DBA106D7DE359FCB5ABE3CB6BE86A376DF"
"modules/function/render/features/assets/shaders/deferred/cluster_scan.comp","24CB634673039F9A6A9E8800B8BEE18667CDD6767D5D976F1F75FAEE1A62CA64"
"modules/function/render/features/assets/shaders/deferred/deferred_lighting.frag","2C0D7603410BA58463A3482EE3DA2F9F6D9CF01668248725A4270F7F3D1A3D29"
"modules/function/render/features/assets/shaders/deferred/deferred_lighting.vert","2E0791BDF4FCAD26B81077BCC0DD218CEC4FE95F3D45DA30414AE6E0F8F1CA08"
"modules/function/render/features/assets/shaders/deferred/gbuffer_pbr.frag.lglsl","3DD5BA44FC340FECB58F8A2C80DEB52F486AE603338A048FFE7455AC59F138E8"
"modules/function/render/features/assets/shaders/deferred/gbuffer_stylized.frag.lglsl","74EB6B46864470CE8D59CA130E0F5AA6CA439E98D55C50A0842921981C795134"
"modules/function/render/features/assets/shaders/deferred/gbuffer_unlit.frag.lglsl","A2CDEEDBDFB1511AC791117027CE83F65E721B23303C4CA99C168C085F4D5FC9"
"modules/function/render/features/assets/shaders/deferred/gbuffer_vp.vert.lglsl","038969FB607EC3B711CA5A4AC99FCAE679619F8E2D7C764EB39144073FDA431C"
"modules/function/render/features/assets/shaders/depth_prepass/depth_only.frag.lglsl","6B000EF76D763D5C011E9DFF7A901CD5AB8957C2EEEA9749A7C2966C9ECB926D"
"modules/function/render/features/assets/shaders/forward/clear_count_buffers.comp","0D2645A11A1700F3C3984E8FC6950F86B3636411232D8A46AD75C599BD8055A8"
"modules/function/render/features/assets/shaders/forward/forward_mesh_vp.vert.lglsl","4E3133AA73707EA949D3591E145CA6D284E2EAE1AB85DAB778E3916DE676F108"
"modules/function/render/features/assets/shaders/forward/fr_pbr.frag.lglsl","DC8A6C04CA2967B824FDBCCE82469EF732E8A3DA6BCDEC35BFA04ED73AFA75B2"
"modules/function/render/features/assets/shaders/forward/fr_stylized.frag.lglsl","3A35CD8A56D03C5C13B271A9006345D109FC0BC05FAAA6D54FE406DCCE6ADA9E"
"modules/function/render/features/assets/shaders/forward/fr_unlit.frag.lglsl","09402426A5059D89540F707799DA18841B65B6F2403F25E0E59C1783EC429A7F"
"modules/function/render/features/assets/shaders/forward/mdc_compact.comp","470FB7F0D80C761C2A5B68D93B505DEED8170D207856DF46A44037069D0CC7E8"
"modules/function/render/features/assets/shaders/forward/mesh_cull_unified.comp","4CCB3479AA13EC759F6B61754D682F70BCCED511C1E5E5AA96AD9979C6EFC7A7"
"modules/function/render/features/assets/shaders/gbuffer_encode.glsl","49D57B8B427D844CFC4E46E41F3F3313D7ED0E8A468765A76D2FE39210BC31C3"
"modules/function/render/features/assets/shaders/gizmo/line_list.frag.lglsl","03B970189BCDA7C688274E96097878D4FA448B8E5EA7DD585993D65F0DBB19CC"
"modules/function/render/features/assets/shaders/gizmo/line_list.vert.lglsl","46EC3AC27B205C877C20E384CAD05C2618540AAEC55EAC1C51442D0F5F6F1673"
"modules/function/render/features/assets/shaders/gizmo/tri_overlay.vert.lglsl","82F752BF2C39335ECC38547198829A5DC571017615CF1EC2A88338B02C67582E"
"modules/function/render/features/assets/shaders/grid/grid.frag.lglsl","7B4624164B07F0C0D89B8225A2D4BEF637312E010AA59997DCD6E264BF56252F"
"modules/function/render/features/assets/shaders/grid/grid.vert.lglsl","464B042542D7899242B683255261C2CF841E6D55BA974A53EE83B3886E9F7C3C"
"modules/function/render/features/assets/shaders/grid/grid2d.frag.lglsl","CEC5DB1F8D020F4D93D5811D63865C881C0AF6E3AE87852D9107D5D77C76DE00"
"modules/function/render/features/assets/shaders/highlight/highlight_blur.frag.lglsl","0DEC1B9ACC8068837CD51AF93F8D900D929B3E02511A6753021F78BD40F4DA08"
"modules/function/render/features/assets/shaders/highlight/highlight_composite.frag.lglsl","5896B137BA5F4D87A1DAD962409505863F24A1A9911F1274B93659920EA7E0D2"
"modules/function/render/features/assets/shaders/highlight/highlight_mask.frag.lglsl","C5A79F58534245CEB8DE96F27A2359D75FB501318454E9D8A7C17CFB31C9541F"
"modules/function/render/features/assets/shaders/highlight/highlight_mask.vert.lglsl","99041CF19574C391118575A1C22F4E48528278CCA7D4C5EDBCC0559DD7BE2A82"
"modules/function/render/features/assets/shaders/hzb/downsample.comp","4C48EC18D9B4AB1547D4AB850FD858F5356C8B3B4DD519C704E67387B911E720"
"modules/function/render/features/assets/shaders/instance.glsl","C1823C76475FF21E1898C196D80F800DAC792E616CA0EE6E30AC2453D6FA090F"
"modules/function/render/features/assets/shaders/light_types.glsl","04A48297639CDE790B54F5637944C4A64103148A995D51ED75F80FBE16D1C190"
"modules/function/render/features/assets/shaders/lighting_common.lglslh","F9E90859E410DDE547208AD7EB4EF3219816A7277167B62CBEC81D363277C819"
"modules/function/render/features/assets/shaders/lighting_tbn.glsl","776EC1B310ECCBA44A1A58DB6ED6FD85137318843FCD35FBF8BBCE31F97E8F2B"
"modules/function/render/features/assets/shaders/material_types.glsl","927F74E801C5692D64625E9F2B8A0DA739995E531CDC1DAAB0ADE7F26C9BE2AC"
"modules/function/render/features/assets/shaders/point_cloud/pointcloud_culling.comp","A0D15482383E4F8865E2A18B5273980A50E03DD7976A560A0AF2B54B8D0EF8FA"
"modules/function/render/features/assets/shaders/point_cloud/pointcloud_lod.vert.lglsl","69A3BC7860BBB9C3222C18938BEC80BD591849AEA5DB013080FEC8F74F6FAD0A"
"modules/function/render/features/assets/shaders/point_cloud/pointcloud_simple.frag.lglsl","638E14EFB81007B94C753DDB64F6C0C73DC361E7E45A583D120A928693CFE72C"
"modules/function/render/features/assets/shaders/point_cloud/pointcloud_simple.vert.lglsl","83492812BFE0A2FE8282AA558FAE4DFC2E212DB61DB0A16D3BF288F9AEA2B6E6"
"modules/function/render/features/assets/shaders/point_cloud/pointcloud_splat.frag.lglsl","7F5DD1BF10E4311FEF47996A0008196F81F0CFA1679C18EE7141243F8B1958DE"
"modules/function/render/features/assets/shaders/postprocess/fog.frag.lglsl","28D4C12446973FF361DA3D8617328AC36DA42B93AA1C03526CE52EAE3351D674"
"modules/function/render/features/assets/shaders/postprocess/linear_depth.frag.lglsl","32E3E75F90FE2EB08E3CE002D5D66D701F3F02B4DAFAB14F0A990FBADD0F4CB9"
"modules/function/render/features/assets/shaders/postprocess/ssao.frag.lglsl","FCB2FA76A8E00DC79DCDF2CA5730FC7DE002817F5CACAD6EB9BEB2B73F649C3B"
"modules/function/render/features/assets/shaders/postprocess/tonemap.frag.lglsl","5051B68D34900086EC5C8F5598CEE4425B71DB75EDE575588B84C48807F98F14"
"modules/function/render/features/assets/shaders/postprocess/tonemap.vert.lglsl","2C6097103A3A2EE9BFFE0D12F8D85F92E4462FD8451EF872C39763B70A1C786B"
"modules/function/render/features/assets/shaders/render_cluster/candidate_expand.comp","5EE5E44BF52C1417B34AA734F3AD57FA425AD5BFA295EFC40C4FB1635B687515"
"modules/function/render/features/assets/shaders/render_cluster/cluster_cull.comp","0BDF8EB206AB5CF50DE8A559C26237E1323EB1510D846B8D76BF5828AA1F5ED9"
"modules/function/render/features/assets/shaders/render_cluster/pick.frag.lglsl","2FD522F06498AE78B7B2DE007D0F9ACAB9869DE6A63C3EBD1D4DC7A628404AF3"
"modules/function/render/features/assets/shaders/render_cluster/pick.vert.lglsl","E37F30998BA64BC5334A10C37968BD299BE27B768D155D589BADC70DA8CC3E0A"
"modules/function/render/features/assets/shaders/scene_global.glsl","9BBD93EE46AE342DD8E9D3344398AF2145A7EDF705768D9E7AB1631B03CD8EAC"
"modules/function/render/features/assets/shaders/shading_inputs.glsl","3041A7C6100FE856863170D60F3C2E93AF6DCE8C611935290A4FC37C3EAA8530"
"modules/function/render/features/assets/shaders/shadow/mesh_shadow_vp.vert","48BF30FBA93501A4F609304B6FE1D24EC17723DFC2ABB4804C990F5C00F4CA0A"
"modules/function/render/features/assets/shaders/shadow/shadow_depth.frag","0E34E5C274B9F0D8B788AB951584661CEE5ECCD00B54552703F43154F621FD2C"
"modules/function/render/features/assets/shaders/shadow/shadow_depth_vp.vert","F3BF1CFE49A2B9F4DE1746ADD7589BAC593255D272A68583CBB23B892E32934D"
"modules/function/render/features/assets/shaders/shadow/shadow_evsm_blur_h.comp","066FCD1B128D102BEF85FC8831E4E406BF7917F1BF6CAE3CD35DB522A968A8A9"
"modules/function/render/features/assets/shaders/shadow/shadow_evsm_blur_v.comp","70606DC436AE49FF9BD8263FDD2E685C8CF5C223FC81B6B3D0B28310E6BEC951"
"modules/function/render/features/assets/shaders/shadow/shadow_evsm_caster.frag","56F0852C1640AC9A1269B13BBBA3C1C2EA5476986BF635EDBCA3E8340C30FA5A"
"modules/function/render/features/assets/shaders/shadow_caster_config.glsl","6735E98F93B40526BC1745C1C7EC8B5ABF4BF97B4CA16E8AB391CAB469702A80"
"modules/function/render/features/assets/shaders/shadow_common.lglslh","D802EED525FDD35D44DA151C76DDD5952919B9564059780EC7A742D79DDE7222"
"modules/function/render/features/assets/shaders/shadow_evsm.glsl","195918124C094E5CF92C2CE37FB7DD433E559F37D14CE646B7E427FEE87FCF1D"
"modules/function/render/features/assets/shaders/shadow_pcf.glsl","6193100915A353C80A38E6539ADED894416CB4B7D5AC3B4EC4BE7BE3A72134FB"
"modules/function/render/features/assets/shaders/skinning/skin_compute.comp","3AA3CCA5EB0DEBB7937FEBECE08F01ED189238A2D148CF5F201E8F16426BD65A"
"modules/function/render/features/assets/shaders/skybox/skybox.vert.lglsl","B745B659C14B25ACB4ECF83C7E8292E06D5ED3C621A147D57DF51DAD7C368AB9"
"modules/function/render/features/assets/shaders/skybox/skybox_cubemap.frag.lglsl","28FC596B061A1FB9E86C5AC4EABD1D2AF3FD24A426EE449D812E1381958FEF69"
"modules/function/render/features/assets/shaders/skybox/skybox_equirect.frag.lglsl","11424354755A8E9C5EF872FA4AEB4817C3825CAB3B54F394D57A8355DC62C4FE"
"modules/function/render/features/assets/shaders/streaming_feedback/streaming_composite.frag.lglsl","59E53D048631EE648F2E69D189EAE9F25E7D2EDAEADE9BC6FB61EA8F9309E170"
"modules/function/render/features/assets/shaders/streaming_feedback/streaming_mask.frag.lglsl","59076DC6DBC7CBC1C1888A5BE84841E5D49EA7A85F8219E9E79AA05B0FCC7205"
"modules/function/render/features/assets/shaders/terrain/patch.frag.lglsl","12766C73A9DAEC80E31B14AAE270EB1FE6233AD13F059C4343BD254E584EF204"
"modules/function/render/features/assets/shaders/terrain/patch.vert.lglsl","27C8D073CC9D611D9809ADB1658E97762C3202756C2A028387CD8119EFC15A91"
"modules/function/render/features/assets/shaders/terrain/patch_select.comp","9F4820EB7780135174CCDBBC1C1FA33A53BC75C908CB40C2B8A03A5063E92868"
"modules/function/render/features/assets/shaders/texture_sampling.glsl","60A40B2B4ABCB7AF730078074C0C3DEF9CD7F1726BEC373D8462C9EA972FA1C1"
"modules/function/render/features/assets/shaders/trajectory/trajectory_line.frag.lglsl","13A44F535E4038E8B9D379EE02BA9490839D42A0D55DAB17148D936A0767CF95"
"modules/function/render/features/assets/shaders/trajectory/trajectory_line.vert.lglsl","ECA7840B79B271C78865239E1BB2EBAD8FC5FECDF87611062C53ED1DD5381016"
"modules/function/render/features/assets/shaders/transition_dither.glsl","50786F3B1FE7F66AA32A6E0E19F9072BF20DD32514E738507B1E947225077F1D"
"modules/function/render/features/assets/shaders/vertex_layout.glsl","6A1A0FA310D92990B87576DFED567CCD32AF5095F5B2E51976C136F6B710FA88"
"modules/function/render/features/assets/shaders/vertex_pool.glsl","9B3637194E2F1C4D62203A7F1FE62B2B8B0297BA66725AB05A34BD01AF5D0E6B"
"modules/function/render/features/assets/shaders/view_common.glsl","A73B6F3E6E46D4329A7F2A8D39482A19641E485A201E33666D4813E7C2DB5E2A"
"modules/function/render/features/assets/shaders/view_pc_prefix.lglslh","3AF3E5F61EAE8B8F9E3C6F60FC92E11D9FAC9E1F5DD96E1ADD471FA39F58F855"
"modules/function/render/features/assets/shaders/water/water.frag.lglsl","2DA87F4BCDE4B6138E6BB195AEC687116B15A3C0534BB55B34785FCC56AEF076"
"modules/function/render/features/assets/textures/blue_nebulae_1.png","441DB3B0825D1DE9EC5B6F14FEC06AFD7F0896D5187022BC204A2E441CA696E1"
"modules/function/render/features/assets/textures/hazy_nebulae_1.png","FE656C8091D8764905E4F406DB94C7728F9EB52CCAEF68484746BC47836706BC"
"modules/function/render/features/assets/textures/plain_starfield_1.png","351DDA042A7137B98A2A1D1067669C805E031F5B65CBE11EE07E89DAFA06B2A0"
"modules/function/render/features/assets/textures/ringed_gas_giant_planet.png","BE113BCA2FCF96E2351BF9BA47B0F9D79DF5AAE745ED0336D7BADC8A9C349DA3"
"modules/function/render/features/cmake/compile_glsl_shaders.cmake","40B8E99716E9A719E96B18409DCE24D0FA36EAEFF0D00584059BEC7C6A4AE2CE"
"modules/function/render/features/cmake/embed_builtin_shaders.cmake","3807D442542369689DFAF1B5A731227797D30AF6A8264B08AD1C81B02BF086DC"
"modules/function/render/features/include/lux/engine/function/render/features/BuiltinContentProvider.hpp","D55A201E326C3CEF7D4480AAE083E73206425854D29562F8CD85FB7DF855AA89"
"modules/function/render/features/pinclude/lux/engine/render/renderer/features/MeshCommConfigValidation.hpp","50B8FF2DE3B0F574DC6AFB3E247E5CC7677401E5BE22C716508D9DB73E6D2831"
"modules/function/render/features/pinclude/lux/engine/render/renderer/features/TransientPrimitivePipelinePreset.hpp","244A3CEF1B4D8C6EACE6112DA4E140F045089F3C186F70823364ABC695B9C0A5"
"modules/function/render/features/pinclude/lux/engine/render/renderer/features/gizmo/LineListTransientFeature.hpp","20C94B9174A109F767271BD323D368A5BDB2BF2480D85E242E55B80A367D05E9"
"modules/function/render/features/pinclude/lux/engine/render/renderer/features/gizmo/TriOverlayTransientFeature.hpp","1090F78F29ABAEB96018EAA54A2C995A6C487718DFB02BF2885F0D3C44A9BE83"
"modules/function/render/features/pinclude/lux/engine/render/renderer/features/meshstack/MeshInstanceAssembly.hpp","2743A97331D81F85882987243A81883BD22089F34D59BC9507A29CFD21CD7624"
"modules/function/render/features/pinclude/lux/engine/render/renderer/features/point_cloud/PointCloudPipelinePreset.hpp","DE94A510D26A498F78E193543CF25381D36DFFB238B0A1F276758D11D1E834AC"
"modules/function/render/features/pinclude/lux/engine/render/renderer/features/shadow/ShadowSliceMath.hpp","CF571A820182336236A2661E84B661737563C44AD6C01693D6EC20DA4254A0F8"
"modules/function/render/features/sinclude/lux/engine/render/renderer/features/BufferTransferSynchronization.hpp","241ECD7834ED5E1CBE222792D8B8B0C321AC39E233C4F2D295A2104B34414F03"
"modules/function/render/features/sinclude/lux/engine/render/renderer/features/DepthPrepassFeature.hpp","D6F0B5F992EF656708EBD7F934059CA1484D1A48006C027F44E76D9EC5CD1853"
"modules/function/render/features/sinclude/lux/engine/render/renderer/features/GpuDrivenMeshFeatureBase.hpp","7B3CEBBF4AA9108B65FDA2F36FD43A7ACC86EA5B2090B96B2300A41F8AE660B9"
"modules/function/render/features/sinclude/lux/engine/render/renderer/features/TransientVertexRing.hpp","7C926745C11DAB5642F0BB34B1E1CBD64260B606E8C956502E684BC3B0445057"
"modules/function/render/features/sinclude/lux/engine/render/renderer/features/canvas2d/Canvas2DFeature.hpp","9A7B894EBE1E6B68A5C451DB5CFB1125BD8269584A58D2C5BD589B9AEADD5BB2"
"modules/function/render/features/sinclude/lux/engine/render/renderer/features/canvas2d/Canvas2DInstanceArena.hpp","10E6E0BDD4DA1EB74E725242066F4BC830DD5D186DA43CA5411F5490C257B41E"
"modules/function/render/features/sinclude/lux/engine/render/renderer/features/deferred/DeferredGBufferFeature.hpp","D41B0484AE8923DDB4E0074FACEECB4C218750EA76483D8B267831C1D1908578"
"modules/function/render/features/sinclude/lux/engine/render/renderer/features/deferred/DeferredLightingFeature.hpp","C31FE1948EC3937E7E2ED083B9DC7BA708391F3C1015E6E069AC2E711814B90B"
"modules/function/render/features/sinclude/lux/engine/render/renderer/features/deferred/GBufferTypes.hpp","5AF274E95FB20A6A2DEACD0061CE37E83F0C924F6947D406FE23C084101BB589"
"modules/function/render/features/sinclude/lux/engine/render/renderer/features/forward/ForwardMeshFeature.hpp","CF402765B646329C557EEA110F933151517703AFB57DFAE866F889CC2B1EE5DF"
"modules/function/render/features/sinclude/lux/engine/render/renderer/features/grid/Grid2DPassFeature.hpp","491131A96B24F83988CB337BDCEBB2050DD97F69754A0227E06B8ADDBE2D13F6"
"modules/function/render/features/sinclude/lux/engine/render/renderer/features/grid/Grid3DPassFeature.hpp","7C1A75AA339F2F571090846ACD1A488EC38517392BA41B438611DC3D006DD660"
"modules/function/render/features/sinclude/lux/engine/render/renderer/features/highlight/HighlightBlurPassParams.hpp","FCF0C5D45A2FEA8B5302D88FD73B180BF9BD5FDC58E8EE330396E555F632AD61"
"modules/function/render/features/sinclude/lux/engine/render/renderer/features/highlight/HighlightCompositePassParams.hpp","6B9CAAA6A7449A12B538792DE251AFF260B25D8D8E17E023117F45FC8CD51730"
"modules/function/render/features/sinclude/lux/engine/render/renderer/features/highlight/HighlightFeature.hpp","1FE22836B84BE12A47895346B60E8D4ECAAB6C369F501C0FBCAC733B3663DBFD"
"modules/function/render/features/sinclude/lux/engine/render/renderer/features/hzb/HzbFeature.hpp","2F94A6565FAF33589C17DF1561B9746FF03BB75E04B15222D7CB81AD7A383EAF"
"modules/function/render/features/sinclude/lux/engine/render/renderer/features/light/LightFeature.hpp","340139E99696B690611153F6BBCF249C3DE447A2644B48CCD28EE54DBCEA0AC9"
"modules/function/render/features/sinclude/lux/engine/render/renderer/features/material/StandardMaterialFeature.hpp","12A0EFAD3F44E097460C0348BC86841C77118F7A6882C6D527C519971A7A0C9F"
"modules/function/render/features/sinclude/lux/engine/render/renderer/features/meshstack/StandardMeshStackFeature.hpp","8E4EC70B1EA2CEFDA1115560297CD9052F79DC1353D88C09D29CC1167957A568"
"modules/function/render/features/sinclude/lux/engine/render/renderer/features/point_cloud/IPointCloudFeature.hpp","F5E75C78BFBCAE703D3E9400727FF68BC5586BECFEA39F77DF048FBB699F8D67"
"modules/function/render/features/sinclude/lux/engine/render/renderer/features/point_cloud/PCFeatureGPUDriven.hpp","7FF00FF82817C497D4CB8FDD63B6EF3E77525C1FC8D82719B6B3F0DECDCB657D"
"modules/function/render/features/sinclude/lux/engine/render/renderer/features/point_cloud/PCFeatureIndirectBase.hpp","58739A3A52FB48E26CDB2FE0FB2DAD5A5FC6EC5A0FE4B06D2C3390596CB5B4D6"
"modules/function/render/features/sinclude/lux/engine/render/renderer/features/point_cloud/PCFeatureLOD.hpp","4777BF9D73F0E6791A5BF8DEB831E890F6B0FF33872C3EFB115EF8896797805C"
"modules/function/render/features/sinclude/lux/engine/render/renderer/features/point_cloud/PCFeatureSimple.hpp","03C4DE062029F984E20108A942A22A5C8218646F46B019AF53F9EC822F06B4E8"
"modules/function/render/features/sinclude/lux/engine/render/renderer/features/point_cloud/PCFeatureSplatting.hpp","209B4779DD397A19958FEFECC9F27A454A76E137DE317B5DAC0AF700AB7F986E"
"modules/function/render/features/sinclude/lux/engine/render/renderer/features/point_cloud/PCFeatureTransient.hpp","369EFD885F5E7F62FF9563082913C18694FE93EDAF17417E0DC2129EFE4186BF"
"modules/function/render/features/sinclude/lux/engine/render/renderer/features/postprocess/FogFeature.hpp","33F07345EB1CEC85C13B0C80695DC69BE1D5B87C63EBE61455EBC9DC58EA4121"
"modules/function/render/features/sinclude/lux/engine/render/renderer/features/postprocess/LinearDepthFeature.hpp","E6250CB7E91CFE7AA378CBB83CF3E47E8B57381D79951F71844A64A1CBE4CAF9"
"modules/function/render/features/sinclude/lux/engine/render/renderer/features/postprocess/SsaoFeature.hpp","279104639C6CF722B36F997D1068ABB466295D40CF9B3E0BE29E5E9300549E70"
"modules/function/render/features/sinclude/lux/engine/render/renderer/features/postprocess/TonemapFeature.hpp","CC79ABD0F358EA2541A60378BF40EF68285CCCBF302E9A9880FA7C920A0160A5"
"modules/function/render/features/sinclude/lux/engine/render/renderer/features/postprocess/TonemapPassParams.hpp","FD5D05CB3FC543220FBA19B01D0B95DD3A00ADC235C6C7B4B67651A895F85D5C"
"modules/function/render/features/sinclude/lux/engine/render/renderer/features/render_cluster/RenderClusterFeature.hpp","6F87DBAE211DA4868EB5AE1FAFCC6805FC472ABF0D3A6BBA2832E90AC686AE22"
"modules/function/render/features/sinclude/lux/engine/render/renderer/features/render_cluster/RenderClusterResources.hpp","E077B47C532665FECB36F8A8CFBC8B77CB3E01085B2E6361BF32CF67BBF8782D"
"modules/function/render/features/sinclude/lux/engine/render/renderer/features/shadow/EVSMShadowResources.hpp","9D7CC322A97B7E4E59046658CDD66FA2C78BD94AC261B212C60E2989DF89B52D"
"modules/function/render/features/sinclude/lux/engine/render/renderer/features/shadow/EVSMShadowTechnique.hpp","1AA309AB404C288043A0639D1415407799D67452172CABD31472D3BFAB755798"
"modules/function/render/features/sinclude/lux/engine/render/renderer/features/shadow/IShadowTechnique.hpp","07B441F0AA94CE9DBAC4CAD76F47C2B8E782124B88F1AEE1023E4A9EFF5FD1E9"
"modules/function/render/features/sinclude/lux/engine/render/renderer/features/shadow/MeshShadowFeature.hpp","3AE56D3DF491206E219F37990D9231E7352E265CD1F72A79597020F52CDEBFF2"
"modules/function/render/features/sinclude/lux/engine/render/renderer/features/shadow/PCFShadowTechnique.hpp","1C3BC86EEE1F849C08698D0098CF33ED59A1A5BB501BD6AEEC1C4E3CD4428CA0"
"modules/function/render/features/sinclude/lux/engine/render/renderer/features/shadow/ShadowMapFeature.hpp","8C76B7C4CEB11161BB6D3E73687DDA7647F7E3365F6D7F30CAF758D059C49F81"
"modules/function/render/features/sinclude/lux/engine/render/renderer/features/skinning/SkinningFeature.hpp","43E342B02F5C88CE213ED6170D82E70310904783B56F9A7BE84E9B8B14ECC236"
"modules/function/render/features/sinclude/lux/engine/render/renderer/features/sky_box/SkyboxFeature.hpp","82CD783B6F38E5C9A6A8794C6973D3930B831FFBA5E1055835FDB38137FDAE16"
"modules/function/render/features/sinclude/lux/engine/render/renderer/features/spatialcull/SpatialCullFeature.hpp","65FCECC05942B041229C841A66CA07B0BAF6063756F96ECB0467FA4ACC6DD69C"
"modules/function/render/features/sinclude/lux/engine/render/renderer/features/streaming_feedback/StreamingFeedbackFeature.hpp","97300A1BAA5A5F11C2CDA65533CA9EE7D35AE9C3AA30A8D42BB6DE2CB3BBCEDD"
"modules/function/render/features/sinclude/lux/engine/render/renderer/features/streaming_feedback/StreamingFeedbackPassParams.hpp","A4D1C3B0CE6897C66D7C4F5C9B3EB77B61650F5E9EA8B2FB61B49402DBB2CD6B"
"modules/function/render/features/sinclude/lux/engine/render/renderer/features/terrain/TerrainFeature.hpp","DF66DA57F3D10B02B830A611D20AD33F600C7739191EE71191D6DD26F14450A4"
"modules/function/render/features/sinclude/lux/engine/render/renderer/features/terrain/TerrainResources.hpp","C28D5C46851B13DD441E15C420E625C3C4B29C41EF0BBDC5DC7BEDFFF47BFEB8"
"modules/function/render/features/sinclude/lux/engine/render/renderer/features/trajectory/ITrajectoryFeature.hpp","A552BCE3C15C38DE8B88CFDCA721138AF5DAC92A2F4BA903DC524957C6239EA0"
"modules/function/render/features/sinclude/lux/engine/render/renderer/features/trajectory/TrajectoryLineFeature.hpp","74E1B5C392F76E9009A28F03016472946C6EC914C15A4511F58EC41B1A3A3B0B"
"modules/function/render/features/sinclude/lux/engine/render/renderer/features/view_camera/StandardViewCameraFeature.hpp","95A207AEB6C07808E40B12AF48A8DA6A42811E6DBE67F315E6448C8FD0809F2A"
"modules/function/render/features/sinclude/lux/engine/render/renderer/features/view_camera/ViewCameraResource.hpp","2A10695017439FA58E3337EC567E02DF00FD83D9D7259BEB8D8070625E47E1E6"
"modules/function/render/features/sinclude/lux/engine/render/renderer/features/water/WaterFeature.hpp","27304603BCE61D8091703E5324C47B80A008B5DA5A561992AB5CC1AD8C86ED89"
"modules/function/render/features/src/BuiltinContentProvider.cpp","9D821A568C489B38DA95A07A4721937C860B651B289E0CE13740DF8C89AF2547"
"modules/function/render/features/src/assembly/FeatureParamsHandlers.cpp","A0754A2F5011EEBD50AEF226A3B0D1A55F32F4855E7183AAD9C18176C710772B"
"modules/function/render/features/src/assembly/canvas2d/Canvas2DOperationHandlers.cpp","6696F9046D730DE02F9952EDA080C9096957E1CD37D17E0BE9971883A987F081"
"modules/function/render/features/src/assembly/deferred/DeferredGBufferOperationHandlers.cpp","DA5C0DC3192BEF0F9FC7C8268984DAE8EAEED9297D4359981F8C0635A8A89496"
"modules/function/render/features/src/assembly/deferred/DeferredLightingOperationHandlers.cpp","5D45740877043F3AD4D989530A1EAD849D06DA339C74A46558BC047C1905094C"
"modules/function/render/features/src/assembly/forward/ForwardMeshOperationHandlers.cpp","A3FFEEEFFA511B39C33AFDDAE40D95445C57A5E65177DA3BA98EABDFFFCFB121"
"modules/function/render/features/src/assembly/gizmo/LineListOperationHandlers.cpp","6DECF3303E0856CF9196C1EEB28D49CA13AC446E8038531A31ED573ABFA3A288"
"modules/function/render/features/src/assembly/gizmo/TriOverlayOperationHandlers.cpp","031CE1A929CB87E115F95428C5D5F4B24CEDE7F8EF2C03386E4E943EF1C1007E"
"modules/function/render/features/src/assembly/grid/Grid2DOperationHandlers.cpp","49BC69A3523D7BCAAEDA465D1EFFBDE4CCD0E5917D2B37DC987F09B606ABB4B0"
"modules/function/render/features/src/assembly/grid/Grid3DOperationHandlers.cpp","0C3404DEC720E134CA7CDB932B6B32DC32590EC8056923D0B009967536F4A16B"
"modules/function/render/features/src/assembly/highlight/HighlightOperationHandlers.cpp","0FDC18389F2608C8BA6552A895BA5B56609A9EB76DDDE531CC5B4CD6DBB27563"
"modules/function/render/features/src/assembly/light/LightOperationHandlers.cpp","88791184E746ADAC2470905AF6D6B2C77D4C831795E51E1F4BC8B95B13FF34CF"
"modules/function/render/features/src/assembly/material/MaterialOperationHandlers.cpp","6FBC83EA71BEABA65377ED04EEDEB69FD4578AB3B77BE6870ADCD7295434BEFE"
"modules/function/render/features/src/assembly/meshstack/MeshStackOperationHandlers.cpp","2C9B99D34D1B13E92C38B785DD3A60F5D8E08E16825C1B433BA8E495D33F6917"
"modules/function/render/features/src/assembly/point_cloud/PCOperationHandlers.cpp","FC2BC7D32FD06755573941E4A23742845EE1966C59D2CA7EA4F21657DAF8359E"
"modules/function/render/features/src/assembly/postprocess/FogOperationHandlers.cpp","65E01D2ED9C198B47775D8A827B73A43E512E291B76EC438ADB26A94EE044115"
"modules/function/render/features/src/assembly/render_cluster/RenderClusterOperationHandlers.cpp","1A5A976B5C7CC380A966EE78A3CC425ADD959BD807D1024930E142AF8FB35F7C"
"modules/function/render/features/src/assembly/shadow/MeshShadowOperationHandlers.cpp","D986A71364BB86CC1E4FBECCD88A9E3D8773735114618980A18340093948D302"
"modules/function/render/features/src/assembly/shadow/ShadowMapOperationHandlers.cpp","1A72720F7C709F6D889D1575BC56E5AABB2A2A6831265184725CEDD6576B3EBB"
"modules/function/render/features/src/assembly/skinning/SkinningOperationHandlers.cpp","EA5383C0DAAC0737F3B67E75292B82AA0622ABE3109B30FE708CE675DE46F625"
"modules/function/render/features/src/assembly/sky_box/SkyboxOperationHandlers.cpp","5CF757229E4B3A4FC09B0B067CC6C44047A8C5A992C3A95D0DB5C39B29F326F3"
"modules/function/render/features/src/assembly/spatialcull/SpatialCullOperationHandlers.cpp","B5F5EEABAF9256E7A9347CAD5BE98083A0950A5CBA6C1B756694BC446018C9D9"
"modules/function/render/features/src/assembly/streaming_feedback/StreamingFeedbackOperationHandlers.cpp","B3C42D51E8B2E89EFD15DC1A0A73CFD501B3671B77CABAE7A87BD3E746331156"
"modules/function/render/features/src/assembly/terrain/TerrainOperationHandlers.cpp","C88F2EAE05AD34708010C137F7C7C54FAFFEB71A0DB0BF1565AB98DD21487EE4"
"modules/function/render/features/src/assembly/trajectory/TrajectoryOperationHandlers.cpp","0894069529DD3BC081393E1CBE6D8AF00B5AD26910B8A9026FE7B22B07DFDB34"
"modules/function/render/features/src/assembly/view_camera/ViewCameraOperationHandlers.cpp","5F39A52C2871103A516E7F04B0668838E766A8A63B81519894779D80920CCF81"
"modules/function/render/features/src/assembly/water/WaterOperationHandlers.cpp","4AD82B55C18939FDC9BB6A9C3B3B986893A686FDF0203D8C251C45FBDB301AA5"
"modules/function/render/features/src/kernels/MeshKernels.cpp","48C91C47491ABBC589399EF14ECF89C8A5AFEEBF0661FAD5288DA2D8F42D945D"
"modules/function/render/features/src/kernels/ShadowKernels.cpp","FBA1CC07BFE0D1574A3B20E726951E04E37FA1E5DD076F16B22DDF3FC9C67BFF"
"modules/function/render/features/src/kernels/UtilityKernels.cpp","819846776CC8F2D3245D442E063DBD8C5A31086D32FF2E8376AB8A391017759D"
"modules/function/render/features/src/meta_sidecar_anchor.cpp","54F65FFECEF9EE97DB7A80A21D781F91B90A4F22213695BC4B87C11C9049C274"
"modules/function/render/features/src/renderer/features/BuiltinShaderContextView.cpp","13FA1F8ECE6557C2CB4890893DF0A42C0AC0DC53CB12C0D5715372739057C52B"
"modules/function/render/features/src/renderer/features/DepthPrepassFeature.cpp","0F669A8C468DC44DDD72C6D4B562E1D0D26EF523FF438DBAF93196BAF4B52B04"
"modules/function/render/features/src/renderer/features/GpuDrivenMeshFeatureBase.cpp","0F70AEE84960B802C2529118920358E7BD16B6FD40353608369C96CA32E4D92E"
"modules/function/render/features/src/renderer/features/canvas2d/Canvas2DFeature.cpp","FC8A43FC08CB42519C64728F0DA719ECF3CA0B9E75290E78ECC9883F8A0B2B19"
"modules/function/render/features/src/renderer/features/deferred/DeferredGBufferFeature.cpp","D1D1DF7FF0BA21053BCD5AEC2BC516140D6E40E252ADBE1B834E36E41956A502"
"modules/function/render/features/src/renderer/features/deferred/DeferredLightingFeature.cpp","17C061678B689B444D4DC1BD275FC3D3BF8A68C8E2CC1532F46CD7067DE7DC8C"
"modules/function/render/features/src/renderer/features/forward/ForwardMeshFeature.cpp","2E6BF7C5CA1AEE6C9E1743B1872377918219ACED631FF221C152D25FB4BE9616"
"modules/function/render/features/src/renderer/features/gizmo/LineListTransientFeature.cpp","F6BCB160D8DF1F907C3EA9AC59823CFDB1B0477C6AF5EC235395E1E8229F5543"
"modules/function/render/features/src/renderer/features/gizmo/TriOverlayTransientFeature.cpp","2928D613D0C2CAEB9394C92F8BF967CD7F033AECF061171B26FF21DB60652095"
"modules/function/render/features/src/renderer/features/grid/Grid2DPassFeature.cpp","637A7D5F8EFB8140D82E484E0BB5F66B7D4562D078BF8561153E101031BA9D65"
"modules/function/render/features/src/renderer/features/grid/Grid3DPassFeature.cpp","058F690BCAAC80D8CED2FFCE5E9AED7C9C9BF76B81F239B24AEA152DA3501963"
"modules/function/render/features/src/renderer/features/highlight/HighlightFeature.cpp","5BA1244C2349031106B96AA20E2C9A8BEEB61F715C61F17364F691434E989406"
"modules/function/render/features/src/renderer/features/hzb/HzbFeature.cpp","0656F23B76B87EFC6DFFF933F5A96D7A69D7769AA191D9234FA089AA4C784439"
"modules/function/render/features/src/renderer/features/light/LightFeature.cpp","A21CA23427400A65F38FED66864B21DA4FF7C19415393D28A5DDEFD63852FF86"
"modules/function/render/features/src/renderer/features/material/StandardMaterialFeature.cpp","C48AD3756B56BC154568432E1F4DF1833CDDF67C86DEE964AC4C730A16E6F3C2"
"modules/function/render/features/src/renderer/features/meshstack/StandardMeshStackFeature.cpp","FFC02EBBBF98AEAD77AEF338E510BE8AE4967291D654825F12DD1E13A0AE4C1D"
"modules/function/render/features/src/renderer/features/point_cloud/PCFeatureGPUDriven.cpp","67FAC9BAA867F20ED1C0AD20E9F8055A490FA29EB102F958EAC2917F0F9A2F8B"
"modules/function/render/features/src/renderer/features/point_cloud/PCFeatureIndirectBase.cpp","F995B6DE1A5AD9D8D6976059866491D8C8B88290745CFE0EC631AF22E57AD714"
"modules/function/render/features/src/renderer/features/point_cloud/PCFeatureLOD.cpp","6340ECE6FA05A259FFE78AE310C3CC3DEBDE55EEE4F6C776E447B29773EAEBD4"
"modules/function/render/features/src/renderer/features/point_cloud/PCFeatureSimple.cpp","CBAA388BB3E441C7389FD02391DCEEDC266051CE567E157D24D2B2E9D875ABA2"
"modules/function/render/features/src/renderer/features/point_cloud/PCFeatureSplatting.cpp","C50CD1D9406F4E3F522268101450EB04BD6BF2AA0C714F2AD0ACC5C7FCB0CBA7"
"modules/function/render/features/src/renderer/features/point_cloud/PCFeatureTransient.cpp","B362CF88238247317BB94E04C923FBAD9A62962165F884447DED43309722FCD5"
"modules/function/render/features/src/renderer/features/postprocess/FogFeature.cpp","7869705C929A18BAE50C6595875F716329BFD9199D003CCD5BFDE72E185BD1CD"
"modules/function/render/features/src/renderer/features/postprocess/LinearDepthFeature.cpp","E744FAA623D3AB8597C8EDC5F7F8BE5425CFA72D40B7AFF47FEB5D9ABC7F908F"
"modules/function/render/features/src/renderer/features/postprocess/SsaoFeature.cpp","D80FA80F2CF965C35AE9E56DFBF79560315854D6B8EFC84F230B0000763D61DA"
"modules/function/render/features/src/renderer/features/postprocess/TonemapFeature.cpp","B4039FA4D2FC9070CCE58DF439798BB7D9B100685E8E0C9A06112852970396EE"
"modules/function/render/features/src/renderer/features/render_cluster/RenderClusterFeature.cpp","15CE0719A54DFCB143CBEE4FF8DDD5EA113D1A050D24B9E51CC82028B0D442E9"
"modules/function/render/features/src/renderer/features/render_cluster/RenderClusterResources.cpp","80E8E3A313BC0B8FA717A8D0C91693DA361F417AD6D510DA540AED6DEAF4090F"
"modules/function/render/features/src/renderer/features/shadow/EVSMShadowResources.cpp","C07A9DCCE1F08E852DB60A964E4FBC6B68480EA6C7FEF29DE8534690FF7E61E0"
"modules/function/render/features/src/renderer/features/shadow/EVSMShadowTechnique.cpp","BC25ADD972517065B636B2ADDB53F0A877858F0A20232692C7AE526FAB26CFCF"
"modules/function/render/features/src/renderer/features/shadow/MeshShadowFeature.cpp","CC510C1410E0AF3E71119F75CCC1034D88009125188626E0502460E8AE2A790C"
"modules/function/render/features/src/renderer/features/shadow/ShadowMapFeature.cpp","DF072F1E99DBDC5018A86EEF0173A2293F991FA1F769D2D1A64225F482F8CECE"
"modules/function/render/features/src/renderer/features/shadow/evsm-status.md","9B60AB2117131ACF22EDC00F20321AA2DFDDC8085284A2B64E2001B3D3D52885"
"modules/function/render/features/src/renderer/features/skinning/SkinningFeature.cpp","9198E32E3724524C66E4C207A5B2CD1FB54ACDA2B85225B2609F650F8825865F"
"modules/function/render/features/src/renderer/features/sky_box/SkyboxFeature.cpp","AA8F3DB151409CEA3342F57A7E04A989FE1C441C730009819421261FF2ED8756"
"modules/function/render/features/src/renderer/features/spatialcull/SpatialCullFeature.cpp","108DA6F22B4F0CD74DF499CDB29410EF9F1F0B8433ED8AF65EB8478657C6CBB0"
"modules/function/render/features/src/renderer/features/streaming_feedback/StreamingFeedbackFeature.cpp","E05B6CE0B23E33B64409442C8FD2D483A625BF809904F9A348F877030760B4B2"
"modules/function/render/features/src/renderer/features/terrain/TerrainFeature.cpp","13F7146185F46A00C155C94F4614825C914DEA826CC63AF5FA181E4DF2132D73"
"modules/function/render/features/src/renderer/features/terrain/TerrainResources.cpp","BFDF61493909568BC7DAC7331F778A17C31F099835B7BCAB96CBBC1DC05DCDF2"
"modules/function/render/features/src/renderer/features/trajectory/TrajectoryLineFeature.cpp","D7ABE0698FA72213F9D29265828F9667C30D37E31AC6A774192F64EE489474BB"
"modules/function/render/features/src/renderer/features/view_camera/StandardViewCameraFeature.cpp","7A244968F5715E6321F6C5D422A233265A2CCFA7036E08229E2CF2473BFE3EAB"
"modules/function/render/features/src/renderer/features/water/WaterFeature.cpp","2D7873DF236985FF2520F2B005EF9C4BAF4A72CEF50C78F7F7BE9792A00DAB0D"
"modules/function/render/features/src/scene/SpatialCullGrid.cpp","6D918044FBAF8893F74FF11DAD3F643139E86EF9839F02DC1CE5C920D8DC1576"
"modules/function/render/graph/CMakeLists.txt","B616E54CFD105842C7865E98D7D1DBCE494A2B05F33CC3C8041AD85D71C5EAF2"
"modules/function/render/graph/include/lux/engine/function/render/graph/DependencyAnalyzer.hpp","FD9395A93D42FA9AF36412BBCF809DCC48FC48D4595C68BAF22D05FFA92F2879"
"modules/function/render/graph/include/lux/engine/function/render/graph/RGEnums.hpp","CBF223010FC3D2AD0C6CD96A3B494D9789936D56E9DD0C2C0B3029352BB34B80"
"modules/function/render/graph/include/lux/engine/function/render/graph/RGForwardDecls.hpp","B5E9ACDEA716F3B66634E6198FEF630B0EF33EC1115E3F23C565EDC6720D8368"
"modules/function/render/graph/include/lux/engine/function/render/graph/RGLogicalTypes.hpp","4B0C1ED1179D66B3E56B1ADE30E69DE1FAFA8BF51EA2170577FE4E261E4CE354"
"modules/function/render/graph/include/lux/engine/function/render/graph/TextureAccess.hpp","DAB4DCEE7F3E8FC2945A3021E3C2EDB45187E8BBCFE2A09FB1BFED33ED3126DA"
"modules/function/render/graph/src/DependencyAnalyzer.cpp","847D79093855113D589F6A4140E5C5BF2000726551D2AB3CCB670C962D70D9F9"
"modules/function/render/standard_content/CMakeLists.txt","59755678734CE67AB4AD4F18A03F16B0C0807AC8F262F9333E64E712306203EA"
"modules/function/render/standard_content/include/lux/engine/function/render/standard/content/ClassicMeshBatch.hpp","AA84663E07057CBD2550829CE94892B65E1419810501D5C1AAEF0B53810A6DC1"
"modules/function/render/standard_content/src/ClassicMeshBatchCodec.cpp","55DE2A1BA8A31B78979684F746C2623AA1CE08B07D00B480A9D035FFF032C09A"
"modules/function/render/vulkan/CMakeLists.txt","44139A7463B4E474EBB91E31B8263090D44C48B5D4655C318387E6013E495959"
"modules/function/render/vulkan/include/lux/engine/render/RenderContextView.hpp","99727ECBDA65FBB1DB3C579083DC5DBE9F156E7BB1CE86407720B0C354BB55FE"
"modules/function/render/vulkan/include/lux/engine/render/RenderFeature.hpp","474DE2F47C40507D38CFC3C38D9CD9AD867AD24BE3D869C9D814EA6EEFF8852A"
"modules/function/render/vulkan/include/lux/engine/render/RenderSceneView.hpp","4405A34C4829C32637940AE1C7A94964660D29D160695C10F2DEFBB2513DCF44"
"modules/function/render/vulkan/include/lux/engine/render/comm/server/FeatureOpRegistrar.hpp","EEE56D6C7D4DAB08B9CE39017B141360CA20383E26D0CA029183FBF48EE3CC86"
"modules/function/render/vulkan/include/lux/engine/render/comm/server/FeatureRegistration.hpp","FCF58BB82E687186B863B91A8C815BEF6AF6DF0FB20B405F9BBE2037387A3EE3"
"modules/function/render/vulkan/include/lux/engine/render/comm/server/RenderServer.hpp","4A4F99C215260EBB38B1C78355B8C7D3F3C222DAB66FB3B041EDD7584DBB56B3"
"modules/function/render/vulkan/include/lux/engine/render/core/DescriptorSetLayoutContract.hpp","B7AEA54DC0E75036E12D98D8C6159FCC69B79871EA9E65DB85705CAF741A0C15"
"modules/function/render/vulkan/include/lux/engine/render/core/FrameRetireScheduler.hpp","800137A8DA6C47D72D46C9EB92197E08F039EF1AD20D9630016DD117208B65B3"
"modules/function/render/vulkan/include/lux/engine/render/core/FrameServices.hpp","3018BCA4A6EBE76811E1890DD928E77AA6C61B6B1997EEC89B2CC886BB076056"
"modules/function/render/vulkan/include/lux/engine/render/core/FrustumCuller.hpp","804C137D8121937D7E9D72B3040E7D1D0D132544902543DBAA6856911B47E171"
"modules/function/render/vulkan/include/lux/engine/render/core/GraphInvalidation.hpp","C752BE669E958FC6883C430E07D62BD75F00BEE6AA79E768225B1AE6F4B0948F"
"modules/function/render/vulkan/include/lux/engine/render/core/PreparedPipelineStages.hpp","6115E735EDE0044D36B22D68225FA260E659A64089059F4E006330B8B5A1EDEA"
"modules/function/render/vulkan/include/lux/engine/render/core/vk_fwd.hpp","1EAF7DBD8DF8BAE3D334942DAE9950B94D5497CCB6167E073F95A311E940011A"
"modules/function/render/vulkan/include/lux/engine/render/gpu/ExternalInterop.hpp","AF6E29F7E238647AB50FB79EFEF74FDC6F65AFCFB63EF20A314C4D5D63FB8777"
"modules/function/render/vulkan/include/lux/engine/render/gpu/lifecycle/ResourceRegistry.hpp","C6988707C0EAEAD6736F523B8128AF5422AE8A71ED9BCF66177D8556ED7B87E0"
"modules/function/render/vulkan/include/lux/engine/render/gpu/pipeline/Geometry.hpp","4C7D794CC0A41EC16CCA81E8DCFDD8656349BFA108ECDBB1D6283EC17A942127"
"modules/function/render/vulkan/include/lux/engine/render/gpu/pipeline/GraphicsPipelineTemplate.hpp","2BABF2AD83643C8F26264B06FF75BD242C2D32A753A3F4EB1350091EA566F75E"
"modules/function/render/vulkan/include/lux/engine/render/graph/FrameExtensionRegistry.hpp","B3A0F4059273F11FA92EB9DCB74A61C2DCD765781A7B8EC977E8DC7244784969"
"modules/function/render/vulkan/include/lux/engine/render/graph/FrameExternalSync.hpp","79591C31873A860DC2ED173DB7D545ED8E06C740BCD01C4D8AE8CB60AE015475"
"modules/function/render/vulkan/include/lux/engine/render/graph/PassRecordContext.hpp","CC270F2758F4C8087142DC083926DC420827B831B0C9823CF174F5F936063D2A"
"modules/function/render/vulkan/include/lux/engine/render/graph/RGBuilder.hpp","43310D2845BDF6265F07098DB5AC4E07744FA03E85A1938A08A9E5A6E5133251"
"modules/function/render/vulkan/include/lux/engine/render/graph/RGPassTypes.hpp","1CFEC750A5928B134C7BF56FD0E35EAE7F989927BEEF3FBA0D27A38DB6BD93D8"
"modules/function/render/vulkan/include/lux/engine/render/graph/RGResourceTypes.hpp","81C7F4125318032AC0C832ED291AA145FA0C3E5CCB95C0129D4AA9C0AE36344B"
"modules/function/render/vulkan/include/lux/engine/render/graph/RGTransientDSTypes.hpp","19DA6698670C2E5DFE6C267AC6E7FC26062B3972E2586CEA883EC3428B66C980"
"modules/function/render/vulkan/pinclude/lux/engine/render/gpu/pipeline/PipelinePresets.hpp","9A74D492E9E68414B1B11F732AA36DDDC1F4E96FF42196F865ABB6FE49FD5581"
"modules/function/render/vulkan/pinclude/lux/engine/render/gpu/utils/vk_convert.hpp","908830C95159792B4B0121B12DE7D38586062841E55ABBB0C68207920E207DD3"
"modules/function/render/vulkan/pinclude/lux/engine/render/graph/RGBarrierUtils.hpp","B21020E650BEB1E76C53573BB4019062B72E383B27707DB3456EDEF8F9F000F2"
"modules/function/render/vulkan/pinclude/lux/engine/render/graph/RGDebugPrint.hpp","1AE05EACCE1795352210C4C44C5D099BCFB95AB00CB7EBD23DD25F7CCC2C24F0"
"modules/function/render/vulkan/pinclude/lux/engine/render/graph/RGGraphResize.hpp","031D718075277B879268367BCBB47E2D16AF004FC29B13F6B2E4EEF56B687CFD"
"modules/function/render/vulkan/pinclude/lux/engine/render/graph/RGLoadOpPolicy.hpp","53F6D51873C7DE946E72FEB320D22AC445C842348CF8A5CF816EC28CF802E355"
"modules/function/render/vulkan/pinclude/lux/engine/render/graph/RGTextureUtils.hpp","FDAE29D0FFD44B9C2CF55B704380965ED4CB28709FACB39651A4C29675A0CFEC"
"modules/function/render/vulkan/pinclude/lux/engine/render/graph/RGVulkanRecorder.hpp","B996253D19ABF8145AE5E89E02A785F297CA52CBA8B6EEA259EDC5274AFA6B22"
"modules/function/render/vulkan/pinclude/lux/engine/render/graph/RGVulkanResourceAllocator.hpp","981C9999521D2974000049FE4A5D6142602137C5F03755348875F433DB15E686"
"modules/function/render/vulkan/pinclude/lux/engine/render/graph/RenderGraphCompiler.hpp","B4C1B42B43AFE90BDB3DA8CC89CF42BC70D4663B32A064E82142A2DA2130903C"
"modules/function/render/vulkan/pinclude/lux/engine/render/renderer/FrameRetirementPlan.hpp","5AEF6BF28CE406DAFF13CCABA8BED4B040A6A71281D09B8E8668ED14F1752E06"
"modules/function/render/vulkan/pinclude/lux/engine/render/resources/BuiltinShaderRegistry.hpp","1C6CBC740F912CBD7EC1B72B4DC3724B79671DF1A030198E46DA3955234ACCBE"
"modules/function/render/vulkan/pinclude/lux/engine/render/resources/PointCloudResources.hpp","18F728AE97FB94A4DCD35F6407CE9B3F0EF2CFF7E0038DC3613ED751FF750502"
"modules/function/render/vulkan/pinclude/lux/engine/render/resources/TrajectoryResources.hpp","4227AAC21A6F94C24B702EBF019811D28CC83775C527614AF882C85417E9B58D"
"modules/function/render/vulkan/samples/ExternalFeatureSample.cpp","D98DBBE2DB1A4CDE15D45786B5CE48DFD8846C71B8B3EAE9179193C805448DE5"
"modules/function/render/vulkan/sinclude/lux/engine/render/comm/server/RenderServerImpl.hpp","815ED863117EF6F7E079F7335EFB24145FE265618619862F51A0D36A100BE351"
"modules/function/render/vulkan/sinclude/lux/engine/render/core/Hash.hpp","64A651CD49142E5721F0728A1C5136E34EB0E23D8A18F03EB96C7EA043FE1506"
"modules/function/render/vulkan/sinclude/lux/engine/render/core/LayoutTypes.hpp","2AC0C358FE9B684AF41ED7A0622663919A521CC3DD40D6A4026A6127D80F1C52"
"modules/function/render/vulkan/sinclude/lux/engine/render/core/RenderErrorSink.hpp","362F55D1578FA6268ABFBF372676FDEC8B36E209570E6953CE5B50C591835A31"
"modules/function/render/vulkan/sinclude/lux/engine/render/core/ViewFrameData.hpp","87D9CA55C9C407E7FB594F8A0DB69FFF3E3BA2F55D98721BB9D4180FD69BC3D6"
"modules/function/render/vulkan/sinclude/lux/engine/render/gpu/RenderContext.hpp","D5D094731CAA9156D1734FD7E73D3E2975553AD7788635ED20759D5562F1FECE"
"modules/function/render/vulkan/sinclude/lux/engine/render/gpu/RenderSurface.hpp","78EB6133E850AAFCF2DBBD256476B6300CF7E980A7194C98FE2427C6720DB008"
"modules/function/render/vulkan/sinclude/lux/engine/render/gpu/ShaderObject.hpp","518272EEEFBA7E3C2B514ED3628F6462B4D76DDA214253891FF65D538F56172E"
"modules/function/render/vulkan/sinclude/lux/engine/render/gpu/VmaFwd.hpp","4D41B369D025E41EE164F00CD1871C9454489D4F1094C9A590CF6F7839217F92"
"modules/function/render/vulkan/sinclude/lux/engine/render/gpu/VulkanCheck.hpp","C2BD3960FB0B99F618AC6421C90A7A8D40DBCC658CCD5628D0B1EBB176E747D2"
"modules/function/render/vulkan/sinclude/lux/engine/render/gpu/VulkanContext.hpp","6F22038CF33B2872720A43C6640B9AECC17CA753B49EA18CED6F180EF1265BFE"
"modules/function/render/vulkan/sinclude/lux/engine/render/gpu/descriptor/DescriptorService.hpp","9CBC14F320CCFF56A5C09264366A657415D74D5A58504AE41D87E22BCCCB1EAF"
"modules/function/render/vulkan/sinclude/lux/engine/render/gpu/descriptor/DomainWriteTarget.hpp","6CB688CBD610F9DB3D6BB4E5252846132A4DBD43279E5715BDF284101D9EDD97"
"modules/function/render/vulkan/sinclude/lux/engine/render/gpu/descriptor/SceneDescriptorArena.hpp","93C8EFC79D66E55E4EF7ABAA51E0B5ACE3F3DC4A3D548A34E6692F6C5EE6AF53"
"modules/function/render/vulkan/sinclude/lux/engine/render/gpu/descriptor/SceneDomainDescriptorSets.hpp","6BD09C9DE477CEC7A5B67D299210121ED1C9083AFF14796019889643D2F63691"
"modules/function/render/vulkan/sinclude/lux/engine/render/gpu/lifecycle/DeferredDestroyQueue.hpp","7ECBB544AE4D1EF5A451C37AE522EC8CB762B3E3F147A239268D95D7C4FF83C6"
"modules/function/render/vulkan/sinclude/lux/engine/render/gpu/lifecycle/FifOwned.hpp","A1D5FA29B1CBD095FEB8DE7D04C14AF5B884923619DED033D4EC647EC3405D37"
"modules/function/render/vulkan/sinclude/lux/engine/render/gpu/lifecycle/GPUResourceBase.hpp","0DC947B5DA4F1B679BCF8F72198983717DBDC56410BC90CAF46F9925D6C7B046"
"modules/function/render/vulkan/sinclude/lux/engine/render/gpu/lifecycle/GPUResourceTypes.hpp","04A05BFE5E5907DCD42A7C5E9B719B32F8096C3B84F38A6480322767CAB9B913"
"modules/function/render/vulkan/sinclude/lux/engine/render/gpu/lifecycle/VRAMBudgetGuard.hpp","65CFCE37E5CD0E80E6EDCEF3C3957D71E46FF93495113B448C46D9351D26F93A"
"modules/function/render/vulkan/sinclude/lux/engine/render/gpu/memory/ArenaAllocator.hpp","F8AB521A1E897D6C2184C56DC14102B77DF4147E1EAF57217C84F6E23B860807"
"modules/function/render/vulkan/sinclude/lux/engine/render/gpu/memory/ChainedArenaAllocator.hpp","368157E2055CBAA2C571E685B0F45BAD34424822AEDFBDE879F1A2B9AAC370D9"
"modules/function/render/vulkan/sinclude/lux/engine/render/gpu/memory/GPUBuffer.hpp","6A835DAAE7A745699B8DBFF0E4EB25123C4EBB45261C7B17D20E75CF89E3EFF2"
"modules/function/render/vulkan/sinclude/lux/engine/render/gpu/memory/PagedGpuStream.hpp","8CE40D57C650D591F6BA5AB8115DA9E7919043E94B94D41B864F557DE2693382"
"modules/function/render/vulkan/sinclude/lux/engine/render/gpu/memory/StagingBuffer.hpp","8C7568A9A67B84E022BAFFE72F6F67687D36638132978EDC86DD5510ED0ED52E"
"modules/function/render/vulkan/sinclude/lux/engine/render/gpu/memory/VmaTypes.hpp","FE146E24BDDE5E76E2518A58500FD763CA0C619039DDB18B7E58DAD80CC94161"
"modules/function/render/vulkan/sinclude/lux/engine/render/gpu/pipeline/EngineSetShapes.hpp","8359D48C50A18C2FE76A857DC26BEB76099535E3D3FA2D2CC2A8D5C104A489A9"
"modules/function/render/vulkan/sinclude/lux/engine/render/gpu/pipeline/GeneralDescriptorSetLayout.hpp","835462137413948853BC9F5390C2742EC00D9C2F69EC13950B54DD1ED00CA04F"
"modules/function/render/vulkan/sinclude/lux/engine/render/gpu/pipeline/PipelineLayoutService.hpp","BE12857E05487BAB83B1CD99AF973D85716A3E3B05A4955ABD988ADBE5BD640D"
"modules/function/render/vulkan/sinclude/lux/engine/render/gpu/pipeline/PipelineManager.hpp","71839462ED710DAB9E63F7A35E6E280E348302DB3F9ED8285FB65C842519D831"
"modules/function/render/vulkan/sinclude/lux/engine/render/gpu/pipeline/RenderPassKey.hpp","B2002E11FE8026FCF8E270C38C708821A68D02735800B89BD356BB3BDBB49716"
"modules/function/render/vulkan/sinclude/lux/engine/render/gpu/pipeline/ShaderPermutation.hpp","48801ABF2F8508DE01EE3212CC4F9D29DBF4FC718266EE232B57950232FBFC14"
"modules/function/render/vulkan/sinclude/lux/engine/render/gpu/pipeline/ShaderPermutationCompiler.hpp","98109FB07EABF46F240E9B6D60C3CE7486CB3A0DFD4C09EAA7CD3CDAC47155BF"
"modules/function/render/vulkan/sinclude/lux/engine/render/gpu/pipeline/SpirvPatcher.hpp","6CFFE914D98F1D4B76CB8C2DD25827B4306CBF25ADF050444533628DBD069F5A"
"modules/function/render/vulkan/sinclude/lux/engine/render/gpu/pipeline/StandardPipelineLayoutBuilder.hpp","DA7A289E576842FE195B853019B5A1D1025664D77AF9861538F79B8A59647CDF"
"modules/function/render/vulkan/sinclude/lux/engine/render/gpu/pipeline/VertexLayout.hpp","2C9FA33B0AD8DF1258BA24A3B50B0234D43E83671C276A4009ABF2CF89F44928"
"modules/function/render/vulkan/sinclude/lux/engine/render/gpu/pipeline/VertexLayoutRegistry.hpp","A4E10ACF0AD55B4BF4C8BA0EB4A6643007EDB3269E86AB92DBE5CB250EF5A66A"
"modules/function/render/vulkan/sinclude/lux/engine/render/gpu/pipeline/VertexLayoutSpec.hpp","8A2B3BF2424DB598295386E3B10DA6EF38D43126ABE66D442967CD9CBC345474"
"modules/function/render/vulkan/sinclude/lux/engine/render/gpu/transfer/TransferContributor.hpp","21794156D14D6AEB36D10C983B00A05F8939C2A2FD04EF04749209873A5F7699"
"modules/function/render/vulkan/sinclude/lux/engine/render/gpu/transfer/TransferScheduler.hpp","7153D350505C593AD682232F95858EF0CEE48E3C2E01B190E2A4BBBD4FF87AED"
"modules/function/render/vulkan/sinclude/lux/engine/render/gpu/transfer/TransferTypes.hpp","8FBAA99D93C8969664AC3AAA1959768034E974152DB4F025A3C86848E471010F"
"modules/function/render/vulkan/sinclude/lux/engine/render/gpu/utils/FormatMap.hpp","48198864E147E64C2D2B01DFC1EECC77B113E3F0DB777B432B2DBBF3236C8E08"
"modules/function/render/vulkan/sinclude/lux/engine/render/gpu/utils/Slot.hpp","C385EDCEB28BC9A1162FA6E345F0C6B77ECF7E8871E740C0BEC76F36694EEB4D"
"modules/function/render/vulkan/sinclude/lux/engine/render/gpu/utils/SlotMetaVector.hpp","AE35922B4CB2F22FB81F93D5B0E1DA0E4C8CA38B3C6BB9A8CAE6ECFDD09430A5"
"modules/function/render/vulkan/sinclude/lux/engine/render/gpu/utils/StagingRingBuffer.hpp","73806A1C05D11C6CBDE82BCF2D217F2FD9F5AB2BDA4E557462154A36485265B9"
"modules/function/render/vulkan/sinclude/lux/engine/render/graph/BindingState.hpp","A5A5306789CF13E54C4323B9DF8E41BACBC34A8B080FD5C89DBD790F8B7B1C8C"
"modules/function/render/vulkan/sinclude/lux/engine/render/graph/KernelDescriptor.hpp","6B375DC719AEBB440842905BC0BCEA59FF6E29C6FCE13E5BC47E84C8DE8967BC"
"modules/function/render/vulkan/sinclude/lux/engine/render/graph/KernelReplayContext.hpp","B01A17BAA78461246CFB5FF713AA8C5F6CDD680B6D0EE79C8B1CA60063D75E60"
"modules/function/render/vulkan/sinclude/lux/engine/render/graph/LayoutPlan.hpp","7090A2CAD6B22D03253DABEC07F8C6BDCA89145EF21CB292B618878A6176458C"
"modules/function/render/vulkan/sinclude/lux/engine/render/graph/PhysicalResourceAllocator.hpp","64F0B2B6766DC68DB9F84779ECA42044C109E63DAE453CBCC869BC0E07B7F856"
"modules/function/render/vulkan/sinclude/lux/engine/render/graph/ProgramEmitter.hpp","93EFB74D6B92B3E5B35764DD467146A20F2287E1BC9BD9BC1D0D01DEF5AC5F04"
"modules/function/render/vulkan/sinclude/lux/engine/render/graph/RGCompiledGraph.hpp","A42AED5CFF774D0CC98B160BD19B631CF6DFE34549AD910480244DDDAE14C3B0"
"modules/function/render/vulkan/sinclude/lux/engine/render/graph/RGRecorder.hpp","D06D575F2345937CB31EF0A74AAD1F52607634C226BC213A6E4E8C9D2BD7FC44"
"modules/function/render/vulkan/sinclude/lux/engine/render/graph/RenderPassPlanner.hpp","BBA47C8BE8B80E763461A0ACC314E28BEBFE01C76AFC53F1DDDE06CB682DA8D0"
"modules/function/render/vulkan/sinclude/lux/engine/render/graph/vk_type_converter.hpp","F49A6B5EA28F52EE6776783627371F042119166F014168156D7B779D36DC06BC"
"modules/function/render/vulkan/sinclude/lux/engine/render/renderer/FeatureTypeRegistry.hpp","CBEF44F9193F14E08DB81EAA2E6CB3D4A7B886CA801867C1586F51C6F733266C"
"modules/function/render/vulkan/sinclude/lux/engine/render/renderer/FrameContext.hpp","90928881523C81DFCD5B0BA6D94D7736A0FF20324B1249726083C85599F443C5"
"modules/function/render/vulkan/sinclude/lux/engine/render/renderer/FrameDriver.hpp","F43AC2CFA7E8F7740AFD8C2A833FF5BA36102429AFD6A170F961D3CEE0B28734"
"modules/function/render/vulkan/sinclude/lux/engine/render/renderer/FrameOrchestrator.hpp","0949EA2AFF0AB7B361ECC16C79BB978F71DBCF83FC776DA64255A4440CDA5276"
"modules/function/render/vulkan/sinclude/lux/engine/render/renderer/FrameSubmitMerge.hpp","CE0E84FBF6358815B7954F86EB8008310BCBFF77CF45978C199D86BCEEE63970"
"modules/function/render/vulkan/sinclude/lux/engine/render/renderer/RenderTargetRegistry.hpp","872CCBF3E220CD3D9E48DD2CCBC6AF5F198BFF81BC082A014420F8FA2393F240"
"modules/function/render/vulkan/sinclude/lux/engine/render/renderer/Renderer.hpp","AC3A538134DD7DDA739893C6179DE8DF7DDC485CDC77BE5E7D076B19AED54CC7"
"modules/function/render/vulkan/sinclude/lux/engine/render/resources/SceneResources.hpp","D7ABD52BE90A184C575EF4DC2397FB74339159B784B2CB47ABABCAF3BCEFD0F2"
"modules/function/render/vulkan/sinclude/lux/engine/render/resources/ShaderResources.hpp","2ADB46CE9AFC6CCA8746967740E3372ECC402BBEF6D735F327A44868230BBFE3"
"modules/function/render/vulkan/sinclude/lux/engine/render/resources/SlotArenaBuffer.hpp","7FC1A627446011DF657830D6EE2F4E8512B9F85BF65B7800E0997DCA8D4A799D"
"modules/function/render/vulkan/sinclude/lux/engine/render/resources/TextureResources.hpp","9F16541CCFCA47D6044CB76E31D6E09F64C4B2D01239947504A38C329CCC43C4"
"modules/function/render/vulkan/sinclude/lux/engine/render/resources/TrajectoryGlobalBuffer.hpp","EE5E0EF77A984EC38A2C98A0B04BA1D8EFCC9BDEC02DC8683118968AB0877FBF"
"modules/function/render/vulkan/sinclude/lux/engine/render/resources/TrajectoryGpuData.hpp","A4C4446D4B998F31BEAF991273D5F8650A80A7D37A42FC521CE685D976F67F0D"
"modules/function/render/vulkan/sinclude/lux/engine/render/resources/descriptor/BindlessCombinedSet.hpp","058C720C86CDA5D3BDAAD9D8DF9106CA5DDD326429AD513A68485C0124C9B9B1"
"modules/function/render/vulkan/sinclude/lux/engine/render/resources/hzb/HzbResources.hpp","C31740063071222191CA776FFDA00CDAA7F23E12ADF8294304CEACB4FA7FA9DB"
"modules/function/render/vulkan/sinclude/lux/engine/render/resources/lifecycle/GpuTransferPipeline.hpp","D6B72E74D43F79A0AA1D8DBACD35A730336B6CCD027E8DE66257B1C97FC470EE"
"modules/function/render/vulkan/sinclude/lux/engine/render/resources/lighting/LightResources.hpp","794295FB55BC25088899A24A0CCC903D6975A876945DF76C4A738AA175359711"
"modules/function/render/vulkan/sinclude/lux/engine/render/resources/lighting/ShadowFrameExtData.hpp","90188DE77E64EA85141B9649BCF113797969B274F44FA8AB39BA00F482CA4E2B"
"modules/function/render/vulkan/sinclude/lux/engine/render/resources/lighting/ShadowResources.hpp","15A0D1363067B722B39FBADD99FBE8E47D1C7D911180F055E7DCC396817B33C8"
"modules/function/render/vulkan/sinclude/lux/engine/render/resources/material/BuiltinShadingModels.hpp","C9E4F2AEB8EB62FDE869A4EB5B5F52E60E540629D210D018C64DCFFCA9025356"
"modules/function/render/vulkan/sinclude/lux/engine/render/resources/material/MaterialFamily.hpp","C4E5D29B8C6D9BC16B007E426E2306087EA5182EC787AE9653BE7FE84D8D3607"
"modules/function/render/vulkan/sinclude/lux/engine/render/resources/material/MaterialGpuTypes.hpp","702DD073DFF5419485ED2E4B7B1EEE61B75BC25B431AF16E8551718D49C712A3"
"modules/function/render/vulkan/sinclude/lux/engine/render/resources/material/MaterialResources.hpp","64E41334647E6D2365B00BAAA3748CBAE51B553D7DAD3F9D3509FF7750BBCB46"
"modules/function/render/vulkan/sinclude/lux/engine/render/resources/material/MaterialShaderKey.hpp","94DE09D754CAF33835BCCDAB9950BCC2A5D00854F90D7FEFDCE35E82264E2F9E"
"modules/function/render/vulkan/sinclude/lux/engine/render/resources/material/TextureSamplingRepresentationCatalog.hpp","D568CEE05DD630CD53FD0E5322B43DF926006CE6BCED50120D740F9C62D51DB7"
"modules/function/render/vulkan/sinclude/lux/engine/render/resources/material/VariantBucketManager.hpp","1745AE83CA2FA5D68934EE1B0CFE82039A753930FE879D890612ED47C637C5BD"
"modules/function/render/vulkan/sinclude/lux/engine/render/resources/mesh/GpuDrivenMeshConsts.hpp","83EFE0751330660400E112072845451146CA30AB0F53993169F1838770FC8BD2"
"modules/function/render/vulkan/sinclude/lux/engine/render/resources/mesh/InstanceResources.hpp","55D647992CF0A581DFCC68831FB5782D4CC8C82D1D3EDEFD91935F34E8D954F3"
"modules/function/render/vulkan/sinclude/lux/engine/render/resources/mesh/InstanceSlot.hpp","4EA9C31C31AE1BB426CE3B2ED858C74026BD15FF796E99B12D450056BA65733F"
"modules/function/render/vulkan/sinclude/lux/engine/render/resources/mesh/InstanceSlotRegistry.hpp","F058CD05F5B8741529CA58648377CC1890BC6F4453849054F231250795720D71"
"modules/function/render/vulkan/sinclude/lux/engine/render/resources/mesh/MdcTable.hpp","5DC0D7245A586BA479108C22E6EA2AF51A21742593B2A05477D7BF98BE6AEB39"
"modules/function/render/vulkan/sinclude/lux/engine/render/resources/mesh/MeshCpuData.hpp","8079DD976BC91D21B5BEF08E18F09690BC9DD791AB563B164F8A588E1FDE4882"
"modules/function/render/vulkan/sinclude/lux/engine/render/resources/mesh/MeshCullCandidateSource.hpp","8498AFD8BCBFD516E12C72456CFEE10B17D43D52A0E9D75C1B4B7CFADA0183E0"
"modules/function/render/vulkan/sinclude/lux/engine/render/resources/mesh/MeshInstanceExtData.hpp","ABA251C4386154309EACCB603FF720957C0FC79A4353A8CB84F90AAD72DC7763"
"modules/function/render/vulkan/sinclude/lux/engine/render/resources/mesh/MeshResources.hpp","EC49DEF3DEC6890C1FB30652FBB6E00F1D4E1E394B9F5DF3C91339017A5DF0BD"
"modules/function/render/vulkan/sinclude/lux/engine/render/resources/mesh/MeshSectionTable.hpp","777560A2B5935A0F687F1637EFDB765AACAE3BAAC8E429FD4019FA7C5115628B"
"modules/function/render/vulkan/sinclude/lux/engine/render/resources/mesh/SparseInstanceStream.hpp","1BAC4C572F10C5A06E31217E983062492A38F6E7D03094B6CC23A7D8209A67D9"
"modules/function/render/vulkan/sinclude/lux/engine/render/resources/mesh/StableRecordPages.hpp","2AFD4DA9E6E38A17F9D583A1C8008BF407AB83FF7931B751CF2F3A3CE03CD66D"
"modules/function/render/vulkan/sinclude/lux/engine/render/resources/point_cloud/GpuOctreeNodeBuffer.hpp","65B31FD1121CAD43748B4A79E89B3593D48619E632EF82C6BD66455EC7C723D8"
"modules/function/render/vulkan/sinclude/lux/engine/render/resources/point_cloud/PointCloudGlobalBuffer.hpp","2EB1866BE23CE84298A8BAE9A43DE167AB5219DBC84692615C8EDEBBFE96D3D1"
"modules/function/render/vulkan/sinclude/lux/engine/render/resources/point_cloud/PointCloudGpuData.hpp","C97E1C6916A2DA3B7A37E68EC5B826FE50C31B233F5AC56A0B4240D3D96DC0F8"
"modules/function/render/vulkan/sinclude/lux/engine/render/resources/vertex/IVertexSource.hpp","D2C95F006242CC135A6FD264BDA9FFEB2B3F6709957B68F03AC951402F1FF175"
"modules/function/render/vulkan/sinclude/lux/engine/render/resources/vertex/SkinningResources.hpp","2953DEC0983C380F3D0A9A205D2F0E3D0F28CD09B3A335D828101A4B9BFF9733"
"modules/function/render/vulkan/sinclude/lux/engine/render/resources/vertex/StaticVertexPoolSet.hpp","D68078BA36EC17E42055BEBAB5DFFF75BDD4DE5CAA8ABE5F853686046D441101"
"modules/function/render/vulkan/sinclude/lux/engine/render/resources/vertex/StaticVertexSource.hpp","6BD317B5A7A495D361A736D8ADA3C0B77784B38808AC35E53BE8F34146F55424"
"modules/function/render/vulkan/sinclude/lux/engine/render/resources/vertex/TransientVertexSource.hpp","85BC92438529AE4520700700C1DB92E78159B92B87BE2DDE92CD05B6B40F4F94"
"modules/function/render/vulkan/sinclude/lux/engine/render/resources/vertex/VertexPoolRegistry.hpp","2FFE50B931FF74F579C6478A680558741E2D68D40D464618ADB7B70FF6BCE757"
"modules/function/render/vulkan/sinclude/lux/engine/render/resources/vertex/VertexProduction.hpp","13070C5AAB92D539FB6A8005F4179E8BCCDC0E4B0A74ED7DF5D26C6D1F1DC9E9"
"modules/function/render/vulkan/sinclude/lux/engine/render/scene/PipelineConfig.hpp","6BE8EAA9294ED52ABDE4D91AE3D57F7C497854D61DBD4D1229CE0E5CAC897C09"
"modules/function/render/vulkan/sinclude/lux/engine/render/scene/RenderFeatureSet.hpp","575552FA8A07F8BDB4E1599AD56699016786DB90E5503E2A67F4392BECB5B89A"
"modules/function/render/vulkan/sinclude/lux/engine/render/scene/RenderScene.hpp","027741D5EB2D9B34E8E368F1938DB37F275A16BF7D6575CF5069E7872086A03E"
"modules/function/render/vulkan/sinclude/lux/engine/render/scene/SceneGraphCache.hpp","DF387B8810823D6AFBD8DCB95229482AEB5DB2EB195658D6F971CCA71AD344C7"
"modules/function/render/vulkan/sinclude/lux/engine/render/scene/SceneViewSet.hpp","DDFFECC0C2DD00651D3A2B476168313BB109F4CBA8FA983D07E37E62912B8497"
"modules/function/render/vulkan/sinclude/lux/engine/render/scene/SpatialCullGrid.hpp","D3673F5449A9DDC671E4F84EC7E627C6C88B6C6B2A567B3D98E5B121FD392958"
"modules/function/render/vulkan/sinclude/lux/engine/render/scene/View.hpp","7940E9B7917155F2EC393EAB6FF7C348A84453806E394BB9F5F1831B89B657CE"
"modules/function/render/vulkan/sinclude/lux/engine/render/targets/OffscreenImagePool.hpp","EF6F26FBB101EA3C947D26F7DC1EC820954FE274C5F9B43AB53CBAD95C3B1FF5"
"modules/function/render/vulkan/sinclude/lux/engine/render/targets/PresentContext.hpp","9FC201C55A2D53BB33C09E24FF32F9BFD418A4F9D2259D8DBE87EDCC15D9268F"
"modules/function/render/vulkan/sinclude/lux/engine/render/targets/RenderTargetBinding.hpp","E8890A2329615A26E4F69115E7B17F53164A740211FFDF5EB816E0B0E8200C27"
"modules/function/render/vulkan/sinclude/lux/engine/render/targets/SwapchainProvider.hpp","5E60D8BC058F8C9466A37D0BD80301681B4B06ED6FBD78FE66A1061707245F0D"
"modules/function/render/vulkan/sinclude/lux/engine/render/testing/DirectRenderUploadClient.hpp","EF4AC451834CC1223660F1DE0F6245714294AEB9F9464EDBE59253DBFB91D618"
"modules/function/render/vulkan/src/RenderContextView.cpp","FFE190C93037798B57943E24BDF62EAA8EFAD1157202F017DEF8B45C5650BB7D"
"modules/function/render/vulkan/src/comm/FeatureRegistration.cpp","B3E9A2471E0C8F0C322267E5FF0368868114B9940C52460EA44A0D92E2E1487B"
"modules/function/render/vulkan/src/comm/RenderServer.cpp","8685F238164B222641EFF8CE2869CD9FB359E960D3B6DDEC821A6ADCCDA02783"
"modules/function/render/vulkan/src/comm/RenderServerBootstrap.cpp","8037447DC94D3CFC86F177A809AC927CF9FD120CB616804F00F9CEC3B969FE6C"
"modules/function/render/vulkan/src/comm/RenderServerFacade.cpp","7D916B648B79AFC59DF01208E34D63B04358B4E4978F81F5425C3AD2D4108E31"
"modules/function/render/vulkan/src/comm/RenderServerHandlers.cpp","69079961BB3907754DFE2AB206337387C5E3D57F370BDA63C1638A9940F54E8C"
"modules/function/render/vulkan/src/core/FrustumCuller.cpp","92094CE3484C9290C400776396103C81F68200CA8045BCBAC650F5A1123EFEE7"
"modules/function/render/vulkan/src/gpu/RenderContext.cpp","F8427D16255DED07BCCBEE05A82D62B0FD62DB88EEC04B5F89DD3AD88F9DB82A"
"modules/function/render/vulkan/src/gpu/RenderSurface.cpp","2BED8D71DF158ED4310CBC8848CB42702A86DA288F9BC9EF7D596DCEC90252C3"
"modules/function/render/vulkan/src/gpu/VmaImplementation.cpp","51532A5099182A91F65B41F075D579F68DF908D957DCB3D1DEAC2926C8CC2ABA"
"modules/function/render/vulkan/src/gpu/VulkanContext.cpp","915D23A1C7DB4A78A9EA2AE17BD6127561608A47CA2BE7C7180ACB29FD26DE46"
"modules/function/render/vulkan/src/gpu/descriptor/DescriptorService.cpp","4633AFB6AB0D70620E7E5D63528DA0209FA252536795D5B80BD5387BFD11C7D6"
"modules/function/render/vulkan/src/gpu/descriptor/SceneDescriptorArena.cpp","9A3777AC26C61F166389F753C11C2BFAE01A4623A930C43BCF0E19F96A4EA2D8"
"modules/function/render/vulkan/src/gpu/descriptor/SceneDomainDescriptorSets.cpp","691B86B0F1218AC3B1146B3ABBA03CE636A441AF41FCFD0EA649D7D05F408034"
"modules/function/render/vulkan/src/gpu/lifecycle/DeferredDestroyQueue.cpp","9EDFEBB8913481D7E3112A6E162CA2CCF9070659E0F7FA8AF9BCB105C9F2203D"
"modules/function/render/vulkan/src/gpu/lifecycle/VRAMBudgetGuard.cpp","4974B9E5303D9F528D565AD1B95D7F6B74D14A2DE1B752A7E4D4338C1981866A"
"modules/function/render/vulkan/src/gpu/memory/ArenaAllocator.cpp","B27FE5EC0E2AE3FBAF7A3C580367BB47B2B4F6127B4CAE922707E46A52C43AD3"
"modules/function/render/vulkan/src/gpu/memory/GPUBufferVma.cpp","46F911564E4094A9240A571B1A0AE797569D7BA3FA54DEC30DE3BBC26C0A863B"
"modules/function/render/vulkan/src/gpu/memory/StagingBuffer.cpp","EEACB529E833E6DD0CEF7744677BB0A69CFDC43D05525C03E8B2C32E1261038D"
"modules/function/render/vulkan/src/gpu/memory/VmaTypes.cpp","47A9C497693C80BA581C81E6686BA8B26E5F863EF2821552BA0F854BC68F2004"
"modules/function/render/vulkan/src/gpu/pipeline/GeneralDescriptorSetLayout.cpp","B970561380A1CC101F9065A446D6D7AFD00C94BAB14A858823FC0E59AF5E05E3"
"modules/function/render/vulkan/src/gpu/pipeline/PipelineLayoutService.cpp","628C92009CAB09D681AAF232A004DB8830C3353FD38C79878FB1267BF3F16B8B"
"modules/function/render/vulkan/src/gpu/pipeline/PipelineManager.cpp","0711B6960C86867C59185F09EAF9E6EEC8D090D8C3514D2EB7EBDA25460C3AA6"
"modules/function/render/vulkan/src/gpu/pipeline/SpirvPatcher.cpp","FA655D5B9098B1DE05DC24386DB093DD81F1425FBE9C25C301C74DE7A34AFD56"
"modules/function/render/vulkan/src/gpu/pipeline/StandardPipelineLayoutBuilder.cpp","BC4BAF2C801BF28F68F7295630A53356B4D74768E2EE3A6B937821A2B90C4C10"
"modules/function/render/vulkan/src/gpu/transfer/TransferScheduler.cpp","204E6DFBAD430C536ACE83C0A2E7AFCD05251E22B5C788978769010D39CB87D8"
"modules/function/render/vulkan/src/gpu/utils/StagingRingBuffer.cpp","4C92B6C4D62D8737F50B05CA4B89F3E9C63F79E6CF0B91A589E0A7722A6A00CA"
"modules/function/render/vulkan/src/graph/FrameExtensionRegistry.cpp","66910EA422F4775FC1CA8162A0A24A240A5519AD596B0F266B06454329BF0934"
"modules/function/render/vulkan/src/graph/FrameExternalSync.cpp","0EB09E3DF62DD9C9CE03F74B6822F35F2D0C6A0C5C958153B73E21A27CB2732A"
"modules/function/render/vulkan/src/graph/KernelRegistry.cpp","4B7CA4F5B095ED5991F6880DA54E013D03A6927AFE51943DAE23848FACD45B61"
"modules/function/render/vulkan/src/graph/RGBuilder.cpp","E26D07525AAE57FF49DDEE63A33351FEF4434072B0F1A94CA81635F9538294E9"
"modules/function/render/vulkan/src/graph/RGDebugPrint.cpp","CF85D125EE2837CA704BEF62C141DE18B918F6792D7BA4AE086FB3BED4B558F2"
"modules/function/render/vulkan/src/graph/RGGraphResize.cpp","802EBAE6053DB7A2A9AEE9762A891B2F15B97864859F6B6B1A9480BF3077B4E0"
"modules/function/render/vulkan/src/graph/RGVulkanRecorder.Record.inl","8034E3036EA84046D13C918CA682AC1F091B944BA72B0478F033623F69EED707"
"modules/function/render/vulkan/src/graph/RGVulkanRecorder.RecordContext.cpp","B59C1B1C195A513673C60E65726F097424F1A825D62525F67A62A4D34EB94AA7"
"modules/function/render/vulkan/src/graph/RGVulkanRecorder.Submit.cpp","DC26D493CD03DF3E0D24BBC162B99EEBDFC2A879698B6B9BAF5E2D2BCF4CF010"
"modules/function/render/vulkan/src/graph/RGVulkanRecorder.cpp","377D6B63E4238B9F00996266F3E359C5F4015C09BE1024331152C6454647B55D"
"modules/function/render/vulkan/src/graph/RGVulkanResourceAllocator.cpp","5DDC9DE9186772D0578A9CECFA18BB9C793BBCF23831FFC1A0AA63D5347EB7DC"
"modules/function/render/vulkan/src/graph/RenderGraphCompiler.Barriers.cpp","B611AFA0681D45687DEE39B9BD43956C376D84CA3F9084D55F23D93E1E68F7F4"
"modules/function/render/vulkan/src/graph/RenderGraphCompiler.ExecutionPlan.cpp","841754AC30ED284CFA25EECDE3764E44BCEBF76C4A86F9EDA6C1BBB2130E4B7A"
"modules/function/render/vulkan/src/graph/RenderGraphCompiler.LayoutAllocator.cpp","89EBDEB79D95C7363B6188A6FAB996DF4C06D0015C0C27CC61A60875BA479F75"
"modules/function/render/vulkan/src/graph/RenderGraphCompiler.cpp","05EE4A1A1473599E2B2CF3938D00E7233320343663EC7326ED3FBC72DCF18A24"
"modules/function/render/vulkan/src/graph/RenderPassPlanner.cpp","D7844B9656A8DF16BBB9EB580502126465085790251F39FC348CBB8E6FB77F21"
"modules/function/render/vulkan/src/renderer/FrameDriver.cpp","EFEE1A67FB65607DA4769E81B7774074D4BF21C1A53622734878828CAC86A979"
"modules/function/render/vulkan/src/renderer/FrameOrchestrator.cpp","4B02912977B438A288E300B4F41314EC26657D1EE649B434276031ECB28D1162"
"modules/function/render/vulkan/src/renderer/RenderTargetRegistry.cpp","B2D137D61D6D900E2C84C753361409FE143E11F7037BA85B785BC5A51C2A3F65"
"modules/function/render/vulkan/src/renderer/Renderer.cpp","F532F23ABC42EC09070A4C9061ED92C687FFB2D06860DBD30D85D660EDA9C6B1"
"modules/function/render/vulkan/src/resources/ShaderResources.cpp","47E639BA1DDEF579A7C91C17EB62B1FD7916AEB9D835F41BD6BA61F966FA1CB0"
"modules/function/render/vulkan/src/resources/TextureResources.cpp","1B4CDE65486F0C268EE90C59AF8CED938FA84DAA02447C552C305684E9811B3A"
"modules/function/render/vulkan/src/resources/TrajectoryGlobalBuffer.cpp","62E9A5C66B86FF66D7645A4901D52DEE77BE95B622DF937E6CA69BA009BF72C5"
"modules/function/render/vulkan/src/resources/descriptor/BindlessCombinedSet.cpp","9EF6F62C37D419AAA96728B411A37DCD85122EEBBC48AC44574D745C0C603BDB"
"modules/function/render/vulkan/src/resources/hzb/HzbResources.cpp","596C3921EE386CB80B7878EA8318F0942B0C5BEBD38F9FA2F7E4E051051E2E5F"
"modules/function/render/vulkan/src/resources/lifecycle/GpuTransferPipeline.cpp","E7579860B361B03EE4F23145D6CD435DC499E1BFA107AFAF85F7F5783B9CBE65"
"modules/function/render/vulkan/src/resources/lighting/LightResources.cpp","0CF561473E8936CF6139D58555C825B2CA83695031680307BA07B3781C1F3635"
"modules/function/render/vulkan/src/resources/lighting/ShadowResources.cpp","2F3C2F51D09B5B9379FAA592F5C7943DDFD364A811A6F93B1EC32502A33AEA3E"
"modules/function/render/vulkan/src/resources/material/MaterialResources.cpp","C894645BFC4A36CED5AB04EEE8917F42268B4CCA71B4FFF344481C092BE24778"
"modules/function/render/vulkan/src/resources/material/TextureSamplingRepresentationCatalog.cpp","FB1C50D79266430FAD015CAB29B4D83EA2EDD685477E3D1B805B75719F47F25F"
"modules/function/render/vulkan/src/resources/material/VariantBucketManager.cpp","5860E86A2F1EBB540BE3627999D67DFDDD0BDEA3589B17F06E23ABBC776C34FB"
"modules/function/render/vulkan/src/resources/mesh/InstanceResources.cpp","C38C4DD5A279EBC33CD642A2D1F4B4719A953A30A1B3C273ED3F0A6C3E290572"
"modules/function/render/vulkan/src/resources/mesh/InstanceSlotRegistry.cpp","113990178C5F63A867E82CD98052CBB005803F97E4878934BD1C0B6DE4C68067"
"modules/function/render/vulkan/src/resources/mesh/MdcTable.cpp","CC3041529B91C89FBDEDFFEF7A8057C45455079FF7E7DBE1E4A7EB87F6A57C11"
"modules/function/render/vulkan/src/resources/mesh/MeshResources.cpp","53068D09D72A90FB2DF0F0744E8358B036C859D4F02AEA087DFD80444C099EA3"
"modules/function/render/vulkan/src/resources/mesh/MeshSectionTable.cpp","7152CA2322F65DFB34A2D9632E19715A9151FAD014C44D0CD0D16D1515C7430B"
"modules/function/render/vulkan/src/resources/mesh/SparseInstanceStream.cpp","776C9CDBEEA87DAAF875D9D936C834745C1A07B469E80DC99AC19C1E4978DB94"
"modules/function/render/vulkan/src/resources/point_cloud/GpuOctreeNodeBuffer.cpp","4DBF6E39088243ED7775EFB4F34E9C0125534B5675F348E9A780AA626D822C84"
"modules/function/render/vulkan/src/resources/point_cloud/PointCloudGlobalBuffer.cpp","0C9E11E51DDFAD5C8F1AEC99B432FB0DF57C8B8394D2D06F579924AB5C491029"
"modules/function/render/vulkan/src/resources/vertex/IVertexSource.cpp","9C9DEDF8D618C06074701648F0D8CA7D9B0876D84877CF9B33FFDB75441B7942"
"modules/function/render/vulkan/src/resources/vertex/SkinningResources.cpp","83A8EFE52B03597EEEAEF4484B5218E7DE56E74F8EA2F26100CF36EB285E9147"
"modules/function/render/vulkan/src/resources/vertex/StaticVertexSource.cpp","2A96BB2347EC6512AA349C6462831E41E5A7A7D13B4A14B340A3F2227EFD27E6"
"modules/function/render/vulkan/src/resources/vertex/TransientVertexSource.cpp","BD65BFF182AA029963DCACFC56935FC99D40C868D911D7174CB4C6768D6E47B9"
"modules/function/render/vulkan/src/resources/vertex/VertexPoolRegistry.cpp","01A3A9E6D10837DBF6BBA189861DF67B63C6FE6353C8DA1D2E77214FC5C4054F"
"modules/function/render/vulkan/src/resources/vertex/VertexProduction.cpp","5DE472FBB45F432C3C9D2FC6FD4A7F5D637B82673A9911995581096985F955FF"
"modules/function/render/vulkan/src/scene/RenderFeature.cpp","DF2F08133FC40D32552B7CE910FFB67A89D96ED1572658D7C04E03613CF41BDD"
"modules/function/render/vulkan/src/scene/RenderFeatureSet.cpp","5FBBBD2AF349F10D66995E29F9EA703B1F886EE06D459F54708E24BF392E0D8A"
"modules/function/render/vulkan/src/scene/RenderScene.cpp","98E4EEBD011AF2E6047DCBF88C564A1E336AD1DB5E551A76925E8CB4E456A102"
"modules/function/render/vulkan/src/scene/RenderSceneView.cpp","59CE07BD4D340FF65B57493EB9908B0B815C3E35916DA55F9A7DEE3FC4EB5C38"
"modules/function/render/vulkan/src/scene/SceneGraphCache.cpp","FC091C7AD60C74D6574DDBF87937699B1855F76C6CC167FF67C876A6DE69B53C"
"modules/function/render/vulkan/src/scene/SceneViewSet.cpp","906FB2F287190C01C5D35F093A0A9BBADCD6A05097C41F7772B53E79C00A9C31"
"modules/function/render/vulkan/src/scene/View.cpp","0CA29F8D8D85EB56A6B679459A76722672EC83923826E5C64A84936D9BCC0F3E"
"modules/function/render/vulkan/src/targets/OffscreenImagePool.cpp","9DF70C4AD8DBDC7608506BED453BD06B430B12370E073BCC25D3203130F496F3"
"modules/function/render/vulkan/src/targets/PresentContext.cpp","6AE88999E27554F50F3B0ADEF0647CA4CFB73EC74BF4E4C7A6CAF3975B4C4E0C"
"modules/function/render/vulkan/src/targets/RenderTargetBinding.cpp","3011A460DDF9E014D36B76B8A66E8787AC2FB1EB49977492AF3856A5F6232F24"
"modules/function/render/vulkan/src/targets/SwapchainProvider.cpp","598DECAEC9C7D2A3BAB2D00B95C6C3510CB4E448CC83311110226B2EC4703055"
"modules/function/script/CMakeLists.txt","1DB93034009A8DBBB52678CBCADEA40C194F3CB1CC3DB8C428B2D0A11879E72A"
"modules/function/script/artifact/CMakeLists.txt","E6B7288833C15F4DB790FCFE4CADB3189BFE1C9C49723AEBB525C7F351EA2A63"
"modules/function/script/artifact/include/lux/engine/function/script/artifact/ScriptArtifact.hpp","A1FF3C9518476B7EDD22CAFBCFC56430E6B6D9C20E2FF0183020A647022E4F7F"
"modules/function/script/artifact/src/ScriptArtifact.cpp","CDD6F69AA1426CC551242758655C7F0CA6F30371216169405BA3A90246576F60"
"modules/function/script/artifact/test/script_artifact_codec_test.cpp","917DE637E4D19E0BE24DAE2EEE69544B73093CD8E2800FCC304657D3DE6B8C1A"
"modules/function/script/core/CMakeLists.txt","8F55A8E8B6D237E98EFD88B5814377688165ABED91FA80C1BF715BC5FF1EE100"
"modules/function/script/core/cmake/engine_script_ability_codegen.cmake","9EF22AE4E0A51391BD2CDCE6BBC6694D593B3DE2EBE1A75D2E45E43C07BCAE5A"
"modules/function/script/core/cmake/engine_script_semantic_schema.cmake","F794C4A571291F972F444B46E8158595BEE02E7083C90E1597A901A4538D7CBC"
"modules/function/script/core/cmake/script_semantic_schema.cpp.in","75BAF9F0997EA4A204988A5EE6E0F350CA5EF6AC111B3B0C111D032EBFF1890D"
"modules/function/script/core/include/lux/engine/function/script/BoundScriptCall.hpp","6F60A51286CEC0A7D5E5D71D46264F3682663187E1DBFCA7155EF01238F7C3E5"
"modules/function/script/core/include/lux/engine/function/script/ScriptAbility.hpp","773E32DCA2EA69C5E1B38EDCFFF86F146346A773BE4480278FD70322BC912CED"
"modules/function/script/core/include/lux/engine/function/script/ScriptAbilityAnnotations.hpp","E1B5B99D3207B82ABAFE96F03F7017891B491A7F83FC6F07621BD9E26B47C71B"
"modules/function/script/core/include/lux/engine/function/script/ScriptAbilityAsync.hpp","DEB2FD1506CDE3A849CD0A17A4EF4629CEDDF825B2F1CBF2FEB3261E6D29049A"
"modules/function/script/core/include/lux/engine/function/script/ScriptAbilityCompletionAdapter.hpp","CAC707D75F2361C1FF6D060A5F07387B379741726258A7CAB1306945395A6089"
"modules/function/script/core/include/lux/engine/function/script/ScriptAbilityOperation.hpp","C9F36FC7F9C9E8C9521713F0791D932D7C940CECBE69FF50E38887DCE3AE4044"
"modules/function/script/core/include/lux/engine/function/script/ScriptApi.hpp","6569483668EB8090556ED49827BFC0D973F3A3AD046C66BBB9A83F08D3841C8B"
"modules/function/script/core/include/lux/engine/function/script/ScriptBindingHint.hpp","5C11EBDBB4A9D812DBA02D7E157BDCF6063DA527D9F8441068B358D58C3EA38E"
"modules/function/script/core/include/lux/engine/function/script/ScriptEvent.hpp","17C46277F5F7CB074C80910391C6C236AB2729735182AD055FC4DCE99CF88F38"
"modules/function/script/core/include/lux/engine/function/script/ScriptEventSchema.hpp","E96CBA40DBEA88313113759630486318594346CAC2D04036219D492D89B694E7"
"modules/function/script/core/include/lux/engine/function/script/ScriptResult.hpp","FACC1EAAC716B5B570136DCA5A40D50B4F646C2530CAAD8E4839BA0EE4E7D873"
"modules/function/script/core/include/lux/engine/function/script/ScriptSemanticSchema.hpp","04C8B06C0FA7061C080761DEC077DEB349781EC6B3EDFDDBB8B1C1200CA2E20B"
"modules/function/script/core/include/lux/engine/function/script/ScriptSymbol.hpp","160C2494D179D870DC8DE23745FBCEE21CD9A34E3D1DEA0C969F13B1155F538F"
"modules/function/script/core/include/lux/engine/function/script/abi/lux_script_abi.h","531A4113250806479A16722D44BE68E87F02946357DCB1C9548DB40B3F0B6E80"
"modules/function/script/core/src/ScriptCore.cpp","064848CC98A7E2E20611364F79996AD19FBE7FC5E5E67FE81ADA1BF896DD3197"
"modules/function/script/core/template/script_ability.template","3FF56A0AE1EA3EC0B14FE3F9666288A1F022DBF848FFF20D7A72C05A7E32FEC4"
"modules/function/script/core/template/script_ability.validation.template","DA6108DA126C4BDA4DC0DCF493353BDB1B64663B6EC787DDD1C81E8C8F64F676"
"modules/function/script/core/template/script_ability_lua.template","D11105DF273DE4EC31BD7003D922739D26306EE893255FC4FB0EC215A920541A"
"modules/function/script/core/template/script_ability_native.template","B37EB065281D11C614CDA3153A6EC786F35277EC90234266535B64F322B310F0"
"modules/function/script/core/template/script_ability_schema.template","381CD8C09A93211B8F2BB155584D976000C0B0631EE15A7B4373A2239622D298"
"modules/function/script/core/test/CMakeLists.txt","3E4187484C306CAE103FB5C8333C1A1E995BC3CD19A28D155FA59FF0BC47DAC3"
"modules/function/script/core/test/install_consumer/CMakeLists.txt","F9AE2BEE5C98D5B34D8142FC552D2352A534A96FEBEFEEECF632D4F9DC31DB7E"
"modules/function/script/core/test/install_consumer/main.cpp","570374132D15E071893DDD0B2FFA1FCB36D082480159EC81C8ECDD2E6D330B84"
"modules/function/script/core/test/script_core_contract_test.cpp","1C2A576A560E448DD9F883A7ED307B762733D1FFAE74B1990181CB4E93CAA365"
"modules/function/script/lua/CMakeLists.txt","C35E13D1D5F3D62D828CB88A8C7DC116B6C40AA79A7C856069A075F8B106328B"
"modules/function/script/lua/cmake/LuxLuaVmSelection.cmake.in","3AD06531CF5FC658E1959C30897651DE53F8E40E08CBCCEFCAD6F0A6F7BB9964"
"modules/function/script/lua/cmake/engine_lua_codegen.cmake","8A33DFBCFD17AE8AF23F3D3A1E7292BC4AC4997A134BC4A8BC3106A7BCF6A7EF"
"modules/function/script/lua/cmake/template/lua_registration.hpp.in","2938D591F10380651255B6A9B784AFFFD9CB6F8EBDC512DEDED75BA961DD10BA"
"modules/function/script/lua/cmake/template/meta_lua.template","128D8BD002EB913041E634204E897767219C30AD645EC6CDB10411AF19F426C7"
"modules/function/script/lua/include/lux/engine/function/script/lua/Lua.hpp","5459F3D78B1FF204F573E1B693C0A312C0E01BB6BAA4A11987463DF66CB4A301"
"modules/function/script/lua/include/lux/engine/function/script/lua/LuaVm.hpp","94B0985034295D0C6E69F87C24F631A1F6AA56F3C2BA23B6219DA403B937271A"
"modules/function/script/lua/include/lux/engine/function/script/lua/ScriptAbilityLua.hpp","9D3C6211D0F68ED5D41B1D91B3F933D2256C6692B5BF40BFF53CC7DA5FE594B0"
"modules/function/script/lua/pinclude/lux/engine/function/script/lua/LuaImpl.hpp","4F5D63755D64578AEE139AD293B084FAE8E160152D7D2EFD42204C6D7ED1DF07"
"modules/function/script/lua/sinclude/lux/engine/function/script/lua/detail/LuaVmCompatibility.hpp","CEEE5511BB25E047BEAAFBCEEA3635E556EF5A8563C023F51EB773E7DE1C0673"
"modules/function/script/lua/src/Lua.cpp","2E140DAB73C35C13663C8A5EF18BD786260670A0EF54F6BCB16DDD641B273AB5"
"modules/function/script/lua/src/LuaVm.cpp","0A9BA796E2DFD49570A20796DABF21B0E533348CFD21EC90D7376CAB13145E48"
"modules/function/script/lua/test/CMakeLists.txt","28F9E9AE6B71E28F645434F4705AC07DE59E1B39526B0547A2BB7069BDF22549"
"modules/function/script/lua/test/include/test_target_file.hpp","EFB60F8070697DBE6230A60280A0A73A4E8E9E7BC7D7EB38EBF78F7003A36781"
"modules/function/script/lua/test/meta_test.cpp","5B09B6DFFCF21F07C5A043CBE2D5E14EB3BCEAD2136A13C39C9F67C749DF8B1B"
"modules/function/script/native/CMakeLists.txt","FF0331D28D7BCC83A5AD79529891F9E4AAF6E4F306E0542C52B1576A6C4D3273"
"modules/function/script/native/include/lux/engine/function/script/native/NativeModule.hpp","F050EA98C0F15B119B7AB5EFC85837D325840FA17A0A3EBAA244ACFF4354E1DD"
"modules/function/script/native/include/lux/engine/function/script/native/ScriptAbilityNative.hpp","E7F91D7747A140210264D58696D590649D16FD528423AB41E50F4C4EB97592DE"
"modules/function/script/native/src/NativeModule.cpp","A4DAD602B1AB283006189D1DD00DBE1AE538D375F03D9B715B4096B8065D1404"
"modules/function/script/native/test/CMakeLists.txt","49BBFB3709DEA6BA7479C35D699C611E441E64664F9A04D97388C3C628724F88"
"modules/function/script/native/test/install_consumer/CMakeLists.txt","AA0DCA1A984A7438C2ACBAB7325A5ABEF9FA28141A392CF5E2ED662095EAA387"
"modules/function/script/native/test/install_consumer/main.cpp","0E3DB91D8EA0F17DBC472B7B4903E06FCD1349C1352BA95EB8F49CA9A0737E4E"
"modules/function/script/native/test/native_collision_fixture.cpp","5BF4397400DC1CB781E0716FE94353E7BC1FA0F8B76BBF91683CB09AC593C579"
"modules/function/script/native/test/native_fixture.cpp","0B0EBC8B0723E9E577E5287AD14B404CBF8F5CB451659A6FBD2E3D7630D35DDA"
"modules/function/script/native/test/native_missing_entry_fixture.cpp","61314EC42B1365B7E7BB61202DE9B04F3E0D3E2B8B231C493B88FEF5FD530EED"
"modules/function/script/native/test/native_step_fixture.cpp","2286F43D33C418D3B1A1CA8019296D7C1E8069011D960114AA3C9E76D0F21CE3"
"modules/function/script/native/test/script_native_runtime_contract_test.cpp","7B55B3FC3D6663B88D2BE67E18B3F6412C4C4DDCAE5666BDC3E2440D5F4F533E"
"modules/function/ui/CMakeLists.txt","DA90BAAC97A30EF2457626CAB4C79956A18511A5C2F802D518DBF116F2986FC5"
"modules/function/ui/include/lux/engine/ui/Command.hpp","84B0DCF67FCDCBD81EBA15F5D2B81D49DA9E8F1D64020FE61546D1B2C45AFDB8"
"modules/function/ui/include/lux/engine/ui/CommandRouter.hpp","92B93A900BFEAE413E8A44BB00B3534B0B61883D5C29E5D9831149BF4FC3A0D7"
"modules/function/ui/include/lux/engine/ui/DragDrop.hpp","2E1E01C8C59198F815E7182384ABDA9944156F1159989439F45730CBA7261300"
"modules/function/ui/include/lux/engine/ui/Frame.hpp","4254022E1E21D3A603DBD18CA8D0E08444C5DE28BC874DC116B780C2A2D675D6"
"modules/function/ui/include/lux/engine/ui/Geometry.hpp","4F3F1CCD8D1A3DAFE8A5F9867899C22AA0DCD1FB1DFF6EB7C15C4C433CFE1EE7"
"modules/function/ui/include/lux/engine/ui/Layout.hpp","42719EA6D410687766C866EFA42FB38FFD43CA2C9015FD66D82F26B8DA7502C7"
"modules/function/ui/include/lux/engine/ui/MenuToolbar.hpp","A468B8E94DEC03A42F21F1FED4B0C8139A9B1C10DDC12167F19B070F57BF2696"
"modules/function/ui/include/lux/engine/ui/Pane.hpp","32423AAABD793ECF5E99C9C2243F71C9E1B06B6E932E3012D8F69A5DC5A61089"
"modules/function/ui/include/lux/engine/ui/PaneFactory.hpp","A59B55F1CB33CD201A75B48564BF36F5D665FB0A99870FB59A455DC69CF153B8"
"modules/function/ui/include/lux/engine/ui/TextureHandle.hpp","72B0D20D0560060912D8EEBBE023BFD1B4A6A99ED73F433146A798E5F8934F16"
"modules/function/ui/include/lux/engine/ui/Theme.hpp","9782AB877FF321CA224E6BAF48FABABB456E6C81BD59DC6802D93D5B6702BA66"
"modules/function/ui/include/lux/engine/ui/UI.hpp","04BED216FE3C6576407EDD7F1FBEE71E3412B5A506F19ADCDF0C7220159F5199"
"modules/function/ui/include/lux/engine/ui/UISession.hpp","4848365F5E6F4E6B317AA312280EE444ED42C26F04C669CE2DC99E1EB3F2EC59"
"modules/function/ui/include/lux/engine/ui/UiFrameSnapshot.hpp","C3F91CDD2E45F98AC43E6A4571041C331186C2DED00BB16843EEF8A74E9363D7"
"modules/function/ui/include/lux/engine/ui/UiIds.hpp","D6F1C138D4AAF004FD014B490E78B8083852F4951C45829E6E7DAD3C7E576B28"
"modules/function/ui/include/lux/engine/ui/UiInputEvent.hpp","347E5B5251B740E4C73E48FD9D3E5525A25B8F35A1388665A74E59B4192A5131"
"modules/function/ui/include/lux/engine/ui/ValueEdit.hpp","452E7F006566EE006DC475054C2DDAFB5ADBFB860401BA85E6774781F05527DD"
"modules/function/ui/include/lux/engine/ui/ViewportElement.hpp","38C37C21215CB1F19932D10B047FF73FE307D771530368C926770AFF93FA0E7D"
"modules/function/ui/pinclude/lux/engine/ui/detail/CommandRouterDiagnostics.hpp","DE3BE1F7CA437B95FCF89421DD47D79DE9279284D10D365E0B96758D5140A50F"
"modules/function/ui/pinclude/lux/engine/ui/detail/DragDropEncoding.hpp","608BD44883BD34451AEA689E1E08FBAC4B3080203BADE7981DCE33DBDBF0B765"
"modules/function/ui/pinclude/lux/engine/ui/detail/EditLifecycle.hpp","1A5E07C20132CF18BDF013ABB534C1BE5072462ACAE5ADD034416F4FF0159BDD"
"modules/function/ui/pinclude/lux/engine/ui/detail/ImGuiContextLease.hpp","95E50891EAF881D11CDF5D0148E669C9CED31CA6CFCC5578FFD08E819FBE13DD"
"modules/function/ui/pinclude/lux/engine/ui/detail/ImGuiDrawDataSnapshot.hpp","301C7D1759D607C712FA7F543D669D41C84748244E551A9564B7F95346C7585B"
"modules/function/ui/pinclude/lux/engine/ui/detail/NullTerminatedText.hpp","A41E4E0589DDB92DA6D21F1051F6138DFF9EDCB333752438B697A3BD1A599C5E"
"modules/function/ui/pinclude/lux/engine/ui/detail/UISessionDiagnostics.hpp","00CEA1BCB773F7CF84F59F99ABA4425194345211DFE735A6B628F23BE4B06570"
"modules/function/ui/pinclude/lux/engine/ui/detail/UISessionPresentationAccess.hpp","162858860A1234B6AA9F41EB9B0BDF85D8E2D6D8A76DF4F954291CF314C08A38"
"modules/function/ui/pinclude/lux/engine/ui/detail/UiContract.hpp","ADB7F8178DEC82B3FF6EEF84EF12FD2758565E7FAC04480C7EAF3979F8F7D5EF"
"modules/function/ui/sinclude/lux/engine/ui/detail/UiPresentationData.hpp","91E25608CFDD2778E26862DFC799474F2898541CFA735D3ED3A803DF882E8C2D"
"modules/function/ui/sinclude/lux/engine/ui/detail/UiVulkanBackend.hpp","6C9A2C63C5C68407129AC754F7632CFF9154D8E95C638DB46CE68EB56F3AED54"
"modules/function/ui/src/CommandRouter.cpp","1036146AF05AE74D1D281C8F0ADF966B82B39391A756151DB61003CF0A3DECC3"
"modules/function/ui/src/DragDrop.cpp","32B1487FB290DC6632A610AD4046F05EA401615496BAB556224FD17343AD65EE"
"modules/function/ui/src/DrawDataSnapshot.cpp","40E573D5E8409DF6AB22DCF98F2E8A73197FC57E169E987742CFBAC96B4B337A"
"modules/function/ui/src/Frame.cpp","679955D3055D22B7E28FDF7521A5440E6291F944D7C829D21BC0BD73DC208E21"
"modules/function/ui/src/MenuToolbar.cpp","4D4DB212718E69E6E4703E954131A1837F390C508913C20F555F015FD4DDE776"
"modules/function/ui/src/Pane.cpp","33CDE0BF12C10221664166BCA9990BDE2BA9587778BCEAC8B393FE51038A32EF"
"modules/function/ui/src/Theme.cpp","DE138D53F3BE4B3410A54C60EE78055FB04044E132B4395BDA27E10A6AED1749"
"modules/function/ui/src/UISession.cpp","8416A03417A71E293D0839B3FF34D57CA2A04B4A1F5BD447E63B0F574F5AEAF6"
"modules/function/ui/src/UiVulkanBackend.cpp","B87688671A868576546A422C556632195550B3164FBEC185156A48F8137DDDD4"
"modules/function/ui/src/ViewportElement.cpp","8AD3EA2CBB9F80C11949F4F416117E9DE3B87177EF263C0A8FAE78FAC86DE120"
"modules/platform/CMakeLists.txt","9B272B791896D8220B85CD454B93D1750F25F50DD9540EA60706A03ED55A9C7E"
"modules/platform/dynamic_library/CMakeLists.txt","7E1396D2DF8A8696AE46E09769F27CFAFC4FDCC1DD1A8B92EDC45585813D7C29"
"modules/platform/dynamic_library/include/lux/engine/dynamic_library/DynamicLibrary.hpp","D81627471D261904B1C4711BC42E2BE040AA231A9EEF997722DC619467E2C20F"
"modules/platform/dynamic_library/include/lux/engine/dynamic_library/LibraryDecoration.hpp","81D6D1EDCDBB4CDBC8A7B16EBB3D2A70201016C7A457D6EBE0E9FD722342259B"
"modules/platform/dynamic_library/include/lux/engine/dynamic_library/LoadMode.hpp","DC611790D4C92359EEFA5BB29B13F7923B315DB5653B80BF3ADAC8882B2D8862"
"modules/platform/dynamic_library/src/DynamicLibrary.posix.cpp","67E948FEB28AB300AEA0675F2DCD45C472789BC931544F00185457BE565039DF"
"modules/platform/dynamic_library/src/DynamicLibrary.win32.cpp","8E35B48FF8DC4DD21C5C9774528A01CB8287FBCF25004AD601ADFC4B09E8C39A"
"modules/platform/dynamic_library/third_party/MemoryModule/LICENSE.txt","CDE215E5B42363EB28CA2462C4558FF4807B38F383C537624C31E44657AC58F4"
"modules/platform/dynamic_library/third_party/MemoryModule/MemoryModule.c","10EF97CD29D516B1BFA0505A2692A460E665536FCD87B58AC7891A9941057536"
"modules/platform/dynamic_library/third_party/MemoryModule/MemoryModule.h","4557068E9DDCCBF5B72BFBA02271612CF9F24E7D20AE1414BD206D196C6161D4"
"modules/platform/filewatch/CMakeLists.txt","D7B12FBE458B7A31538BE691DCA8102AC0136BFE21BC442B55306C7D54930CB3"
"modules/platform/filewatch/include/lux/engine/filewatch/FileWatcher.hpp","7464B55A6FF3E7A88BB30EE6D1BB1088F8C0B314AA3E2B93B88328ADFAE55783"
"modules/platform/filewatch/src/FileWatcher.cpp","FE5BCC09A95E59D1FE5BFF96B88F607D64DE1D4130753F0C35A44F05839A0F4C"
"modules/platform/gapi/CMakeLists.txt","318EA2A58F26316BB85C43D4DF3801211446F6D7A7E5A4A9F3D651403DB0F431"
"modules/platform/gapi/include/lux/engine/gapi/RenderDevice.hpp","5FAE223B1CC7303D0D1C709F119E9826831DE2A1415FFEE703C9CBA1B2A86E5A"
"modules/platform/gapi/include/lux/engine/gapi/RenderInstance.hpp","BB77AEF060C2F09563B52EA9574DEE30DC07B49898ECEAF30229460495D9C673"
"modules/platform/gapi/include/lux/engine/gapi/vk/Buffer.hpp","4FAB0DF865E2F8E60970C8117664B671D759B8B2D68A3F74CED1077A294CD706"
"modules/platform/gapi/include/lux/engine/gapi/vk/CommandBuffer.hpp","534AEB6751F05C7244C1B7DDB77E874381BAA4A0CE3CB879508F1C5397270E1C"
"modules/platform/gapi/include/lux/engine/gapi/vk/CommandPool.hpp","E8A459575D5DD32D42F602AA5A12236FE735F22F021E70C695D766C266156323"
"modules/platform/gapi/include/lux/engine/gapi/vk/Descriptor.hpp","6E1DDAD9D9852D1D9DC2D59BDDF15C5E1E6118A07165D9CD40FB47B8AA88B512"
"modules/platform/gapi/include/lux/engine/gapi/vk/DeviceMemory.hpp","15F968797A7952EAF39F745847939403D92A92DE35B7926769EF46AF58ACCEFD"
"modules/platform/gapi/include/lux/engine/gapi/vk/ExternalHandle.hpp","1005B62C046D2DC5A0C23362207037268D87D25127725A483135F9177CA74BF7"
"modules/platform/gapi/include/lux/engine/gapi/vk/Fence.hpp","F01BE9A69F240D2898D5867ED86A46EA27D5EA7EEB1C0F7B684399EC90E97E8B"
"modules/platform/gapi/include/lux/engine/gapi/vk/FrameBuffer.hpp","2AB3493FF1DEAD0033651AD9F1573BFA9C35DB0F1132EB985182DD26390F655C"
"modules/platform/gapi/include/lux/engine/gapi/vk/Image.hpp","F0975E2A4559248C47D7C735F71D3B043F8B2561C6172103F0F50DAD2218E19B"
"modules/platform/gapi/include/lux/engine/gapi/vk/ImageView.hpp","2F8FE0F426EF88D6CECBD4A495E23232A99E4391F6AB807E109E1D40F7A3F16A"
"modules/platform/gapi/include/lux/engine/gapi/vk/Instance.hpp","B17A7A3697ED42757418C3E657C2F789256788D33E0D1EB8034F61C73A2B2318"
"modules/platform/gapi/include/lux/engine/gapi/vk/LogicalDevice.hpp","B99754ED7769EE888BAD3021027C02060805D85CE0EFE72718CA49BE7B16CDD4"
"modules/platform/gapi/include/lux/engine/gapi/vk/Object.hpp","A2291AD638583077522E6BBA7F13E71C716144EBCF33C26D41B254444F3DEE6E"
"modules/platform/gapi/include/lux/engine/gapi/vk/PhysicalDevice.hpp","B106406560E19CFDB889E5FA008E3183ACDE8DA714E6AFCE6EA99BB310F8E71F"
"modules/platform/gapi/include/lux/engine/gapi/vk/Pipeline.hpp","356D08427E31D8290A751B5035F250C0E5B20D8E8A1808F5F5CE5AD8102A11E1"
"modules/platform/gapi/include/lux/engine/gapi/vk/Queue.hpp","0904146734BD7D2CBD11551B1B01176036CEE832ED2A31C04944CE95C66DB5DB"
"modules/platform/gapi/include/lux/engine/gapi/vk/RenderPass.hpp","0AC26FFFC6A160241E583315F5F038FFF30F2C083BC47CCD2F64045BFFF22098"
"modules/platform/gapi/include/lux/engine/gapi/vk/Sampler.hpp","2839EFBC247E770E7C627DEEC7CE4FA03F7316EB9CE817096528CD9D0FF2AB7F"
"modules/platform/gapi/include/lux/engine/gapi/vk/Semaphore.hpp","6AAB6EFABC9269A86B52776B2410900F7D67B98394E23ACFF95C7910D69583BE"
"modules/platform/gapi/include/lux/engine/gapi/vk/ShaderModule.hpp","CD2C6DAE651159B32CE34AC13898CB28794D89A805ADE600A1307C0EF8957DE7"
"modules/platform/gapi/include/lux/engine/gapi/vk/Surface.hpp","A6FDB107DF95851D041A45585F8D7E319AAD25EC1DAA5F6005F26745F6281855"
"modules/platform/gapi/include/lux/engine/gapi/vk/Swapchain.hpp","F2DA2442C51724EB29A16D3400215347BA2EE0B3E8033D6E0FF376B9950359FA"
"modules/platform/gapi/include/lux/engine/gapi/vk/SwapchainError.hpp","A98C4141977C755FB000DBF45F1C92F1F3ADA41559422E792CF43037FF1816A1"
"modules/platform/gapi/include/lux/engine/gapi/vk/vk.hpp","9EF5CBC1D8CBA2C4610D1A006D97C4B2CF6BA44AE698A630AF27FD4D08FAABE0"
"modules/platform/window/CMakeLists.txt","E854A4AB248AFD0C98C128D922495121C5901890DB2B876DCF910B347CC79649"
"modules/platform/window/include/lux/engine/window/GlfwRuntime.hpp","A8FAF58439D942CA1DC8ED0AA7005B97DB3113DEF84BC8196FD0E615FE1909C4"
"modules/platform/window/include/lux/engine/window/LuxWindow.hpp","077EAF033122A9ADED8707EF401A9D7D7DEE278A81BF602E49CA29B77207F78B"
"modules/platform/window/include/lux/engine/window/TrayIcon.hpp","0A53AD135A39E2BCFF455984A5C8E7A17F24C7EE615149094A99D4E74283EB99"
"modules/platform/window/include/lux/engine/window/WindowEvents.hpp","20D5CCFB260E261B80712A373A563AA344BD4311A2685960C18634B2B1EEB8F4"
"modules/platform/window/src/GlfwRuntime.cpp","301B8D06813AF2AF06EE533668313EEDCC047B1B6F81C56E104DF493A4EDCDE2"
"modules/platform/window/src/LuxWindow.android.cpp","5722ACF177377BD19FDDFEB8A4F645187FDD8A82B49F4536C5FB17C07F8575E6"
"modules/platform/window/src/LuxWindow.glfw.cpp","1E29AAC10531282649C9D964D795F9EEF07C93E5BC29D1C8DDDDD61EFB68E87C"
"modules/platform/window/src/TrayIconWin32.cpp","0CA25A6C948D92BC10B3E04BA53E276ADC9A3D3355CCF8B28758A714257E2810"
"modules/resource/CMakeLists.txt","9EB5F81FA04D76E45B9D1585F2C866A011C5F1AE37BC58A9D612E2761432A518"
"modules/resource/asset/CMakeLists.txt","C080FC3E76A686CE3A984943F37ED80CBC7F4A2C9ECB0EE08CAFD54924373081"
"modules/resource/asset/cmake/add_asset.cmake","E4E06F290A9EA15B2E365CE00F1AA049EDCE31A673CFC75468170791B4E05D6C"
"modules/resource/asset/include/lux/engine/resource/asset/Asset.hpp","EA597E86911F867D44E22500F3C2013E510E8A7F1B1B0121903BCCBFB0D91FD6"
"modules/resource/asset/include/lux/engine/resource/asset/AssetSerDeser.hpp","99872DE36515F1794D1277C8135BE638F78ACACD50B52A89E8D112C4ACF5BA9E"
"modules/resource/asset/include/lux/engine/resource/asset/AssetStorageError.hpp","3EDAF35BF33B0AAB11553EAC55DD05DD3552CDA5BBBE19DC9788E11DBD057181"
"modules/resource/asset/include/lux/engine/resource/asset/AssetTypeId.hpp","B3E562DFDB0A6A06A7069F2E0A9A74D64DDCFB09051A476760D9BAFAED42B0A4"
"modules/resource/asset/include/lux/engine/resource/asset/CookedAssetImage.hpp","A6EF3C74BB2E3012DFCDFD39412BFFD09FE83ACAA9CB32D3C8E703360646F7BB"
"modules/resource/asset/include/lux/engine/resource/asset/animation/AnimationClipAsset.hpp","57DCE85D455E29811DBD1CBB2DBAC0CD91AF15F8AEC07700B9D7956643BC11B0"
"modules/resource/asset/include/lux/engine/resource/asset/animation/SkeletonAsset.hpp","98F2DD3045A1C7A349D49436DE1F67226A128F2CE9A01B924CD0165FB8F7FE2D"
"modules/resource/asset/include/lux/engine/resource/asset/material/MaterialAssets.hpp","E173656435DFCB37E945426E9CFDD039B421D9DFE983878D3D17104C16D11FF4"
"modules/resource/asset/include/lux/engine/resource/asset/mesh/MeshAsset.hpp","F364B6CA2B9C2919D65C5B61CEEF35E93DE4804555F4D78A63AF4544A0115246"
"modules/resource/asset/include/lux/engine/resource/asset/model/ModelAsset.hpp","95C2250A10FCC04482A396E1AFFE70D6F94EAD9A25A04DED2A89A66087176C14"
"modules/resource/asset/include/lux/engine/resource/asset/shader/ShaderAsset.hpp","079BEE9CE3366CC91594869DDEC9426BB94DBBF92A78D862773F30A54E9422A6"
"modules/resource/asset/include/lux/engine/resource/asset/storage/AssetProvider.hpp","B69015C80EEE4DCB8275BCB4CCEB55BE27C1DF5138803D9A42B59791466D4469"
"modules/resource/asset/include/lux/engine/resource/asset/storage/AssetVfs.hpp","29690262837B46997CEBDC41469B74F020128EDDC718064529555144ED655735"
"modules/resource/asset/include/lux/engine/resource/asset/storage/VirtualPath.hpp","DCC82D8AF461BA81AA42BCA7FE99C14BA80F83483B3F6B3F729709C50224EC72"
"modules/resource/asset/include/lux/engine/resource/asset/storage/pak/PakArchive.hpp","E3C725640794B0D14FF8E82FCFBA5B342D1739ACF7C7B1C654A222E2F3EE09EA"
"modules/resource/asset/include/lux/engine/resource/asset/storage/pak/PakAssetProvider.hpp","3961E633781A3C1F58DB21B286E1118145E45A270DD22070D862B83544250ECF"
"modules/resource/asset/include/lux/engine/resource/asset/texture/TextureAsset.hpp","3FC3FB84F0B63CD546D414DA30ACD58AA5048756D898DFB6E9CB553FD7955308"
"modules/resource/asset/include/lux/engine/resource/asset/texture/TextureAtlasAssets.hpp","A14E26C4140BAABF4AF7586E506C317B48CF57FDA6D22753F1FADCA45D6B04D0"
"modules/resource/asset/pinclude/lux/engine/resource/asset/animation/AnimationClipDescriptionCodec.hpp","2ADA18197C1FFB0FD6F7A1F9CA9E44D648747D1E9A552B2BC4F1A1BE6ADFB39C"
"modules/resource/asset/pinclude/lux/engine/resource/asset/animation/SkeletonDescriptionCodec.hpp","BD558BC21C485A2DE001030712EB3E45DC569E0EDE9200DF2532F364B4EAD880"
"modules/resource/asset/pinclude/lux/engine/resource/asset/detail/ShaderValidation.hpp","0A4C2A714CCB92E546391D7E2E4C94A95C8DF13AB27F2F92D25B858A2A24ECC1"
"modules/resource/asset/pinclude/lux/engine/resource/asset/mesh/MeshDescriptionCodec.hpp","F950C4563E3AD4C8AAF48BA7BED4AC367A7796B717204BC1B0CBEE4788C0A952"
"modules/resource/asset/pinclude/lux/engine/resource/asset/storage/pak/PakCodec.hpp","66075ED4C5098E76DFAEDFBCFA6B044C397629F0DEBD2416DBCFC00BBD33BBA6"
"modules/resource/asset/sinclude/lux/engine/resource/asset/detail/CookedAssetWriter.hpp","FDF0BCB70A4BEDC4B9CA901A29C8FD96A35292B1A42CA34BFD023C7DF804C771"
"modules/resource/asset/src/Asset.cpp","7028B63473977D578133F5D02100D5970E2D892B2FA11E35F18072EBF9F0C643"
"modules/resource/asset/src/CookedAssetImage.cpp","ECB70AD35013B43136DE65463BE0835BE1A482BFE933A2B140D91BE2B77B3F9A"
"modules/resource/asset/src/animation/AnimationClipDescriptionCodec.cpp","02A01893E695D2DA6968B8D1337A02E39F2D8EEE9D0BEE0F8C0C1F99693CB21A"
"modules/resource/asset/src/animation/SkeletonDescriptionCodec.cpp","479653ECE88196B470FBD3B9BC459EC934AF7258BFDD81F7DDBD4718DE09D4EF"
"modules/resource/asset/src/detail/CookedAssetWriter.cpp","EC0D54C59CE01442B0A55C2F9D83515F406E2908B0A60E2471B1541F9CB60145"
"modules/resource/asset/src/material/MaterialAssets.cpp","45121260FD923AB40D62BCC7D8A43029EFBB03738D01CE946AE652418C19A435"
"modules/resource/asset/src/mesh/MeshDescriptionCodec.cpp","1317B94D8AFF9050F9A9A8695BCB7323B190D5C6614CBC90D4E4A6280DE0E637"
"modules/resource/asset/src/metadata/MetadataAssets.cpp","3CEE49E04A61E18158FB7822F8CE58A02E460B6D462E0F45EAF6F66BFE2595F8"
"modules/resource/asset/src/model/ModelAsset.cpp","C37BF208DADB5A93DFCD0DE5FB5DBC9C319CF08864E2DB726AC0AF24B68BA0AC"
"modules/resource/asset/src/shader/ShaderAsset.cpp","B1D8516651DD6598FEB82FBD4486ECC72F2AF05436CD239CC0C150CD9B4D32A4"
"modules/resource/asset/src/storage/AssetVfs.cpp","E59C47F9EF3AE86D5A905CB66295E7432F96E406EC741172ABE02E89CC6DCF15"
"modules/resource/asset/src/storage/VirtualPath.cpp","7AF60A4AF27F7A4214E265FD7C3C3FC6459AA4C5306078E056512855B20936F0"
"modules/resource/asset/src/storage/pak/PakArchive.cpp","9226C52D613E7C8134C573AC70A0EBEEC9EA9FD1830C8DEEA0B05BF3A28D5CF7"
"modules/resource/asset/src/storage/pak/PakAssetProvider.cpp","FA125BB399AD297C99C80C5208FB3C3B38A894427B11E7F0746A4B91AEB4F02A"
"modules/resource/asset/src/storage/pak/PakCodec.cpp","D47FA57E3737BD48C8C84460ECC2737F6459651937CDFA3DF76C8B5AD677165C"
"modules/resource/asset/src/texture/TextureAsset.cpp","AF917CAE90D38D2CCCFEBCF759D6A254A8E334F1B05321F5588415A657F1E40B"
"modules/resource/asset/src/texture/TextureAtlasAssets.cpp","9F263D8B3891CF575FD781EC144C4127BDCF204B60B3D5049DF065AABE2625F5"
"modules/resource/description/CMakeLists.txt","8DF665DACCD713D0FA4C088A84516758463F5B8C262B50E957E131869B38D64C"
"modules/resource/description/include/lux/engine/description/AnimationClip.hpp","7FCF93C0EB166B800AFF23E3EF6FBEAC8A6E68127E857CA5C78BEBBDC4370497"
"modules/resource/description/include/lux/engine/description/Image.hpp","A908A8E7F0BF6F6F7699E89DCFF9ECECF1BFB450C06478880018D0C81A4DA593"
"modules/resource/description/include/lux/engine/description/LayoutContract.hpp","C9B0D5847ABF523C06496748793AAF2D7099F0C93B1314E00336B1140211138A"
"modules/resource/description/include/lux/engine/description/Material.hpp","862E7C6EE80B74215AF388AB34CBBE33D0BD5B19A9D1D0D75269290232A5BABD"
"modules/resource/description/include/lux/engine/description/MaterialEnums.hpp","E104E4C89E5CD41F4597DB6F5CC47846662CF32EE7F87F2BCCB54749146AA7A7"
"modules/resource/description/include/lux/engine/description/Mesh.hpp","1B0E4FF8A1EAE44752B8DE8DF3853B15402FE8359B8097F9499C2E66FDAA5716"
"modules/resource/description/include/lux/engine/description/Model.hpp","43F11468A19AF03508956E3CB59D1650344F201929825D9E35B9DE3EF126EBA6"
"modules/resource/description/include/lux/engine/description/Script.hpp","5BFE24D95AD3F02CC8D12533AADEB2879637D59DEC0F9236AFA4EA6824CC813F"
"modules/resource/description/include/lux/engine/description/Shader.hpp","C8D8D1700D87020240C36076C78EF1CDB73533F17BEFB4F9BEA86A237F5084BC"
"modules/resource/description/include/lux/engine/description/ShaderInfo.hpp","A698E1E46C239D4FCF3F28FEA2110A7EA88686888C64845B764F30F123072ACA"
"modules/resource/description/include/lux/engine/description/Skeleton.hpp","C2A553D410CEE247EDECF7B646D910B7BCFA6D79D1823FD2CDE855659883D441"
"modules/resource/description/include/lux/engine/description/Texture.hpp","DE5841829CC9C7259EECE051562D4F96D22A64F318141CD5DE03CFC0516F8762"
"modules/resource/description/include/lux/engine/description/TextureAtlas.hpp","BB50A60027209314A087619C7C8C30F6B1BD2E2F0C0CEDD4D1698CE4113BA97C"
"modules/resource/description/include/lux/engine/description/Tilemap2D.hpp","8627DB01EC69F96762A1F5B8CCF8732D893A31F1121F7A57CF28B8C0D81F4789"
"modules/resource/description/include/lux/engine/description/Vertex.hpp","95FE80DD5B6BB15D0070A3E844826DD186AF8EF23DE27AAED2665D841976FCBF"
"modules/resource/description/include/lux/engine/description/Visual.hpp","AE3CD4098FCC2BD7198FF2C3314B182C75166EF483F9C6F3494AF0B87CC51E6E"
"modules/resource/description/src/Shader.cpp","A4390E19E48E296A14DEECC724AF1FA8868966AA6CF64A4DDD4D543A1B569F72"
"modules/resource/description/src/ShaderInfo.cpp","492602C85650E47D763BF19972B6C4A919E85448FBE6CECC6752D608E300864C"
"modules/resource/description/src/Texture.cpp","D1871E184F6A454B6A40ECEBC8C6698F15A0ACEA572A014FE4941CC03FA1B699"
"modules/resource/description/test/script_description_contract_test.cpp","70708AB147716344C6853EC1290998EEB8E9EB0BCC2464F260ADDE070FBFE3D4"
"modules/resource/identity/CMakeLists.txt","4EBCD213167CB0F2454F180577DE6E2F61A14A4C48ED696A790C0E615798D706"
"modules/resource/identity/include/lux/engine/resource/identity/AssetId.hpp","087BD8C48EF4D25BB384E70CD1AD64B4E9EDDBC18646A8DAACCAFFEE82D330B6"
"platforms/android/AndroidManifest.xml","9858A6306798D1B5E97F355ED2D2679B291CC8CF450F51C949D3434D5DFE8D95"
"platforms/android/AndroidManifestGame.xml","BFDEC322C260EFE57325E30824C7CC4E0F65FAE079A29E3F0D5C26544863F45A"
"platforms/android/CMakeLists.txt","801AE045529A7DF70A472B3D7C05F51F995B6B9C1CE74AD0C1AEED722828E43A"
"platforms/android/README.md","2CB4896C385C4D0152B28E19B49B3DE19CFD1A86C542688749381A57BA3FE346"
"platforms/android/game/game_main.cpp","981ACF346A9CFD741659E8D893D491B6A054ADA424AAB833653B3EFC43852102"
"platforms/android/package.ps1","E3954915C3ECC119BD9885979BD5B495780718D438489777B57A9138103F1FE5"
"platforms/android/smoke/smoke_main.cpp","0C3ED2154C29CD762656BF3A2C7418BD13F7B93A1C1FE0C979DCD088A3FFC39D"
"readme.md","5295E73108FD10F355AC7762D14348088C3373B218251EA4C9EB3A7943B13BC3"
"test/runtime_scripting/CMakeLists.txt","C810D2966B3FB46A28B34F2E2B27FF7C2D949AE8C86542E6846852685E8937BB"
"test/runtime_scripting/flowforge_script_runtime_integration_test.cpp","33852D10299C35B2B32173FEF546E5BB114AF860D59EE08F67F6FFBB82532E27"
